baseline_set,repeat,run_key,request_index,request_id,ttft_ms,mean_tpot_ms,p50_tpot_ms,p95_tpot_ms,p99_tpot_ms,max_gap_ms,token_timestamp_count
A,0,static_contention_baseline_A_event_llm-only_r00_a01,0,static-000,1784.6489999792539,11.615707023632089,11.51275000302121,12.164912497974,12.716110000619663,14.699249994009733,128
A,0,static_contention_baseline_A_event_llm-only_r00_a01,1,static-001,1799.294500000542,11.532906818938786,11.508666997542605,11.671262510935776,12.091930668102577,12.27891698363237,128
A,0,static_contention_baseline_A_event_llm-only_r00_a01,2,static-002,1779.2246250028256,11.56674442523137,11.514916986925527,11.94109559583012,12.325478908023797,12.524583988124505,128
A,0,static_contention_baseline_A_event_llm-only_r00_a01,3,static-003,1778.787082992494,11.525843834676817,11.501125001814216,11.689912297879346,12.301829084753988,12.466500018490478,128
A,0,static_contention_baseline_A_event_llm-only_r00_a01,4,static-004,1778.2768330071121,11.533801181023707,11.503291985718533,11.785300110932438,12.318785657989793,12.392874981742352,128
A,0,static_contention_baseline_A_event_llm-only_r00_a01,5,static-005,1774.8135830042884,11.53990157488477,11.505874979775399,11.87037938798312,12.288125000195578,12.441708997357637,128
A,0,static_contention_baseline_A_event_llm-only_r00_a01,6,static-006,1774.3859170004725,11.532137795135116,11.499166983412579,11.709554292610846,12.156250170082783,12.524332996690646,128
A,0,static_contention_baseline_A_event_llm-only_r00_a01,7,static-007,1775.1171250129119,11.515441598365172,11.473457998363301,11.830658189137466,12.30962207482662,12.361125001916662,128
A,0,static_contention_baseline_A_event_llm-only_r00_a01,8,static-008,1775.4387090099044,11.505683724297299,11.46979199256748,11.724629302625544,12.229454077314585,12.259542010724545,128
A,0,static_contention_baseline_A_event_llm-only_r00_a01,9,static-009,1773.610167001607,11.496180440913372,11.476834013592452,11.644987491308711,11.980997828068212,12.265750003280118,128
A,0,static_contention_baseline_A_event_llm-only_r00_a01,10,static-010,1774.3347920186352,11.523310039384937,11.484999995445833,11.839471213170327,12.18567749543581,12.319125002250075,128
A,0,static_contention_baseline_A_event_llm-only_r00_a01,11,static-011,1773.1662089936435,11.51105708659876,11.488041986012831,11.708037601783872,12.15057076246012,12.160792015492916,128
A,0,static_contention_baseline_A_event_llm-only_r00_a01,12,static-012,1772.074916982092,11.515798559137364,11.479792010504752,11.881691895541731,12.333835933241062,12.34454198856838,128
A,0,static_contention_baseline_A_event_llm-only_r00_a01,13,static-013,1770.7376250182278,11.509261149491412,11.496958992211148,11.683571201865561,11.85280857316684,12.406541995005682,128
A,0,static_contention_baseline_A_event_llm-only_r00_a01,14,static-014,1771.3812500005588,11.544817259973355,11.50749999214895,11.790762489545159,12.276011076173745,12.353792000794783,128
A,0,static_contention_baseline_A_event_llm-only_r00_a01,15,static-015,1770.0380830210634,11.526997377830154,11.480415996629745,12.027524804580025,12.28270748804789,12.493667018134147,128
A,0,static_contention_baseline_A_event_llm-only_r00_a01,16,static-016,1767.2396659909282,11.540242125909028,11.492124991491437,11.97867958981078,12.307992922724225,12.402208987623453,128
A,0,static_contention_baseline_A_event_llm-only_r00_a01,17,static-017,1766.461082996102,13.667687007838376,13.980417017592117,14.889633093844168,15.653739086119458,15.93974998104386,128
A,0,static_contention_baseline_A_event_llm-only_r00_a01,18,static-018,1756.2792919925414,11.523510173364638,11.507582996273413,11.731875006807968,12.030753428698517,12.379749998217449,128
A,0,static_contention_baseline_A_event_llm-only_r00_a01,19,static-019,1771.041250001872,11.779707346357199,11.620332981692627,13.174616810283622,13.807628749054855,14.094791986281052,128
A,0,static_contention_baseline_A_event_llm-only_r00_a01,20,static-020,1761.5450409939513,11.532644362199875,11.494999984279275,11.739454403868876,12.342167074675672,12.475458002882078,128
A,0,static_contention_baseline_A_event_llm-only_r00_a01,21,static-021,1764.5802079932764,11.56167388186922,11.512249999213964,12.100199790438635,12.439957011374645,12.574249994941056,128
A,0,static_contention_baseline_A_event_llm-only_r00_a01,22,static-022,1764.51266699587,11.59445570867076,11.543708998942748,11.916645508608779,12.516725919558667,12.71574999555014,128
A,0,static_contention_baseline_A_event_llm-only_r00_a01,23,static-023,1763.1345830159262,11.521733598325284,11.495125014334917,11.695196310756728,11.978756592725404,12.244709010701627,128
A,0,static_contention_baseline_A_event_llm-only_r00_a01,24,static-024,1764.1757499950472,11.521240480209327,11.493541998788714,11.808582983212544,12.260129501810296,12.449666974134743,128
A,0,static_contention_baseline_A_event_llm-only_r00_a01,25,static-025,1764.4624160020612,11.52819586600595,11.483167007099837,11.81990830809809,12.403400932671502,12.536791007732973,128
A,0,static_contention_baseline_A_event_llm-only_r00_a01,26,static-026,1764.5716250117403,11.54315617328737,11.493833007989451,11.79224998340942,12.435892511857674,12.511417007772252,128
A,0,static_contention_baseline_A_event_llm-only_r00_a01,27,static-027,1764.200500008883,11.545702102355747,11.510000011185184,11.774362521828152,12.239305343246086,12.490291992435232,128
A,0,static_contention_baseline_A_event_llm-only_r00_a01,28,static-028,1760.5546250124462,11.558721456621722,11.514959012856707,11.909858000581153,12.395082921138965,12.456832977477461,128
A,0,static_contention_baseline_A_event_llm-only_r00_a01,29,static-029,1764.1910839884076,11.527691929056639,11.49162501678802,11.834737603203392,12.334205003571697,12.381375010591,128
A,0,static_contention_baseline_A_event_llm-only_r00_a01,30,static-030,1764.8386250075419,11.528417653464675,11.492707999423146,11.849921412067488,12.255559837794861,12.37224999931641,128
A,0,static_contention_baseline_A_event_llm-only_r00_a01,31,static-031,1762.915957981022,11.532169945013717,11.483750015031546,11.771500101895072,12.296498499345034,12.459499994292855,128
A,0,static_contention_baseline_A_event_llm-only_r00_a01,32,static-032,1764.5678750122897,11.513977685088923,11.50116600911133,11.676854299730621,11.9046724983491,12.112374999560416,128
A,0,static_contention_baseline_A_event_llm-only_r00_a01,33,static-033,1764.0298750193324,11.431516409396949,11.493708996567875,11.657825016300194,11.988927513593808,12.188000022433698,128
A,0,static_contention_baseline_A_event_llm-only_r00_a01,34,static-034,1764.344583003549,11.517398621965802,11.471583013189957,11.908141782623716,12.321378916385584,12.50737500959076,128
A,0,static_contention_baseline_A_event_llm-only_r00_a01,35,static-035,1767.0585000014398,11.508847110149429,11.464040988357738,11.793075111927465,12.372138926875778,12.556333997054026,128
A,0,static_contention_baseline_A_event_llm-only_r00_a01,36,static-036,1767.1038330008741,11.494615488304339,11.465000017778948,11.65635428915266,12.327744989306666,12.353790982160717,128
A,0,static_contention_baseline_A_event_llm-only_r00_a01,37,static-037,1767.8420419979375,11.690315944930964,11.489291995530948,12.582950195064768,13.367515339050442,14.799875003518537,128
A,0,static_contention_baseline_A_event_llm-only_r00_a01,38,static-038,1808.2879169960506,11.535876307280837,11.48716700845398,12.085858787759207,12.5116690894356,12.552458996651694,128
A,0,static_contention_baseline_A_event_llm-only_r00_a01,39,static-039,1769.672875001561,11.509539047301946,11.464000010164455,11.908249999396501,12.203138166223653,12.25237498874776,128
A,0,static_contention_baseline_A_event_llm-only_r00_a01,40,static-040,1768.2705000042915,11.51378116525497,11.487082985695451,11.695000220788643,12.296070914017037,12.428750022081658,128
A,0,static_contention_baseline_A_event_llm-only_r00_a01,41,static-041,1768.762332998449,11.511743110173756,11.472249985672534,11.789907881757243,12.203660774976015,12.378290994092822,128
A,0,static_contention_baseline_A_event_llm-only_r00_a01,42,static-042,1768.3370419836137,11.524102685186557,11.49237499339506,11.795553599949924,12.284597510006279,12.424667016603053,128
A,0,static_contention_baseline_A_event_llm-only_r00_a01,43,static-043,1770.1191249943804,11.52027427566267,11.47633299115114,11.88309560820926,12.326315497630276,12.4681250017602,128
A,0,static_contention_baseline_A_event_llm-only_r00_a01,44,static-044,1769.0961660118774,11.521694228405089,11.478375003207475,11.744316891417839,12.265923492377624,12.380917003611103,128
A,0,static_contention_baseline_A_event_llm-only_r00_a01,45,static-045,1768.3354580076411,11.512804464537899,11.468290991615504,11.82842928683385,12.418392981635407,12.573084008181468,128
A,0,static_contention_baseline_A_event_llm-only_r00_a01,46,static-046,1770.6246669986285,11.51193077167254,11.475207982584834,11.686220395495184,12.29863299522549,12.391666998155415,128
A,0,static_contention_baseline_A_event_llm-only_r00_a01,47,static-047,1768.0497500114143,11.523661747946969,11.481791996629909,11.751837606425397,12.359209820860997,12.47037498978898,128
A,0,static_contention_baseline_A_event_llm-only_r00_a01,48,static-048,1770.3853329876438,11.491106952793574,11.463041009847075,11.707383111934178,12.058908908511512,12.365875008981675,128
A,0,static_contention_baseline_A_event_llm-only_r00_a01,49,static-049,1769.3619589845184,11.510541661427995,11.489083000924438,11.674854386365041,12.018596742418595,12.14641600381583,128
A,0,static_contention_baseline_A_event_llm-only_r00_a01,50,static-050,1770.932207989972,11.515382551276454,11.478957982035354,11.66012069734279,12.333917063078843,12.390124989906326,128
A,0,static_contention_baseline_A_event_llm-only_r00_a01,51,static-051,1770.1156669936609,11.509136480369099,11.488374992040917,11.763924901606515,11.956224577734247,12.181540980236605,128
A,0,static_contention_baseline_A_event_llm-only_r00_a01,52,static-052,1771.0292920237407,11.514318243904757,11.47950001177378,11.740029597422108,12.361837656935677,12.441916012903675,128
A,0,static_contention_baseline_A_event_llm-only_r00_a01,53,static-053,1769.930790993385,11.491425527446705,11.47795800352469,11.652017006417736,11.938023567781784,12.03016602084972,128
A,0,static_contention_baseline_A_event_llm-only_r00_a01,54,static-054,1770.654125022702,11.493411747918383,11.47854098235257,11.657571300747804,12.042895663180389,12.111875024857,128
A,0,static_contention_baseline_A_event_llm-only_r00_a01,55,static-055,1770.8654580055736,11.542779858238761,11.500207998324186,11.90438310441095,12.308226002496667,12.360791995888576,128
A,0,static_contention_baseline_A_event_llm-only_r00_a01,56,static-056,1772.9163329931907,11.880508527539186,11.659625015454367,13.152558213914745,13.734133079415187,14.057541993679479,128
A,0,static_contention_baseline_A_event_llm-only_r00_a01,57,static-057,1767.9134169884492,11.55182710224506,11.528208007803187,11.735179185052402,12.312477995292282,12.404958019033074,128
A,0,static_contention_baseline_A_event_llm-only_r00_a01,58,static-058,1769.8740000196267,11.549580377970242,11.518624989548698,11.707754520466551,12.106334328418598,12.295707972953096,128
A,0,static_contention_baseline_A_event_llm-only_r00_a01,59,static-059,1769.5994170207996,11.571955708530181,11.517707986058667,12.011357903247696,12.54161765857134,12.61966599849984,128
A,0,static_contention_baseline_A_event_llm-only_r00_a01,60,static-060,1769.269666983746,11.56137696848669,11.535083001945168,11.808821195154449,12.076784828095697,12.319375004153699,128
A,0,static_contention_baseline_A_event_llm-only_r00_a01,61,static-061,1768.1540829944424,11.535221456658228,11.504666996188462,11.731916898861526,12.406125668203458,12.52941699931398,128
A,0,static_contention_baseline_A_event_llm-only_r00_a01,62,static-062,1768.9320000063162,11.518006889730707,11.48845802526921,11.63111260975711,12.259911088040099,12.313583982177079,128
A,0,static_contention_baseline_A_event_llm-only_r00_a01,63,static-063,1768.917166016763,11.553299543172797,11.499749991344288,11.927849898347631,12.291218918398954,12.329334014793858,128
A,0,static_contention_baseline_A_event_llm-only_r00_a01,64,static-064,1769.8315840098076,11.529787724304168,11.491458979435265,11.835358801181426,12.261503580957651,12.466000014683232,128
A,0,static_contention_baseline_A_event_llm-only_r00_a01,65,static-065,1768.732166994596,11.549284118163495,11.510917014675215,11.827166294096969,12.200505159562454,12.51708299969323,128
A,0,static_contention_baseline_A_event_llm-only_r00_a01,66,static-066,1769.4614579959307,11.541119425128558,11.516833008499816,11.751920697861351,12.17974015919026,12.295124994125217,128
A,0,static_contention_baseline_A_event_llm-only_r00_a01,67,static-067,1769.8947500030044,11.54827033847893,11.51629097876139,11.799412296386434,12.293499499792231,12.422083003912121,128
A,0,static_contention_baseline_A_event_llm-only_r00_a01,68,static-068,1768.7489170057233,11.539589566926612,11.510084004839882,11.799050087574868,12.160731084295548,12.179999990621582,128
A,0,static_contention_baseline_A_event_llm-only_r00_a01,69,static-069,1771.0841669759247,11.550860236331044,11.516666010720655,11.77491640264634,12.273423919687048,12.47370897908695,128
A,0,static_contention_baseline_A_event_llm-only_r00_a01,70,static-070,1770.4990830097813,11.52706889762895,11.48883401765488,11.916929297149178,12.302769082016312,12.4447499983944,128
A,0,static_contention_baseline_A_event_llm-only_r00_a01,71,static-071,1770.7298749883194,11.53322211815059,11.491999990539625,11.88980021397583,12.207471902947873,12.272833992028609,128
A,0,static_contention_baseline_A_event_llm-only_r00_a01,72,static-072,1770.3643330023624,11.534248031382486,11.493208003230393,11.870590996113606,12.352463419083506,12.432999996235594,128
A,0,static_contention_baseline_A_event_llm-only_r00_a01,73,static-073,1772.5127919984516,11.559012795360319,11.519291991135105,11.818387397215702,12.292330430937,12.518291012383997,128
A,0,static_contention_baseline_A_event_llm-only_r00_a01,74,static-074,1771.2478329776786,11.61626017332539,11.522916000103578,12.337450208724476,12.937143011367878,13.506542018149048,128
A,0,static_contention_baseline_A_event_llm-only_r00_a01,75,static-075,1792.8587089991197,11.563993110202297,11.528915987582877,11.844857892720027,12.112821928458288,12.344624992692843,128
A,0,static_contention_baseline_A_event_llm-only_r00_a01,76,static-076,1770.4682080075145,11.56919750391403,11.519541003508493,11.888725101016462,12.405582648352718,12.491666013374925,128
A,0,static_contention_baseline_A_event_llm-only_r00_a01,77,static-077,1770.704708993435,11.526060039241703,11.497916013468057,11.643771204398945,12.275546249584293,12.50062498729676,128
A,0,static_contention_baseline_A_event_llm-only_r00_a01,78,static-078,1773.1160410039593,11.535833007885202,11.511124990647659,11.76671260036528,12.155074067413807,12.311166996369138,128
A,0,static_contention_baseline_A_event_llm-only_r00_a01,79,static-079,1770.4682500043418,11.54530577166336,11.525540990987793,11.726678695413284,11.958180508227088,12.468792003346607,128
A,0,static_contention_baseline_A_event_llm-only_r00_a01,80,static-080,1771.7971249949187,11.540939960826746,11.500332999275997,11.884204490343107,12.429417832754552,12.545749981654808,128
A,0,static_contention_baseline_A_event_llm-only_r00_a01,81,static-081,1771.6067919973284,11.543496716520051,11.500833003083244,11.902570602251217,12.247903743409552,12.28320799418725,128
A,0,static_contention_baseline_A_event_llm-only_r00_a01,82,static-082,1773.4958749788348,11.519730976584741,11.508916999446228,11.644845508271828,12.003014673246069,12.246708996826783,128
A,0,static_contention_baseline_A_event_llm-only_r00_a01,83,static-083,1772.9957909905352,11.555558732366116,11.513917008414865,11.948700103675947,12.30197799974121,12.498208991019055,128
A,0,static_contention_baseline_A_event_llm-only_r00_a01,84,static-084,1773.20729198982,11.541699141806623,11.52245802222751,11.711616889806464,11.963808576692827,12.319875007960945,128
A,0,static_contention_baseline_A_event_llm-only_r00_a01,85,static-085,1774.2419999849517,11.551577755979695,11.505834001582116,11.944924993440505,12.450374675099738,12.467333988752216,128
A,0,static_contention_baseline_A_event_llm-only_r00_a01,86,static-086,1772.2588750184514,11.51525196834746,11.492332996567711,11.628312486573122,12.035996566992253,12.284416996408254,128
A,0,static_contention_baseline_A_event_llm-only_r00_a01,87,static-087,1773.41962500941,11.535530188945891,11.50058300117962,11.785995401442051,12.291289831628092,12.366000009933487,128
A,0,static_contention_baseline_A_event_llm-only_r00_a01,88,static-088,1774.9752079835162,11.556036086747511,11.50058300117962,11.897991801379248,12.477922843536362,12.570499995490536,128
A,0,static_contention_baseline_A_event_llm-only_r00_a01,89,static-089,1772.0280830108095,11.547088259821905,11.510167008964345,11.819257991737686,12.227896729600616,12.42512499447912,128
A,0,static_contention_baseline_A_event_llm-only_r00_a01,90,static-090,1774.8331659822725,11.550126645638878,11.524542002007365,11.740099897724576,12.246084571816027,12.36770799732767,128
A,0,static_contention_baseline_A_event_llm-only_r00_a01,91,static-091,1775.4192080174107,11.555493771699881,11.518040992086753,11.779137499979697,12.4282429239247,12.515707989223301,128
A,0,static_contention_baseline_A_event_llm-only_r00_a01,92,static-092,1774.661167000886,11.55792781876906,11.520833999384195,11.77656251238659,12.429824346327223,12.538167007733136,128
A,0,static_contention_baseline_A_event_llm-only_r00_a01,93,static-093,1781.7422079970129,11.85226049613369,11.638291995041072,13.436070503666997,13.848581907222979,14.095749997068197,128
A,0,static_contention_baseline_A_event_llm-only_r00_a01,94,static-094,1775.2904590161052,11.528407149502685,11.489917000290006,11.776079394621775,12.479943428770639,12.56100001046434,128
A,0,static_contention_baseline_A_event_llm-only_r00_a01,95,static-095,1773.8468750030734,11.52892257467345,11.496958002680913,11.689391898107715,12.08653051580768,12.426667002728209,128
A,0,static_contention_baseline_A_event_llm-only_r00_a01,96,static-096,1773.470250016544,11.548203740206613,11.511958000482991,11.775408001267351,12.241258569993079,12.334583007032052,128
A,0,static_contention_baseline_A_event_llm-only_r00_a01,97,static-097,1775.9246659989003,11.535182748105392,11.498457984998822,11.768583819502965,12.333292992552742,12.38908400409855,128
A,0,static_contention_baseline_A_event_llm-only_r00_a01,98,static-098,1775.2499589987565,11.549241464552066,11.519084015162662,11.868703697109593,12.134501218679361,12.329584016697481,128
A,0,static_contention_baseline_A_event_llm-only_r00_a01,99,static-099,1776.6705410031136,11.537106630005544,11.502166977152228,11.62737080885563,12.44409186183475,12.450083013391122,128
A,0,static_contention_baseline_A_event_llm-only_r00_a01,100,static-100,1774.9796659918502,11.559148622020404,11.521084001287818,11.85771691671107,12.386385007412173,12.484999984735623,128
A,0,static_contention_baseline_A_event_llm-only_r00_a01,101,static-101,1774.1755419992842,11.548283133851951,11.510584008647129,11.955953692086041,12.225563569227234,12.39950000308454,128
A,0,static_contention_baseline_A_event_llm-only_r00_a01,102,static-102,1775.7001249992754,11.559025590504175,11.503500019898638,11.87790369731374,12.259741416783072,12.426542001776397,128
A,0,static_contention_baseline_A_event_llm-only_r00_a01,103,static-103,1777.9166660038754,11.562863519501425,11.524665984325111,11.959258205024524,12.37192606960889,12.542292010039091,128
A,0,static_contention_baseline_A_event_llm-only_r00_a01,104,static-104,1775.906833994668,11.566027228245659,11.528166971402243,11.886870695161631,12.445219500805251,12.535708025097847,128
A,0,static_contention_baseline_A_event_llm-only_r00_a01,105,static-105,1776.132166996831,11.584428803148262,11.5309169923421,11.918924897327088,12.461120514781214,12.494082999182865,128
A,0,static_contention_baseline_A_event_llm-only_r00_a01,106,static-106,1775.3815409960225,11.533317259947337,11.496833991259336,11.85077490226831,12.232707848888822,12.494124996010214,128
A,0,static_contention_baseline_A_event_llm-only_r00_a01,107,static-107,1777.0706250157673,11.525202755895114,11.484040995128453,11.646712699439377,12.278053071931936,12.525375001132488,128
A,0,static_contention_baseline_A_event_llm-only_r00_a01,108,static-108,1777.382291998947,11.583448165393339,11.525707988766953,12.081837395089677,12.276300764642656,12.45220800046809,128
A,0,static_contention_baseline_A_event_llm-only_r00_a01,109,static-109,1777.235124987783,11.559494417234083,11.524500005180016,11.791812285082415,12.47446158027742,12.563167023472488,128
A,0,static_contention_baseline_A_event_llm-only_r00_a01,110,static-110,1777.1513750194572,11.535481621986108,11.505000002216548,11.698391905520111,12.183051579049788,12.371750024612993,128
A,0,static_contention_baseline_A_event_llm-only_r00_a01,111,static-111,1775.633667013608,11.702722110134719,11.521374981384724,12.598508095834404,13.802996087470092,14.32683298480697,128
A,0,static_contention_baseline_A_event_llm-only_r00_a01,112,static-112,1788.9062500034925,11.527526574841826,11.491375014884397,11.67267109558452,12.382374673616141,12.445542000932619,128
A,0,static_contention_baseline_A_event_llm-only_r00_a01,113,static-113,1778.105624980526,11.544127952707125,11.506125010782853,11.896778715890832,12.267537846346386,12.37370798480697,128
A,0,static_contention_baseline_A_event_llm-only_r00_a01,114,static-114,1777.7641669963486,11.519785433059822,11.487625015433878,11.662767006782815,12.145708766765893,12.347207986749709,128
A,0,static_contention_baseline_A_event_llm-only_r00_a01,115,static-115,1777.9035420098808,11.536566267664522,11.494166974443942,11.849308203090912,12.273048758506775,12.435166019713506,128
A,0,static_contention_baseline_A_event_llm-only_r00_a01,116,static-116,1778.5031250095926,11.518123685006477,11.500709020765498,11.728345495066606,12.029138244688511,12.12454101187177,128
A,0,static_contention_baseline_A_event_llm-only_r00_a01,117,static-117,1780.0358749809675,11.538867787577168,11.506832990562543,11.758703595842235,12.302381411427628,12.507791019743308,128
A,0,static_contention_baseline_A_event_llm-only_r00_a01,118,static-118,1778.3663340087514,11.531591858379322,11.496541992528364,11.76963739853818,12.25362732890062,12.30341597693041,128
A,0,static_contention_baseline_A_event_llm-only_r00_a01,119,static-119,1779.1325000289362,11.534528543266989,11.504791997140273,11.71504560043104,12.329909653053619,12.346667004749179,128
A,0,static_contention_baseline_A_event_llm-only_r00_a01,120,static-120,1777.802917000372,11.55616732279396,11.512416996993124,11.802374804392457,12.410479068057612,12.49145797919482,128
A,0,static_contention_baseline_A_event_llm-only_r00_a01,121,static-121,1780.9974999981932,14.151913385680606,14.163499989081174,15.021300085936673,15.536597504396921,15.624916995875537,128
A,0,static_contention_baseline_A_event_llm-only_r00_a01,122,static-122,1768.737707985565,11.5316305749529,11.510957992868498,11.71764200553298,12.164452518336473,12.300666974624619,128
A,0,static_contention_baseline_A_event_llm-only_r00_a01,123,static-123,1774.4830419833306,11.549034118093184,11.519959021825343,11.72617127886042,12.310650664730929,12.57895800517872,128
A,0,static_contention_baseline_A_event_llm-only_r00_a01,124,static-124,1776.1048329994082,11.524242779568175,11.494791018776596,11.722120398189873,11.960939356358722,12.420165992807597,128
A,0,static_contention_baseline_A_event_llm-only_r00_a01,125,static-125,1776.6196250158828,11.531361220377006,11.515833990415558,11.708691215608269,11.850912654190324,12.076790997525677,128
A,0,static_contention_baseline_A_event_llm-only_r00_a01,126,static-126,1778.5517080046702,11.547465881792917,11.498874984681606,11.73962930624839,12.318464066484012,12.515333015471697,128
A,0,static_contention_baseline_A_event_llm-only_r00_a01,127,static-127,1778.5277079965454,11.56207152750475,11.53033398441039,11.89469628734514,12.300965512986295,12.33762499759905,128
A,0,static_contention_baseline_A_event_llm-only_r00_a01,128,static-128,1776.6600839968305,11.54577000777963,11.51591699454002,11.751353609724902,12.31650750618428,12.549167004181072,128
A,0,static_contention_baseline_A_event_llm-only_r00_a01,129,static-129,1779.4803330034483,11.521606960684046,11.500749998958781,11.630895483540371,12.130454830476083,12.388167000608519,128
A,0,static_contention_baseline_A_event_llm-only_r00_a01,130,static-130,1793.2404589955695,11.721757212635422,11.582415987504646,12.723628696403464,13.755117499968035,13.830000010784715,128
A,0,static_contention_baseline_A_event_llm-only_r00_a01,131,static-131,1778.1947079929523,11.548301842573327,11.5202080050949,11.685825118911453,12.18718393414747,12.252457992872223,128
A,0,static_contention_baseline_A_event_llm-only_r00_a01,132,static-132,1780.2656249841675,11.544117456765875,11.501917004352435,11.934407916851338,12.440027666743845,12.576834007631987,128
A,0,static_contention_baseline_A_event_llm-only_r00_a01,133,static-133,1780.3122499899473,11.520115811034934,11.495082988403738,11.741078601335175,12.178963159676641,12.195209012134,128
A,0,static_contention_baseline_A_event_llm-only_r00_a01,134,static-134,1780.2961669804063,11.546845795352041,11.503916000947356,11.802304282900876,12.313913576654157,12.385624984744936,128
A,0,static_contention_baseline_A_event_llm-only_r00_a01,135,static-135,1779.9196669948287,11.53951837024908,11.513000004924834,11.72594119561836,12.051245513139293,12.24083302076906,128
A,0,static_contention_baseline_A_event_llm-only_r00_a01,136,static-136,1779.3694170250092,11.54038976368267,11.515958001837134,11.749537501600571,12.212152085849082,12.325417017564178,128
A,0,static_contention_baseline_A_event_llm-only_r00_a01,137,static-137,1781.2793329940178,11.529472771588361,11.509374977322295,11.684362488449551,12.06970784231089,12.342749978415668,128
A,0,static_contention_baseline_A_event_llm-only_r00_a01,138,static-138,1779.7704999975394,11.54053870860788,11.512208002386615,11.643121289671399,12.299451985163614,12.396040983730927,128
A,0,static_contention_baseline_A_event_llm-only_r00_a01,139,static-139,1780.7293749938253,11.551831362175015,11.508499999763444,11.783024788019247,12.222313737147486,12.302999995881692,128
A,0,static_contention_baseline_A_event_llm-only_r00_a01,140,static-140,1780.4355410044082,11.544249677300952,11.517290986375883,11.724666904774494,12.172398938564584,12.38512501004152,128
A,0,static_contention_baseline_A_event_llm-only_r00_a01,141,static-141,1781.618958018953,11.535069228270949,11.505041009513661,11.733683006605133,12.171205566846766,12.433916999725625,128
A,0,static_contention_baseline_A_event_llm-only_r00_a01,142,static-142,1780.8170840144157,11.547271322686314,11.507749994052574,11.734454595716668,12.419821576913819,12.536915979580954,128
A,0,static_contention_baseline_A_event_llm-only_r00_a01,143,static-143,1782.240542001091,11.566392055072814,11.529500014148653,11.869928703526964,12.365200915955937,12.613208004040644,128
A,0,static_contention_baseline_A_event_llm-only_r00_a01,144,static-144,1781.5645829832647,11.420608598529912,11.46824998431839,11.62496670440305,11.890905752661638,12.445082975318655,128
A,0,static_contention_baseline_A_event_llm-only_r00_a01,145,static-145,1781.970249983715,11.567516070900588,11.538499995367602,11.745862604584545,12.272038586088456,12.519959011115134,128
A,0,static_contention_baseline_A_event_llm-only_r00_a01,146,static-146,1782.3114579950925,11.550051181010653,11.497708008391783,12.063058200874366,12.240608989377506,12.508499989053234,128
A,0,static_contention_baseline_A_event_llm-only_r00_a01,147,static-147,1783.4317499946337,11.555246063040599,11.522332992171869,11.85956239933148,12.230512676178476,12.584624986629933,128
A,0,static_contention_baseline_A_event_llm-only_r00_a01,148,static-148,1781.9699169776868,11.848644031703062,11.645958002191037,13.21892509877216,13.833751584752461,14.956833008909598,128
A,0,static_contention_baseline_A_event_llm-only_r00_a01,149,static-149,1789.2453329986893,11.53911253543732,11.511707998579368,11.816837507649323,12.068450009683147,12.265541998203844,128
A,1,static_contention_baseline_A_event_llm-only_r01_a01,0,static-000,1739.0816249826457,11.536234582767008,11.491750017739832,11.872699999366885,12.413812332088128,12.519749987404794,128
A,1,static_contention_baseline_A_event_llm-only_r01_a01,1,static-001,1755.0573750049807,11.510682417176971,11.476124986074865,11.72104578872677,12.210815007565543,12.36495899502188,128
A,1,static_contention_baseline_A_event_llm-only_r01_a01,2,static-002,1765.306082990719,11.513839567017808,11.482208006782457,11.701262491988018,12.109064839896746,12.394624995067716,128
A,1,static_contention_baseline_A_event_llm-only_r01_a01,3,static-003,1769.458416994894,11.535476700688793,11.501625005621463,11.863195587648079,12.41766766877845,12.45687500340864,128
A,1,static_contention_baseline_A_event_llm-only_r01_a01,4,static-004,1771.8902080086991,11.531773622112906,11.499374988488853,11.810020712437105,12.130493083386682,12.505042017437518,128
A,1,static_contention_baseline_A_event_llm-only_r01_a01,5,static-005,1774.8753750056494,11.5265780787156,11.51483302237466,11.640912597067654,11.954323421814479,12.256250018253922,128
A,1,static_contention_baseline_A_event_llm-only_r01_a01,6,static-006,1778.3519169897772,11.553025913542122,11.50212500942871,12.07767049781978,12.437580334953964,12.471541995182633,128
A,1,static_contention_baseline_A_event_llm-only_r01_a01,7,static-007,1778.416457993444,11.530722771710753,11.500332999275997,11.648750107269734,12.325955925625749,12.437875004252419,128
A,1,static_contention_baseline_A_event_llm-only_r01_a01,8,static-008,1780.2916670043487,11.553386811123001,11.513957986608148,11.8937001156155,12.304242480895482,12.443209008779377,128
A,1,static_contention_baseline_A_event_llm-only_r01_a01,9,static-009,1779.6669999952428,12.225064960506371,11.542583990376443,14.465745785855686,14.893322337884456,14.97150000068359,128
A,1,static_contention_baseline_A_event_llm-only_r01_a01,10,static-010,1778.8417910051066,11.524624346368617,11.513834004290402,11.661970693967305,11.985682003432885,12.069750024238601,128
A,1,static_contention_baseline_A_event_llm-only_r01_a01,11,static-011,1778.3671249926556,11.921949472414022,11.689709004713222,13.117512391181661,14.420799078652633,14.726166991749778,128
A,1,static_contention_baseline_A_event_llm-only_r01_a01,12,static-012,1784.6698749926873,11.56049639382583,11.526542017236352,11.840100097469985,12.41348326439038,12.511750013800338,128
A,1,static_contention_baseline_A_event_llm-only_r01_a01,13,static-013,1782.2022080072202,11.551074803060683,11.5092089981772,11.86805809265934,12.291524102329277,12.384292000206187,128
A,1,static_contention_baseline_A_event_llm-only_r01_a01,14,static-014,1782.4078750272747,11.541798889570995,11.5092089981772,11.720720608718693,12.271946248365566,12.511916982475668,128
A,1,static_contention_baseline_A_event_llm-only_r01_a01,15,static-015,1783.7210000143386,11.53001574800335,11.503000016091391,11.698329405044205,12.241157002281398,12.40495900856331,128
A,1,static_contention_baseline_A_event_llm-only_r01_a01,16,static-016,1784.3059580191039,11.58724606287387,11.542249994818121,11.886329305707477,12.385826504323632,12.561584007926285,128
A,1,static_contention_baseline_A_event_llm-only_r01_a01,17,static-017,1784.1819580062293,11.541094818871146,11.501041997689754,11.763746195356362,12.363907333347015,12.448624998796731,128
A,1,static_contention_baseline_A_event_llm-only_r01_a01,18,static-018,1786.095083982218,11.526473748129169,11.500708002131432,11.672850206377916,12.164716083207166,12.303499999688938,128
A,1,static_contention_baseline_A_event_llm-only_r01_a01,19,static-019,1783.960750006372,11.559666338373034,11.537082988070324,11.75551271007862,12.286965926759876,12.302667018957436,128
A,1,static_contention_baseline_A_event_llm-only_r01_a01,20,static-020,1785.5969999800436,11.57658169294458,11.516082973685116,11.900966209941544,12.27109702245798,12.443209008779377,128
A,1,static_contention_baseline_A_event_llm-only_r01_a01,21,static-021,1784.4781249877997,11.540902559196313,11.504082998726517,11.835954201524144,12.501367493532598,12.549459002912045,128
A,1,static_contention_baseline_A_event_llm-only_r01_a01,22,static-022,1786.3051659951452,11.532768700638508,11.514209007145837,11.663399985991418,12.149567485903388,12.580290989717469,128
A,1,static_contention_baseline_A_event_llm-only_r01_a01,23,static-023,1787.1414170076605,11.543405511761158,11.501833010697737,11.731532894191332,12.401429583551362,12.446959008229896,128
A,1,static_contention_baseline_A_event_llm-only_r01_a01,24,static-024,1787.3505409806967,11.563805448932676,11.526707996381447,11.8272587104002,12.44504501344636,12.574291991768405,128
A,1,static_contention_baseline_A_event_llm-only_r01_a01,25,static-025,1787.167792004766,11.54770603147702,11.505958973430097,11.785670701647176,12.315093762008473,12.336084007984027,128
A,1,static_contention_baseline_A_event_llm-only_r01_a01,26,static-026,1787.6165409979876,11.547707677103842,11.52712499606423,11.76097069401294,11.939331591129303,12.315708998357877,128
A,1,static_contention_baseline_A_event_llm-only_r01_a01,27,static-027,1786.2897909944877,11.552273622149324,11.531249998370185,11.741708713816479,12.057007996481842,12.329165998380631,128
A,1,static_contention_baseline_A_event_llm-only_r01_a01,28,static-028,1787.9099170095287,11.553625322742695,11.515083024278283,11.81006700498983,12.420127079822123,12.518917006673291,128
A,1,static_contention_baseline_A_event_llm-only_r01_a01,29,static-029,1787.5064589898102,11.540025259976781,11.503124987939373,11.802074906881897,12.268075326574035,12.624291004613042,128
A,1,static_contention_baseline_A_event_llm-only_r01_a01,30,static-030,1810.0929590000305,11.563498354480258,11.52020797599107,11.7824161919998,12.54815315711312,12.79954198980704,128
A,1,static_contention_baseline_A_event_llm-only_r01_a01,31,static-031,1788.189291022718,11.53511023602639,11.509290983667597,11.710133191081695,12.28174249001313,12.451333983335644,128
A,1,static_contention_baseline_A_event_llm-only_r01_a01,32,static-032,1788.8246249931399,11.540057740080735,11.503500019898638,11.733978800475597,12.217899665120058,12.293833016883582,128
A,1,static_contention_baseline_A_event_llm-only_r01_a01,33,static-033,1787.7529590041377,11.537097110303016,11.511749995406717,11.697025087778457,12.124129328294655,12.464667001040652,128
A,1,static_contention_baseline_A_event_llm-only_r01_a01,34,static-034,1789.0303329913877,11.532340881893205,11.507292016176507,11.671875001047738,12.122258002054878,12.272667023353279,128
A,1,static_contention_baseline_A_event_llm-only_r01_a01,35,static-035,1788.5746670071967,11.555710952732653,11.509834002936259,11.961741902632637,12.267743573756889,12.549958017189056,128
A,1,static_contention_baseline_A_event_llm-only_r01_a01,36,static-036,1788.4522090025712,11.535966858234785,11.5104999858886,11.696512391790748,12.11376674589701,12.193834001664072,128
A,1,static_contention_baseline_A_event_llm-only_r01_a01,37,static-037,1788.9117090089712,11.55857315748072,11.50749999214895,12.037770621827802,12.440666852053253,12.604874995304272,128
A,1,static_contention_baseline_A_event_llm-only_r01_a01,38,static-038,1789.0077919873875,11.540648622088149,11.530999996466562,11.676774988882244,11.835241069784388,11.94716600002721,128
A,1,static_contention_baseline_A_event_llm-only_r01_a01,39,static-039,1789.5235000178218,11.569393377963776,11.540583975147456,11.843733105342833,12.133864516508764,12.505708989920095,128
A,1,static_contention_baseline_A_event_llm-only_r01_a01,40,static-040,1788.5137919802219,11.542035756022193,11.515666992636397,11.74752870283555,12.100716923596337,12.498666997998953,128
A,1,static_contention_baseline_A_event_llm-only_r01_a01,41,static-041,1789.9122499802615,11.521638779649804,11.487374984426424,11.646520614158362,12.362514683045445,12.483458005590364,128
A,1,static_contention_baseline_A_event_llm-only_r01_a01,42,static-042,1790.4396250087302,11.569742125955843,11.537374986801296,11.885699906270018,12.333127921447158,12.456416996428743,128
A,1,static_contention_baseline_A_event_llm-only_r01_a01,43,static-043,1788.8952500070445,11.559319881791996,11.529541021445766,11.840096508967688,12.218216587789357,12.232250010129064,128
A,1,static_contention_baseline_A_event_llm-only_r01_a01,44,static-044,1789.3144999979995,11.534714566930527,11.49779200204648,11.846000008517876,12.311706824111752,12.522249977337196,128
A,1,static_contention_baseline_A_event_llm-only_r01_a01,45,static-045,1790.487749996828,11.539606952684103,11.509584001032636,11.72212039527949,12.300860300892964,12.345708004431799,128
A,1,static_contention_baseline_A_event_llm-only_r01_a01,46,static-046,1791.0418749961536,11.526510826867499,11.492332996567711,11.71042509668041,12.25292643182911,12.305584008572623,128
A,1,static_contention_baseline_A_event_llm-only_r01_a01,47,static-047,1789.0100830118172,11.550390748004613,11.503375018946826,11.850345783750525,12.457414084346965,12.545000005047768,128
A,1,static_contention_baseline_A_event_llm-only_r01_a01,48,static-048,1799.3483749742154,11.821954393774037,11.636665993137285,13.214253610931335,13.746999583090654,13.863291998859495,128
A,1,static_contention_baseline_A_event_llm-only_r01_a01,49,static-049,1790.6394169840496,11.5416332046725,11.517540988279507,11.683904402889311,12.285260155331342,12.408834008965641,128
A,1,static_contention_baseline_A_event_llm-only_r01_a01,50,static-050,1791.0499169956893,11.590354330654396,11.549541988642886,12.034492101520298,12.409168070880696,12.521040975116193,128
A,1,static_contention_baseline_A_event_llm-only_r01_a01,51,static-051,1790.466042002663,11.540763125952891,11.496249993797392,11.989899893524122,12.223485931754112,12.350042001344264,128
A,1,static_contention_baseline_A_event_llm-only_r01_a01,52,static-052,1791.7893340054434,11.535673228314323,11.507040995638818,11.683166716829874,12.278835161123423,12.521166994702071,128
A,1,static_contention_baseline_A_event_llm-only_r01_a01,53,static-053,1792.3308339959476,11.53421653530883,11.521417007315904,11.664828500943258,11.841597512247972,12.484958017012104,128
A,1,static_contention_baseline_A_event_llm-only_r01_a01,54,static-054,1790.4162910126615,12.94870800787847,13.172667007893324,14.71985019161366,15.00442708726041,15.59541598544456,128
A,1,static_contention_baseline_A_event_llm-only_r01_a01,55,static-055,1790.5859589809552,11.521900259920828,11.506666982313618,11.655157993664034,11.894826420466416,11.927541985642165,128
A,1,static_contention_baseline_A_event_llm-only_r01_a01,56,static-056,1790.012666984694,11.538330055122433,11.507999995956197,11.834837519563733,12.136886077933013,12.25912498193793,128
A,1,static_contention_baseline_A_event_llm-only_r01_a01,57,static-057,1789.8184579971712,11.567486220453755,11.516625003423542,12.025641294894738,12.351968418224715,12.422957981470972,128
A,1,static_contention_baseline_A_event_llm-only_r01_a01,58,static-058,1791.2535420036875,11.55666633867512,11.534290999406949,11.89882490725722,12.341641079983674,12.407625006744638,128
A,1,static_contention_baseline_A_event_llm-only_r01_a01,59,static-059,1790.5529999989085,12.565823157517768,11.574042000574991,14.885791292181239,15.900249076657925,16.106082999613136,128
A,1,static_contention_baseline_A_event_llm-only_r01_a01,60,static-060,1790.7261659856886,11.554235897730948,11.51949999621138,11.725521500920877,12.342558499076404,12.537250004243106,128
A,1,static_contention_baseline_A_event_llm-only_r01_a01,61,static-061,1790.11195799103,11.55732283469539,11.515583988511935,11.869399782153776,12.346843422274105,12.446667009498924,128
A,1,static_contention_baseline_A_event_llm-only_r01_a01,62,static-062,1789.5714170008432,11.547550196964734,11.520125000970438,11.850524795590898,12.221908916835671,12.5094159739092,128
A,1,static_contention_baseline_A_event_llm-only_r01_a01,63,static-063,1791.306541999802,11.540833661263061,11.507791990879923,11.889150095521469,12.265013901051134,12.395916011882946,128
A,1,static_contention_baseline_A_event_llm-only_r01_a01,64,static-064,1790.6475409981795,11.570115818909743,11.524791974807158,11.888883705250917,12.482983421650715,12.602041999343783,128
A,1,static_contention_baseline_A_event_llm-only_r01_a01,65,static-065,1791.0464169981424,11.540713582754384,11.520500003825873,11.720600101398302,12.244715914130209,12.493957998231053,128
A,1,static_contention_baseline_A_event_llm-only_r01_a01,66,static-066,1792.115374992136,11.94054068489675,11.737583990907297,13.575187604874372,14.851918916101564,15.438333008205518,128
A,1,static_contention_baseline_A_event_llm-only_r01_a01,67,static-067,1800.8658750040922,11.526176842538215,11.50116600911133,11.641154385870323,12.227036408148704,12.41170900175348,128
A,1,static_contention_baseline_A_event_llm-only_r01_a01,68,static-068,1792.615583020961,11.549895338477626,11.514334008097649,11.781153501942754,12.300537020782938,12.505332997534424,128
A,1,static_contention_baseline_A_event_llm-only_r01_a01,69,static-069,1791.132957994705,11.55294947244601,11.515040998347104,11.861866901745085,12.334242487559095,12.362916982965544,128
A,1,static_contention_baseline_A_event_llm-only_r01_a01,70,static-070,1792.446999985259,11.531126637774424,11.510915996041149,11.72290830872953,12.078445005463436,12.221167009556666,128
A,1,static_contention_baseline_A_event_llm-only_r01_a01,71,static-071,1793.3274999959394,11.556460630051484,11.531083000591025,11.751687689684331,12.13814692571759,12.445665983250365,128
A,1,static_contention_baseline_A_event_llm-only_r01_a01,72,static-072,1790.3645829937886,11.562422574928588,11.519916995894164,11.988766898866741,12.257240011240356,12.348416988970712,128
A,1,static_contention_baseline_A_event_llm-only_r01_a01,73,static-073,1792.464791011298,11.555463582548628,11.525334004545584,11.81622490985319,12.180545917362904,12.329499993938953,128
A,1,static_contention_baseline_A_event_llm-only_r01_a01,74,static-074,1793.2049579976592,11.579022968534424,11.528584000188857,11.946917109889908,12.553475158056244,12.626749987248331,128
A,1,static_contention_baseline_A_event_llm-only_r01_a01,75,static-075,1791.5332079865038,11.579888126185882,11.532415985129774,11.92395788966678,12.375291090575047,12.659208005061373,128
A,1,static_contention_baseline_A_event_llm-only_r01_a01,76,static-076,1791.380249982467,11.54101574811791,11.513249977724627,11.80631690658629,12.166798418038523,12.381292006466538,128
A,1,static_contention_baseline_A_event_llm-only_r01_a01,77,static-077,1793.4219580201898,11.53355676361807,11.512833007145673,11.663833187776618,12.179939340567215,12.539792020106688,128
A,1,static_contention_baseline_A_event_llm-only_r01_a01,78,static-078,1792.4115830101073,11.530121062849245,11.504540976602584,11.606578703504056,12.231761075090617,12.348791991826147,128
A,1,static_contention_baseline_A_event_llm-only_r01_a01,79,static-079,1793.0175839865115,11.56980413384369,11.531583993928507,11.89076250011567,12.450885923462918,12.523041979875416,128
A,1,static_contention_baseline_A_event_llm-only_r01_a01,80,static-080,1793.4402080136351,11.543646322812622,11.504499998409301,11.885034007718787,12.324043083935976,12.491166009567678,128
A,1,static_contention_baseline_A_event_llm-only_r01_a01,81,static-081,1791.6366670106072,11.539259511843602,11.513791017932817,11.674825008958578,12.208586916094646,12.576332985190675,128
A,1,static_contention_baseline_A_event_llm-only_r01_a01,82,static-082,1792.0037499861792,11.541667322840864,11.511791992234066,11.84894611069467,12.243437162833288,12.353958009043708,128
A,1,static_contention_baseline_A_event_llm-only_r01_a01,83,static-083,1793.3561250101775,11.562655511904346,11.526500020409003,11.72302938066423,12.367366930120621,12.575875007314608,128
A,1,static_contention_baseline_A_event_llm-only_r01_a01,84,static-084,1792.0057080045808,11.570884511800571,11.538249993463978,11.88747071137186,12.299857983598486,12.417249992722645,128
A,1,static_contention_baseline_A_event_llm-only_r01_a01,85,static-085,1816.7243750067428,11.60618372437522,11.528749979333952,12.04247938003391,13.105842505465258,13.311457994859666,128
A,1,static_contention_baseline_A_event_llm-only_r01_a01,86,static-086,1794.1092499822844,11.546557409620998,11.515375023009256,11.70482499874197,12.459103747969493,12.54583298577927,128
A,1,static_contention_baseline_A_event_llm-only_r01_a01,87,static-087,1791.520541999489,11.562299866075298,11.521999986143783,11.839354305993764,12.39502391545102,12.486584018915892,128
A,1,static_contention_baseline_A_event_llm-only_r01_a01,88,static-088,1794.1867909976281,11.565368110130681,11.527416994795203,11.854975190362891,12.32511030684691,12.525083002401516,128
A,1,static_contention_baseline_A_event_llm-only_r01_a01,89,static-089,1794.6695839927997,11.547301503816826,11.5112500207033,11.671987600857392,12.421093573793769,12.441457976819947,128
A,1,static_contention_baseline_A_event_llm-only_r01_a01,90,static-090,1792.380457976833,11.572823496067926,11.539333005202934,11.71872481063474,12.473132330924273,12.487416010117158,128
A,1,static_contention_baseline_A_event_llm-only_r01_a01,91,static-091,1793.8326250005048,11.563431755978776,11.524583998834714,11.899828698369673,12.271294561796822,12.321167014306411,128
A,1,static_contention_baseline_A_event_llm-only_r01_a01,92,static-092,1794.2571669991594,11.548768039416947,11.52775000082329,11.688654479803517,12.189399423077703,12.257958005648106,128
A,1,static_contention_baseline_A_event_llm-only_r01_a01,93,static-093,1794.3960420088843,11.545042976220028,11.509375006426126,11.71555810724385,12.389057663967831,12.474874994950369,128
A,1,static_contention_baseline_A_event_llm-only_r01_a01,94,static-094,1792.5319579953793,11.554175858362028,11.527249997016042,11.751071410253644,12.389254329609685,12.541458010673523,128
A,1,static_contention_baseline_A_event_llm-only_r01_a01,95,static-095,1793.4024169808254,11.559370401687554,11.528000002726912,11.821441986830905,11.956357333692722,12.455375021090731,128
A,1,static_contention_baseline_A_event_llm-only_r01_a01,96,static-096,1792.1163749997504,11.533933732242463,11.520624975673854,11.72127939062193,12.097649846109562,12.161874998128042,128
A,1,static_contention_baseline_A_event_llm-only_r01_a01,97,static-097,1794.7663750092033,11.525508858296492,11.503583984449506,11.66930821200367,12.165268574026411,12.268708989722654,128
A,1,static_contention_baseline_A_event_llm-only_r01_a01,98,static-098,1793.9428339886945,11.570795598452705,11.517375009134412,11.97822940594051,12.435107504716141,12.504624988650903,128
A,1,static_contention_baseline_A_event_llm-only_r01_a01,99,static-099,1793.5548340028618,11.545537724379656,11.509542004205287,11.674654204398394,12.269491561455652,12.524374993517995,128
A,1,static_contention_baseline_A_event_llm-only_r01_a01,100,static-100,1793.798208993394,11.530691929212882,11.511624994454905,11.66492881020531,11.975371918524615,12.09216599818319,128
A,1,static_contention_baseline_A_event_llm-only_r01_a01,101,static-101,1794.740165991243,11.542691275574574,11.508708004839718,11.80917960591614,12.26361625653226,12.362749985186383,128
A,1,static_contention_baseline_A_event_llm-only_r01_a01,102,static-102,1792.4283330212347,11.556159125826152,11.518165993038565,11.762383187306114,12.185841748723758,12.507833016570657,128
A,1,static_contention_baseline_A_event_llm-only_r01_a01,103,static-103,1807.5061670097057,11.865531165413119,11.65966602275148,13.38759117934387,13.897792907082474,14.046000025700778,128
A,1,static_contention_baseline_A_event_llm-only_r01_a01,104,static-104,1794.713540992234,11.534589897579052,11.516334023326635,11.681103907176293,12.225517500774004,12.294792017200962,128
A,1,static_contention_baseline_A_event_llm-only_r01_a01,105,static-105,1795.322165999096,11.560865488145353,11.530332994880155,11.863008607178926,12.20246785087511,12.362624984234571,128
A,1,static_contention_baseline_A_event_llm-only_r01_a01,106,static-106,1793.207375012571,11.554097110271732,11.526165995746851,11.79975430422928,12.255663257092236,12.424499989720061,128
A,1,static_contention_baseline_A_event_llm-only_r01_a01,107,static-107,1793.848250003066,11.53759514169555,11.513124976772815,11.658891892875545,12.346119992434977,12.56324999849312,128
A,1,static_contention_baseline_A_event_llm-only_r01_a01,108,static-108,1795.5368330003694,11.550869094437047,11.518167011672631,11.750441789627075,12.445163555094041,12.545416975626722,128
A,1,static_contention_baseline_A_event_llm-only_r01_a01,109,static-109,1796.5191669936758,11.53038188977365,11.501250002766028,11.717971408506855,12.151342165889217,12.265415978617966,128
A,1,static_contention_baseline_A_event_llm-only_r01_a01,110,static-110,1795.1285000017378,11.531377952787878,11.501458007842302,11.660420821863227,12.367782512446865,12.497334013460204,128
A,1,static_contention_baseline_A_event_llm-only_r01_a01,111,static-111,1793.8939580053557,11.540251637819978,11.524375004228204,11.681703699287027,12.169603157090021,12.399790983181447,128
A,1,static_contention_baseline_A_event_llm-only_r01_a01,112,static-112,1795.912750007119,11.577870401619808,11.526166024850681,11.978354296297766,12.48304530919995,12.557666981592774,128
A,1,static_contention_baseline_A_event_llm-only_r01_a01,113,static-113,1794.7537500003818,11.554221133839002,11.51879201643169,11.660300195217133,12.400104492553508,12.547292019007728,128
A,1,static_contention_baseline_A_event_llm-only_r01_a01,114,static-114,1796.0482919879723,11.546964566938316,11.517291015479714,11.82775369961746,12.298793005757034,12.371000018902123,128
A,1,static_contention_baseline_A_event_llm-only_r01_a01,115,static-115,1796.7489160073455,11.539358267786099,11.520500003825873,11.704695504158735,11.796310339705087,12.521166005171835,128
A,1,static_contention_baseline_A_event_llm-only_r01_a01,116,static-116,1794.061041000532,11.552232614164717,11.525665991939604,11.717745501664467,12.248697153991086,12.48191698687151,128
A,1,static_contention_baseline_A_event_llm-only_r01_a01,117,static-117,1794.510417006677,11.561970472359649,11.526375019457191,11.846042083925566,12.336238759453408,12.54341599997133,128
A,1,static_contention_baseline_A_event_llm-only_r01_a01,118,static-118,1795.515207981225,11.562948818932705,11.523291992489249,11.838687586714512,12.490041579003446,12.580584007082507,128
A,1,static_contention_baseline_A_event_llm-only_r01_a01,119,static-119,1794.2185419960879,11.572282149696605,11.538042017491534,11.837137493421322,12.311306996271014,12.492125009885058,128
A,1,static_contention_baseline_A_event_llm-only_r01_a01,120,static-120,1794.8049159895163,11.564629267686685,11.531041003763676,11.829291691537946,12.203572674188763,12.436374992830679,128
A,1,static_contention_baseline_A_event_llm-only_r01_a01,121,static-121,1794.6642079914454,11.805870078914747,11.62379200104624,13.150416308781132,13.497310769744217,14.122291991952807,128
A,1,static_contention_baseline_A_event_llm-only_r01_a01,122,static-122,1803.5617080167867,11.536542653458149,11.513250006828457,11.683366214856505,12.401491996715775,12.621834001038224,128
A,1,static_contention_baseline_A_event_llm-only_r01_a01,123,static-123,1794.9790410057176,11.552320866145223,11.513915989780799,11.788112291833384,12.37347874441184,12.438958015991375,128
A,1,static_contention_baseline_A_event_llm-only_r01_a01,124,static-124,1794.429041998228,11.558751968665078,11.531708005350083,11.775637415121308,12.139623408438636,12.235417001647875,128
A,1,static_contention_baseline_A_event_llm-only_r01_a01,125,static-125,1794.9289999960456,11.537679464658943,11.51329098502174,11.653774898150004,12.288841420668177,12.379291991237551,128
A,1,static_contention_baseline_A_event_llm-only_r01_a01,126,static-126,1795.2165000024252,11.532992125932479,11.504833993967623,11.678624781779945,12.177988733747041,12.346208997769281,128
A,1,static_contention_baseline_A_event_llm-only_r01_a01,127,static-127,1794.8762500018347,11.55545669296155,11.524667002959177,11.81765431247186,12.268790157395415,12.396707985317335,128
A,1,static_contention_baseline_A_event_llm-only_r01_a01,128,static-128,1795.7626249990426,11.55281725970251,11.514375015394762,11.814291815971954,12.409838761086576,12.435667013050988,128
A,1,static_contention_baseline_A_event_llm-only_r01_a01,129,static-129,1795.0765419809613,11.571118441056534,11.53312498354353,11.90818379691336,12.542318248888478,12.633250007638708,128
A,1,static_contention_baseline_A_event_llm-only_r01_a01,130,static-130,1794.434250012273,11.577990480357649,11.529832991072908,11.914050098857842,12.328205324010922,13.010999973630533,128
A,1,static_contention_baseline_A_event_llm-only_r01_a01,131,static-131,1795.9158339945134,11.572722110239143,11.532208998687565,11.897587581188418,12.388119070674291,12.52395799383521,128
A,1,static_contention_baseline_A_event_llm-only_r01_a01,132,static-132,1794.624791975366,11.547503936999133,11.515666003106162,11.803783205687067,12.172869073110633,12.524875026429072,128
A,1,static_contention_baseline_A_event_llm-only_r01_a01,133,static-133,1794.934707984794,11.566529858272567,11.521165986778215,11.934054404264316,12.506077988655306,12.53408400225453,128
A,1,static_contention_baseline_A_event_llm-only_r01_a01,134,static-134,1797.9115410125814,11.544294952777925,11.521583015564829,11.695558612700552,12.208217491861433,12.309458019444719,128
A,1,static_contention_baseline_A_event_llm-only_r01_a01,135,static-135,1797.9387909872457,11.586777559036067,11.529792012879625,12.207858599140305,12.505577153060585,12.54454199806787,128
A,1,static_contention_baseline_A_event_llm-only_r01_a01,136,static-136,1794.5344579929952,11.566258858299015,11.541415995452553,11.732525005936623,12.19047157501336,12.433416995918378,128
A,1,static_contention_baseline_A_event_llm-only_r01_a01,137,static-137,1796.6797499975655,11.550996393674808,11.513957986608148,11.684550109202974,12.339129823376425,12.584250012878329,128
A,1,static_contention_baseline_A_event_llm-only_r01_a01,138,static-138,1794.5865409856196,11.540610236427417,11.506458016810939,11.671116203069687,12.312669996754266,12.348207994364202,128
A,1,static_contention_baseline_A_event_llm-only_r01_a01,139,static-139,1795.833833020879,11.578965220347369,11.535917001310736,11.914529305067845,12.327230915543623,12.505083024734631,128
A,1,static_contention_baseline_A_event_llm-only_r01_a01,140,static-140,1815.884667012142,11.644459968454784,11.572500021429732,11.957737599732354,13.367274575866755,13.573832984548062,128
A,1,static_contention_baseline_A_event_llm-only_r01_a01,141,static-141,1796.4924169937149,11.536589566770369,11.519207997480407,11.75936259678565,11.941138058318757,12.105125002563,128
A,1,static_contention_baseline_A_event_llm-only_r01_a01,142,static-142,1797.9422920034267,11.560065291389295,11.520875006681308,11.770695706945844,12.315626512863673,12.550832994747907,128
A,1,static_contention_baseline_A_event_llm-only_r01_a01,143,static-143,1796.2942919984926,11.53441830712378,11.493915983010083,11.750329306232743,12.233369085588492,12.470041983760893,128
A,1,static_contention_baseline_A_event_llm-only_r01_a01,144,static-144,1796.0859580198303,11.540280842482604,11.503916990477592,11.780167004326357,12.219447501702232,12.44904100894928,128
A,1,static_contention_baseline_A_event_llm-only_r01_a01,145,static-145,1796.686082991073,11.539429795376472,11.513207980897278,11.716558109037578,12.15825591236353,12.422083003912121,128
A,1,static_contention_baseline_A_event_llm-only_r01_a01,146,static-146,1795.150374993682,11.551712929293162,11.524249974172562,11.784704306046478,11.954115408007056,12.494249996962026,128
A,1,static_contention_baseline_A_event_llm-only_r01_a01,147,static-147,1796.0499589971732,11.540671582718739,11.516083002788946,11.704999906942248,12.184575335122645,12.370458018267527,128
A,1,static_contention_baseline_A_event_llm-only_r01_a01,148,static-148,1796.608540986199,11.552956039370148,11.532458011060953,11.67966260400135,12.340791221940888,12.491125002270564,128
A,1,static_contention_baseline_A_event_llm-only_r01_a01,149,static-149,1796.387667011004,11.553685039219513,11.515291989780962,11.83815008844249,12.27176857588347,12.462083017453551,128
A,2,static_contention_baseline_A_event_llm-only_r02_a01,0,static-000,1764.5512919989415,11.524688314983813,11.478250002255663,11.895504491985776,12.164789224043489,12.324542010901496,128
A,2,static_contention_baseline_A_event_llm-only_r02_a01,1,static-001,1781.2546670029406,11.542038055224799,11.51670899707824,11.752000110573135,12.170703568845054,12.524417019449174,128
A,2,static_contention_baseline_A_event_llm-only_r02_a01,2,static-002,1786.8496250011958,11.64796555118716,11.527166003361344,12.201950183953159,13.550820930977347,14.945041009923443,128
A,2,static_contention_baseline_A_event_llm-only_r02_a01,3,static-003,1804.0572500030976,11.529590881807275,11.50208301260136,11.82020439300686,12.111951929982752,12.166500004241243,128
A,2,static_contention_baseline_A_event_llm-only_r02_a01,4,static-004,1791.9740409997758,11.581161094501278,11.541666986886412,12.002525216666982,12.393799499841407,12.46216701110825,128
A,2,static_contention_baseline_A_event_llm-only_r02_a01,5,static-005,1791.8543329869863,11.529999669397426,11.517208011355251,11.682079409365542,11.941216723644173,12.47033299296163,128
A,2,static_contention_baseline_A_event_llm-only_r02_a01,6,static-006,1791.7441250174306,11.534144685055518,11.502834007842466,11.671812302665785,12.276322498801164,12.284458993235603,128
A,2,static_contention_baseline_A_event_llm-only_r02_a01,7,static-007,1791.0299580253195,11.540503613971628,11.509207979543135,11.669732996961102,12.401608000509441,12.469083012547344,128
A,2,static_contention_baseline_A_event_llm-only_r02_a01,8,static-008,1792.1411250135861,11.55555085026967,11.530125018907711,11.795291298767552,12.171588912024163,12.408042006427422,128
A,2,static_contention_baseline_A_event_llm-only_r02_a01,9,static-009,1793.2950409885962,11.532617126056177,11.506166018079966,11.768004202167502,12.249738493119366,12.317707994952798,128
A,2,static_contention_baseline_A_event_llm-only_r02_a01,10,static-010,1794.15187498671,11.544319881927443,11.509624979225919,11.81055879278574,12.298769512563013,12.359792017377913,128
A,2,static_contention_baseline_A_event_llm-only_r02_a01,11,static-011,1792.6350840134546,11.532799866028482,11.500374996103346,11.682199890492484,12.286893172422424,12.446415988961235,128
A,2,static_contention_baseline_A_event_llm-only_r02_a01,12,static-012,1794.1595000156667,11.557432086579135,11.523375025717542,11.692879389738664,12.396289999596775,12.457166973035783,128
A,2,static_contention_baseline_A_event_llm-only_r02_a01,13,static-013,1794.314917002339,11.545487204713263,11.518082988914102,11.698308103950694,12.282522485475056,12.497332994826138,128
A,2,static_contention_baseline_A_event_llm-only_r02_a01,14,static-014,1792.3001250019297,11.529108267653308,11.504249996505678,11.705566913587973,12.239929426577872,12.343125010374933,128
A,2,static_contention_baseline_A_event_llm-only_r02_a01,15,static-015,1794.370625022566,11.53301279515204,11.50133297778666,11.702233189134857,12.337135345442219,12.553582986583933,128
A,2,static_contention_baseline_A_event_llm-only_r02_a01,16,static-016,1796.4127089944668,11.549175519626367,11.50058300117962,12.020099806250071,12.341767512843944,12.446332984836772,128
A,2,static_contention_baseline_A_event_llm-only_r02_a01,17,static-017,1794.9569580086973,11.542533795206301,11.512791010318324,11.790700105484575,12.322914347168988,12.463708990253508,128
A,2,static_contention_baseline_A_event_llm-only_r02_a01,18,static-018,1794.3801249784883,11.551880252026901,11.513792007463053,11.884295602794737,12.2466070757946,12.399125000229105,128
A,2,static_contention_baseline_A_event_llm-only_r02_a01,19,static-019,1797.0048330025747,11.585103346293382,11.54154201503843,11.92472860275302,12.475930351647548,12.48924998799339,128
A,2,static_contention_baseline_A_event_llm-only_r02_a01,20,static-020,1796.1348750104662,11.533450133829033,11.50979197700508,11.681271382258274,12.188726083259098,12.229499989189208,128
A,2,static_contention_baseline_A_event_llm-only_r02_a01,21,static-021,1813.3512920176145,11.743349078621012,11.599332996411249,13.006662516272627,13.70414406468626,13.804166985210031,128
A,2,static_contention_baseline_A_event_llm-only_r02_a01,22,static-022,1794.7654580057133,11.572558401651152,11.536792007973418,11.815987506997772,12.31111283530481,12.473040987970307,128
A,2,static_contention_baseline_A_event_llm-only_r02_a01,23,static-023,1795.6595419964287,11.542360889807886,11.509333009598777,11.812067104619926,12.279256849433294,12.512167013483122,128
A,2,static_contention_baseline_A_event_llm-only_r02_a01,24,static-024,1797.1219170140103,11.549766401404618,11.51666700025089,11.691100109601393,12.37077092344407,12.408166978275403,128
A,2,static_contention_baseline_A_event_llm-only_r02_a01,25,static-025,1794.9566249735653,11.557110889831295,11.52862500748597,11.709695603349246,12.293111262843013,12.379542022245005,128
A,2,static_contention_baseline_A_event_llm-only_r02_a01,26,static-026,1796.3555839960463,11.579321519752202,11.529583018273115,12.130878801690413,12.356455767294392,12.439041980542243,128
A,2,static_contention_baseline_A_event_llm-only_r02_a01,27,static-027,1796.0080830089282,11.544618771620476,11.512541997944936,11.729854193981737,12.399016738054343,12.475041003199294,128
A,2,static_contention_baseline_A_event_llm-only_r02_a01,28,static-028,1795.0094160041772,11.546958338489434,11.515958001837134,11.797849801951086,12.219707818585448,12.28270897991024,128
A,2,static_contention_baseline_A_event_llm-only_r02_a01,29,static-029,1796.4876250189263,11.574850724295045,11.520916974404827,12.0569247927051,12.478032001527026,12.504499987699091,128
A,2,static_contention_baseline_A_event_llm-only_r02_a01,30,static-030,1796.2979580042884,11.548788716428085,11.516583006596193,11.72340368211735,12.288535158149898,12.347750016488135,128
A,2,static_contention_baseline_A_event_llm-only_r02_a01,31,static-031,1794.685708009638,11.529152559099982,11.506709008244798,11.70938309514895,11.968020994099788,12.26679197861813,128
A,2,static_contention_baseline_A_event_llm-only_r02_a01,32,static-032,1798.331625002902,11.54686581901656,11.516875005327165,11.80429169908166,12.318003261461854,12.434333009878173,128
A,2,static_contention_baseline_A_event_llm-only_r02_a01,33,static-033,1797.0800000184681,11.559756558872467,11.51333301095292,11.943095509195699,12.297462511924095,12.315375002799556,128
A,2,static_contention_baseline_A_event_llm-only_r02_a01,34,static-034,1796.3150420109741,11.530652881955625,11.5053340268787,11.678991102962755,12.046660927589983,12.508499989053234,128
A,2,static_contention_baseline_A_event_llm-only_r02_a01,35,static-035,1797.9687910119537,11.538339243912116,11.515874997712672,11.663758891518228,12.257970935315823,12.418250000337139,128
A,2,static_contention_baseline_A_event_llm-only_r02_a01,36,static-036,1797.9143749980722,11.54427952751862,11.518832994624972,11.695124994730577,12.047334080561996,12.279957998543978,128
A,2,static_contention_baseline_A_event_llm-only_r02_a01,37,static-037,1796.8969579960685,11.563370409458289,11.526624992256984,11.847607910749502,12.250316722202115,12.314499996136874,128
A,2,static_contention_baseline_A_event_llm-only_r02_a01,38,static-038,1797.4104160093702,11.57495538579432,11.539416998857632,11.888903606450183,12.38542465143837,12.417250021826476,128
A,2,static_contention_baseline_A_event_llm-only_r02_a01,39,static-039,1795.9528340143152,11.86466862985637,11.641416989732534,13.218887487892061,13.97197175596375,14.02829197468236,128
A,2,static_contention_baseline_A_event_llm-only_r02_a01,40,static-040,1803.3776670054067,11.549991795217515,11.515207996126264,11.849458306096494,12.224058079882525,12.480540986871347,128
A,2,static_contention_baseline_A_event_llm-only_r02_a01,41,static-041,1795.2707919757813,11.541126968520583,11.513583012856543,11.766995707876049,12.155051574809475,12.413624994223937,128
A,2,static_contention_baseline_A_event_llm-only_r02_a01,42,static-042,1797.7082500001416,13.251220472395332,13.758124987361953,14.922058701631613,15.280879662605,15.356457995949313,128
A,2,static_contention_baseline_A_event_llm-only_r02_a01,43,static-043,1794.9061669933144,11.552865811079139,11.515666003106162,11.794500111136585,12.332680938416159,12.494333001086488,128
A,2,static_contention_baseline_A_event_llm-only_r02_a01,44,static-044,1795.930624997709,11.568669622074665,11.526832997333258,11.93840350897517,12.397247825283555,12.539249990368262,128
A,2,static_contention_baseline_A_event_llm-only_r02_a01,45,static-045,1795.3267919947393,11.531341866100588,11.509874981129542,11.672108108177781,11.963018018286675,12.102999986382201,128
A,2,static_contention_baseline_A_event_llm-only_r02_a01,46,static-046,1796.7998329841066,11.542208992333451,11.512292025145143,11.708970414474607,12.228440661565399,12.355416984064505,128
A,2,static_contention_baseline_A_event_llm-only_r02_a01,47,static-047,1795.7127089903224,11.56785728352137,11.526540998602286,11.89982489158865,12.287863905075938,12.42866599932313,128
A,2,static_contention_baseline_A_event_llm-only_r02_a01,48,static-048,1796.768375003012,11.588866141804413,11.52775000082329,12.057004412054082,12.502353909076191,12.746458989568055,128
A,2,static_contention_baseline_A_event_llm-only_r02_a01,49,static-049,1799.0522909967694,11.536754598322243,11.516791011672467,11.64115380088333,12.375357655691912,12.535124988062307,128
A,2,static_contention_baseline_A_event_llm-only_r02_a01,50,static-050,1796.3099170010537,11.546715551127466,11.523541994392872,11.696691694669425,12.135369989555327,12.271749990759417,128
A,2,static_contention_baseline_A_event_llm-only_r02_a01,51,static-051,1798.4080409805756,11.55967618119683,11.525874986546114,11.832828709157182,12.409535345504992,12.45970799936913,128
A,2,static_contention_baseline_A_event_llm-only_r02_a01,52,static-052,1797.0806249941234,11.576522307151444,11.541499989107251,11.919879197375849,12.428101993282326,12.468291010009125,128
A,2,static_contention_baseline_A_event_llm-only_r02_a01,53,static-053,1795.7465409999713,11.496418968574547,11.511624994454905,11.672687495592982,12.25319077086169,12.452667026082054,128
A,2,static_contention_baseline_A_event_llm-only_r02_a01,54,static-054,1796.720042009838,11.576284448649206,11.541208979906514,11.857537689502351,12.41234434186481,12.481415993534029,128
A,2,static_contention_baseline_A_event_llm-only_r02_a01,55,static-055,1797.6985419809353,11.552205047337338,11.508374998811632,11.923029186436905,12.278460002271459,12.421124993124977,128
A,2,static_contention_baseline_A_event_llm-only_r02_a01,56,static-056,1795.7687090092804,11.556808393784088,11.52700002421625,11.763762685586698,12.25672841304913,12.454166018869728,128
A,2,static_contention_baseline_A_event_llm-only_r02_a01,57,static-057,1798.1228750140872,11.639669944768713,11.512958008097485,12.388483199174516,12.72034783323761,13.959250005427748,128
A,2,static_contention_baseline_A_event_llm-only_r02_a01,58,static-058,1813.6189999931958,11.570277559207973,11.53912500012666,11.840809005661868,12.280567498528397,12.396459002047777,128
A,2,static_contention_baseline_A_event_llm-only_r02_a01,59,static-059,1797.5800409913063,11.538915031573067,11.510916985571384,11.826100008329375,12.171103581786156,12.256333022378385,128
A,2,static_contention_baseline_A_event_llm-only_r02_a01,60,static-060,1797.745042014867,11.537377291274675,11.50191598571837,11.891437307349406,12.263866740395315,12.394416989991441,128
A,2,static_contention_baseline_A_event_llm-only_r02_a01,61,static-061,1796.50299999048,11.552521322787864,11.532709002494812,11.671350078540854,12.2889023355674,12.41312499041669,128
A,2,static_contention_baseline_A_event_llm-only_r02_a01,62,static-062,1798.146374989301,11.565673889639957,11.532333999639377,11.827317101415247,12.371266263071448,12.395875004585832,128
A,2,static_contention_baseline_A_event_llm-only_r02_a01,63,static-063,1797.3519999941345,11.558816598418469,11.53141600661911,11.716754297958687,12.245955594698897,12.371249991701916,128
A,2,static_contention_baseline_A_event_llm-only_r02_a01,64,static-064,1795.6127089855727,11.54814566935662,11.515666003106162,11.801624816143885,12.23998375586234,12.376375001622364,128
A,2,static_contention_baseline_A_event_llm-only_r02_a01,65,static-065,1798.5853329882957,11.5455852992884,11.516625003423542,11.765570717398075,12.339466597186401,12.42604199796915,128
A,2,static_contention_baseline_A_event_llm-only_r02_a01,66,static-066,1797.596333984984,11.56230413379683,11.529874987900257,11.688796197995543,12.486292165704072,12.540499999886379,128
A,2,static_contention_baseline_A_event_llm-only_r02_a01,67,static-067,1796.6497500019614,11.571140094535558,11.535083991475403,11.833966989070175,12.279260503128171,12.527208018582314,128
A,2,static_contention_baseline_A_event_llm-only_r02_a01,68,static-068,1799.2138340196107,11.540999338599143,11.512541997944936,11.763095503556542,12.139005002100019,12.345166003797203,128
A,2,static_contention_baseline_A_event_llm-only_r02_a01,69,static-069,1796.8936669931281,11.557914039365741,11.518374987645075,11.789487703936175,12.26621640380472,12.429791007889435,128
A,2,static_contention_baseline_A_event_llm-only_r02_a01,70,static-070,1797.681708005257,11.575628613996297,11.524458008352667,11.903262720443307,12.297814508783631,12.553292006487027,128
A,2,static_contention_baseline_A_event_llm-only_r02_a01,71,static-071,1798.7369580077939,11.549087267645863,11.511374992551282,11.831090983469037,12.268930004211143,12.314499996136874,128
A,2,static_contention_baseline_A_event_llm-only_r02_a01,72,static-072,1796.3278340175748,11.538281495954225,11.514957994222641,11.73410010524094,12.270980003522709,12.285583012271672,128
A,2,static_contention_baseline_A_event_llm-only_r02_a01,73,static-073,1799.4885829975829,11.565328739981322,11.52920801541768,11.729358104639687,12.269284585490823,12.490249995607883,128
A,2,static_contention_baseline_A_event_llm-only_r02_a01,74,static-074,1796.731209004065,11.554841535609567,11.521375010488555,11.88581240712665,12.205832511535844,12.383875000523403,128
A,2,static_contention_baseline_A_event_llm-only_r02_a01,75,static-075,1796.6242500115186,11.518502291236953,11.488083022413775,11.663799887173809,12.134999666595832,12.259999988600612,128
A,2,static_contention_baseline_A_event_llm-only_r02_a01,76,static-076,1812.4178330181167,11.747980968363025,11.620707984548062,12.7164662029827,13.514996575540861,13.848000002326444,128
A,2,static_contention_baseline_A_event_llm-only_r02_a01,77,static-077,1797.3320419841912,11.551386157443057,11.518915998749435,11.770691914716735,12.373636083211748,12.444832973415032,128
A,2,static_contention_baseline_A_event_llm-only_r02_a01,78,static-078,1799.2290830006823,11.542823165196808,11.523875000420958,11.748279398307204,12.04539407743141,12.28158301091753,128
A,2,static_contention_baseline_A_event_llm-only_r02_a01,79,static-079,1797.1219170140103,11.532235236134468,11.499499989440665,11.857433008844964,12.20558749686461,12.30287499492988,128
A,2,static_contention_baseline_A_event_llm-only_r02_a01,80,static-080,1798.5190410108771,11.548978023553692,11.510874988744035,11.895645401091315,12.421531737782061,12.471750000258908,128
A,2,static_contention_baseline_A_event_llm-only_r02_a01,81,static-081,1798.2601249823347,11.566568567054567,11.531124997418374,11.84004191600252,12.301264666602947,12.507457984611392,128
A,2,static_contention_baseline_A_event_llm-only_r02_a01,82,static-082,1795.3224999946542,11.599056755914903,11.547667003469542,12.035895700682886,12.488822503364645,12.582791008753702,128
A,2,static_contention_baseline_A_event_llm-only_r02_a01,83,static-083,1799.0131250116974,11.551732283340415,11.518374987645075,11.687354417517781,12.25849407550413,12.611207988811657,128
A,2,static_contention_baseline_A_event_llm-only_r02_a01,84,static-084,1798.1754999782424,11.536824803177899,11.494041013065726,11.91797039355151,12.420169836259445,12.64554201043211,128
A,2,static_contention_baseline_A_event_llm-only_r02_a01,85,static-085,1794.83437500312,11.537506559031362,11.505250004120171,11.686771202948876,12.110852507757954,12.257166992640123,128
A,2,static_contention_baseline_A_event_llm-only_r02_a01,86,static-086,1797.586542001227,11.537163708804497,11.511916993185878,11.66210799710825,12.162530144560149,12.298250017920509,128
A,2,static_contention_baseline_A_event_llm-only_r02_a01,87,static-087,1798.1189170095604,11.54051902364778,11.510584008647129,11.683179592364468,12.046231558197178,12.480791978305206,128
A,2,static_contention_baseline_A_event_llm-only_r02_a01,88,static-088,1796.91095801536,11.540126314892719,11.513624980580062,11.74600439844653,12.215036993729882,12.295042019104585,128
A,2,static_contention_baseline_A_event_llm-only_r02_a01,89,static-089,1798.7547500233632,11.538282149530009,11.506917013321072,11.766478605568409,12.217973738443105,12.458457989851013,128
A,2,static_contention_baseline_A_event_llm-only_r02_a01,90,static-090,1797.6732089882717,11.537345141625238,11.50454202434048,11.721445704461074,12.314807494985871,12.378707993775606,128
A,2,static_contention_baseline_A_event_llm-only_r02_a01,91,static-091,1796.976084006019,11.553358267598572,11.525625013746321,11.730753691517748,12.20620308362413,12.29145799879916,128
A,2,static_contention_baseline_A_event_llm-only_r02_a01,92,static-092,1798.8984579860698,11.552032149730499,11.524125002324581,11.764737489284016,12.33386600331869,12.406499998178333,128
A,2,static_contention_baseline_A_event_llm-only_r02_a01,93,static-093,1796.7439579952043,11.551585629826235,11.509957985254005,11.836704195593482,12.371227507246658,12.556625006254762,128
A,2,static_contention_baseline_A_event_llm-only_r02_a01,94,static-094,1796.5872080239933,12.06077755897262,11.73708401620388,14.169662503991276,14.826624998240728,14.989374991273507,128
A,2,static_contention_baseline_A_event_llm-only_r02_a01,95,static-095,1802.8061669901945,11.561959976418398,11.532999982591718,11.720467006671242,12.461953915772026,12.578833993757144,128
A,2,static_contention_baseline_A_event_llm-only_r02_a01,96,static-096,1798.2911669823807,11.567695204747885,11.52120900223963,11.848941814969294,12.419447823194787,12.501832999987528,128
A,2,static_contention_baseline_A_event_llm-only_r02_a01,97,static-097,1798.3300420164596,11.548190944833593,11.524333996931091,11.768312292406334,12.341065919608809,12.496999988798052,128
A,2,static_contention_baseline_A_event_llm-only_r02_a01,98,static-098,1797.8966670052614,11.536373354184741,11.510457989061251,11.75909558951389,12.066416594898326,12.279459013370797,128
A,2,static_contention_baseline_A_event_llm-only_r02_a01,99,static-099,1799.2350420099683,11.553456362173709,11.52491697575897,11.762474803254007,12.268621231196448,12.498458992922679,128
A,2,static_contention_baseline_A_event_llm-only_r02_a01,100,static-100,1796.045208000578,11.54230741713394,11.516792001202703,11.674804310314357,12.173243754077703,12.314874998992309,128
A,2,static_contention_baseline_A_event_llm-only_r02_a01,101,static-101,1798.0438749946188,11.534260496071825,11.505417001899332,11.887846211902797,12.203188519342802,12.287874997127801,128
A,2,static_contention_baseline_A_event_llm-only_r02_a01,102,static-102,1796.816833986668,11.56591370864038,11.537083017174155,11.74915819428861,12.381940154591572,12.521917000412941,128
A,2,static_contention_baseline_A_event_llm-only_r02_a01,103,static-103,1795.8642920129932,11.575746062847852,11.535416007973254,11.864929422154091,12.24038593994919,12.371666001854464,128
A,2,static_contention_baseline_A_event_llm-only_r02_a01,104,static-104,1798.6365420219954,11.529446519704125,11.517208011355251,11.641412411700003,11.76028657821007,12.095667014364153,128
A,2,static_contention_baseline_A_event_llm-only_r02_a01,105,static-105,1797.0081660023425,11.534780511627062,11.498416977701709,11.815812494023701,12.151695001521146,12.447458982933313,128
A,2,static_contention_baseline_A_event_llm-only_r02_a01,106,static-106,1795.298917015316,11.568023621995648,11.528542003361508,11.879724985919893,12.337770598824136,12.5140409800224,128
A,2,static_contention_baseline_A_event_llm-only_r02_a01,107,static-107,1798.4073749976233,11.565340551324041,11.527334019774571,11.858999985270202,12.273644842789508,12.512250017607585,128
A,2,static_contention_baseline_A_event_llm-only_r02_a01,108,static-108,1799.3561670009512,11.532106622182727,11.51966699399054,11.764137487625703,12.015472347848117,12.49633397674188,128
A,2,static_contention_baseline_A_event_llm-only_r02_a01,109,static-109,1795.129916019505,11.543362865941306,11.512625002069399,11.715037692920305,12.117433760431593,12.181041005533189,128
A,2,static_contention_baseline_A_event_llm-only_r02_a01,110,static-110,1798.8552919996437,11.54827592137277,11.51954202214256,11.719866210478358,12.294315763865596,12.530541978776455,128
A,2,static_contention_baseline_A_event_llm-only_r02_a01,111,static-111,1797.8261669923086,11.557107283477121,11.516333994222805,11.968679414712824,12.402726252912544,12.54191601765342,128
A,2,static_contention_baseline_A_event_llm-only_r02_a01,112,static-112,1796.7108339944389,11.617567251788408,11.510916985571384,12.225012402632274,13.801483910647212,14.718958002049476,128
A,2,static_contention_baseline_A_event_llm-only_r02_a01,113,static-113,1824.3733750132378,11.542421259860486,11.504207999678329,11.783487515640445,12.303226258954963,12.490833993069828,128
A,2,static_contention_baseline_A_event_llm-only_r02_a01,114,static-114,1798.5135830240324,11.542773621998302,11.507249990245327,11.736829590518028,12.23247715679463,12.407208007061854,128
A,2,static_contention_baseline_A_event_llm-only_r02_a01,115,static-115,1798.9098340040073,11.549827755945845,11.51895901421085,11.721891202614643,12.310791829950174,12.57129100849852,128
A,2,static_contention_baseline_A_event_llm-only_r02_a01,116,static-116,1797.0373330172151,11.537594818803445,11.503667017677799,11.761292096343823,12.425842357915826,12.4357920140028,128
A,2,static_contention_baseline_A_event_llm-only_r02_a01,117,static-117,1797.427167010028,11.56819750386195,11.532125005032867,11.966825005947612,12.263148002675734,12.297334003960714,128
A,2,static_contention_baseline_A_event_llm-only_r02_a01,118,static-118,1797.6809999963734,11.55919816521891,11.52116700541228,11.73413309152238,12.447515328531154,12.48620799742639,128
A,2,static_contention_baseline_A_event_llm-only_r02_a01,119,static-119,1795.073916000547,11.54479625984095,11.508625000715256,11.817495586001314,12.2657915687887,12.487165979109704,128
A,2,static_contention_baseline_A_event_llm-only_r02_a01,120,static-120,1798.2727499911562,11.542889441035351,11.519416992086917,11.665271309902892,12.125119837000966,12.20774999819696,128
A,2,static_contention_baseline_A_event_llm-only_r02_a01,121,static-121,1797.172833001241,11.57017782679759,11.5278750017751,11.936254284228198,12.350679995724931,12.353375001112,128
A,2,static_contention_baseline_A_event_llm-only_r02_a01,122,static-122,1796.363624976948,11.55591863010438,11.525125009939075,11.797716104774736,12.087265579611993,12.37149999360554,128
A,2,static_contention_baseline_A_event_llm-only_r02_a01,123,static-123,1797.4943750014063,11.54531856703638,11.522333981702104,11.730412300676107,12.091996423550881,12.34737498452887,128
A,2,static_contention_baseline_A_event_llm-only_r02_a01,124,static-124,1796.3557500042953,11.544069228510512,11.515207996126264,11.887679604114963,12.17123216832988,12.270749983144924,128
A,2,static_contention_baseline_A_event_llm-only_r02_a01,125,static-125,1795.7680000108667,11.555895669244626,11.526332993526012,11.74420889292378,12.217542336438783,12.3006250069011,128
A,2,static_contention_baseline_A_event_llm-only_r02_a01,126,static-126,1797.614707989851,11.562218503911033,11.53295798576437,11.727196388528682,12.224534419947304,12.531041982583702,128
A,2,static_contention_baseline_A_event_llm-only_r02_a01,127,static-127,1796.2171669933014,11.557310692898152,11.516124999616295,11.816725018434227,12.471534840296952,12.55874999333173,128
A,2,static_contention_baseline_A_event_llm-only_r02_a01,128,static-128,1797.106458019698,11.531964566844596,11.502916982863098,11.821604310534893,12.22138058161363,12.374499987345189,128
A,2,static_contention_baseline_A_event_llm-only_r02_a01,129,static-129,1797.4902919959277,11.56104691340368,11.527374997967854,11.79627499950584,12.398064563167281,12.508917017839849,128
A,2,static_contention_baseline_A_event_llm-only_r02_a01,130,static-130,1795.2278750017285,11.544178480394258,11.519874999066815,11.84240000147838,12.199416575604118,12.265624973224476,128
A,2,static_contention_baseline_A_event_llm-only_r02_a01,131,static-131,1812.83191597322,11.784264441088252,11.613042006501928,13.356695399852468,13.803999665542506,13.8763329887297,128
A,2,static_contention_baseline_A_event_llm-only_r02_a01,132,static-132,1795.8308340166695,11.554399606318938,11.523124994710088,11.782395499176344,12.259072167798877,12.440000020433217,128
A,2,static_contention_baseline_A_event_llm-only_r02_a01,133,static-133,1796.589458012022,11.5432398266335,11.501875007525086,12.02993309125304,12.239516990957782,12.260125018656254,128
A,2,static_contention_baseline_A_event_llm-only_r02_a01,134,static-134,1798.1582089851145,11.549518370082396,11.513917008414865,11.847429486806503,12.363247827743178,12.416415993357077,128
A,2,static_contention_baseline_A_event_llm-only_r02_a01,135,static-135,1795.7969170238357,11.543924865949034,11.520499974722043,11.752971293753944,12.168679828755558,12.439208978321403,128
A,2,static_contention_baseline_A_event_llm-only_r02_a01,136,static-136,1797.9152909829281,11.547755905588371,11.522541986778378,11.761295393807814,12.187710346188394,12.487625004723668,128
A,2,static_contention_baseline_A_event_llm-only_r02_a01,137,static-137,1797.425500000827,11.55304330709119,11.51966699399054,11.793662601849064,12.283701572450807,12.59033300448209,128
A,2,static_contention_baseline_A_event_llm-only_r02_a01,138,static-138,1796.834041015245,11.53910958265893,11.50583298294805,11.778808091185056,12.194387005874887,12.440958002116531,128
A,2,static_contention_baseline_A_event_llm-only_r02_a01,139,static-139,1799.1869169927668,11.54952985830385,11.514749989146367,11.800395708996803,12.24276326363906,12.436500022886321,128
A,2,static_contention_baseline_A_event_llm-only_r02_a01,140,static-140,1797.312124981545,11.59085859851655,11.540875013452023,12.010524884681217,12.358381432131864,12.416374986059964,128
A,2,static_contention_baseline_A_event_llm-only_r02_a01,141,static-141,1795.9819170064293,11.552357937091976,11.524415982421488,11.712137496215291,12.124894673470408,12.53541698679328,128
A,2,static_contention_baseline_A_event_llm-only_r02_a01,142,static-142,1797.4010419857223,11.548989173299889,11.505457980092615,11.942346303840168,12.332660499960182,12.49258397729136,128
A,2,static_contention_baseline_A_event_llm-only_r02_a01,143,static-143,1797.9645839950535,11.569841535474122,11.51970899081789,12.043337494833395,12.393881424795836,12.533582979813218,128
A,2,static_contention_baseline_A_event_llm-only_r02_a01,144,static-144,1797.7960830030497,11.540288716558308,11.509999982081354,11.821166807203554,12.305046258261427,12.393500015605241,128
A,2,static_contention_baseline_A_event_llm-only_r02_a01,145,static-145,1797.4206660001073,11.559775590485945,11.52695799828507,11.814837402198462,12.152784089557827,12.284500000532717,128
A,2,static_contention_baseline_A_event_llm-only_r02_a01,146,static-146,1796.087541995803,11.538581031431466,11.515082995174453,11.726587705197744,11.982778762467206,12.344791000941768,128
A,2,static_contention_baseline_A_event_llm-only_r02_a01,147,static-147,1798.1202499940991,11.540891078766435,11.506959010148421,11.695108792628162,12.26074966485612,12.61375000467524,128
A,2,static_contention_baseline_A_event_llm-only_r02_a01,148,static-148,1795.86012501386,11.569326448778614,11.53316700947471,11.932237501605414,12.254425007849932,12.325791001785547,128
A,2,static_contention_baseline_A_event_llm-only_r02_a01,149,static-149,1794.9943330022506,11.851319559211806,11.688790982589126,13.100125108030625,13.935160507098772,14.071249985136092,128
A,3,static_contention_baseline_A_event_llm-only_r03_a01,0,static-000,1774.7347079857718,11.52958792925805,11.497917002998292,11.681600211886689,12.15707626135554,12.501167017035186,128
A,3,static_contention_baseline_A_event_llm-only_r03_a01,1,static-001,1781.6572499868926,11.545975724424007,11.523332999786362,11.698995597544126,12.409019693732262,12.450041976990178,128
A,3,static_contention_baseline_A_event_llm-only_r03_a01,2,static-002,1787.1718340029474,11.56433366145572,11.522124987095594,12.014574807835741,12.36517141573131,12.386332993628457,128
A,3,static_contention_baseline_A_event_llm-only_r03_a01,3,static-003,1789.15929197683,11.529976047399476,11.498083011247218,11.711095392820425,12.183043072000146,12.284374999580905,128
A,3,static_contention_baseline_A_event_llm-only_r03_a01,4,static-004,1789.6815839922056,11.542667976468728,11.523084016516805,11.722741893026978,12.115015164017676,12.289791979128495,128
A,3,static_contention_baseline_A_event_llm-only_r03_a01,5,static-005,1790.0520839903038,11.531409118177853,11.500291002448648,11.703725100960582,12.146224066964349,12.233791989274323,128
A,3,static_contention_baseline_A_event_llm-only_r03_a01,6,static-006,1791.9010000186972,11.53780610230018,11.506332986755297,11.691367096500471,12.146537002990954,12.251874984940514,128
A,3,static_contention_baseline_A_event_llm-only_r03_a01,7,static-007,1793.7574579846114,11.547519031574758,11.528333998285234,11.710550013231112,12.190224084770307,12.221542012412101,128
A,3,static_contention_baseline_A_event_llm-only_r03_a01,8,static-008,1792.6210419973359,11.407952425235106,11.423249990912154,11.627458312432282,12.183129995246416,12.31091600493528,128
A,3,static_contention_baseline_A_event_llm-only_r03_a01,9,static-009,1791.7814169777557,11.57880052772908,11.537999991560355,11.905350003507918,12.55793500575237,12.58533398504369,128
A,3,static_contention_baseline_A_event_llm-only_r03_a01,10,static-010,1794.3876249773894,11.552151574892557,11.53220800915733,11.747712493524887,12.135244697565213,12.362583016511053,128
A,3,static_contention_baseline_A_event_llm-only_r03_a01,11,static-011,1793.5713749902789,11.572815614200644,11.512124998262152,12.13585000077728,12.420338928350247,12.625834002392367,128
A,3,static_contention_baseline_A_event_llm-only_r03_a01,12,static-012,1799.5380829961505,11.89329592931803,11.665208003250882,13.278837504913099,13.700626560021192,14.811583008849993,128
A,3,static_contention_baseline_A_event_llm-only_r03_a01,13,static-013,1795.5362499924377,11.53788451191522,11.516875005327165,11.687225007335655,12.013398561393842,12.596583022968844,128
A,3,static_contention_baseline_A_event_llm-only_r03_a01,14,static-014,1794.7083750041202,11.544762795248369,11.517000006278977,11.66254119889345,12.179120495566167,12.402083986671641,128
A,3,static_contention_baseline_A_event_llm-only_r03_a01,15,static-015,1795.7949579868,11.54776935430801,11.503790999995545,11.848725186428053,12.294519692077301,12.477708020014688,128
A,3,static_contention_baseline_A_event_llm-only_r03_a01,16,static-016,1794.0207079809625,11.54791306306454,11.523749999469146,11.738145491108298,12.11062407819554,12.366042006760836,128
A,3,static_contention_baseline_A_event_llm-only_r03_a01,17,static-017,1794.7845000016969,11.557281826710783,11.524125002324581,11.836975094047373,12.43480485281907,12.470207992009819,128
A,3,static_contention_baseline_A_event_llm-only_r03_a01,18,static-018,1796.8816250213422,11.560766732202858,11.529082985362038,11.827853595605118,12.23910542379599,12.405790999764577,128
A,3,static_contention_baseline_A_event_llm-only_r03_a01,19,static-019,1795.8710419770796,11.571618763860094,11.529750016052276,11.903687406447716,12.245080483262427,12.509833002695814,128
A,3,static_contention_baseline_A_event_llm-only_r03_a01,20,static-020,1795.3582079790067,11.541344818941457,11.516166996443644,11.674307991052046,12.257447175798006,12.4757919984404,128
A,3,static_contention_baseline_A_event_llm-only_r03_a01,21,static-021,1796.0764169984031,11.544379921296363,11.524083995027468,11.707712305360474,11.85512566124089,11.932833993341774,128
A,3,static_contention_baseline_A_event_llm-only_r03_a01,22,static-022,1795.5992500064895,11.561192259766294,11.51666700025089,11.841896417899987,12.416102995048277,12.436666991561651,128
A,3,static_contention_baseline_A_event_llm-only_r03_a01,23,static-023,1794.7532499965746,11.546250322730991,11.51670899707824,11.71109120186884,12.152518076472914,12.44937497540377,128
A,3,static_contention_baseline_A_event_llm-only_r03_a01,24,static-024,1796.708582987776,11.58249475599054,11.544999986654148,11.811721415142529,12.395850655157119,12.457875011023134,128
A,3,static_contention_baseline_A_event_llm-only_r03_a01,25,static-025,1795.2647499914747,11.534427496142627,11.52637499035336,11.610212398227304,11.819139075814746,12.362208013655618,128
A,3,static_contention_baseline_A_event_llm-only_r03_a01,26,static-026,1796.0569169954397,11.571621716638484,11.523916997248307,11.968579504173249,12.421684495639056,12.462959013646469,128
A,3,static_contention_baseline_A_event_llm-only_r03_a01,27,static-027,1795.784417015966,11.578831039314107,11.538666003616527,11.875841801520437,12.428651989903301,12.473040987970307,128
A,3,static_contention_baseline_A_event_llm-only_r03_a01,28,static-028,1796.9034590059891,11.550591535330934,11.533999990206212,11.65627500449773,12.167318249703383,12.494374997913837,128
A,3,static_contention_baseline_A_event_llm-only_r03_a01,29,static-029,1796.5030409977771,11.542283795365154,11.518458981299773,11.672959011048079,12.06366408849135,12.126540997996926,128
A,3,static_contention_baseline_A_event_llm-only_r03_a01,30,static-030,1795.6083749886602,11.764089567045952,11.56641700072214,12.744300119811667,13.824749093037099,14.202749996911734,128
A,3,static_contention_baseline_A_event_llm-only_r03_a01,31,static-031,1807.760124997003,11.554681102462904,11.52229099534452,11.830491814180276,12.379410770954564,12.500042008468881,128
A,3,static_contention_baseline_A_event_llm-only_r03_a01,32,static-032,1797.8967500093859,11.53944948033657,11.520291998749599,11.682453614776023,12.006544849136843,12.460500001907349,128
A,3,static_contention_baseline_A_event_llm-only_r03_a01,33,static-033,1796.5076669934206,11.555848748140829,11.530416988534853,11.703296299674548,12.106298003927805,12.37691700225696,128
A,3,static_contention_baseline_A_event_llm-only_r03_a01,34,static-034,1796.1674999969546,11.564961937072827,11.537958023836836,11.783712494070642,12.281688084476627,12.46362499659881,128
A,3,static_contention_baseline_A_event_llm-only_r03_a01,35,static-035,1796.2412500055507,11.537398621861595,11.520500003825873,11.702662491006777,11.942404842120595,12.062458990840241,128
A,3,static_contention_baseline_A_event_llm-only_r03_a01,36,static-036,1796.0220829991158,11.542157811070537,11.513415985973552,11.824954391340725,12.141583179472944,12.247500009834766,128
A,3,static_contention_baseline_A_event_llm-only_r03_a01,37,static-037,1797.1977909910493,11.587784448904388,11.553417018149048,11.778087503626011,12.314308172790334,12.459959019906819,128
A,3,static_contention_baseline_A_event_llm-only_r03_a01,38,static-038,1795.9921669971664,11.570833992134178,11.527958995429799,11.908795504132286,12.439215575577691,12.48083301470615,128
A,3,static_contention_baseline_A_event_llm-only_r03_a01,39,static-039,1796.2205840158276,11.559439960529836,11.534374993061647,11.655228695599362,12.432788407895714,12.524374993517995,128
A,3,static_contention_baseline_A_event_llm-only_r03_a01,40,static-040,1796.7656250111759,11.54922999214293,11.526583024533466,11.671687493799254,12.258717141230589,12.412834010319784,128
A,3,static_contention_baseline_A_event_llm-only_r03_a01,41,static-041,1797.7108329941984,11.568595472389584,11.53387501835823,11.853921302827075,12.169841425493358,12.29820799198933,128
A,3,static_contention_baseline_A_event_llm-only_r03_a01,42,static-042,1796.228584018536,11.575604984206771,11.540542007423937,11.789637495530767,12.403801992768422,12.483582977438346,128
A,3,static_contention_baseline_A_event_llm-only_r03_a01,43,static-043,1797.4920000124257,11.53572899996171,11.513667006511241,11.764991687959991,12.069798150914721,12.140375009039417,128
A,3,static_contention_baseline_A_event_llm-only_r03_a01,44,static-044,1795.6559580052271,11.55587795257429,11.537333019077778,11.711916408967227,11.960286423563957,12.37708400003612,128
A,3,static_contention_baseline_A_event_llm-only_r03_a01,45,static-045,1797.1022080164403,11.571154858198339,11.537666985532269,11.875116199371403,12.200031069805846,12.554332992294803,128
A,3,static_contention_baseline_A_event_llm-only_r03_a01,46,static-046,1797.1058750117663,11.549751637741835,11.521999986143783,11.704749983618967,12.24603066279087,12.358874984784052,128
A,3,static_contention_baseline_A_event_llm-only_r03_a01,47,static-047,1796.089374984149,11.553326771754081,11.517124978126958,11.74620820384007,12.359811419155449,12.540208001155406,128
A,3,static_contention_baseline_A_event_llm-only_r03_a01,48,static-048,1797.4817090143915,11.544298228219255,11.508916999446228,11.730996199185027,12.264234997564927,12.313040992012247,128
A,3,static_contention_baseline_A_event_llm-only_r03_a01,49,static-049,1813.4918340074364,11.671062992009386,11.56549999723211,12.405116899753919,13.669608419295399,13.7798749783542,128
A,3,static_contention_baseline_A_event_llm-only_r03_a01,50,static-050,1797.5955419824459,11.54920899223969,11.52249998995103,11.67187949467916,12.2523153264774,12.409749993821606,128
A,3,static_contention_baseline_A_event_llm-only_r03_a01,51,static-051,1796.871625003405,11.53891600781179,11.504167021485046,11.659807999967597,12.365610491833648,12.496042007114738,128
A,3,static_contention_baseline_A_event_llm-only_r03_a01,52,static-052,1796.6145829996094,11.571143047313946,11.534874996868894,11.87973359483294,12.386153569677845,12.537417002022266,128
A,3,static_contention_baseline_A_event_llm-only_r03_a01,53,static-053,1797.8380419954192,11.518704070843478,11.507832998177037,11.65868300886359,11.833455914747901,11.931583983823657,128
A,3,static_contention_baseline_A_event_llm-only_r03_a01,54,static-054,1797.1411669859663,11.545488511864828,11.52754100621678,11.685095517896116,12.131826410768554,12.279374990612268,128
A,3,static_contention_baseline_A_event_llm-only_r03_a01,55,static-055,1795.0127090152819,11.545463582715312,11.511084012454376,11.759137490298599,12.223321988712996,12.263874989002943,128
A,3,static_contention_baseline_A_event_llm-only_r03_a01,56,static-056,1796.3065000076313,11.541728346469247,11.51350000873208,11.716732889181003,12.229822658700867,12.31274998281151,128
A,3,static_contention_baseline_A_event_llm-only_r03_a01,57,static-057,1795.9724999964237,11.562822834638087,11.528041010024026,11.786108702654019,12.393715916550718,12.532124994322658,128
A,3,static_contention_baseline_A_event_llm-only_r03_a01,58,static-058,1797.3447080003098,11.527737204762778,11.509167001349851,11.626574999536388,12.068370596971363,12.155917007476091,128
A,3,static_contention_baseline_A_event_llm-only_r03_a01,59,static-059,1798.205916013103,11.548861881853705,11.528417002409697,11.717229412170127,12.04493906465359,12.302374991122633,128
A,3,static_contention_baseline_A_event_llm-only_r03_a01,60,static-060,1796.1703749897424,11.569611873939692,11.518542014528066,11.868332995800301,12.311883254442364,12.429291004082188,128
A,3,static_contention_baseline_A_event_llm-only_r03_a01,61,static-061,1796.1883340030909,11.547546259697718,11.531750002177432,11.706675181630999,11.960745328105986,12.439999991329387,128
A,3,static_contention_baseline_A_event_llm-only_r03_a01,62,static-062,1797.510542004602,11.540968503892847,11.513792007463053,11.785766988759859,12.083449984784238,12.394332996336743,128
A,3,static_contention_baseline_A_event_llm-only_r03_a01,63,static-063,1796.3870409876108,11.362605976393652,11.260583996772766,11.615737495594658,12.022347656311467,12.08924999809824,128
A,3,static_contention_baseline_A_event_llm-only_r03_a01,64,static-064,1795.9495830000378,11.564500330613678,11.533083015820011,11.785991917713545,12.25925748993177,12.32479201280512,128
A,3,static_contention_baseline_A_event_llm-only_r03_a01,65,static-065,1797.4834169726819,11.565765086607275,11.529541981872171,11.932362604420632,12.401544983149506,12.53224999527447,128
A,3,static_contention_baseline_A_event_llm-only_r03_a01,66,static-066,1797.0820000045933,11.533204393688678,11.518208018969744,11.678391802706756,11.880754256271757,12.27129201288335,128
A,3,static_contention_baseline_A_event_llm-only_r03_a01,67,static-067,1797.7119169954676,11.943811677234965,11.704207980073988,13.28927941212896,14.378038590657521,14.573416992789134,128
A,3,static_contention_baseline_A_event_llm-only_r03_a01,68,static-068,1798.074499994982,11.576625322794733,11.54233398847282,11.864703689934686,12.326129237189889,12.353750003967434,128
A,3,static_contention_baseline_A_event_llm-only_r03_a01,69,static-069,1798.878750007134,11.542402558930688,11.517458013258874,11.696879303781316,12.26641707064118,12.483416008763015,128
A,3,static_contention_baseline_A_event_llm-only_r03_a01,70,static-070,1798.5361250175629,11.553545606205255,11.52120900223963,11.817158796475267,12.17481817002408,12.286665994906798,128
A,3,static_contention_baseline_A_event_llm-only_r03_a01,71,static-071,1796.1445840192027,11.591654850214017,11.557707999600098,11.791653803084046,12.361853924812749,12.439874990377575,128
A,3,static_contention_baseline_A_event_llm-only_r03_a01,72,static-072,1798.0115420068614,11.544681425292529,11.528041999554262,11.703950210358016,11.89557698846329,12.282792013138533,128
A,3,static_contention_baseline_A_event_llm-only_r03_a01,73,static-073,1797.432833001949,11.53808562992522,11.512249999213964,11.74817500868812,12.146556426305324,12.29666601284407,128
A,3,static_contention_baseline_A_event_llm-only_r03_a01,74,static-074,1797.1251250128262,11.570326117917851,11.53987500583753,11.811399995349346,12.263522354187442,12.535874993773177,128
A,3,static_contention_baseline_A_event_llm-only_r03_a01,75,static-075,1798.3732080028858,11.550041991991804,11.521875014295802,11.73229101113975,12.269385510007849,12.416666024364531,128
A,3,static_contention_baseline_A_event_llm-only_r03_a01,76,static-076,1795.478208019631,11.574177165180224,11.535666999407113,11.871008810703643,12.32505948806647,12.599291978403926,128
A,3,static_contention_baseline_A_event_llm-only_r03_a01,77,static-077,1796.2600830069277,11.53850918896973,11.515292018884793,11.799237492959945,11.99453483975958,12.04620799398981,128
A,3,static_contention_baseline_A_event_llm-only_r03_a01,78,static-078,1796.8992920068558,11.569037070767367,11.528542003361508,11.88872499333229,12.149404845549725,12.242583994520828,128
A,3,static_contention_baseline_A_event_llm-only_r03_a01,79,static-079,1798.8710830104537,11.57091174794427,11.534292018041015,11.89555010641925,12.249765994492918,12.399875005939975,128
A,3,static_contention_baseline_A_event_llm-only_r03_a01,80,static-080,1796.172124973964,11.533118771823622,11.50900000357069,11.628937613568269,12.233393746428192,12.312374979956076,128
A,3,static_contention_baseline_A_event_llm-only_r03_a01,81,static-081,1797.3864579980727,11.545720803285546,11.524083005497232,11.765991913853213,12.099722503335215,12.250458996277303,128
A,3,static_contention_baseline_A_event_llm-only_r03_a01,82,static-082,1795.5584999872372,11.597656496153324,11.54904201393947,11.958883091574535,12.424940515193157,12.619040993740782,128
A,3,static_contention_baseline_A_event_llm-only_r03_a01,83,static-083,1796.2130419909954,11.542675850544432,11.515332997078076,11.788562600850128,12.25053683563601,12.5118330179248,128
A,3,static_contention_baseline_A_event_llm-only_r03_a01,84,static-084,1797.2000000008848,11.551502622035148,11.53987500583753,11.702137504471466,11.972208576044068,12.110709008993581,128
A,3,static_contention_baseline_A_event_llm-only_r03_a01,85,static-085,1795.7090419949964,11.756073488252545,11.558083991985768,12.832471384899689,13.694640910835004,13.857999991159886,128
A,3,static_contention_baseline_A_event_llm-only_r03_a01,86,static-086,1807.2566659830045,11.570482283572145,11.546124995220453,11.783362706773914,12.13548892934341,12.45541698881425,128
A,3,static_contention_baseline_A_event_llm-only_r03_a01,87,static-087,1797.1406670112628,11.558107936875821,11.525208014063537,11.754042000393383,12.47805716586299,12.5501659931615,128
A,3,static_contention_baseline_A_event_llm-only_r03_a01,88,static-088,1797.8594579908531,11.554368110245285,11.525959009304643,11.76156711881049,12.244188001495784,12.566667021019384,128
A,3,static_contention_baseline_A_event_llm-only_r03_a01,89,static-089,1797.60950000491,11.560605314796732,11.522167013026774,11.749437495018356,12.448921994655393,12.49687501695007,128
A,3,static_contention_baseline_A_event_llm-only_r03_a01,90,static-090,1796.7767500085756,11.550680771570901,11.519291991135105,11.756412399699911,12.308207492460495,12.610625009983778,128
A,3,static_contention_baseline_A_event_llm-only_r03_a01,91,static-091,1797.9007080139127,11.571124015700468,11.541917017893866,11.749058001441881,12.373414096655322,12.623499991605058,128
A,3,static_contention_baseline_A_event_llm-only_r03_a01,92,static-092,1796.2656249874271,11.551066598530463,11.524250003276393,11.72731701808516,12.233015167294068,12.369750009384006,128
A,3,static_contention_baseline_A_event_llm-only_r03_a01,93,static-093,1797.0283750037197,11.564120078756378,11.531040974659845,11.839454394066706,12.220755514572375,12.395833007758483,128
A,3,static_contention_baseline_A_event_llm-only_r03_a01,94,static-094,1797.3095829947852,11.56908726777082,11.535541998455301,11.748275003628805,12.470201404648833,12.519500014605,128
A,3,static_contention_baseline_A_event_llm-only_r03_a01,95,static-095,1796.287167002447,11.567776574703725,11.530249990755692,11.836458108155055,12.181325929705054,12.224624981172383,128
A,3,static_contention_baseline_A_event_llm-only_r03_a01,96,static-096,1798.21708300733,11.551804133822893,11.52941701002419,11.69867962016724,12.282800353714263,12.452374998247251,128
A,3,static_contention_baseline_A_event_llm-only_r03_a01,97,static-097,1796.53987500933,11.554494094539903,11.515624995809048,11.809283596812746,12.2775173332775,12.529792002169415,128
A,3,static_contention_baseline_A_event_llm-only_r03_a01,98,static-098,1795.8760840119794,11.560943566847548,11.531832977198064,11.672541909501888,12.477711925748736,12.645125010749325,128
A,3,static_contention_baseline_A_event_llm-only_r03_a01,99,static-099,1797.1391660103109,11.553935369973503,11.533666984178126,11.732091393787414,11.996664826874621,12.444292020518333,128
A,3,static_contention_baseline_A_event_llm-only_r03_a01,100,static-100,1796.5169999806676,11.5561135196655,11.521834006998688,11.805083203944378,12.172177495085634,12.488917011069134,128
A,3,static_contention_baseline_A_event_llm-only_r03_a01,101,static-101,1796.6734590008855,11.565069551121326,11.531291995197535,11.809770503896287,12.23798751248978,12.38437497522682,128
A,3,static_contention_baseline_A_event_llm-only_r03_a01,102,static-102,1797.853166994173,11.540129267671109,11.520125000970438,11.819504303275608,11.967979510081932,12.025999982142821,128
A,3,static_contention_baseline_A_event_llm-only_r03_a01,103,static-103,1797.5579159974586,11.541812007836118,11.506125010782853,11.78917489014566,12.309770006104372,12.45149999158457,128
A,3,static_contention_baseline_A_event_llm-only_r03_a01,104,static-104,1811.2001249974128,11.713034448839034,11.587666987907141,12.546662410022687,13.822106065927073,13.841000007232651,128
A,3,static_contention_baseline_A_event_llm-only_r03_a01,105,static-105,1795.6902919977438,11.561443244096068,11.530249990755692,11.814399994909763,12.062856270349585,12.517875002231449,128
A,3,static_contention_baseline_A_event_llm-only_r03_a01,106,static-106,1797.8095409926027,11.546052165290957,11.513958015711978,11.827083094976842,12.213989994488657,12.403875007294118,128
A,3,static_contention_baseline_A_event_llm-only_r03_a01,107,static-107,1797.3809170071036,11.579909779435742,11.544292006874457,11.8098917970201,12.334434506483376,12.521666998509318,128
A,3,static_contention_baseline_A_event_llm-only_r03_a01,108,static-108,1795.5396250181366,11.568877622109332,11.539459024788812,11.767716295435093,12.283113988232799,12.449750007363036,128
A,3,static_contention_baseline_A_event_llm-only_r03_a01,109,static-109,1799.6810000040568,11.575339244234955,11.532292002812028,11.889850103762,12.316360926488414,12.485374987591058,128
A,3,static_contention_baseline_A_event_llm-only_r03_a01,110,static-110,1797.0713330141734,11.568809708664707,11.54599999426864,11.713958697509952,12.145884992205536,12.432291987352073,128
A,3,static_contention_baseline_A_event_llm-only_r03_a01,111,static-111,1795.805083005689,11.573156495908583,11.535124998772517,11.881362591520883,12.408822340657935,12.579458008985966,128
A,3,static_contention_baseline_A_event_llm-only_r03_a01,112,static-112,1797.7408329898026,11.558746716454918,11.525124980835244,11.839503905503078,12.251852072658949,12.36024999525398,128
A,3,static_contention_baseline_A_event_llm-only_r03_a01,113,static-113,1797.1305000246502,11.5421325432166,11.516166996443644,11.698562491801567,12.332064840011297,12.47804198646918,128
A,3,static_contention_baseline_A_event_llm-only_r03_a01,114,static-114,1796.5172919793986,11.546956693091774,11.525084002641961,11.788299982436001,12.151146077085285,12.258000002475455,128
A,3,static_contention_baseline_A_event_llm-only_r03_a01,115,static-115,1797.5340000120923,11.573940944742397,11.55166601529345,11.792366695590315,12.249078261083922,12.302709015784785,128
A,3,static_contention_baseline_A_event_llm-only_r03_a01,116,static-116,1794.7640829952434,11.537620409549485,11.503916000947356,11.717716284329072,12.210601508850232,12.46045800508,128
A,3,static_contention_baseline_A_event_llm-only_r03_a01,117,static-117,1797.1479590050876,11.538931102387416,11.53145800344646,11.644266711664386,11.865083255106583,11.88850001199171,128
A,3,static_contention_baseline_A_event_llm-only_r03_a01,118,static-118,1797.4541249859612,11.365984582780369,11.25558401690796,11.629325104877353,12.252329994225875,12.388375005684793,128
A,3,static_contention_baseline_A_event_llm-only_r03_a01,119,static-119,1796.326042007422,11.550283464410628,11.516999977175146,11.780516308499498,12.24920341745019,12.531832995591685,128
A,3,static_contention_baseline_A_event_llm-only_r03_a01,120,static-120,1796.9800000137184,11.535890417138672,11.502708017360419,11.684108802000992,12.249139652121812,12.29537499602884,128
A,3,static_contention_baseline_A_event_llm-only_r03_a01,121,static-121,1797.8106669906992,11.553908464513485,11.52775000082329,11.757445614784956,12.357123261899686,12.521083990577608,128
A,3,static_contention_baseline_A_event_llm-only_r03_a01,122,static-122,1796.039834007388,12.078800519624007,11.754750012187287,13.645949991769156,14.834465016610917,14.996667014202103,128
A,3,static_contention_baseline_A_event_llm-only_r03_a01,123,static-123,1801.193040999351,11.563676180946825,11.52470801025629,11.780045801424421,12.439694487256928,12.560333008877933,128
A,3,static_contention_baseline_A_event_llm-only_r03_a01,124,static-124,1795.7119169877842,11.553391401507474,11.50958298239857,11.856037698453292,12.111903432523832,12.22941599553451,128
A,3,static_contention_baseline_A_event_llm-only_r03_a01,125,static-125,1797.1287500113249,11.53938911028397,11.499374988488853,11.691204406088218,12.222445582738146,12.314207997405902,128
A,3,static_contention_baseline_A_event_llm-only_r03_a01,126,static-126,1796.8160829914268,11.578412732250593,11.533832992427051,12.072729496867396,12.423969841911457,12.455916992621496,128
A,3,static_contention_baseline_A_event_llm-only_r03_a01,127,static-127,1796.2613330164459,11.579107614160757,11.542916996404529,11.848012509290129,12.339295337442309,12.505291000707075,128
A,3,static_contention_baseline_A_event_llm-only_r03_a01,128,static-128,1797.0404170046095,11.538894354332767,11.497416999191046,11.809554320643652,12.319634084706195,12.455208983737975,128
A,3,static_contention_baseline_A_event_llm-only_r03_a01,129,static-129,1796.6483749914914,11.595397968556526,11.546333000296727,11.956149886827916,12.471040660748258,12.593207997269928,128
A,3,static_contention_baseline_A_event_llm-only_r03_a01,130,static-130,1797.2386659821495,11.55967618119683,11.51591699454002,11.863804497988893,12.367306081578135,12.423042004229501,128
A,3,static_contention_baseline_A_event_llm-only_r03_a01,131,static-131,1797.799624997424,11.56940419679713,11.524542002007365,11.860891891410574,12.395864069112577,12.53462498425506,128
A,3,static_contention_baseline_A_event_llm-only_r03_a01,132,static-132,1796.288125013234,11.544874999910505,11.522582994075492,11.72072478220798,11.9173043302726,12.4834589951206,128
A,3,static_contention_baseline_A_event_llm-only_r03_a01,133,static-133,1797.4916250095703,11.560067582571161,11.530875024618581,11.805846498464234,12.15299608244095,12.558999995235354,128
A,3,static_contention_baseline_A_event_llm-only_r03_a01,134,static-134,1796.7241670121439,11.561365488285976,11.522874992806464,11.917183204786852,12.41151293099392,12.51129200682044,128
A,3,static_contention_baseline_A_event_llm-only_r03_a01,135,static-135,1796.473166992655,11.545171913293036,11.520375002874061,11.703095698612742,12.12803750531748,12.499000004027039,128
A,3,static_contention_baseline_A_event_llm-only_r03_a01,136,static-136,1796.5311250009108,11.552653874006621,11.535790981724858,11.671625191229396,12.05797140544746,12.130916002206504,128
A,3,static_contention_baseline_A_event_llm-only_r03_a01,137,static-137,1796.246665995568,11.567041999981262,11.510625015944242,12.057892090524545,12.434767498052679,12.462290993425995,128
A,3,static_contention_baseline_A_event_llm-only_r03_a01,138,static-138,1797.3235420067795,11.543126637941064,11.50904200039804,11.699566306197084,12.322438418632371,12.469874985981733,128
A,3,static_contention_baseline_A_event_llm-only_r03_a01,139,static-139,1796.4228749915492,11.554014440955902,11.532583012012765,11.778462521033362,12.070224498165771,12.447040993720293,128
A,3,static_contention_baseline_A_event_llm-only_r03_a01,140,static-140,1795.748625008855,11.68671850386391,11.528708011610433,12.692795394104904,13.401029992965046,13.575874996604398,128
A,3,static_contention_baseline_A_event_llm-only_r03_a01,141,static-141,1813.1786249869037,11.566191929113852,11.521333013661206,11.988146291696467,12.313198916381225,12.461542006349191,128
A,3,static_contention_baseline_A_event_llm-only_r03_a01,142,static-142,1795.6285830005072,11.556112204722357,11.519541993038729,11.85939619608689,12.231750341015866,12.303000024985522,128
A,3,static_contention_baseline_A_event_llm-only_r03_a01,143,static-143,1796.2744579999708,11.552057417355272,11.525707988766953,11.825900108669885,12.038760770228691,12.24020798690617,128
A,3,static_contention_baseline_A_event_llm-only_r03_a01,144,static-144,1797.2117499739397,11.593723756043007,11.55408300110139,11.818387408857232,12.517463422846049,12.56308300071396,128
A,3,static_contention_baseline_A_event_llm-only_r03_a01,145,static-145,1797.2259169910103,11.56834055125112,11.546166992047802,11.728691900498234,12.092083932366222,12.296500004595146,128
A,3,static_contention_baseline_A_event_llm-only_r03_a01,146,static-146,1796.3141249783803,11.56922342534375,11.531500000273809,11.789424900780432,12.334949569194578,12.469333014450967,128
A,3,static_contention_baseline_A_event_llm-only_r03_a01,147,static-147,1796.623083006125,11.539861551159627,11.516541009768844,11.680900110513903,11.969185573398136,12.229584011947736,128
A,3,static_contention_baseline_A_event_llm-only_r03_a01,148,static-148,1795.3519159927964,11.592631236288888,11.559374979697168,11.949937519966625,12.335854342090897,12.466916989069432,128
A,3,static_contention_baseline_A_event_llm-only_r03_a01,149,static-149,1798.3232919941656,11.545067913390286,11.533249984495342,11.69946710288059,11.939264989923686,12.076749990228564,128
A,4,static_contention_baseline_A_event_llm-only_r04_a01,0,static-000,1771.1244999954943,11.521334645767352,11.484541988465935,11.826908082002772,12.313772995839827,12.483792001148686,128
A,4,static_contention_baseline_A_event_llm-only_r04_a01,1,static-001,1780.8192920056172,11.537339566981302,11.4998749922961,11.769903596723452,12.246952005662024,12.269333994481713,128
A,4,static_contention_baseline_A_event_llm-only_r04_a01,2,static-002,1787.2302909963764,11.520450787415259,11.504125024657696,11.658745812019333,11.87698843947146,12.003625015495345,128
A,4,static_contention_baseline_A_event_llm-only_r04_a01,3,static-003,1787.5248749915045,11.846769023613314,11.655083013465628,13.363896217197176,14.381366845336741,14.594957989174873,128
A,4,static_contention_baseline_A_event_llm-only_r04_a01,4,static-004,1795.1116249896586,11.542640748116606,11.516583996126428,11.68110799335409,12.180178005364724,12.337249994743615,128
A,4,static_contention_baseline_A_event_llm-only_r04_a01,5,static-005,1792.436583986273,11.537760826823206,11.502959008794278,11.669250077102333,12.34617548470851,12.522832985268906,128
A,4,static_contention_baseline_A_event_llm-only_r04_a01,6,static-006,1791.8894159956835,11.54033005499743,11.51183299953118,11.812908691354094,12.013988933176734,12.129834009101614,128
A,4,static_contention_baseline_A_event_llm-only_r04_a01,7,static-007,1791.8965829885565,11.52989895272758,11.497790983412415,11.778229306219144,12.264196234173141,12.366374983685091,128
A,4,static_contention_baseline_A_event_llm-only_r04_a01,8,static-008,1791.4770829956979,11.549562669320649,11.512083001434803,11.839003901695833,12.226433583418839,12.46662499033846,128
A,4,static_contention_baseline_A_event_llm-only_r04_a01,9,static-009,1791.4506670203991,11.550802165251886,11.520458006998524,11.80030431423802,12.27883765066508,12.512541026808321,128
A,4,static_contention_baseline_A_event_llm-only_r04_a01,10,static-010,1793.2150419801474,11.53473851182058,11.509292002301663,11.69469988963101,12.074464083416387,12.373291014228016,128
A,4,static_contention_baseline_A_event_llm-only_r04_a01,11,static-011,1792.793791013537,11.541083338441268,11.514666985021904,11.723924998659639,12.092060333234256,12.362041015876457,128
A,4,static_contention_baseline_A_event_llm-only_r04_a01,12,static-012,1793.0588330200408,11.589956692810441,11.53929199790582,11.962291281088254,12.298132649739271,12.81991699943319,128
A,4,static_contention_baseline_A_event_llm-only_r04_a01,13,static-013,1794.8355000116862,11.553765417353478,11.516124999616295,11.875237396452576,12.281860649818555,12.49466702574864,128
A,4,static_contention_baseline_A_event_llm-only_r04_a01,14,static-014,1792.5210839894135,11.54577559067347,11.518542014528066,11.679104581708089,12.314595020143313,12.413332995492965,128
A,4,static_contention_baseline_A_event_llm-only_r04_a01,15,static-015,1793.6844170035329,11.542312992007039,11.520124971866608,11.665508916485123,12.309500765404664,12.38512501004152,128
A,4,static_contention_baseline_A_event_llm-only_r04_a01,16,static-016,1794.5210000034422,11.541924866074035,11.510416021337733,11.787758299033156,12.230517499847338,12.298832996748388,128
A,4,static_contention_baseline_A_event_llm-only_r04_a01,17,static-017,1792.3002500028815,11.56770407087463,11.5249170048628,11.78279570012819,12.507857323507778,12.602750008227304,128
A,4,static_contention_baseline_A_event_llm-only_r04_a01,18,static-018,1794.2860419861972,11.541250322928915,11.520708008902147,11.663766202400438,12.152114095515572,12.248250015545636,128
A,4,static_contention_baseline_A_event_llm-only_r04_a01,19,static-019,1796.5080830035731,11.576280180927673,11.539416009327397,11.899270603316836,12.37010798882693,12.504125013947487,128
A,4,static_contention_baseline_A_event_llm-only_r04_a01,20,static-020,1794.5732499938458,11.545861551242947,11.500332999275997,11.830550114973446,12.37472208100371,12.508707994129509,128
A,4,static_contention_baseline_A_event_llm-only_r04_a01,21,static-021,1795.3394159849267,11.550814637732802,11.512541997944936,11.821021209470926,12.34671565995086,12.48629202018492,128
A,4,static_contention_baseline_A_event_llm-only_r04_a01,22,static-022,1811.5632919943891,11.595016732439765,11.516833008499816,12.041720587876625,13.455970993381925,13.485915987985209,128
A,4,static_contention_baseline_A_event_llm-only_r04_a01,23,static-023,1794.7812910133507,11.54327887411992,11.513082979945466,11.729375005234033,12.356812006910332,12.514709000242874,128
A,4,static_contention_baseline_A_event_llm-only_r04_a01,24,static-024,1795.932167005958,11.556558724397457,11.521582986460999,11.801008097245358,12.14338876947295,12.42533398908563,128
A,4,static_contention_baseline_A_event_llm-only_r04_a01,25,static-025,1794.8341660085134,11.539424212482633,11.520166997797787,11.636703592375852,11.98735307669267,12.430208007572219,128
A,4,static_contention_baseline_A_event_llm-only_r04_a01,26,static-026,1794.189334003022,11.556298551277997,11.531042022397742,11.81671259109862,12.347083903732706,12.492915993789211,128
A,4,static_contention_baseline_A_event_llm-only_r04_a01,27,static-027,1796.5804999985266,13.88839074808327,14.113666984485462,14.984524803003296,15.303675142349674,16.70954198925756,128
A,4,static_contention_baseline_A_event_llm-only_r04_a01,28,static-028,1792.1460839861538,11.555269354354868,11.521417007315904,11.76356700307224,12.189847486442886,12.401957996189594,128
A,4,static_contention_baseline_A_event_llm-only_r04_a01,29,static-029,1795.1309999916703,11.538606960652762,11.50470899301581,11.74535798782017,12.244744515628554,12.398708990076557,128
A,4,static_contention_baseline_A_event_llm-only_r04_a01,30,static-030,1794.6315000008326,11.550594165446384,11.521250009536743,11.779582902090622,12.245950005599298,12.275375018361956,128
A,4,static_contention_baseline_A_event_llm-only_r04_a01,31,static-031,1794.3772919825278,11.55473326775612,11.501417000545189,11.991750009474343,12.443647654145025,12.469209003029391,128
A,4,static_contention_baseline_A_event_llm-only_r04_a01,32,static-032,1795.9037499967963,11.51646390547206,11.499540996737778,11.709770702873355,11.892870161682367,12.106000009225681,128
A,4,static_contention_baseline_A_event_llm-only_r04_a01,33,static-033,1795.2632090018597,11.558140747892619,11.531333002494648,11.681400006636977,12.165916272788307,12.3941250203643,128
A,4,static_contention_baseline_A_event_llm-only_r04_a01,34,static-034,1794.4398749968968,11.568826118183477,11.533374985447153,11.899849894689396,12.38248733279761,12.502249999670312,128
A,4,static_contention_baseline_A_event_llm-only_r04_a01,35,static-035,1796.0256660007872,11.556073165485842,11.518457991769537,11.939224801608361,12.248874504002742,12.545083009172231,128
A,4,static_contention_baseline_A_event_llm-only_r04_a01,36,static-036,1794.9714999995194,11.547608598498407,11.500249995151535,11.862720709177664,12.472114851116201,12.609500001417473,128
A,4,static_contention_baseline_A_event_llm-only_r04_a01,37,static-037,1795.4009160166606,11.543800527510403,11.501458007842302,11.74408748629503,12.348355348804034,12.454125011572614,128
A,4,static_contention_baseline_A_event_llm-only_r04_a01,38,static-038,1797.512707998976,11.563720472622663,11.531500000273809,11.799625007552095,12.351926079718394,12.471207999624312,128
A,4,static_contention_baseline_A_event_llm-only_r04_a01,39,static-039,1796.8607919756323,11.533789693031416,11.496499995701015,11.771241013775578,12.257917148526758,12.385958019876853,128
A,4,static_contention_baseline_A_event_llm-only_r04_a01,40,static-040,1807.9090410028584,11.766152236176156,11.62212502094917,13.13344569352921,13.816856835619546,13.846749992808327,128
A,4,static_contention_baseline_A_event_llm-only_r04_a01,41,static-041,1794.8993330064695,11.5631003937442,11.511707998579368,11.945949908113105,12.28327094053384,12.460708996513858,128
A,4,static_contention_baseline_A_event_llm-only_r04_a01,42,static-042,1796.1829170235433,11.545687992039584,11.50512500316836,11.71254568034783,12.336131429765373,12.494082999182865,128
A,4,static_contention_baseline_A_event_llm-only_r04_a01,43,static-043,1796.57608398702,11.549750322798692,11.524833011208102,11.730046398588456,12.35515049251262,12.417791993357241,128
A,4,static_contention_baseline_A_event_llm-only_r04_a01,44,static-044,1796.4966669969726,11.53410859057665,11.51891698827967,11.69561238202732,11.901965167489834,12.142499996116385,128
A,4,static_contention_baseline_A_event_llm-only_r04_a01,45,static-045,1795.3538750007283,11.557593503756097,11.527041991939768,11.91747049742844,12.262942327652127,12.311500002397224,128
A,4,static_contention_baseline_A_event_llm-only_r04_a01,46,static-046,1796.2427910242695,11.5851820865921,11.545458022737876,11.878716890350915,12.395678496104665,12.529333995189518,128
A,4,static_contention_baseline_A_event_llm-only_r04_a01,47,static-047,1795.227666007122,11.544564637808335,11.528916977113113,11.771816998953,11.999535002978519,12.58587499614805,128
A,4,static_contention_baseline_A_event_llm-only_r04_a01,48,static-048,1796.1116670048796,11.54010203152741,11.515541991684586,11.688387501635589,12.082466745050624,12.139750004280359,128
A,4,static_contention_baseline_A_event_llm-only_r04_a01,49,static-049,1797.477665997576,11.551767393788984,11.516250000568107,11.904679419239983,12.196504658204503,12.395083991577849,128
A,4,static_contention_baseline_A_event_llm-only_r04_a01,50,static-050,1795.83137499867,11.542764432979455,11.509332980494946,11.840891203610225,12.364098581019789,12.445583997759968,128
A,4,static_contention_baseline_A_event_llm-only_r04_a01,51,static-051,1796.5394580096472,11.534853023476899,11.507416988024488,11.810529397916978,12.102101839846,12.144082982558757,128
A,4,static_contention_baseline_A_event_llm-only_r04_a01,52,static-052,1796.2729580176529,11.550477692833551,11.533624987350777,11.654767082654871,12.082436580094509,12.379708990920335,128
A,4,static_contention_baseline_A_event_llm-only_r04_a01,53,static-053,1796.0407090140507,11.543214236116624,11.516708007548004,11.689999999362044,12.10834485013038,12.535541987745091,128
A,4,static_contention_baseline_A_event_llm-only_r04_a01,54,static-054,1796.3498330209404,11.550796590378786,11.521292006364092,11.689416092121974,12.317452661227433,12.521542026661336,128
A,4,static_contention_baseline_A_event_llm-only_r04_a01,55,static-055,1796.8532500090078,11.55205314963374,11.518832994624972,11.69509990431834,12.319903766037896,12.385584006551653,128
A,4,static_contention_baseline_A_event_llm-only_r04_a01,56,static-056,1795.2700419991743,11.542575125853846,11.51220899191685,11.742750101257116,12.18883250723593,12.407375004841015,128
A,4,static_contention_baseline_A_event_llm-only_r04_a01,57,static-057,1798.0725830129813,11.549709322834827,11.518499988596886,11.738883701036684,12.394117853837088,12.56645901594311,128
A,4,static_contention_baseline_A_event_llm-only_r04_a01,58,static-058,1795.7559999777004,11.859359574874526,11.666334001347423,13.312187604606152,13.813325924566016,13.966459024231881,128
A,4,static_contention_baseline_A_event_llm-only_r04_a01,59,static-059,1803.414292022353,11.53219192917642,11.50583301205188,11.673537420574576,12.312500001862643,12.42604199796915,128
A,4,static_contention_baseline_A_event_llm-only_r04_a01,60,static-060,1797.2293339844327,11.546032803222962,11.514290992636234,11.727412496111356,12.201642145519145,12.460541009204462,128
A,4,static_contention_baseline_A_event_llm-only_r04_a01,61,static-061,1797.527207992971,11.552227692867401,11.522333981702104,11.755854295915922,12.283401744789444,12.343333015451208,128
A,4,static_contention_baseline_A_event_llm-only_r04_a01,62,static-062,1797.232459008228,11.542196188939691,11.51708301040344,11.680320595041849,12.10346657084301,12.489542015828192,128
A,4,static_contention_baseline_A_event_llm-only_r04_a01,63,static-063,1795.7288330071606,11.554614173277743,11.524458008352667,11.846766804228537,12.32160708401352,12.42791599361226,128
A,4,static_contention_baseline_A_event_llm-only_r04_a01,64,static-064,1795.236208010465,11.53432218106757,11.513874982483685,11.734874895773828,12.0664135820698,12.41220798692666,128
A,4,static_contention_baseline_A_event_llm-only_r04_a01,65,static-065,1797.6440420025028,11.550228677022703,11.516875005327165,11.695882977801375,12.496137679554522,12.53966600052081,128
A,4,static_contention_baseline_A_event_llm-only_r04_a01,66,static-066,1795.002041006228,11.555751645616732,11.526958987815306,11.655458094901405,12.37244357995223,12.559374998090789,128
A,4,static_contention_baseline_A_event_llm-only_r04_a01,67,static-067,1797.0099590020254,11.589513448805834,11.550166993401945,11.868483186117373,12.22751543566119,12.495625007431954,128
A,4,static_contention_baseline_A_event_llm-only_r04_a01,68,static-068,1797.7504169975873,11.549257543387155,11.520625004777685,11.667358092381619,12.261181921348905,12.408790993504226,128
A,4,static_contention_baseline_A_event_llm-only_r04_a01,69,static-069,1796.2222920032218,11.53574212601841,11.51129201753065,11.69336250750348,12.139456836157477,12.369167001452297,128
A,4,static_contention_baseline_A_event_llm-only_r04_a01,70,static-070,1798.5940000216942,11.551726047099956,11.514415993588045,11.925282998709008,12.09618391119875,12.159750011051074,128
A,4,static_contention_baseline_A_event_llm-only_r04_a01,71,static-071,1797.7939160191454,11.561926511825817,11.531999974977225,11.783633791492319,12.31228373479098,12.468332977732643,128
A,4,static_contention_baseline_A_event_llm-only_r04_a01,72,static-072,1796.1128329916392,11.547389433134391,11.530582996783778,11.717562488047406,11.924964080681093,12.072291021468118,128
A,4,static_contention_baseline_A_event_llm-only_r04_a01,73,static-073,1796.6907499940135,11.484986543288732,11.496041988721117,11.676203689421527,12.386993164545853,12.541542004328221,128
A,4,static_contention_baseline_A_event_llm-only_r04_a01,74,static-074,1797.5190830184147,11.547989503931488,11.517334001837298,11.7814712022664,12.18936158285942,12.235875008627772,128
A,4,static_contention_baseline_A_event_llm-only_r04_a01,75,static-075,1795.9117499995045,11.542648291279466,11.519166000653058,11.645933089312166,12.250744418124667,12.439250014722347,128
A,4,static_contention_baseline_A_event_llm-only_r04_a01,76,static-076,1797.5757920066826,11.542777559036155,11.515416990732774,11.762941794586368,12.439850418595597,12.502458004746586,128
A,4,static_contention_baseline_A_event_llm-only_r04_a01,77,static-077,1814.493833022425,11.59978576378501,11.541666986886412,11.870028596604243,12.451129992259665,13.839958002790809,128
A,4,static_contention_baseline_A_event_llm-only_r04_a01,78,static-078,1797.3494170000777,11.544758196843157,11.52416699915193,11.746695695910603,12.122744326479731,12.349541008006781,128
A,4,static_contention_baseline_A_event_llm-only_r04_a01,79,static-079,1797.4690420087427,11.563528874086025,11.519000021507964,11.840354395098984,12.342040502699092,12.380208005197346,128
A,4,static_contention_baseline_A_event_llm-only_r04_a01,80,static-080,1796.1432920128573,11.537706362098222,11.523916007718071,11.735087513807228,11.965215159580112,11.975083005381748,128
A,4,static_contention_baseline_A_event_llm-only_r04_a01,81,static-081,1797.305417014286,11.563603015750369,11.533624987350777,11.705887396237813,12.433260495308787,12.514834001194686,128
A,4,static_contention_baseline_A_event_llm-only_r04_a01,82,static-082,1798.080292006489,11.568874669330942,11.532624979736283,11.937337400740944,12.159900667029433,12.572917010402307,128
A,4,static_contention_baseline_A_event_llm-only_r04_a01,83,static-083,1796.5175000135787,11.555374999884442,11.516083002788946,12.012816889910026,12.323447929229587,12.52379099605605,128
A,4,static_contention_baseline_A_event_llm-only_r04_a01,84,static-084,1797.3847500106785,11.549137141757212,11.505458009196445,11.850362582481466,12.441089688218199,12.533125001937151,128
A,4,static_contention_baseline_A_event_llm-only_r04_a01,85,static-085,1796.3504579965957,11.565109251954365,11.526958987815306,11.75425790133886,12.30425500194542,12.505457998486236,128
A,4,static_contention_baseline_A_event_llm-only_r04_a01,86,static-086,1796.750790992519,11.542374677231946,11.514707992319018,11.708291011746041,12.247663586749695,12.31970902881585,128
A,4,static_contention_baseline_A_event_llm-only_r04_a01,87,static-087,1797.4486250022892,11.56072014178274,11.523583001689985,11.815104508423246,12.372559508658014,12.464999977964908,128
A,4,static_contention_baseline_A_event_llm-only_r04_a01,88,static-088,1796.821583993733,11.551707346399322,11.529667011927813,11.681883208802901,12.288643000065347,12.344582995865494,128
A,4,static_contention_baseline_A_event_llm-only_r04_a01,89,static-089,1797.0247909834143,11.565341535583505,11.527916009072214,11.998792001395486,12.336432654992677,12.431709008524194,128
A,4,static_contention_baseline_A_event_llm-only_r04_a01,90,static-090,1797.4780829972588,11.570329724272023,11.54004197451286,11.893133097328246,12.01827036042232,12.252916989382356,128
A,4,static_contention_baseline_A_event_llm-only_r04_a01,91,static-091,1795.4637910006568,11.540234582746168,11.517540988279507,11.77667510055471,12.013506227522157,12.43429200258106,128
A,4,static_contention_baseline_A_event_llm-only_r04_a01,92,static-092,1797.3910419968888,11.532149275564992,11.51554100215435,11.620629511890002,12.215908158686942,12.428000016370788,128
A,4,static_contention_baseline_A_event_llm-only_r04_a01,93,static-093,1796.8071249779314,11.55924048814666,11.52604099479504,11.8485169892665,12.399752160999924,12.46195801650174,128
A,4,static_contention_baseline_A_event_llm-only_r04_a01,94,static-094,1796.0029159730766,11.573682086795246,11.525541980518028,12.048950101598164,12.450334244058467,12.51333300024271,128
A,4,static_contention_baseline_A_event_llm-only_r04_a01,95,static-095,1805.8705830189865,11.848740488213787,11.63875000202097,13.495737404446116,13.91609464189969,14.138708007521927,128
A,4,static_contention_baseline_A_event_llm-only_r04_a01,96,static-096,1796.1862499942072,11.558171913282594,11.518957995576784,11.861558209056964,12.175258913775906,12.475916999392211,128
A,4,static_contention_baseline_A_event_llm-only_r04_a01,97,static-097,1797.5984590011649,11.54633759824361,11.507582996273413,11.931875001755541,12.219129650620744,12.3269580071792,128
A,4,static_contention_baseline_A_event_llm-only_r04_a01,98,static-098,1796.4240839937702,11.544115480455371,11.508416995638981,11.804782910621725,12.336578919785095,12.449792004190385,128
A,4,static_contention_baseline_A_event_llm-only_r04_a01,99,static-099,1796.5992499957792,11.53159448826561,11.520833999384195,11.667200096417218,11.794540488044731,11.935916991205886,128
A,4,static_contention_baseline_A_event_llm-only_r04_a01,100,static-100,1797.2824579919688,11.565928149640223,11.524667002959177,11.872137483442202,12.355182489263825,12.51037500333041,128
A,4,static_contention_baseline_A_event_llm-only_r04_a01,101,static-101,1797.383124998305,11.543743433128295,11.506000009831041,11.797057997318916,12.211529224296099,12.33837500330992,128
A,4,static_contention_baseline_A_event_llm-only_r04_a01,102,static-102,1796.4193749940023,11.556655511821026,11.53312501264736,11.713558103656396,12.11572799074929,12.334459024714306,128
A,4,static_contention_baseline_A_event_llm-only_r04_a01,103,static-103,1798.1279999949038,11.534219819000064,11.51408298755996,11.65762128366623,12.087752498919144,12.175667012343183,128
A,4,static_contention_baseline_A_event_llm-only_r04_a01,104,static-104,1795.7349170173984,11.567506558989637,11.521417007315904,11.93103760597296,12.324043740518391,12.476124975364655,128
A,4,static_contention_baseline_A_event_llm-only_r04_a01,105,static-105,1796.3600420043804,11.563409448923968,11.535083001945168,11.678016805672087,12.268847505329177,12.52774999011308,128
A,4,static_contention_baseline_A_event_llm-only_r04_a01,106,static-106,1796.58374999417,11.535069559183793,11.51425001444295,11.675616897991858,12.160377498948945,12.270000006537884,128
A,4,static_contention_baseline_A_event_llm-only_r04_a01,107,static-107,1796.8694590090308,11.554679456836082,11.530834017321467,11.722525089862756,12.30805558618158,12.423332984326407,128
A,4,static_contention_baseline_A_event_llm-only_r04_a01,108,static-108,1796.1252919922117,11.544971456879559,11.522582994075492,11.670233902987093,11.929219996090978,12.536291993455961,128
A,4,static_contention_baseline_A_event_llm-only_r04_a01,109,static-109,1796.9552090216894,11.547339236130938,11.507832998177037,11.932408303255214,12.294208929524757,12.383249995764345,128
A,4,static_contention_baseline_A_event_llm-only_r04_a01,110,static-110,1796.4163330034353,11.551658795251855,11.522999993758276,11.775433211005291,12.269780748174524,12.420874991221353,128
A,4,static_contention_baseline_A_event_llm-only_r04_a01,111,static-111,1796.8167079961859,11.547877952845136,11.51483299327083,11.795791896292938,12.326028150273487,12.36941700335592,128
A,4,static_contention_baseline_A_event_llm-only_r04_a01,112,static-112,1796.7930000158958,11.56753871643065,11.522874992806464,11.950358096510172,12.243639823282138,12.508041982073337,128
A,4,static_contention_baseline_A_event_llm-only_r04_a01,113,static-113,1796.012916980544,11.814675196926439,11.677167000016198,12.884354504058138,13.698137186001984,14.832334010861814,128
A,4,static_contention_baseline_A_event_llm-only_r04_a01,114,static-114,1806.4195000042673,11.539068574674324,11.522541986778378,11.726958089275286,11.868304092204198,12.007333018118516,128
A,4,static_contention_baseline_A_event_llm-only_r04_a01,115,static-115,1796.266707999166,11.579066606176152,11.530915973708034,11.975491201155815,12.495364510104991,12.607624987140298,128
A,4,static_contention_baseline_A_event_llm-only_r04_a01,116,static-116,1798.3223750197794,11.558728015754284,11.527583003044128,11.669396504294127,12.36103341449052,12.473250011680648,128
A,4,static_contention_baseline_A_event_llm-only_r04_a01,117,static-117,1795.0643750082236,11.548196527498268,11.520959000336006,11.71411630930379,12.107774986652657,12.484333012253046,128
A,4,static_contention_baseline_A_event_llm-only_r04_a01,118,static-118,1796.7132499907166,11.534772315117582,11.518583982251585,11.684753888403066,12.058394080377184,12.107249989639968,128
A,4,static_contention_baseline_A_event_llm-only_r04_a01,119,static-119,1796.7869169951882,11.566569220401185,11.525167006766424,11.797637696145102,12.374742644606158,12.454584008082747,128
A,4,static_contention_baseline_A_event_llm-only_r04_a01,120,static-120,1794.5862500055227,11.56538156687106,11.528375005582348,11.792224898817947,12.417379330145193,12.539999996079132,128
A,4,static_contention_baseline_A_event_llm-only_r04_a01,121,static-121,1797.924124985002,11.547178480321335,11.52266698773019,11.736641789320856,11.991143086343072,12.509082996984944,128
A,4,static_contention_baseline_A_event_llm-only_r04_a01,122,static-122,1797.9479579953477,11.571795275612683,11.53016701573506,11.908274996676482,12.073359997011721,12.397124985000119,128
A,4,static_contention_baseline_A_event_llm-only_r04_a01,123,static-123,1795.6215419981163,11.560334645736024,11.538249993463978,11.752379391691646,12.339223175076766,12.503750011092052,128
A,4,static_contention_baseline_A_event_llm-only_r04_a01,124,static-124,1797.7501249988563,11.54733267722754,11.518958024680614,11.703754315385595,12.147862163837997,12.300292000873014,128
A,4,static_contention_baseline_A_event_llm-only_r04_a01,125,static-125,1797.648334002588,11.56047670084499,11.531000025570393,11.752566898940131,12.46095641865395,12.529875006293878,128
A,4,static_contention_baseline_A_event_llm-only_r04_a01,126,static-126,1796.3969169941265,11.5507125985574,11.522957996930927,11.784375004936008,12.293553748750128,12.350792007055134,128
A,4,static_contention_baseline_A_event_llm-only_r04_a01,127,static-127,1797.6827089732978,11.579539039489395,11.530207993928343,11.878240999067202,12.413244848139584,12.61633401736617,128
A,4,static_contention_baseline_A_event_llm-only_r04_a01,128,static-128,1796.2946250045206,11.337892716570838,11.250209005083889,11.626041299314238,11.986087664263323,12.377749982988462,128
A,4,static_contention_baseline_A_event_llm-only_r04_a01,129,static-129,1794.9169169878587,11.539877621973975,11.517125007230788,11.691829291521572,12.06776175124105,12.444458989193663,128
A,4,static_contention_baseline_A_event_llm-only_r04_a01,130,static-130,1796.7203749867622,11.562000653490161,11.530582996783778,11.823416198603807,12.281394995516166,12.427499983459711,128
A,4,static_contention_baseline_A_event_llm-only_r04_a01,131,static-131,1797.9450410057325,11.55823162975941,11.52604099479504,11.719533114228398,12.281242167227902,12.439667014405131,128
A,4,static_contention_baseline_A_event_llm-only_r04_a01,132,static-132,1812.8759580140468,11.619660763645648,11.558875004993752,11.84794190339744,13.03789248806424,13.525791990105063,128
A,4,static_contention_baseline_A_event_llm-only_r04_a01,133,static-133,1798.3960830024444,11.553608921244667,11.522749991854653,11.702849814901127,12.276444330927916,12.335875013377517,128
A,4,static_contention_baseline_A_event_llm-only_r04_a01,134,static-134,1796.1726659850683,11.559662732248025,11.51595899136737,11.87858749181032,12.407662077457644,12.583875010022894,128
A,4,static_contention_baseline_A_event_llm-only_r04_a01,135,static-135,1796.560209011659,11.582145991956992,11.540165985934436,11.925079303910024,12.422339977347292,12.525250000180677,128
A,4,static_contention_baseline_A_event_llm-only_r04_a01,136,static-136,1798.4134170110337,11.554416992076431,11.520042025949806,11.774887610226868,12.412997001083566,12.47854100074619,128
A,4,static_contention_baseline_A_event_llm-only_r04_a01,137,static-137,1796.0411249950994,11.55672342526565,11.522415996296331,11.802512584836222,12.2828639135696,12.45300000300631,128
A,4,static_contention_baseline_A_event_llm-only_r04_a01,138,static-138,1797.546500019962,11.565395669166483,11.537374986801296,11.684004595736042,12.443733268883078,12.519000010797754,128
A,4,static_contention_baseline_A_event_llm-only_r04_a01,139,static-139,1796.9359999988228,11.544228023592764,11.515999998664483,11.712532900855877,12.304124513175337,12.457166012609378,128
A,4,static_contention_baseline_A_event_llm-only_r04_a01,140,static-140,1797.2756669914816,11.559411086550892,11.533292010426521,11.676700194948353,12.329338400741104,12.542791984742507,128
A,4,static_contention_baseline_A_event_llm-only_r04_a01,141,static-141,1797.4366249982268,11.551244094542513,11.516875005327165,11.690521211130545,12.351733159157448,12.45520799420774,128
A,4,static_contention_baseline_A_event_llm-only_r04_a01,142,static-142,1796.0987080004998,11.569251968409851,11.526125017553568,11.978566917241551,12.503535348805599,12.539624993223697,128
A,4,static_contention_baseline_A_event_llm-only_r04_a01,143,static-143,1796.6426250059158,11.563441275452139,11.536707985214889,11.764341985690407,12.310163073125295,12.48545799171552,128
A,4,static_contention_baseline_A_event_llm-only_r04_a01,144,static-144,1797.494457976427,11.557861220496743,11.516833998030052,11.839866105583495,12.288307085982524,12.360041990177706,128
A,4,static_contention_baseline_A_event_llm-only_r04_a01,145,static-145,1795.2115419902839,11.568767055053279,11.524375004228204,11.842616900685242,12.271645940490998,12.295791006181389,128
A,4,static_contention_baseline_A_event_llm-only_r04_a01,146,static-146,1796.710875001736,11.558772306971795,11.51479102554731,11.946146402624436,12.287357195164077,12.390166986733675,128
A,4,static_contention_baseline_A_event_llm-only_r04_a01,147,static-147,1797.2745000151917,11.565739173198295,11.518457991769537,11.987958301324396,12.396500990726054,12.444292020518333,128
A,4,static_contention_baseline_A_event_llm-only_r04_a01,148,static-148,1796.1434999888297,11.566400913407982,11.529542010976002,11.879770617815664,12.459125992609188,12.491166999097914,128
A,4,static_contention_baseline_A_event_llm-only_r04_a01,149,static-149,1798.7620839849114,11.53750262199351,11.507290997542441,11.696978614781983,12.287175014498644,12.309333018492907,128
B,0,static_contention_baseline_B_event_llm-only_r00_a01,0,static-000,1781.6626249987166,11.527303149547853,11.497166997287422,11.707699805265293,12.311834994470699,12.403959000948817,128
B,0,static_contention_baseline_B_event_llm-only_r00_a01,1,static-001,1781.9374579994474,11.5361860235988,11.503167013870552,11.741637415252626,12.284739497699773,12.409542017849162,128
B,0,static_contention_baseline_B_event_llm-only_r00_a01,2,static-002,1781.4230420044623,11.529650590492516,11.494292004499584,11.674541793763638,12.332818004651926,12.425332999555394,128
B,0,static_contention_baseline_B_event_llm-only_r00_a01,3,static-003,1780.3230420104228,11.524833992030105,11.50979200610891,11.68896708986722,12.114165003877133,12.46791600715369,128
B,0,static_contention_baseline_B_event_llm-only_r00_a01,4,static-004,1779.0574170066975,11.539246063123963,11.482375004561618,11.86760810378473,12.420994978165254,12.532208987977356,128
B,0,static_contention_baseline_B_event_llm-only_r00_a01,5,static-005,1776.4395420090295,11.523339236255984,11.48395799100399,11.848512705182657,12.335891591501422,12.472667003748938,128
B,0,static_contention_baseline_B_event_llm-only_r00_a01,6,static-006,1775.4771249892656,11.543494417317445,11.50504098040983,11.898008099524304,12.338027504156342,12.423916981788352,128
B,0,static_contention_baseline_B_event_llm-only_r00_a01,7,static-007,1772.2939579980448,11.53147440952777,11.496084014652297,11.681532993679866,12.266369228018448,12.483208003686741,128
B,0,static_contention_baseline_B_event_llm-only_r00_a01,8,static-008,1771.1881250143051,11.559236220425127,11.533999990206212,11.757920397212729,12.009363419492727,12.55337501061149,128
B,0,static_contention_baseline_B_event_llm-only_r00_a01,9,static-009,1766.164208005648,11.527853677146444,11.480542016215622,11.769782903138546,12.421827000798658,12.459624995244667,128
B,0,static_contention_baseline_B_event_llm-only_r00_a01,10,static-010,1768.4130410198122,11.515368440960293,11.48025001748465,11.780183110386131,12.252039999584667,12.386958987917751,128
B,0,static_contention_baseline_B_event_llm-only_r00_a01,11,static-011,1766.112624987727,11.521266401639046,11.488792020827532,11.672049900516868,12.298591093858704,12.361166009213775,128
B,0,static_contention_baseline_B_event_llm-only_r00_a01,12,static-012,1764.930083998479,11.506784771702906,11.466708994703367,11.830908094998447,12.299154571956024,12.372040975606069,128
B,0,static_contention_baseline_B_event_llm-only_r00_a01,13,static-013,1762.1834579913411,11.549862204797888,11.506790993735194,11.850479210261256,12.301652086316608,12.390916992444545,128
B,0,static_contention_baseline_B_event_llm-only_r00_a01,14,static-014,1760.2488340053242,11.521041338509828,11.495415994431823,11.711600190028548,11.971511412411928,12.474624993046746,128
B,0,static_contention_baseline_B_event_llm-only_r00_a01,15,static-015,1761.1386250064243,11.803646984200293,11.637000017799437,13.447041797917334,13.948181403102353,13.99933302309364,128
B,0,static_contention_baseline_B_event_llm-only_r00_a01,16,static-016,1765.7717500114813,11.537154196893548,11.4925840171054,11.797716695582492,12.402074068086222,12.421000021276996,128
B,0,static_contention_baseline_B_event_llm-only_r00_a01,17,static-017,1758.8531659857836,11.533896984187813,11.487667012261227,11.889866201090626,12.30350908881519,12.440291000530124,128
B,0,static_contention_baseline_B_event_llm-only_r00_a01,18,static-018,1757.4543750088196,11.530420929010166,11.489958997117355,11.713354403036647,12.374756588833407,12.454374984372407,128
B,0,static_contention_baseline_B_event_llm-only_r00_a01,19,static-019,1757.15154199861,11.514938645675324,11.487415991723537,11.779871495673431,12.20417407923378,12.289334001252428,128
B,0,static_contention_baseline_B_event_llm-only_r00_a01,20,static-020,1756.281708017923,11.521180771524087,11.49087501107715,11.641983009758405,12.399920013849624,12.474499992094934,128
B,0,static_contention_baseline_B_event_llm-only_r00_a01,21,static-021,1755.5432080116589,11.519946850465947,11.482083005830646,11.716870599775573,12.343557183048688,12.422542000422254,128
B,0,static_contention_baseline_B_event_llm-only_r00_a01,22,static-022,1754.6026250056457,11.528568244016707,11.482375004561618,11.744275011005811,12.395762518281117,12.423707987181842,128
B,0,static_contention_baseline_B_event_llm-only_r00_a01,23,static-023,1755.678582994733,11.515176842423655,11.480917019071057,11.795228908886202,12.243697348167188,12.37441599369049,128
B,0,static_contention_baseline_B_event_llm-only_r00_a01,24,static-024,1754.4249590137042,11.526396653457274,11.467417003586888,12.050720700062808,12.36014234367758,12.436624994734302,128
B,0,static_contention_baseline_B_event_llm-only_r00_a01,25,static-025,1755.5590000119992,11.52106430716116,11.481374996947125,11.688783098361455,12.3553596844431,12.41483399644494,128
B,0,static_contention_baseline_B_event_llm-only_r00_a01,26,static-026,1753.507458983222,11.544675519735751,11.50587500887923,11.874212499242276,12.258107916568406,12.307500001043081,128
B,0,static_contention_baseline_B_event_llm-only_r00_a01,27,static-027,1753.9956249820534,11.502627952722833,11.459667002782226,11.764516407856718,12.275543425348587,12.436916993465275,128
B,0,static_contention_baseline_B_event_llm-only_r00_a01,28,static-028,1751.512791001005,11.533110566835074,11.483583017252386,11.906487599480897,12.32669465127401,12.571666011353955,128
B,0,static_contention_baseline_B_event_llm-only_r00_a01,29,static-029,1754.2437499796506,11.512268700831255,11.478500004159287,11.65944569511339,12.19735483522527,12.491625006077811,128
B,0,static_contention_baseline_B_event_llm-only_r00_a01,30,static-030,1751.4553329965565,11.324889763802892,11.223165987757966,11.620212506386451,12.061256080050951,12.319375004153699,128
B,0,static_contention_baseline_B_event_llm-only_r00_a01,31,static-031,1751.665582996793,11.524010496168199,11.478375003207475,11.697550001554191,12.445881569874473,12.506750004831702,128
B,0,static_contention_baseline_B_event_llm-only_r00_a01,32,static-032,1751.6769579960965,11.499054464566573,11.474000028101727,11.775133115588687,12.181034989189357,12.24849998834543,128
B,0,static_contention_baseline_B_event_llm-only_r00_a01,33,static-033,1751.0206670267507,11.534028543126366,11.494167003547773,11.765733099309726,12.219855493749492,12.380000000121072,128
B,0,static_contention_baseline_B_event_llm-only_r00_a01,34,static-034,1759.6553330076858,11.713451771643086,11.572750023333356,13.218708199565294,13.672873916802928,13.84554198011756,128
B,0,static_contention_baseline_B_event_llm-only_r00_a01,35,static-035,1751.680249988567,11.533293960612326,11.497584026074037,11.685428893542849,12.244587148306891,12.366584007395431,128
B,0,static_contention_baseline_B_event_llm-only_r00_a01,36,static-036,1752.6829580019694,11.530159448739141,11.491249984828755,11.847316997591406,12.381451587425545,12.500749988248572,128
B,0,static_contention_baseline_B_event_llm-only_r00_a01,37,static-037,1749.6956249815412,11.525852362328305,11.478790984256193,11.902700120117514,12.316973751294427,12.371749995509163,128
B,0,static_contention_baseline_B_event_llm-only_r00_a01,38,static-038,1750.4628330061678,11.507321519669013,11.470041994471103,11.816100092255509,12.151888586813582,12.32770801289007,128
B,0,static_contention_baseline_B_event_llm-only_r00_a01,39,static-039,1750.1011249842122,11.512884842671864,11.484666989417747,11.672312422888353,12.116461985278873,12.509833002695814,128
B,0,static_contention_baseline_B_event_llm-only_r00_a01,40,static-040,1751.0626660077833,11.528371063044558,11.49370800703764,11.75987479800824,12.301630513975395,12.37162499455735,128
B,0,static_contention_baseline_B_event_llm-only_r00_a01,41,static-041,1748.8235000055283,11.530410433068916,11.486625007819384,11.772812585695645,12.453148161876015,12.51800000318326,128
B,0,static_contention_baseline_B_event_llm-only_r00_a01,42,static-042,1750.2264159847982,11.491201448806114,11.460457986686379,11.611170606920496,12.264855938847177,12.341875000856817,128
B,0,static_contention_baseline_B_event_llm-only_r00_a01,43,static-043,1749.1429579968099,11.519639763805106,11.475667008198798,11.893462506122885,12.195921489037573,12.29633399634622,128
B,0,static_contention_baseline_B_event_llm-only_r00_a01,44,static-044,1749.4044589984696,11.505797244131742,11.454542021965608,11.81412520527374,12.372149245347826,12.436416000127792,128
B,0,static_contention_baseline_B_event_llm-only_r00_a01,45,static-045,1749.477792007383,11.511374669200851,11.469583987491205,11.995166799169965,12.305705002509058,12.380041996948421,128
B,0,static_contention_baseline_B_event_llm-only_r00_a01,46,static-046,1749.2380409967154,11.503409448778257,11.471042002085596,11.60376638872549,12.178063914179802,12.383666995447129,128
B,0,static_contention_baseline_B_event_llm-only_r00_a01,47,static-047,1750.0397920084652,11.529749346435011,11.485166003694758,11.878820494166575,12.460597805329598,12.478416989324614,128
B,0,static_contention_baseline_B_event_llm-only_r00_a01,48,static-048,1749.5492080051918,11.526140748059348,11.486750008771196,11.912504304200409,12.281734340940602,12.368083000183105,128
B,0,static_contention_baseline_B_event_llm-only_r00_a01,49,static-049,1748.849292023806,11.511567913364312,11.468041018815711,12.024362588999791,12.346242346102372,12.452374998247251,128
B,0,static_contention_baseline_B_event_llm-only_r00_a01,50,static-050,1749.2166250012815,11.509242779474457,11.475709005026147,11.733708792598916,12.177789086126722,12.311916012549773,128
B,0,static_contention_baseline_B_event_llm-only_r00_a01,51,static-051,1749.9477090022992,11.50652657489395,11.469874996691942,11.67932060197927,12.309851587051526,12.40470798802562,128
B,0,static_contention_baseline_B_event_llm-only_r00_a01,52,static-052,1751.1359579802956,11.619093181202409,11.472124984720722,12.441758799832314,13.649712510523383,13.867250003386289,128
B,0,static_contention_baseline_B_event_llm-only_r00_a01,53,static-053,1762.3970829881728,11.538694881949588,11.513082979945466,11.83088738762308,12.158403171924874,12.365208007395267,128
B,0,static_contention_baseline_B_event_llm-only_r00_a01,54,static-054,1750.8952079806477,11.533045937081681,11.490292003145441,11.945683200610802,12.359543581842445,12.480916018830612,128
B,0,static_contention_baseline_B_event_llm-only_r00_a01,55,static-055,1749.2230420175474,11.515834968487592,11.482208006782457,11.775446200044824,12.124423749628477,12.184833001811057,128
B,0,static_contention_baseline_B_event_llm-only_r00_a01,56,static-056,1750.6922080065124,11.499502952760599,11.472625017631799,11.760162707651034,12.099430926027708,12.451958988094702,128
B,0,static_contention_baseline_B_event_llm-only_r00_a01,57,static-057,1749.1902920010034,11.512555118043371,11.473708000266925,11.635949983610772,12.404462161357515,12.446958018699661,128
B,0,static_contention_baseline_B_event_llm-only_r00_a01,58,static-058,1749.30100000347,11.529722440974993,11.498084000777453,11.777408694615588,12.288558731670491,12.348707998171449,128
B,0,static_contention_baseline_B_event_llm-only_r00_a01,59,static-059,1750.525999988895,11.519904850430303,11.510791984619573,11.651370697654784,11.878368745092303,11.921333993086591,128
B,0,static_contention_baseline_B_event_llm-only_r00_a01,60,static-060,1749.17799999821,11.498250653664766,11.461207992397249,11.658791106310673,12.407819855725393,12.482041987823322,128
B,0,static_contention_baseline_B_event_llm-only_r00_a01,61,static-061,1749.845333979465,11.517219811010607,11.485208990052342,11.69838769128546,12.296881436486727,12.384957983158529,128
B,0,static_contention_baseline_B_event_llm-only_r00_a01,62,static-062,1750.665208994178,11.52801508653183,11.492124991491437,11.684728710679337,12.411041074665263,12.496040988480672,128
B,0,static_contention_baseline_B_event_llm-only_r00_a01,63,static-063,1751.6665000002831,11.525974086692967,11.491708020912483,11.663362599210814,12.381666077999398,12.458999990485609,128
B,0,static_contention_baseline_B_event_llm-only_r00_a01,64,static-064,1749.377333006123,11.519629921210475,11.474166996777058,11.78138311661314,12.450175937265158,12.500000011641532,128
B,0,static_contention_baseline_B_event_llm-only_r00_a01,65,static-065,1748.663292004494,11.526901243982367,11.493791011162102,11.823671308229676,12.370385326794349,12.51579201198183,128
B,0,static_contention_baseline_B_event_llm-only_r00_a01,66,static-066,1749.417540995637,11.522123362093533,11.485249997349456,11.818353613489307,12.132572156842798,12.323208997258916,128
B,0,static_contention_baseline_B_event_llm-only_r00_a01,67,static-067,1749.2744160117581,11.527645015744419,11.491540994029492,11.690420602099039,12.26646893483121,12.437915982445702,128
B,0,static_contention_baseline_B_event_llm-only_r00_a01,68,static-068,1748.8703329872806,11.58479298419121,11.525959009304643,12.106103706173597,12.492425140808336,12.61666600476019,128
B,0,static_contention_baseline_B_event_llm-only_r00_a01,69,static-069,1750.6204590026755,11.522045275599762,11.48920800187625,11.71099170751404,12.21562391729094,12.5408339954447,128
B,0,static_contention_baseline_B_event_llm-only_r00_a01,70,static-070,1749.3082090222742,11.523954724291647,11.493207974126562,11.611141110188328,12.301789508201182,12.353583995718509,128
B,0,static_contention_baseline_B_event_llm-only_r00_a01,71,static-071,1749.0177500003483,12.015616141743665,11.769125005230308,13.519674993585795,14.372997808968647,14.658625004813075,128
B,0,static_contention_baseline_B_event_llm-only_r00_a01,72,static-072,1753.3851670159493,11.516806102352305,11.479292006697506,11.77486241213046,12.265514668542892,12.370208976790309,128
B,0,static_contention_baseline_B_event_llm-only_r00_a01,73,static-073,1748.852832999546,11.534259189149424,11.482875008368865,11.940120591316372,12.40401233837474,12.52925000153482,128
B,0,static_contention_baseline_B_event_llm-only_r00_a01,74,static-074,1749.2491659941152,11.51911844086914,11.486874980619177,11.795878698467275,12.317661932902409,12.41466699866578,128
B,0,static_contention_baseline_B_event_llm-only_r00_a01,75,static-075,1752.0942499977536,11.516078417216919,11.479583015898243,11.719596292823553,12.349103770684449,12.439457990694791,128
B,0,static_contention_baseline_B_event_llm-only_r00_a01,76,static-076,1748.0095829814672,11.542213252034244,11.515958001837134,11.712095609982498,12.315525480662473,12.379915977362543,128
B,0,static_contention_baseline_B_event_llm-only_r00_a01,77,static-077,1750.1270000066143,11.528867125918165,11.501500004669651,11.710712485364638,12.160518417949788,12.282124982448295,128
B,0,static_contention_baseline_B_event_llm-only_r00_a01,78,static-078,1750.973124988377,11.50699409447229,11.488791991723701,11.706999805755913,12.057910667499527,12.276749999728054,128
B,0,static_contention_baseline_B_event_llm-only_r00_a01,79,static-079,1750.2156249829568,11.510643039465199,11.482166999485344,11.623295425670221,12.205291088321246,12.286749988561496,128
B,0,static_contention_baseline_B_event_llm-only_r00_a01,80,static-080,1750.1567500003148,11.54169553545245,11.484916001791134,11.987395596224815,12.274620012613013,12.42662500590086,128
B,0,static_contention_baseline_B_event_llm-only_r00_a01,81,static-081,1750.8884169801604,11.517614503867748,11.48399998783134,11.690287617966533,12.213531593442895,12.409958988428116,128
B,0,static_contention_baseline_B_event_llm-only_r00_a01,82,static-082,1751.6352499951608,11.521982614136132,11.479417007649317,11.926062384736724,12.345154857030138,12.45204100268893,128
B,0,static_contention_baseline_B_event_llm-only_r00_a01,83,static-083,1749.9034590146039,11.523176834590396,11.483209003927186,11.670474795391783,12.387997332261875,12.435124983312562,128
B,0,static_contention_baseline_B_event_llm-only_r00_a01,84,static-084,1750.4379169840831,11.540542322982793,11.493500001961365,11.922504391986873,12.32468041300308,12.376458005746827,128
B,0,static_contention_baseline_B_event_llm-only_r00_a01,85,static-085,1750.5336249887478,11.514568236183493,11.480625020340085,11.70846690365579,12.285082507296464,12.392665987135842,128
B,0,static_contention_baseline_B_event_llm-only_r00_a01,86,static-086,1751.1720409966074,11.309988519651668,11.223292007343844,11.616679397411644,11.938885428244248,12.002750008832663,128
B,0,static_contention_baseline_B_event_llm-only_r00_a01,87,static-087,1753.0873749929015,11.504130252118141,11.478625005111098,11.66661259776447,12.074535572319292,12.442374980309978,128
B,0,static_contention_baseline_B_event_llm-only_r00_a01,88,static-088,1752.7247079997323,11.50548720469251,11.471167003037408,11.624779389239848,12.34153900470119,12.378332990920171,128
B,0,static_contention_baseline_B_event_llm-only_r00_a01,89,static-089,1750.3199159982614,11.513099086738565,11.464875016827136,11.774912598775698,12.418331996886991,12.446750013623387,128
B,0,static_contention_baseline_B_event_llm-only_r00_a01,90,static-090,1766.7739999888,11.66648359847343,11.571666022064164,12.345554499188436,13.478281996212898,13.667999999597669,128
B,0,static_contention_baseline_B_event_llm-only_r00_a01,91,static-091,1750.0069169909693,11.517905181009821,11.477624997496605,11.899917008122427,12.230712822638452,12.35783298034221,128
B,0,static_contention_baseline_B_event_llm-only_r00_a01,92,static-092,1753.8606660091318,11.50927822037754,11.48341700900346,11.72627140476834,12.135764991980977,12.38812497467734,128
B,0,static_contention_baseline_B_event_llm-only_r00_a01,93,static-093,1752.0080000103917,11.5249799919685,11.487582989502698,11.66688319935929,12.436489417450503,12.505916994996369,128
B,0,static_contention_baseline_B_event_llm-only_r00_a01,94,static-094,1751.9945839885622,11.516346125936826,11.469832999864593,11.932991709909402,12.431037842761725,12.454875017283484,128
B,0,static_contention_baseline_B_event_llm-only_r00_a01,95,static-095,1753.1389590003528,11.520122370167496,11.495209007989615,11.727224997594021,12.123127166996708,12.285000004339963,128
B,0,static_contention_baseline_B_event_llm-only_r00_a01,96,static-096,1751.7436250054743,11.515629598339213,11.479875014629215,11.698416993021965,12.340954512474127,12.447458022506908,128
B,0,static_contention_baseline_B_event_llm-only_r00_a01,97,static-097,1754.2258329922333,11.535266078788581,11.491500015836209,11.849441201775331,12.380934505490586,12.505166989285499,128
B,0,static_contention_baseline_B_event_llm-only_r00_a01,98,static-098,1753.2190420024563,11.528227362079605,11.498792009660974,11.743103605112992,12.174750145641156,12.202916987007484,128
B,0,static_contention_baseline_B_event_llm-only_r00_a01,99,static-099,1754.2106250184588,11.542165684917077,11.490584001876414,12.010699999518692,12.388267641654238,12.463541002944112,128
B,0,static_contention_baseline_B_event_llm-only_r00_a01,100,static-100,1752.068582980428,11.52275426782609,11.476790998131037,11.96589991741348,12.302254353417084,12.42983402335085,128
B,0,static_contention_baseline_B_event_llm-only_r00_a01,101,static-101,1754.0367500041611,11.522316275573314,11.495542014017701,11.750895794830283,11.943627915461548,12.275541987037286,128
B,0,static_contention_baseline_B_event_llm-only_r00_a01,102,static-102,1753.2547910232097,11.520467196704864,11.477499996544793,11.855941094108857,12.37310890108347,12.508917017839849,128
B,0,static_contention_baseline_B_event_llm-only_r00_a01,103,static-103,1754.3647080019582,11.519988189134233,11.487125011626631,11.653249911614694,12.279890485224314,12.350292003247887,128
B,0,static_contention_baseline_B_event_llm-only_r00_a01,104,static-104,1753.9713750011288,11.522656165459377,11.493625002913177,11.798220602213405,12.191214991034938,12.357166007859632,128
B,0,static_contention_baseline_B_event_llm-only_r00_a01,105,static-105,1754.735124995932,11.508068897556074,11.46508299279958,11.653441889211535,12.404987492482178,12.487999978475273,128
B,0,static_contention_baseline_B_event_llm-only_r00_a01,106,static-106,1754.5030000037514,11.506239503876886,11.479000007966533,11.65914559387602,12.252696002833543,12.365250004222617,128
B,0,static_contention_baseline_B_event_llm-only_r00_a01,107,static-107,1753.6855829821434,11.52584186615789,11.491000012028962,11.737845608149653,12.312122323201038,12.333082995610312,128
B,0,static_contention_baseline_B_event_llm-only_r00_a01,108,static-108,1754.0284999995492,11.775752952767858,11.544791981577873,12.857129613985304,14.0121679083677,14.251582993892953,128
B,0,static_contention_baseline_B_event_llm-only_r00_a01,109,static-109,1761.437958019087,11.517187338469066,11.480584013042971,11.755687501863575,12.315758925396949,12.464667001040652,128
B,0,static_contention_baseline_B_event_llm-only_r00_a01,110,static-110,1754.7307089844253,11.521848094627613,11.498040985316038,11.796037494787013,12.21379948721733,12.405833986122161,128
B,0,static_contention_baseline_B_event_llm-only_r00_a01,111,static-111,1753.9884170109872,11.52211187387208,11.481958004878834,11.727674878784454,12.341653249459341,12.438332982128486,128
B,0,static_contention_baseline_B_event_llm-only_r00_a01,112,static-112,1756.5940000058617,11.524244425194999,11.488917021779343,11.817387392511591,12.261403590673579,12.423250009305775,128
B,0,static_contention_baseline_B_event_llm-only_r00_a01,113,static-113,1754.4483749952633,11.517006559224109,11.483915994176641,11.637204387807287,12.203777660615742,12.449625006411225,128
B,0,static_contention_baseline_B_event_llm-only_r00_a01,114,static-114,1753.7827090127394,11.521443566738254,11.490833014249802,11.827412503771484,12.105888914666139,12.356374994851649,128
B,0,static_contention_baseline_B_event_llm-only_r00_a01,115,static-115,1755.7753750006668,11.510684055241382,11.480624991236255,11.72435869812034,12.233915486722253,12.377790990285575,128
B,0,static_contention_baseline_B_event_llm-only_r00_a01,116,static-116,1755.098709021695,11.513337921250363,11.47479101200588,11.795333787449634,12.315271414117888,12.38958301837556,128
B,0,static_contention_baseline_B_event_llm-only_r00_a01,117,static-117,1754.5868339948356,11.528608921317632,11.487249983474612,11.803537592641076,12.434841082431376,12.454291980247945,128
B,0,static_contention_baseline_B_event_llm-only_r00_a01,118,static-118,1754.0919999883045,11.529217519766219,11.498749983729795,11.719166190596297,12.249671410536394,12.316833977820352,128
B,0,static_contention_baseline_B_event_llm-only_r00_a01,119,static-119,1756.0255409916863,11.511639440954685,11.484957998618484,11.673253489425406,12.128857164643703,12.434750009560958,128
B,0,static_contention_baseline_B_event_llm-only_r00_a01,120,static-120,1755.495334014995,11.51702000794375,11.485375027405098,11.6944124980364,12.311949408031065,12.470041983760893,128
B,0,static_contention_baseline_B_event_llm-only_r00_a01,121,static-121,1755.6688750046305,11.527742779406712,11.485583992907777,11.886991799110547,12.356422836892307,12.492999987443909,128
B,0,static_contention_baseline_B_event_llm-only_r00_a01,122,static-122,1754.5690829865634,11.529163055270397,11.489166994579136,11.937150105950423,12.128418916254304,12.37516599940136,128
B,0,static_contention_baseline_B_event_llm-only_r00_a01,123,static-123,1758.4895420004614,11.52082874006995,11.483042006148025,11.777125103981232,12.362946575158276,12.43183299084194,128
B,0,static_contention_baseline_B_event_llm-only_r00_a01,124,static-124,1756.6576249955688,11.505201441056176,11.472249985672534,11.705329394317232,12.174948763567953,12.28154098498635,128
B,0,static_contention_baseline_B_event_llm-only_r00_a01,125,static-125,1755.4871670145076,11.535272960584082,11.495707993162796,11.78064628620632,12.398582331370562,12.453040981199592,128
B,0,static_contention_baseline_B_event_llm-only_r00_a01,126,static-126,1756.6824999812525,11.51995374028219,11.48549999925308,11.825387499993665,12.136117923655547,12.484082981245592,128
B,0,static_contention_baseline_B_event_llm-only_r00_a01,127,static-127,1762.3918750032317,11.82173588977738,11.6584170027636,13.330662486259826,13.727271421230398,13.824624998960644,128
B,0,static_contention_baseline_B_event_llm-only_r00_a01,128,static-128,1754.9022500170395,11.518651243953737,11.488582997117192,11.763974995119495,12.010407816851512,12.36995801446028,128
B,0,static_contention_baseline_B_event_llm-only_r00_a01,129,static-129,1756.4375410147477,11.522101055038727,11.486083007184789,11.657537615974434,12.26082657580264,12.313000013818964,128
B,0,static_contention_baseline_B_event_llm-only_r00_a01,130,static-130,1756.625542009715,11.530991472481698,11.502000008476898,11.629387686843984,12.287480923114344,12.38362499861978,128
B,0,static_contention_baseline_B_event_llm-only_r00_a01,131,static-131,1754.885332979029,11.50983103938716,11.485583003377542,11.678212697734125,12.194647505530154,12.28250001440756,128
B,0,static_contention_baseline_B_event_llm-only_r00_a01,132,static-132,1756.594916980248,11.52620472446612,11.48808398284018,11.830954506876878,12.226307081873529,12.396917009027675,128
B,0,static_contention_baseline_B_event_llm-only_r00_a01,133,static-133,1759.2923339980189,11.53049212591686,11.489124997751787,11.943771404912694,12.368155504227616,12.401665997458622,128
B,0,static_contention_baseline_B_event_llm-only_r00_a01,134,static-134,1757.0912080118433,11.526960299091824,11.482125002657995,11.707175106857903,12.392289844574407,12.443749990779907,128
B,0,static_contention_baseline_B_event_llm-only_r00_a01,135,static-135,1757.350542000495,11.538580708539362,11.506750015541911,11.720974984928034,12.340786584536545,12.377917009871453,128
B,0,static_contention_baseline_B_event_llm-only_r00_a01,136,static-136,1757.072208012687,11.541619755723698,11.494874983327463,11.91640020115301,12.280837082071228,12.511374981841072,128
B,0,static_contention_baseline_B_event_llm-only_r00_a01,137,static-137,1757.4769160128199,11.512529858210176,11.483875015983358,11.717066194978543,12.388387349783443,12.40329199936241,128
B,0,static_contention_baseline_B_event_llm-only_r00_a01,138,static-138,1757.0153750129975,11.530231299221619,11.495916987769306,11.700425003073178,12.348594486247748,12.373583973385394,128
B,0,static_contention_baseline_B_event_llm-only_r00_a01,139,static-139,1757.1989999851212,11.548609582809952,11.494250007672235,12.070658907759933,12.436030565295368,12.496292009018362,128
B,0,static_contention_baseline_B_event_llm-only_r00_a01,140,static-140,1758.5484579904005,11.532253283488483,11.499042011564597,11.767925103777086,12.278734344872646,12.356084014754742,128
B,0,static_contention_baseline_B_event_llm-only_r00_a01,141,static-141,1758.0080420011654,11.528023952658573,11.496250022901222,11.743541294708848,12.229346254025584,12.498708005296066,128
B,0,static_contention_baseline_B_event_llm-only_r00_a01,142,static-142,1756.9732500123791,11.304939307105602,11.230292002437636,11.513150203973055,12.04102764255367,12.213459005579352,128
B,0,static_contention_baseline_B_event_llm-only_r00_a01,143,static-143,1759.2832080263179,11.568211613948948,11.519874999066815,11.883816184126772,12.385189491324127,12.486417021136731,128
B,0,static_contention_baseline_B_event_llm-only_r00_a01,144,static-144,1759.2450000229292,11.52087893684424,11.489791999338195,11.710450105601922,12.355957501567898,12.416249985108152,128
B,0,static_contention_baseline_B_event_llm-only_r00_a01,145,static-145,1758.2797080103774,11.520255905416553,11.486791976494715,11.836696419049986,12.24219216965139,12.339166976744309,128
B,0,static_contention_baseline_B_event_llm-only_r00_a01,146,static-146,1774.001000012504,11.573794621911897,11.515332997078076,11.910699983127412,12.837226075353101,13.60383300925605,128
B,0,static_contention_baseline_B_event_llm-only_r00_a01,147,static-147,1759.9437920143828,11.538272960511161,11.496207996970043,11.817221195087766,12.3249590722844,12.419999984558672,128
B,0,static_contention_baseline_B_event_llm-only_r00_a01,148,static-148,1760.449666006025,11.546652889893002,11.512249999213964,11.7056420102017,12.388966249418445,12.442124978406355,128
B,0,static_contention_baseline_B_event_llm-only_r00_a01,149,static-149,1758.4996249934193,11.544560039403123,11.509708012454212,11.845679595717229,12.31443892174866,12.506708008004352,128
B,1,static_contention_baseline_B_event_llm-only_r01_a01,0,static-000,1728.5245840030257,11.511025590525104,11.466124997241423,11.82286261464469,12.392077342956327,12.453959003323689,128
B,1,static_contention_baseline_B_event_llm-only_r01_a01,1,static-001,1727.886833017692,11.529348755812668,11.50608400348574,11.653307994129136,12.115287500200793,12.396250007441267,128
B,1,static_contention_baseline_B_event_llm-only_r01_a01,2,static-002,1736.7939999967348,11.515603346454977,11.480415996629745,11.685032994137146,12.296568009769544,12.40104201133363,128
B,1,static_contention_baseline_B_event_llm-only_r01_a01,3,static-003,1743.754540977534,11.561684385831212,11.507583985803649,12.17673741048202,12.350380499265157,12.375332997180521,128
B,1,static_contention_baseline_B_event_llm-only_r01_a01,4,static-004,1746.059791999869,11.529032803025082,11.49295800132677,11.769596417434514,12.318156432593241,12.454542011255398,128
B,1,static_contention_baseline_B_event_llm-only_r01_a01,5,static-005,1749.2571670154575,11.51408136209957,11.48174999980256,11.62324100441765,12.356461826711893,12.434333009878173,128
B,1,static_contention_baseline_B_event_llm-only_r01_a01,6,static-006,1753.887750004651,11.514622047103531,11.480165994726121,11.682928595109843,12.149077147478238,12.340874993242323,128
B,1,static_contention_baseline_B_event_llm-only_r01_a01,7,static-007,1753.8223750016186,11.528992448845424,11.49141599307768,11.806370492558925,12.282737488858402,12.351000012131408,128
B,1,static_contention_baseline_B_event_llm-only_r01_a01,8,static-008,1755.8083340118174,11.521639102312744,11.486167000839487,11.758417103555985,12.454359658877365,12.486584018915892,128
B,1,static_contention_baseline_B_event_llm-only_r01_a01,9,static-009,1768.478290992789,11.566034126082641,11.51499999104999,11.869979283073917,12.471586434985511,12.642125017009676,128
B,1,static_contention_baseline_B_event_llm-only_r01_a01,10,static-010,1761.1404999915976,11.543848425082086,11.508458002936095,11.938733290298842,12.240688416059129,12.329124991083518,128
B,1,static_contention_baseline_B_event_llm-only_r01_a01,11,static-011,1759.6248750051018,11.550085299179017,11.51070900959894,11.943208792945368,12.430722010321915,12.458750017685816,128
B,1,static_contention_baseline_B_event_llm-only_r01_a01,12,static-012,1760.627583018504,11.520284779395498,11.496208986500278,11.715904393349774,11.87898107629735,12.334125000052154,128
B,1,static_contention_baseline_B_event_llm-only_r01_a01,13,static-013,1763.1419170065783,11.526283795219355,11.496833001729101,11.75754607829731,12.132264349493196,12.595542008057237,128
B,1,static_contention_baseline_B_event_llm-only_r01_a01,14,static-014,1763.1934999953955,11.522556102365314,11.478417000034824,11.86417870048899,12.281489835586399,12.350959004834294,128
B,1,static_contention_baseline_B_event_llm-only_r01_a01,15,static-015,1763.2254170021042,11.551811354322814,11.51129198842682,11.980691397911865,12.431363916257396,12.463249993743375,128
B,1,static_contention_baseline_B_event_llm-only_r01_a01,16,static-016,1765.018209000118,11.54647866932228,11.516416998347268,11.695254500955343,12.26252483553253,12.523666024208069,128
B,1,static_contention_baseline_B_event_llm-only_r01_a01,17,static-017,1765.3234169993084,11.542237527607977,11.513375007780269,11.725465991185047,12.267929426743649,12.54208298632875,128
B,1,static_contention_baseline_B_event_llm-only_r01_a01,18,static-018,1765.3469580109231,11.51954429132468,11.483915994176641,11.775324994232506,12.292007171781734,12.401375017361715,128
B,1,static_contention_baseline_B_event_llm-only_r01_a01,19,static-019,1764.8370829992928,11.522308071043094,11.48229098180309,11.763787502422929,12.359144499641843,12.391833995934576,128
B,1,static_contention_baseline_B_event_llm-only_r01_a01,20,static-020,1765.2736250020098,11.525018047403881,11.503457993967459,11.629353699390776,12.206460485467685,12.273250002181157,128
B,1,static_contention_baseline_B_event_llm-only_r01_a01,21,static-021,1765.5021660029888,11.553608598352564,11.504583992064,11.957662503118625,12.459260172327049,12.566000019432977,128
B,1,static_contention_baseline_B_event_llm-only_r01_a01,22,static-022,1769.1304160107393,11.519417984137958,11.486291012261063,11.730949886259621,12.146566570736468,12.418415979482234,128
B,1,static_contention_baseline_B_event_llm-only_r01_a01,23,static-023,1767.661458987277,11.531150590685218,11.502583016408607,11.6746161977062,12.40039693075232,12.47520899050869,128
B,1,static_contention_baseline_B_event_llm-only_r01_a01,24,static-024,1767.4099159776233,11.539234913377767,11.500374996103346,11.75596620887518,12.26046200201381,12.403625005390495,128
B,1,static_contention_baseline_B_event_llm-only_r01_a01,25,static-025,1766.8270830181427,11.532451118036414,11.509417003253475,11.678908800240606,12.359043581527658,12.417208024999127,128
B,1,static_contention_baseline_B_event_llm-only_r01_a01,26,static-026,1766.1264170019422,11.549281496068785,11.517500010086223,11.821808206150308,12.301467653014697,12.48191698687151,128
B,1,static_contention_baseline_B_event_llm-only_r01_a01,27,static-027,1769.267208990641,11.88149901590948,11.684459022944793,13.41394200862851,14.634124578442425,14.889499987475574,128
B,1,static_contention_baseline_B_event_llm-only_r01_a01,28,static-028,1773.2734169985633,11.560912732141254,11.520000000018626,11.946212491602637,12.26269559119828,12.520458025392145,128
B,1,static_contention_baseline_B_event_llm-only_r01_a01,29,static-029,1768.674041988561,11.55447177969352,11.499457992613316,12.108641106169667,12.47927815944422,12.509207997936755,128
B,1,static_contention_baseline_B_event_llm-only_r01_a01,30,static-030,1768.6625000205822,11.523398299157018,11.504041991429403,11.626945601892658,12.127141585806385,12.443624989828095,128
B,1,static_contention_baseline_B_event_llm-only_r01_a01,31,static-031,1771.2467079982162,11.552796259799269,11.519583989866078,11.728775096707977,12.319301413372159,12.392250006087124,128
B,1,static_contention_baseline_B_event_llm-only_r01_a01,32,static-032,1769.8578340059612,11.537744747988118,11.497790983412415,11.749596302979624,12.351715672994033,12.396917009027675,128
B,1,static_contention_baseline_B_event_llm-only_r01_a01,33,static-033,1770.3694580122828,11.559144031406769,11.526832997333258,11.857324905577114,12.369783910107799,12.516749993665144,128
B,1,static_contention_baseline_B_event_llm-only_r01_a01,34,static-034,1768.94129201537,11.525446519724966,11.495625018142164,11.68612510082312,12.168260669568554,12.239792005857453,128
B,1,static_contention_baseline_B_event_llm-only_r01_a01,35,static-035,1771.4845000009518,11.53254166944869,11.494250007672235,11.746325102285482,12.306375920306891,12.38212501630187,128
B,1,static_contention_baseline_B_event_llm-only_r01_a01,36,static-036,1771.952750015771,11.542791015776535,11.49445801274851,11.8796749971807,12.197361575672403,12.413125019520521,128
B,1,static_contention_baseline_B_event_llm-only_r01_a01,37,static-037,1770.6730839854572,11.531087921430013,11.493791011162102,11.68651689949911,12.354376839939505,12.463500024750829,128
B,1,static_contention_baseline_B_event_llm-only_r01_a01,38,static-038,1770.5261660157703,11.521401574723349,11.4862080081366,11.83826229535043,12.288494334788993,12.545792007585987,128
B,1,static_contention_baseline_B_event_llm-only_r01_a01,39,static-039,1771.741333999671,11.548219811020962,11.508583993418142,11.901079499511978,12.282185920630582,12.328583979979157,128
B,1,static_contention_baseline_B_event_llm-only_r01_a01,40,static-040,1770.472834003158,11.544013779526063,11.503290996188298,11.890191806014627,12.330542161362246,12.466499989386648,128
B,1,static_contention_baseline_B_event_llm-only_r01_a01,41,static-041,1771.7078749847133,11.548260496113464,11.516707978444174,11.857137488550505,12.29184592841193,12.38658299553208,128
B,1,static_contention_baseline_B_event_llm-only_r01_a01,42,static-042,1773.9704579871614,11.518226047303147,11.497500003315508,11.700166997616178,11.989786091144197,12.429459020495415,128
B,1,static_contention_baseline_B_event_llm-only_r01_a01,43,static-043,1772.210625000298,11.528963905550158,11.515165999298915,11.68424999632407,11.921801916905679,11.929208994843066,128
B,1,static_contention_baseline_B_event_llm-only_r01_a01,44,static-044,1772.6987499918323,11.520815944926095,11.493500001961365,11.698837514268234,12.234510346897878,12.331000005360693,128
B,1,static_contention_baseline_B_event_llm-only_r01_a01,45,static-045,1772.6617919979617,11.537283795333915,11.503165995236486,11.843654213589614,12.193565654451959,12.38420800655149,128
B,1,static_contention_baseline_B_event_llm-only_r01_a01,46,static-046,1788.7678749975748,11.650483598556795,11.550333991181105,12.034316890640184,13.727352329879066,13.82049999665469,128
B,1,static_contention_baseline_B_event_llm-only_r01_a01,47,static-047,1773.4402079950087,11.52731070096062,11.49929198436439,11.656945498543791,12.214436909998767,12.481375015340745,128
B,1,static_contention_baseline_B_event_llm-only_r01_a01,48,static-048,1774.3147919827607,11.538914692868648,11.489666998386383,11.939966803765852,12.392830011667684,12.479957978939638,128
B,1,static_contention_baseline_B_event_llm-only_r01_a01,49,static-049,1772.9048750188667,11.534148621864206,11.498000007122755,11.903028486995026,12.267162665957585,12.471333000576124,128
B,1,static_contention_baseline_B_event_llm-only_r01_a01,50,static-050,1774.7692909906618,11.529760503972785,11.49908298975788,11.70662499498576,12.388057348434813,12.469750014133751,128
B,1,static_contention_baseline_B_event_llm-only_r01_a01,51,static-051,1773.6972499988042,11.52473228330922,11.50437499745749,11.632745389943011,12.11404266534373,12.344249989837408,128
B,1,static_contention_baseline_B_event_llm-only_r01_a01,52,static-052,1773.6639579816256,11.528314630029811,11.501208995468915,11.69266248762142,12.265084073878823,12.526875012554228,128
B,1,static_contention_baseline_B_event_llm-only_r01_a01,53,static-053,1774.222208012361,11.53300262989447,11.505792004754767,11.69055450882297,12.230539852171205,12.314042018260807,128
B,1,static_contention_baseline_B_event_llm-only_r01_a01,54,static-054,1774.4184579933062,11.546166007788338,11.500874999910593,11.907600084668957,12.364137500990182,12.451000016881153,128
B,1,static_contention_baseline_B_event_llm-only_r01_a01,55,static-055,1774.4357089977711,11.522190283487118,11.518708983203396,11.627429310465232,11.823948926758021,11.980207986198366,128
B,1,static_contention_baseline_B_event_llm-only_r01_a01,56,static-056,1775.5425419891253,11.530750653638659,11.501999979373068,11.62255008239299,12.233858759282157,12.413624994223937,128
B,1,static_contention_baseline_B_event_llm-only_r01_a01,57,static-057,1774.3055829778314,11.57845045677313,11.523542023496702,11.878737615188584,12.526366413221695,12.5654999865219,128
B,1,static_contention_baseline_B_event_llm-only_r01_a01,58,static-058,1774.2510419921018,11.545688645844532,11.51129198842682,11.82378299999982,12.25834749871865,12.422041996615008,128
B,1,static_contention_baseline_B_event_llm-only_r01_a01,59,static-059,1774.1309170087334,11.537410432975152,11.507125018397346,11.825024898280388,12.201727843494153,12.369166972348467,128
B,1,static_contention_baseline_B_event_llm-only_r01_a01,60,static-060,1775.4959170124494,11.534032811077063,11.493084020912647,11.797004402615128,12.296021579531953,12.435790995368734,128
B,1,static_contention_baseline_B_event_llm-only_r01_a01,61,static-061,1773.8379160000477,11.543379267897663,11.50304198381491,11.932824805262499,12.323458773316815,12.419709004461765,128
B,1,static_contention_baseline_B_event_llm-only_r01_a01,62,static-062,1775.702334009111,11.532932086563559,11.511042015627027,11.692817002767697,12.205641571781596,12.305083015235141,128
B,1,static_contention_baseline_B_event_llm-only_r01_a01,63,static-063,1773.9324159920216,11.540391078854977,11.510666983667761,11.780320704565383,12.238498923834413,12.284708995139226,128
B,1,static_contention_baseline_B_event_llm-only_r01_a01,64,static-064,1775.487584003713,11.84410366938288,11.688375001540408,13.221233594231308,13.482247514766641,13.618333003250882,128
B,1,static_contention_baseline_B_event_llm-only_r01_a01,65,static-065,1776.5390000131447,11.545694558963723,11.5095830115024,11.831758104381151,12.225913003203459,12.33841700013727,128
B,1,static_contention_baseline_B_event_llm-only_r01_a01,66,static-066,1776.8963749986142,11.542907811052306,11.506292008562014,11.73932480160147,12.362941234605387,12.400750012602657,128
B,1,static_contention_baseline_B_event_llm-only_r01_a01,67,static-067,1775.324707996333,11.544536086721493,11.510916985571384,11.720191308995709,12.13193609029986,12.518790987087414,128
B,1,static_contention_baseline_B_event_llm-only_r01_a01,68,static-068,1774.7451670002192,11.530990487993071,11.508958006743342,11.700058190035634,12.000458559487015,12.51499998033978,128
B,1,static_contention_baseline_B_event_llm-only_r01_a01,69,static-069,1776.4977090118919,11.561554787390843,11.522208020323887,11.86390791554004,12.514165921602398,12.53766700392589,128
B,1,static_contention_baseline_B_event_llm-only_r01_a01,70,static-070,1775.7193339930382,11.528645992035223,11.48470799671486,11.744325002655385,12.403512086020783,12.493042013375089,128
B,1,static_contention_baseline_B_event_llm-only_r01_a01,71,static-071,1775.907000002917,11.520172566941785,11.504458001581952,11.630133600556292,12.10029159905389,12.18737498857081,128
B,1,static_contention_baseline_B_event_llm-only_r01_a01,72,static-072,1776.7022080079187,11.54877034641113,11.511374992551282,11.77378731081262,12.354248142801225,12.381625012494624,128
B,1,static_contention_baseline_B_event_llm-only_r01_a01,73,static-073,1774.0440410270821,11.555286094328155,11.490542005049065,11.90808761457447,12.449965513660572,12.455833988497034,128
B,1,static_contention_baseline_B_event_llm-only_r01_a01,74,static-074,1776.2587080069352,11.531502952823034,11.507625022204593,11.670396194676869,12.339195153908802,12.542166979983449,128
B,1,static_contention_baseline_B_event_llm-only_r01_a01,75,static-075,1778.0940840020776,11.517497369887556,11.492334015201777,11.681608084472828,12.205293572042137,12.259999988600612,128
B,1,static_contention_baseline_B_event_llm-only_r01_a01,76,static-076,1776.331749977544,11.53503511033175,11.503249988891184,11.765483912313357,12.27793698955793,12.384999979985878,128
B,1,static_contention_baseline_B_event_llm-only_r01_a01,77,static-077,1777.7233340020757,11.570463905534451,11.528542003361508,11.837299988837913,12.309445004211739,12.479000026360154,128
B,1,static_contention_baseline_B_event_llm-only_r01_a01,78,static-078,1775.3183339955285,11.535530181154316,11.504291993333027,11.780595802702008,12.156569090439007,12.244249985087663,128
B,1,static_contention_baseline_B_event_llm-only_r01_a01,79,static-079,1775.2939170168247,11.55842355118815,11.528125003678724,11.795374896610156,12.236015013768336,12.512958026491106,128
B,1,static_contention_baseline_B_event_llm-only_r01_a01,80,static-080,1777.3092499992345,11.525656165386454,11.49762500426732,11.689221215783618,12.334923927555792,12.42604199796915,128
B,1,static_contention_baseline_B_event_llm-only_r01_a01,81,static-081,1776.8421249929816,11.542110236161792,11.508250026963651,11.86718370008748,12.326704228762537,12.400875013554469,128
B,1,static_contention_baseline_B_event_llm-only_r01_a01,82,static-082,1776.8567920138594,11.553906495994559,11.502417008159682,12.166379496920854,12.363360918825492,12.50658300705254,128
B,1,static_contention_baseline_B_event_llm-only_r01_a01,83,static-083,1789.3042500072625,11.617201771614633,11.533583019627258,12.101171098765917,13.054722853703424,13.678666000487283,128
B,1,static_contention_baseline_B_event_llm-only_r01_a01,84,static-084,1778.1945840106346,11.515425196867143,11.492874997202307,11.62797951255925,12.02720157976728,12.350833014352247,128
B,1,static_contention_baseline_B_event_llm-only_r01_a01,85,static-085,1779.0275420120452,11.560748362185903,11.51050001499243,11.933408904587848,12.364130005589686,12.503082980401814,128
B,1,static_contention_baseline_B_event_llm-only_r01_a01,86,static-086,1778.6649169865996,11.54871522054795,11.503375018946826,11.927241992088964,12.369723913725466,12.60400001774542,128
B,1,static_contention_baseline_B_event_llm-only_r01_a01,87,static-087,1778.1210420071147,11.516872700624623,11.503707995871082,11.64953309635166,12.104581080493515,12.360915978206322,128
B,1,static_contention_baseline_B_event_llm-only_r01_a01,88,static-088,1777.2474999947008,11.533701118158808,11.516832979395986,11.64987489755731,12.194112327415496,12.282959010917693,128
B,1,static_contention_baseline_B_event_llm-only_r01_a01,89,static-089,1777.1970840112772,11.541594810991027,11.513874982483685,11.900766912731342,12.317701925057916,12.430792005034164,128
B,1,static_contention_baseline_B_event_llm-only_r01_a01,90,static-090,1778.335542010609,11.543309385704948,11.508791998494416,11.778262592270037,12.427962847286834,12.489166983868927,128
B,1,static_contention_baseline_B_event_llm-only_r01_a01,91,static-091,1777.623375004623,11.52542913373831,11.504249996505678,11.698074906598777,12.172141562332397,12.461667007301003,128
B,1,static_contention_baseline_B_event_llm-only_r01_a01,92,static-092,1778.9091659942642,11.52320833868479,11.50533399777487,11.683683295268565,12.05613249912858,12.155292002717033,128
B,1,static_contention_baseline_B_event_llm-only_r01_a01,93,static-093,1776.196416001767,11.54670046457258,11.502332985401154,11.927821405697612,12.496869839378633,12.53300000098534,128
B,1,static_contention_baseline_B_event_llm-only_r01_a01,94,static-094,1779.4913749967236,11.574429787345245,11.534374993061647,11.96256679832004,12.298723004641941,12.403917004121467,128
B,1,static_contention_baseline_B_event_llm-only_r01_a01,95,static-095,1779.9325840023812,11.526179456612184,11.50358299491927,11.634133601910435,11.947001405060291,12.203167018014938,128
B,1,static_contention_baseline_B_event_llm-only_r01_a01,96,static-096,1778.7936250097118,11.547360236034178,11.511792021337897,11.789600187330505,12.14111983310431,12.271790998056531,128
B,1,static_contention_baseline_B_event_llm-only_r01_a01,97,static-097,1779.1144170041662,11.53443307078656,11.495542014017701,11.769741197349504,12.20568815304432,12.281290983082727,128
B,1,static_contention_baseline_B_event_llm-only_r01_a01,98,static-098,1777.7041659865063,11.44764304741315,11.472833983134478,11.634762599715032,12.070939670666121,12.455999996745959,128
B,1,static_contention_baseline_B_event_llm-only_r01_a01,99,static-099,1780.5255420098547,11.536793960450863,11.519374995259568,11.697333605843596,12.164141091052443,12.310499994782731,128
B,1,static_contention_baseline_B_event_llm-only_r01_a01,100,static-100,1780.3847080213018,11.546427165396423,11.515375023009256,11.853458706173113,12.1493071509758,12.238708004588261,128
B,1,static_contention_baseline_B_event_llm-only_r01_a01,101,static-101,1778.4263750072569,12.371066929066671,12.006542005110532,14.152046293020248,14.757801265222952,14.841875003185123,128
B,1,static_contention_baseline_B_event_llm-only_r01_a01,102,static-102,1785.1764590013772,11.527858590652183,11.48979100980796,11.756916090962475,12.184068577480502,12.429249996785074,128
B,1,static_contention_baseline_B_event_llm-only_r01_a01,103,static-103,1778.6965830018744,11.536283464598155,11.512166995089501,11.649345597834326,12.266685665235855,12.524958001449704,128
B,1,static_contention_baseline_B_event_llm-only_r01_a01,104,static-104,1780.3200419875793,11.537050519653736,11.50904200039804,11.692365983617492,12.117295498610474,12.415291013894603,128
B,1,static_contention_baseline_B_event_llm-only_r01_a01,105,static-105,1780.4849579988513,11.549600070951081,11.505000002216548,11.830312391975895,12.370597845874725,12.480500008678064,128
B,1,static_contention_baseline_B_event_llm-only_r01_a01,106,static-106,1779.4500419986434,11.552046259817498,11.500082997372374,11.875032895477489,12.465410517179407,12.520000018412247,128
B,1,static_contention_baseline_B_event_llm-only_r01_a01,107,static-107,1778.2181669899728,11.51652657495643,11.498083011247218,11.676320695551112,12.134886073181406,12.289291014894843,128
B,1,static_contention_baseline_B_event_llm-only_r01_a01,108,static-108,1778.92716700444,11.533758196728597,11.50824999785982,11.667479309835471,12.32513425289653,12.496084003942087,128
B,1,static_contention_baseline_B_event_llm-only_r01_a01,109,static-109,1779.873833002057,11.546487204536179,11.514290992636234,11.87165820156224,12.295390922226941,12.389999988954514,128
B,1,static_contention_baseline_B_event_llm-only_r01_a01,110,static-110,1779.4954160053749,11.54909383457,11.521165986778215,11.822150010266341,12.158647160395047,12.388500006636605,128
B,1,static_contention_baseline_B_event_llm-only_r01_a01,111,static-111,1780.2570409839973,11.539118110310419,11.505667003802955,11.734449907089584,12.37892907753121,12.491417001001537,128
B,1,static_contention_baseline_B_event_llm-only_r01_a01,112,static-112,1779.962250002427,11.53683464577253,11.510999989695847,11.656362697249278,12.203764350851998,12.475208000978455,128
B,1,static_contention_baseline_B_event_llm-only_r01_a01,113,static-113,1779.6771659923252,11.53604888978715,11.51445900904946,11.662462397362106,12.10607392131351,12.145041982876137,128
B,1,static_contention_baseline_B_event_llm-only_r01_a01,114,static-114,1780.7132090092637,11.534341535343987,11.503457993967459,11.693229421507567,12.141531578963622,12.460874975658953,128
B,1,static_contention_baseline_B_event_llm-only_r01_a01,115,static-115,1781.280124996556,11.517975393657052,11.497999978018925,11.634412486455403,12.182893413701095,12.229208019562066,128
B,1,static_contention_baseline_B_event_llm-only_r01_a01,116,static-116,1777.9837920097634,11.542443897598973,11.516165977809578,11.681208302616142,12.068884345353581,12.433916999725625,128
B,1,static_contention_baseline_B_event_llm-only_r01_a01,117,static-117,1781.6520000051241,11.556916007832587,11.518957995576784,11.840408199350348,12.360610168543642,12.530583015177399,128
B,1,static_contention_baseline_B_event_llm-only_r01_a01,118,static-118,1779.5023749931715,11.523155842478731,11.497667001094669,11.651745790732093,12.00853232468944,12.04791700001806,128
B,1,static_contention_baseline_B_event_llm-only_r01_a01,119,static-119,1780.7956670003477,11.552541669344485,11.504291993333027,11.925887694815174,12.507932172738945,13.189999997848645,128
B,1,static_contention_baseline_B_event_llm-only_r01_a01,120,static-120,1798.6951670027338,11.553747700912306,11.50829199468717,11.86337501858361,12.129687495762482,12.228000006871298,128
B,1,static_contention_baseline_B_event_llm-only_r01_a01,121,static-121,1781.166457978543,11.56409088188533,11.5309169923421,11.892725006327964,12.230203588260336,12.407582980813459,128
B,1,static_contention_baseline_B_event_llm-only_r01_a01,122,static-122,1780.520250002155,11.542291669440859,11.513083998579532,11.68895810842514,12.363532163435593,12.501624994911253,128
B,1,static_contention_baseline_B_event_llm-only_r01_a01,123,static-123,1781.1361250060145,11.538153212686165,11.516875005327165,11.758120692684313,12.039502672851086,12.256582995178178,128
B,1,static_contention_baseline_B_event_llm-only_r01_a01,124,static-124,1780.6964579795022,11.539247378067106,11.513667006511241,11.682067083893344,12.28692449571099,12.404250010149553,128
B,1,static_contention_baseline_B_event_llm-only_r01_a01,125,static-125,1782.7777919883374,11.561484905656457,11.512833007145673,12.001196213532237,12.336872160085477,12.597541994182393,128
B,1,static_contention_baseline_B_event_llm-only_r01_a01,126,static-126,1781.4398340124171,11.522059708578864,11.494916980154812,11.747303602169266,11.981083920691162,12.297749985009432,128
B,1,static_contention_baseline_B_event_llm-only_r01_a01,127,static-127,1780.4799579898827,11.532819881901423,11.51650000247173,11.664004501653835,11.95236966595985,12.019540998153389,128
B,1,static_contention_baseline_B_event_llm-only_r01_a01,128,static-128,1781.2128749792464,11.534306763829003,11.50604200665839,11.771829309873283,12.155102076940238,12.231708009494469,128
B,1,static_contention_baseline_B_event_llm-only_r01_a01,129,static-129,1780.1772910170257,11.549775921107145,11.511791992234066,11.739020503591746,12.27643283084035,12.501791003160179,128
B,1,static_contention_baseline_B_event_llm-only_r01_a01,130,static-130,1781.7488750151824,11.546418968428616,11.505500006023794,11.886591810616665,12.268431981792673,12.377874983940274,128
B,1,static_contention_baseline_B_event_llm-only_r01_a01,131,static-131,1780.1591669849586,11.537911748058917,11.496332997921854,11.767237485037183,12.478399495012127,12.537708011223003,128
B,1,static_contention_baseline_B_event_llm-only_r01_a01,132,static-132,1781.9771250069607,11.534804133854175,11.507666000397876,11.693025002023205,12.145733902580105,12.263832992175594,128
B,1,static_contention_baseline_B_event_llm-only_r01_a01,133,static-133,1781.9325409946032,11.546276905528071,11.522042012074962,11.711041303351521,12.141991590615362,12.242249998962507,128
B,1,static_contention_baseline_B_event_llm-only_r01_a01,134,static-134,1781.733624986373,11.535043307299556,11.503709014505148,11.701637608348392,12.062422926537693,12.405916990246624,128
B,1,static_contention_baseline_B_event_llm-only_r01_a01,135,static-135,1782.2014999983367,11.524518370155363,11.518084007548168,11.661658211960457,11.981639424921013,12.029166013235226,128
B,1,static_contention_baseline_B_event_llm-only_r01_a01,136,static-136,1782.404375000624,11.518021976285592,11.486749979667366,11.659545713337138,12.308405327494256,12.434917007340118,128
B,1,static_contention_baseline_B_event_llm-only_r01_a01,137,static-137,1782.187457982218,11.573098755971433,11.51054201181978,11.994225010857917,12.51783600426279,12.599915993632749,128
B,1,static_contention_baseline_B_event_llm-only_r01_a01,138,static-138,1789.5720829837956,11.880031165366216,11.675874993670732,13.385550110251643,13.678510172758251,14.694707992020994,128
B,1,static_contention_baseline_B_event_llm-only_r01_a01,139,static-139,1781.778000004124,11.526765086638601,11.513167002703995,11.64802061393857,11.9294674921548,11.97333401069045,128
B,1,static_contention_baseline_B_event_llm-only_r01_a01,140,static-140,1782.9135420033708,11.509898622148105,11.48570902296342,11.618753589573316,12.22519409493543,12.388208007905632,128
B,1,static_contention_baseline_B_event_llm-only_r01_a01,141,static-141,1783.4129580005538,11.556314960567603,11.519666004460305,11.768067080993204,12.213301235460676,12.273208994884044,128
B,1,static_contention_baseline_B_event_llm-only_r01_a01,142,static-142,1782.6992920017801,11.521610236125374,11.496000020997599,11.645258017233573,12.179048733087255,12.279333983315155,128
B,1,static_contention_baseline_B_event_llm-only_r01_a01,143,static-143,1782.733250001911,11.532572181033718,11.49929198436439,11.84172948997002,12.336983923451042,12.54137497744523,128
B,1,static_contention_baseline_B_event_llm-only_r01_a01,144,static-144,1783.0533750238828,11.531982936861551,11.507084011100233,11.69754990551155,12.07501683908049,12.093541998183355,128
B,1,static_contention_baseline_B_event_llm-only_r01_a01,145,static-145,1781.7907499847934,11.550366795322983,11.524415982421488,11.824021194479426,12.171691421535796,12.243000004673377,128
B,1,static_contention_baseline_B_event_llm-only_r01_a01,146,static-146,1784.7005419898778,11.552912724391359,11.525042005814612,11.716012575197965,12.213621583068743,12.388208997435868,128
B,1,static_contention_baseline_B_event_llm-only_r01_a01,147,static-147,1782.80374998576,11.548399606464782,11.52100000763312,11.859753608587198,11.982401487184688,12.021916976664215,128
B,1,static_contention_baseline_B_event_llm-only_r01_a01,148,static-148,1782.8534170112107,11.528126306934503,11.503832996822894,11.676245497073978,12.061225007055327,12.261999974725768,128
B,1,static_contention_baseline_B_event_llm-only_r01_a01,149,static-149,1782.04737501801,11.56509711015713,11.518249986693263,11.908229609252885,12.46782642614562,12.507832987466827,128
B,2,static_contention_baseline_B_event_llm-only_r02_a01,0,static-000,1745.3251670231111,11.491914370049553,11.468207987491041,11.61439550051,12.138043419108724,12.245749996509403,128
B,2,static_contention_baseline_B_event_llm-only_r02_a01,1,static-001,1766.2633330037352,11.742156165318315,11.621707992162555,12.59366259619128,13.64336207974702,13.720374990953133,128
B,2,static_contention_baseline_B_event_llm-only_r02_a01,2,static-002,1767.754792002961,11.567660102320058,11.522250017151237,11.810645597870462,12.435662088100798,12.60683301370591,128
B,2,static_contention_baseline_B_event_llm-only_r02_a01,3,static-003,1771.530875004828,11.522740810856545,11.491791985463351,11.709516710834578,12.416618925635701,12.481999990995973,128
B,2,static_contention_baseline_B_event_llm-only_r02_a01,4,static-004,1774.3745000043418,11.528635165181129,11.488333984743804,11.859866700251583,12.300329672871158,12.33858399791643,128
B,2,static_contention_baseline_B_event_llm-only_r02_a01,5,static-005,1777.3076669836883,11.522489173180153,11.485333001473919,11.889762576902282,12.35612498712726,12.493624992202967,128
B,2,static_contention_baseline_B_event_llm-only_r02_a01,6,static-006,1778.1667920062318,11.544161747983386,11.495290993480012,11.981191809172742,12.429882655851543,12.445790984202176,128
B,2,static_contention_baseline_B_event_llm-only_r02_a01,7,static-007,1779.639166983543,11.542678472409978,11.50749999214895,11.868849917664193,12.33737001020927,12.443665997125208,128
B,2,static_contention_baseline_B_event_llm-only_r02_a01,8,static-008,1779.161667014705,11.52230511803554,11.497333005536348,11.673241990501992,12.0678134157788,12.399291998008266,128
B,2,static_contention_baseline_B_event_llm-only_r02_a01,9,static-009,1780.9163329948206,11.525145669304582,11.494167003547773,11.646016803570092,12.296465326217003,12.452166003640741,128
B,2,static_contention_baseline_B_event_llm-only_r02_a01,10,static-010,1783.013457985362,11.55696653551972,11.506542010465637,11.881421305588447,12.320410906686446,12.531207990832627,128
B,2,static_contention_baseline_B_event_llm-only_r02_a01,11,static-011,1780.4334580141585,11.538080377944224,11.505707981996238,11.709216397139244,12.24607784533873,12.378332990920171,128
B,2,static_contention_baseline_B_event_llm-only_r02_a01,12,static-012,1782.952833978925,11.522919944933006,11.50233400403522,11.652357911225408,12.01174718386028,12.424707994796336,128
B,2,static_contention_baseline_B_event_llm-only_r02_a01,13,static-013,1781.9747909961734,11.53774606293126,11.510957992868498,11.685904487967491,12.241830910788849,12.535291025415063,128
B,2,static_contention_baseline_B_event_llm-only_r02_a01,14,static-014,1781.4799579791725,11.539456693044915,11.49533299030736,11.905171311809678,12.443979574018156,12.55779099301435,128
B,2,static_contention_baseline_B_event_llm-only_r02_a01,15,static-015,1783.007332996931,11.539829401739352,11.498999985633418,11.762508092215285,12.289431083481759,12.333457998465747,128
B,2,static_contention_baseline_B_event_llm-only_r02_a01,16,static-016,1783.4123329957947,11.544807740270828,11.517208011355251,11.800812411820514,12.216613927157594,12.473874987335876,128
B,2,static_contention_baseline_B_event_llm-only_r02_a01,17,static-017,1783.7643749953713,13.515377952763078,13.94345800508745,14.987441187258808,15.658696076134218,15.903624997008592,128
B,2,static_contention_baseline_B_event_llm-only_r02_a01,18,static-018,1778.330333007034,11.523717850278036,11.503457993967459,11.631716988631524,12.172440749709493,12.314749998040497,128
B,2,static_contention_baseline_B_event_llm-only_r02_a01,19,static-019,1781.2245830136817,11.803245740231333,11.650374974124134,13.038582901936023,13.739583080168813,13.887415989302099,128
B,2,static_contention_baseline_B_event_llm-only_r02_a01,20,static-020,1788.8597910059616,11.535829070847349,11.495000013383105,11.860917008016257,12.348358761519194,12.49675001599826,128
B,2,static_contention_baseline_B_event_llm-only_r02_a01,21,static-021,1784.281624975847,11.551884842640536,11.503292014822364,11.943437304580582,12.381389234215021,12.58958299877122,128
B,2,static_contention_baseline_B_event_llm-only_r02_a01,22,static-022,1784.4860829936806,11.534858267895482,11.507666989928111,11.772637395188212,12.235653919633478,12.433791998773813,128
B,2,static_contention_baseline_B_event_llm-only_r02_a01,23,static-023,1785.140332998708,11.523650590409195,11.501957982545719,11.662187505862676,11.99819858826231,12.538249982753769,128
B,2,static_contention_baseline_B_event_llm-only_r02_a01,24,static-024,1786.1556250136346,11.541091204725397,11.51483299327083,11.828966383473016,12.227287499699742,12.356207997072488,128
B,2,static_contention_baseline_B_event_llm-only_r02_a01,25,static-025,1785.2065410115756,11.549423228285649,11.500000022351742,11.900053612771444,12.28694672929123,12.345542025286704,128
B,2,static_contention_baseline_B_event_llm-only_r02_a01,26,static-026,1784.9061249871738,11.527386811143888,11.511375021655113,11.656554308137856,11.920627495273948,12.526709004305303,128
B,2,static_contention_baseline_B_event_llm-only_r02_a01,27,static-027,1787.9268749966286,11.542343826713333,11.516416998347268,11.860609010909684,12.335765350726431,12.483291007811204,128
B,2,static_contention_baseline_B_event_llm-only_r02_a01,28,static-028,1786.18108300725,11.559735236077122,11.506790993735194,12.100462603848424,12.455858162138611,12.721832987153903,128
B,2,static_contention_baseline_B_event_llm-only_r02_a01,29,static-029,1786.198083020281,11.539895015752206,11.509625008329749,11.688716997741722,12.277797996648587,12.498541997047141,128
B,2,static_contention_baseline_B_event_llm-only_r02_a01,30,static-030,1785.6024590146262,11.539968503840766,11.508915980812162,11.748370600980707,12.320354084367864,12.420417013345286,128
B,2,static_contention_baseline_B_event_llm-only_r02_a01,31,static-031,1787.4958330066875,11.521553480218524,11.50208301260136,11.652291801874526,12.105289341998287,12.26983399828896,128
B,2,static_contention_baseline_B_event_llm-only_r02_a01,32,static-032,1786.7759579967242,11.530305448677538,11.506333015859127,11.640420617186464,12.097903412068263,12.325041985604912,128
B,2,static_contention_baseline_B_event_llm-only_r02_a01,33,static-033,1785.930499987444,11.524037070944539,11.507832998177037,11.670449911616743,11.976692834869027,12.22045801114291,128
B,2,static_contention_baseline_B_event_llm-only_r02_a01,34,static-034,1785.4672499815933,11.546971126070877,11.510833981446922,11.762546506361103,12.407215763814747,12.543582997750491,128
B,2,static_contention_baseline_B_event_llm-only_r02_a01,35,static-035,1788.3745410072152,11.520447181061087,11.506374983582646,11.685262396349572,12.06616158480756,12.091041979147121,128
B,2,static_contention_baseline_B_event_llm-only_r02_a01,36,static-036,1786.4870839985088,11.534440944862267,11.506334005389363,11.795300184166988,11.959006080869585,12.227791012264788,128
B,2,static_contention_baseline_B_event_llm-only_r02_a01,37,static-037,1787.6939580019098,11.52658858267759,11.489000025903806,11.688458910793997,12.167989829322323,12.36845800303854,128
B,2,static_contention_baseline_B_event_llm-only_r02_a01,38,static-038,1801.2515410082415,11.64464895268829,11.548042006324977,12.020150103489868,13.198130918899547,13.694332999875769,128
B,2,static_contention_baseline_B_event_llm-only_r02_a01,39,static-039,1788.25929199229,12.960143047238253,12.920209002913907,14.852191894897258,15.318640437326394,15.814666025107726,128
B,2,static_contention_baseline_B_event_llm-only_r02_a01,40,static-040,1786.2063340144232,11.549196519529609,11.516874976223335,11.74640420358628,12.327949685277416,12.472709000576288,128
B,2,static_contention_baseline_B_event_llm-only_r02_a01,41,static-041,1786.1219579936005,11.534077433207417,11.50433300063014,11.712953794631176,12.101051993086001,12.371334014460444,128
B,2,static_contention_baseline_B_event_llm-only_r02_a01,42,static-042,1787.931083003059,11.525106299155222,11.493541009258479,11.8436207936611,12.272284319624305,12.321999995037913,128
B,2,static_contention_baseline_B_event_llm-only_r02_a01,43,static-043,1786.2294999940787,11.54218930714419,11.49691702448763,11.954150086967271,12.266880934475921,12.332290993072093,128
B,2,static_contention_baseline_B_event_llm-only_r02_a01,44,static-044,1787.2052079765126,11.563725724603659,11.525292007718235,11.938124991138466,12.294119082507677,12.451415997929871,128
B,2,static_contention_baseline_B_event_llm-only_r02_a01,45,static-045,1788.7300000002142,11.54800852775339,11.519583989866078,11.804012715583667,12.325644658412783,12.56158298929222,128
B,2,static_contention_baseline_B_event_llm-only_r02_a01,46,static-046,1789.479333005147,11.543358598448938,11.52320799883455,11.85175809659995,11.924879999132827,11.954749992582947,128
B,2,static_contention_baseline_B_event_llm-only_r02_a01,47,static-047,1788.3153750153724,11.55924803130952,11.528041999554262,11.758432892384008,12.423607002710924,12.48233299702406,128
B,2,static_contention_baseline_B_event_llm-only_r02_a01,48,static-048,1788.271583005553,11.545865488051636,11.514084006194025,11.711287486832589,12.331371233449316,12.417666002875194,128
B,2,static_contention_baseline_B_event_llm-only_r02_a01,49,static-049,1788.8072080095299,11.536083338410029,11.506790993735194,11.702987490571104,12.274376239511183,12.541124975541607,128
B,2,static_contention_baseline_B_event_llm-only_r02_a01,50,static-050,1787.8286670020316,11.531365480306961,11.503416986670345,11.827320398879236,12.253843147773296,12.294957996346056,128
B,2,static_contention_baseline_B_event_llm-only_r02_a01,51,static-051,1790.0806670077145,11.545447173196544,11.518208018969744,11.765620691585355,12.032363573671319,12.393207987770438,128
B,2,static_contention_baseline_B_event_llm-only_r02_a01,52,static-052,1789.6002909983508,11.547657480329553,11.50808300008066,11.78167500765994,12.342053943430074,12.479041994083673,128
B,2,static_contention_baseline_B_event_llm-only_r02_a01,53,static-053,1787.9492919892073,11.402564629954542,11.45316701149568,11.674900108482689,11.960343146347439,12.0727920148056,128
B,2,static_contention_baseline_B_event_llm-only_r02_a01,54,static-054,1787.9447919840459,11.566460299201118,11.536624981090426,11.807762706303036,12.397938570356926,12.532500026281923,128
B,2,static_contention_baseline_B_event_llm-only_r02_a01,55,static-055,1789.8325840069447,11.547390748077534,11.511290998896584,11.891716191894375,12.198562492849303,12.2862079879269,128
B,2,static_contention_baseline_B_event_llm-only_r02_a01,56,static-056,1794.7270829754416,11.869687992184767,11.666167003568262,13.329474994679911,13.787580486387014,13.868749985704198,128
B,2,static_contention_baseline_B_event_llm-only_r02_a01,57,static-057,1790.9693749970756,11.542271322884238,11.509709001984447,11.819783106329849,12.29384093254339,12.581540999235585,128
B,2,static_contention_baseline_B_event_llm-only_r02_a01,58,static-058,1790.0486669968814,11.547158795361238,11.517584003740922,11.671966101857834,12.322502332390286,12.483500002417713,128
B,2,static_contention_baseline_B_event_llm-only_r02_a01,59,static-059,1788.5437090008054,11.554628936940526,11.515874997712672,11.806504396372475,12.339269648073241,12.387458002194762,128
B,2,static_contention_baseline_B_event_llm-only_r02_a01,60,static-060,1790.6322089838795,11.565862527606628,11.53087499551475,11.723500103107654,12.414058079593815,12.468457978684455,128
B,2,static_contention_baseline_B_event_llm-only_r02_a01,61,static-061,1790.2354169928003,11.561377299170369,11.526375019457191,11.900820711161941,12.173980913939886,12.52320798812434,128
B,2,static_contention_baseline_B_event_llm-only_r02_a01,62,static-062,1791.4762499858625,11.551649606233008,11.517582985106856,11.848603712860493,12.304313917993566,12.438417004887015,128
B,2,static_contention_baseline_B_event_llm-only_r02_a01,63,static-063,1788.8267500093207,11.547547574870025,11.513624980580062,11.704004398779942,12.357047516852617,12.44995801243931,128
B,2,static_contention_baseline_B_event_llm-only_r02_a01,64,static-064,1790.9771669947077,11.531613842542027,11.500915978103876,11.718979297438636,12.120321582187898,12.267625017557293,128
B,2,static_contention_baseline_B_event_llm-only_r02_a01,65,static-065,1789.958708017366,11.551872708634876,11.503708024974912,11.852479196386412,12.503307152655907,12.582459021359682,128
B,2,static_contention_baseline_B_event_llm-only_r02_a01,66,static-066,1788.9618329936638,11.541134519704185,11.516832979395986,11.776470814947968,12.175826579332352,12.45149999158457,128
B,2,static_contention_baseline_B_event_llm-only_r02_a01,67,static-067,1789.3611670006067,11.567136149497806,11.516124999616295,12.15884180564899,12.49493443639949,12.542290991405025,128
B,2,static_contention_baseline_B_event_llm-only_r02_a01,68,static-068,1790.4992080002557,11.535147306973144,11.509542004205287,11.70665810641367,12.048885917756706,12.32566699036397,128
B,2,static_contention_baseline_B_event_llm-only_r02_a01,69,static-069,1790.1117499859538,11.543986220490261,11.522417014930397,11.644141402211972,12.023510994622484,12.454625015379861,128
B,2,static_contention_baseline_B_event_llm-only_r02_a01,70,static-070,1789.58579202299,11.551687992122904,11.506292008562014,11.96118309453595,12.255971247213893,12.532374996226281,128
B,2,static_contention_baseline_B_event_llm-only_r02_a01,71,static-071,1791.2218339915853,11.541154196872705,11.512583994772285,11.731625092215836,12.172485918272285,12.369000003673136,128
B,2,static_contention_baseline_B_event_llm-only_r02_a01,72,static-072,1789.741040993249,11.530362866180912,11.500166991027072,11.691679499926977,12.277070751297288,12.293583014979959,128
B,2,static_contention_baseline_B_event_llm-only_r02_a01,73,static-073,1790.6259169976693,11.529919944839245,11.505750007927418,11.793475196463985,12.004793747910298,12.318583991145715,128
B,2,static_contention_baseline_B_event_llm-only_r02_a01,74,static-074,1790.4650419950485,11.748539700721002,11.516582977492362,12.845612497767432,14.285718009923581,14.79058398399502,128
B,2,static_contention_baseline_B_event_llm-only_r02_a01,75,static-075,1801.0652500088327,11.539070866085355,11.513041012221947,11.751733091659844,12.130503411171956,12.558374990476295,128
B,2,static_contention_baseline_B_event_llm-only_r02_a01,76,static-076,1790.5172919854522,11.524142716703276,11.49670800077729,11.694125100621022,12.115286413463764,12.212874979013577,128
B,2,static_contention_baseline_B_event_llm-only_r02_a01,77,static-077,1791.4473749988247,11.538779527575922,11.510459007695317,11.665991912013851,12.287732153199611,12.386583024635911,128
B,2,static_contention_baseline_B_event_llm-only_r02_a01,78,static-078,1791.2448749993928,11.543277889860457,11.507832998177037,11.799354504910298,12.211531413486227,12.519957992481068,128
B,2,static_contention_baseline_B_event_llm-only_r02_a01,79,static-079,1789.733499987051,11.544634511980309,11.50287498603575,11.8986162065994,12.329862652113661,12.349958007689565,128
B,2,static_contention_baseline_B_event_llm-only_r02_a01,80,static-080,1791.265707986895,11.543379921473445,11.515541991684586,11.662608096958138,12.146063910331577,12.281709001399577,128
B,2,static_contention_baseline_B_event_llm-only_r02_a01,81,static-081,1790.2874999854248,11.548422905570629,11.509208008646965,11.827337500290014,12.338741574785672,12.51033300650306,128
B,2,static_contention_baseline_B_event_llm-only_r02_a01,82,static-082,1789.8660840000957,11.531293307161546,11.502917011966929,11.672504208399914,12.386396087822503,12.498208991019055,128
B,2,static_contention_baseline_B_event_llm-only_r02_a01,83,static-083,1790.9493329934776,11.534968181146587,11.504499998409301,11.726345791248605,12.165432934416458,12.177124997833744,128
B,2,static_contention_baseline_B_event_llm-only_r02_a01,84,static-084,1792.549459001748,11.540174535356506,11.50458402116783,11.708316401927732,12.240378068527207,12.291291990550235,128
B,2,static_contention_baseline_B_event_llm-only_r02_a01,85,static-085,1791.8213329976425,11.55991633867251,11.526208982104436,11.756308705662377,12.455737083801068,12.530583975603804,128
B,2,static_contention_baseline_B_event_llm-only_r02_a01,86,static-086,1790.9975000075065,11.552228346443185,11.512625002069399,11.935033288318662,12.444498160621151,12.476417003199458,128
B,2,static_contention_baseline_B_event_llm-only_r02_a01,87,static-087,1791.3914170057978,11.580867125876395,11.541957996087149,11.7966499121394,12.447523411246946,12.547958991490304,128
B,2,static_contention_baseline_B_event_llm-only_r02_a01,88,static-088,1791.6382080002222,11.52573556682337,11.50674998643808,11.65304180176463,12.038331996300256,12.30833400040865,128
B,2,static_contention_baseline_B_event_llm-only_r02_a01,89,static-089,1790.152500005206,11.552106952762202,11.514000012539327,11.896008785697628,12.355586073826998,12.486541992984712,128
B,2,static_contention_baseline_B_event_llm-only_r02_a01,90,static-090,1790.113916998962,11.541427818940967,11.515417019836605,11.8443787941942,12.071731481119059,12.146416993346065,128
B,2,static_contention_baseline_B_event_llm-only_r02_a01,91,static-091,1792.1348749950994,11.533095472488611,11.50583298294805,11.790970596484838,12.00281392375473,12.47558297473006,128
B,2,static_contention_baseline_B_event_llm-only_r02_a01,92,static-092,1792.7893339947332,11.530543307179776,11.504249996505678,11.669628907111473,12.130023919744417,12.437333993148059,128
B,2,static_contention_baseline_B_event_llm-only_r02_a01,93,static-093,1803.1240419950336,11.753295598447131,11.599749996094033,13.094737497158345,13.642091404180974,13.742415991146117,128
B,2,static_contention_baseline_B_event_llm-only_r02_a01,94,static-094,1791.1793749954086,11.550699141587856,11.515541991684586,11.890395591035483,12.221941923489794,12.247832986759022,128
B,2,static_contention_baseline_B_event_llm-only_r02_a01,95,static-095,1791.826583998045,11.556660756010444,11.515916005009785,11.680595585494302,12.42294100113213,12.507999985245988,128
B,2,static_contention_baseline_B_event_llm-only_r02_a01,96,static-096,1791.959041991504,11.549970803335016,11.524458008352667,11.777162298676556,12.31298142520245,12.497582996729761,128
B,2,static_contention_baseline_B_event_llm-only_r02_a01,97,static-097,1791.6790829913225,11.542293307046942,11.501500004669651,11.906558790360574,12.302510161534883,12.341583002125844,128
B,2,static_contention_baseline_B_event_llm-only_r02_a01,98,static-098,1792.0560000056867,11.548894685078926,11.511624994454905,11.677308203070424,12.296795662259681,12.60545800323598,128
B,2,static_contention_baseline_B_event_llm-only_r02_a01,99,static-099,1791.4224999840371,11.53672145685093,11.514208017615601,11.693958204705268,12.208586227498015,12.44491699617356,128
B,2,static_contention_baseline_B_event_llm-only_r02_a01,100,static-100,1792.2963750024792,11.53733562994345,11.501542001497,11.75932928745169,12.408350427285766,12.516207993030548,128
B,2,static_contention_baseline_B_event_llm-only_r02_a01,101,static-101,1790.5942499928642,11.545152889700299,11.514500016346574,11.733687497326173,12.19757534796372,12.326625001151115,128
B,2,static_contention_baseline_B_event_llm-only_r02_a01,102,static-102,1792.8345000254922,13.604769023505634,13.975166977616027,14.857508213026449,15.364539982983842,15.54816699353978,128
B,2,static_contention_baseline_B_event_llm-only_r02_a01,103,static-103,1788.2854999916162,11.545757220427351,11.518540995894,11.709987602080218,12.171165913459845,12.217791983857751,128
B,2,static_contention_baseline_B_event_llm-only_r02_a01,104,static-104,1788.5771250003017,11.554124338394692,11.512124998262152,11.843737497110851,12.264814983354881,12.482124991947785,128
B,2,static_contention_baseline_B_event_llm-only_r02_a01,105,static-105,1791.20895799133,11.544447181165204,11.510125012136996,11.72247059585061,12.277864090283401,12.389375013299286,128
B,2,static_contention_baseline_B_event_llm-only_r02_a01,106,static-106,1791.6286249819677,11.536663386000937,11.508499999763444,11.659812516882084,12.192933248588814,12.41912500699982,128
B,2,static_contention_baseline_B_event_llm-only_r02_a01,107,static-107,1790.7384999853093,11.54818996057413,11.517125007230788,11.770441813860087,12.43808424915187,12.48083301470615,128
B,2,static_contention_baseline_B_event_llm-only_r02_a01,108,static-108,1791.9588330260012,11.542442590447406,11.495999991893768,11.913787404773757,12.366249424521811,12.408834008965641,128
B,2,static_contention_baseline_B_event_llm-only_r02_a01,109,static-109,1791.129750024993,11.518449803051634,11.496709019411355,11.66273319395259,11.960599998710677,12.075958016794175,128
B,2,static_contention_baseline_B_event_llm-only_r02_a01,110,static-110,1791.7547909892164,11.544420937072545,11.518165993038565,11.64376640226692,12.128411420853807,12.445166998077184,128
B,2,static_contention_baseline_B_event_llm-only_r02_a01,111,static-111,1792.0949169783853,11.95118634656299,11.706291988957673,13.359796308213845,13.709678159211762,15.089624997926876,128
B,2,static_contention_baseline_B_event_llm-only_r02_a01,112,static-112,1793.0978329968639,11.557875661267422,11.527083988767117,11.684249888639897,12.400422351201996,12.45912499143742,128
B,2,static_contention_baseline_B_event_llm-only_r02_a01,113,static-113,1793.0594169883989,11.52794159844327,11.50508300634101,11.760041696834376,12.025082500185817,12.427292007487267,128
B,2,static_contention_baseline_B_event_llm-only_r02_a01,114,static-114,1792.9957080050372,11.529927496022845,11.498625011881813,11.650466799619608,12.250384645303711,12.356208986602724,128
B,2,static_contention_baseline_B_event_llm-only_r02_a01,115,static-115,1792.5678750034422,11.54198031482932,11.523749999469146,11.68538729834836,12.182073594303802,12.265917001059279,128
B,2,static_contention_baseline_B_event_llm-only_r02_a01,116,static-116,1791.9577499851584,11.548694551328389,11.517541977809742,11.771229407167993,12.117120911134405,12.524082994787022,128
B,2,static_contention_baseline_B_event_llm-only_r02_a01,117,static-117,1793.8969579990953,11.53937893700566,11.517333012307063,11.645725084235892,12.365557086304761,12.410124996677041,128
B,2,static_contention_baseline_B_event_llm-only_r02_a01,118,static-118,1793.535625009099,11.542736873943651,11.501791013870388,11.752941913437096,12.394633179646917,12.46270802221261,128
B,2,static_contention_baseline_B_event_llm-only_r02_a01,119,static-119,1792.7159999962896,11.531353677214145,11.509292002301663,11.663045611931011,11.982156427693553,12.336500018136576,128
B,2,static_contention_baseline_B_event_llm-only_r02_a01,120,static-120,1792.489374987781,11.548134842502526,11.510042008012533,11.849637285922654,12.114475560374558,12.280834023840725,128
B,2,static_contention_baseline_B_event_llm-only_r02_a01,121,static-121,1793.5277500073425,11.537622377839247,11.498291976749897,11.665908092982136,12.339450172148643,12.644249974982813,128
B,2,static_contention_baseline_B_event_llm-only_r02_a01,122,static-122,1791.5944999840576,11.55915025985565,11.531166004715487,11.75646637857426,12.009415669017471,12.428999994881451,128
B,2,static_contention_baseline_B_event_llm-only_r02_a01,123,static-123,1793.1170419906266,11.546251637674136,11.500416992930695,11.94882079726085,12.352560758008622,12.481874990044162,128
B,2,static_contention_baseline_B_event_llm-only_r02_a01,124,static-124,1793.4055410150904,11.528867787285524,11.496207996970043,11.701675105723552,12.319933583494276,12.397124985000119,128
B,2,static_contention_baseline_B_event_llm-only_r02_a01,125,static-125,1791.8288329965435,11.526860897594286,11.498083011247218,11.657091890810989,12.32652734266594,12.409916991600767,128
B,2,static_contention_baseline_B_event_llm-only_r02_a01,126,static-126,1792.1736660064198,11.559855645727806,11.513458972331136,11.838370698387733,12.474276914726943,12.561500014271587,128
B,2,static_contention_baseline_B_event_llm-only_r02_a01,127,static-127,1793.5672919848002,11.545528212697869,11.516333994222805,11.873916702461427,12.203513736603782,12.459041987312958,128
B,2,static_contention_baseline_B_event_llm-only_r02_a01,128,static-128,1792.6593339943793,11.523708330804673,11.50508300634101,11.642100184690207,12.085343583021313,12.207041989313439,128
B,2,static_contention_baseline_B_event_llm-only_r02_a01,129,static-129,1792.523208016064,11.679897637575806,11.514457990415394,12.494446188793518,13.982998919091182,14.413166994927451,128
B,2,static_contention_baseline_B_event_llm-only_r02_a01,130,static-130,1816.5077920129988,11.545498684913976,11.518290993990377,11.753704494913109,11.997807318693958,12.171000009402633,128
B,2,static_contention_baseline_B_event_llm-only_r02_a01,131,static-131,1792.6203749957494,11.549104661424094,11.507833987707272,11.80611708841752,12.348552666953765,12.476458010496572,128
B,2,static_contention_baseline_B_event_llm-only_r02_a01,132,static-132,1792.713333008578,11.541031496040157,11.519332998432219,11.740258106146937,12.153385434648952,12.433625000994653,128
B,2,static_contention_baseline_B_event_llm-only_r02_a01,133,static-133,1793.8537920126691,11.552166992131122,11.522957996930927,11.74208730808459,12.111526585649699,12.218042014865205,128
B,2,static_contention_baseline_B_event_llm-only_r02_a01,134,static-134,1792.6474169944413,11.550931102324894,11.512707977090031,11.817474997951647,12.343350497540087,12.378958985209465,128
B,2,static_contention_baseline_B_event_llm-only_r02_a01,135,static-135,1792.9250420129392,11.551017716470152,11.523541994392872,11.750687696621753,12.286082836799322,12.565833021653816,128
B,2,static_contention_baseline_B_event_llm-only_r02_a01,136,static-136,1794.0800419892184,11.547303472564915,11.513250006828457,11.735562401008792,12.251958584529346,12.394958001095802,128
B,2,static_contention_baseline_B_event_llm-only_r02_a01,137,static-137,1792.780916992342,11.570000322993963,11.53316700947471,11.873866899986748,12.431768414680844,12.505750026321039,128
B,2,static_contention_baseline_B_event_llm-only_r02_a01,138,static-138,1793.2702499965671,11.549006889741062,11.524416011525318,11.64980819739867,12.025449997745454,12.476208008592948,128
B,2,static_contention_baseline_B_event_llm-only_r02_a01,139,static-139,1793.2673750037793,11.541313322867802,11.517708015162498,11.7852580093313,12.211935347877443,12.40775000769645,128
B,2,static_contention_baseline_B_event_llm-only_r02_a01,140,static-140,1793.145417002961,11.5339055118393,11.519082996528596,11.690649995580316,11.99486565659754,12.209167005494237,128
B,2,static_contention_baseline_B_event_llm-only_r02_a01,141,static-141,1793.164208997041,11.559901244096883,11.52791699860245,11.855432906304486,12.266642994363792,12.417291989549994,128
B,2,static_contention_baseline_B_event_llm-only_r02_a01,142,static-142,1795.1820839953143,11.544108267747028,11.510250013088807,11.848591806483455,12.35621014551725,12.45616699452512,128
B,2,static_contention_baseline_B_event_llm-only_r02_a01,143,static-143,1792.6145419769455,11.535343504144157,11.510166979860514,11.738599903765133,12.001892512780614,12.488082982599735,128
B,2,static_contention_baseline_B_event_llm-only_r02_a01,144,static-144,1794.2278750124387,11.534328739970967,11.509083997225389,11.830033894511871,12.144033436779862,12.228707986650988,128
B,2,static_contention_baseline_B_event_llm-only_r02_a01,145,static-145,1793.8137500023004,11.573671582833255,11.54379200306721,11.90232487861067,12.101993579417467,12.510958011262119,128
B,2,static_contention_baseline_B_event_llm-only_r02_a01,146,static-146,1792.965499975253,11.557160763942644,11.524041998200119,11.749691888689995,12.537198984064162,12.586458993609995,128
B,2,static_contention_baseline_B_event_llm-only_r02_a01,147,static-147,1793.9275410026312,11.53631200789342,11.520375002874061,11.656932899495587,11.994727663113734,12.095042009605095,128
B,2,static_contention_baseline_B_event_llm-only_r02_a01,148,static-148,1804.3525420071092,11.746989826875277,11.628500011283904,12.493124898173845,13.647729077492839,14.133666991256177,128
B,2,static_contention_baseline_B_event_llm-only_r02_a01,149,static-149,1794.2835419962648,11.55886614184614,11.519166990183294,11.767454489017835,12.491104091750458,12.593082996318117,128
B,3,static_contention_baseline_B_event_llm-only_r03_a01,0,static-000,1762.4399170163088,11.533962267746151,11.50137500371784,11.742275199503638,12.354480671347115,12.505499995313585,128
B,3,static_contention_baseline_B_event_llm-only_r03_a01,1,static-001,1774.9270000203978,11.55399409439928,11.505084024975076,11.932453588815406,12.161897500627674,12.460124999051914,128
B,3,static_contention_baseline_B_event_llm-only_r03_a01,2,static-002,1781.0403750045225,11.543136480306531,11.503832996822894,11.91752880695276,12.34626326826401,12.38141700741835,128
B,3,static_contention_baseline_B_event_llm-only_r03_a01,3,static-003,1783.8612910127267,11.529129921132332,11.49783399887383,11.701154403272085,12.361066578887403,12.41216599009931,128
B,3,static_contention_baseline_B_event_llm-only_r03_a01,4,static-004,1786.165167024592,11.508003283314055,11.491832992760465,11.660199909238145,11.910634831874631,12.184457998955622,128
B,3,static_contention_baseline_B_event_llm-only_r03_a01,5,static-005,1788.363166997442,11.536634842476508,11.490791977848858,11.691292090108618,12.442784356535412,12.466540996683761,128
B,3,static_contention_baseline_B_event_llm-only_r03_a01,6,static-006,1788.0359999835491,11.526330708760739,11.494000005768612,11.660787390428595,12.32347065291833,12.45216597453691,128
B,3,static_contention_baseline_B_event_llm-only_r03_a01,7,static-007,1789.1031249891967,11.527817251983898,11.490582983242348,11.772937298519537,12.159467344172297,12.361458007944748,128
B,3,static_contention_baseline_B_event_llm-only_r03_a01,8,static-008,1789.7294999856967,11.344835299202865,11.270834016613662,11.589471399202012,12.04273423354607,12.11295899702236,128
B,3,static_contention_baseline_B_event_llm-only_r03_a01,9,static-009,1790.6514159985818,11.53049245660054,11.49612499284558,11.833687598118557,12.222222069976851,12.329041986959055,128
B,3,static_contention_baseline_B_event_llm-only_r03_a01,10,static-010,1791.5635830140673,11.537408464456226,11.513457982800901,11.829374788794665,11.992599997320212,12.286749988561496,128
B,3,static_contention_baseline_B_event_llm-only_r03_a01,11,static-011,1805.5329579801764,11.654966866265704,11.528375005582348,11.977287603076547,13.691746250260621,13.740832975599915,128
B,3,static_contention_baseline_B_event_llm-only_r03_a01,12,static-012,1792.3805000027642,11.53376541722852,11.496416991576552,11.705358701874502,12.336469331057742,12.412082985974848,128
B,3,static_contention_baseline_B_event_llm-only_r03_a01,13,static-013,1791.7833749961574,11.529034448881069,11.500249995151535,11.671904497779906,12.220925674191674,12.510874978033826,128
B,3,static_contention_baseline_B_event_llm-only_r03_a01,14,static-014,1793.9851249975618,11.544880905467284,11.52045899652876,11.712199795874767,12.231976588955147,12.328915996477008,128
B,3,static_contention_baseline_B_event_llm-only_r03_a01,15,static-015,1792.7871250140015,11.523770669147035,11.502374982228503,11.68977479392197,12.067882006522266,12.152666982728988,128
B,3,static_contention_baseline_B_event_llm-only_r03_a01,16,static-016,1793.0165419820696,11.534869094520412,11.50979200610891,11.663428696920164,12.355103594600221,12.454209005227312,128
B,3,static_contention_baseline_B_event_llm-only_r03_a01,17,static-017,1793.1441660039127,11.540851708617076,11.501125001814216,11.871166099444961,12.376046847784892,12.412625015713274,128
B,3,static_contention_baseline_B_event_llm-only_r03_a01,18,static-018,1792.5333750026766,11.54643602373159,11.506333015859127,11.809333192650229,12.272466578288004,12.477209005737677,128
B,3,static_contention_baseline_B_event_llm-only_r03_a01,19,static-019,1794.830416009063,11.52562270858545,11.49708399316296,11.686574801569805,12.280005495413207,12.347040988970548,128
B,3,static_contention_baseline_B_event_llm-only_r03_a01,20,static-020,1794.8259160039015,11.525467519628206,11.506207985803485,11.692067005787976,12.134666576166637,12.373165984172374,128
B,3,static_contention_baseline_B_event_llm-only_r03_a01,21,static-021,1793.1688749813475,11.539867779608509,11.506624985486269,11.842266118037513,12.1137974987505,12.387499999022111,128
B,3,static_contention_baseline_B_event_llm-only_r03_a01,22,static-022,1793.5360000119545,11.553981622147528,11.51199999731034,11.948250007117167,12.261733424384147,12.347167008556426,128
B,3,static_contention_baseline_B_event_llm-only_r03_a01,23,static-023,1794.5320839935448,11.529589567093296,11.512249999213964,11.643858210300095,11.940039652981795,12.190874986117706,128
B,3,static_contention_baseline_B_event_llm-only_r03_a01,24,static-024,1794.757291994756,11.55111252758322,11.518333019921556,11.693870802992024,12.429184078937396,12.46641599573195,128
B,3,static_contention_baseline_B_event_llm-only_r03_a01,25,static-025,1794.5274590165354,11.553718826704197,11.51779101928696,11.734903717297128,12.300067339092493,12.322166992817074,128
B,3,static_contention_baseline_B_event_llm-only_r03_a01,26,static-026,1795.75200000545,11.55738812581614,11.54304199735634,11.719953699503094,11.947202183655463,12.300540984142572,128
B,3,static_contention_baseline_B_event_llm-only_r03_a01,27,static-027,1792.462292010896,11.54059579519841,11.52041699970141,11.701320603606291,12.153400506358592,12.295833003008738,128
B,3,static_contention_baseline_B_event_llm-only_r03_a01,28,static-028,1794.3317090102937,11.530988842595413,11.509542004205287,11.638941807905212,12.082131083589047,12.309292011195794,128
B,3,static_contention_baseline_B_event_llm-only_r03_a01,29,static-029,1798.9107920147944,11.928675196676215,11.71204200363718,13.405245597823523,13.709449845482595,13.782458001514897,128
B,3,static_contention_baseline_B_event_llm-only_r03_a01,30,static-030,1797.0370829862077,11.542559385952341,11.525082984007895,11.72347919200547,11.940436410950497,12.364833004539832,128
B,3,static_contention_baseline_B_event_llm-only_r03_a01,31,static-031,1794.2536250047851,11.547991795342519,11.51879201643169,11.748775100568308,12.239458981784992,12.452625000150874,128
B,3,static_contention_baseline_B_event_llm-only_r03_a01,32,static-032,1794.8266250023153,11.553587921341427,11.516999977175146,11.801366994041018,12.336007665726356,12.39183297730051,128
B,3,static_contention_baseline_B_event_llm-only_r03_a01,33,static-033,1795.0261250080075,11.543764110368596,11.524417001055554,11.681212502298877,12.040143929771148,12.36791699193418,128
B,3,static_contention_baseline_B_event_llm-only_r03_a01,34,static-034,1794.7997080045752,11.54674311016327,11.51966699399054,11.774904298363253,12.174603077000938,12.26195800700225,128
B,3,static_contention_baseline_B_event_llm-only_r03_a01,35,static-035,1794.5315830002073,11.521695212435388,11.500374996103346,11.688316304935142,12.243974337470716,12.471791997086257,128
B,3,static_contention_baseline_B_event_llm-only_r03_a01,36,static-036,1795.9584170021117,11.537436023721193,11.512458004290238,11.658733210060745,12.277983173262328,12.292875006096438,128
B,3,static_contention_baseline_B_event_llm-only_r03_a01,37,static-037,1794.6542499994393,11.544093834767924,11.516291997395456,11.68947139813099,12.403895917814223,12.58362500811927,128
B,3,static_contention_baseline_B_event_llm-only_r03_a01,38,static-038,1795.5655000114348,11.545964243994131,11.50975000928156,11.866812611697242,12.236870931810698,12.413082993589342,128
B,3,static_contention_baseline_B_event_llm-only_r03_a01,39,static-039,1793.9877909957431,11.532513779500045,11.50620897533372,11.696325094089843,12.17178207647521,12.529833998996764,128
B,3,static_contention_baseline_B_event_llm-only_r03_a01,40,static-040,1796.7849579872563,11.547630574869535,11.510958021972328,11.887000099522993,12.123837666586041,12.195999996038154,128
B,3,static_contention_baseline_B_event_llm-only_r03_a01,41,static-041,1795.4325419850647,11.54129855118428,11.505792004754767,11.681949999183416,12.359522666665724,12.46716600144282,128
B,3,static_contention_baseline_B_event_llm-only_r03_a01,42,static-042,1795.6211669952609,11.528610558923715,11.506790993735194,11.70564200147055,12.009435503277928,12.44008299545385,128
B,3,static_contention_baseline_B_event_llm-only_r03_a01,43,static-043,1795.664459001273,11.526062007989793,11.497332976432517,11.689933005254716,12.058692006976344,12.35950001864694,128
B,3,static_contention_baseline_B_event_llm-only_r03_a01,44,static-044,1794.0250420069788,11.544531496107856,11.523791996296495,11.740428596385753,12.023182000848465,12.307875003898516,128
B,3,static_contention_baseline_B_event_llm-only_r03_a01,45,static-045,1795.9265410027,11.538012795412444,11.51779099018313,11.731795585365035,11.988159434404224,12.330166005995125,128
B,3,static_contention_baseline_B_event_llm-only_r03_a01,46,static-046,1795.1102500082925,11.537657157604135,11.505916976602748,11.713887614314444,12.20849843288306,12.283499992918223,128
B,3,static_contention_baseline_B_event_llm-only_r03_a01,47,static-047,1794.4968329975381,11.779516078733407,11.54004200361669,13.109991687815633,14.409563595545478,14.653915975941345,128
B,3,static_contention_baseline_B_event_llm-only_r03_a01,48,static-048,1808.0435000010766,11.574573488081036,11.532415985129774,11.835362418787554,12.495569339953363,12.630499986698851,128
B,3,static_contention_baseline_B_event_llm-only_r03_a01,49,static-049,1795.2872499881778,11.547469488147089,11.504124995553866,11.762478700256905,12.462265903013758,12.548041995614767,128
B,3,static_contention_baseline_B_event_llm-only_r03_a01,50,static-050,1796.9829170033336,11.540090551326697,11.514875019202009,11.650129398913123,12.244963414268568,12.462416983908042,128
B,3,static_contention_baseline_B_event_llm-only_r03_a01,51,static-051,1797.039750003023,11.548460960776845,11.505583999678493,11.951007990865037,12.297195323044434,12.410583003656939,128
B,3,static_contention_baseline_B_event_llm-only_r03_a01,52,static-052,1796.9820839934982,11.5467860866668,11.511749995406717,11.863137496402487,12.370796245522797,12.469707988202572,128
B,3,static_contention_baseline_B_event_llm-only_r03_a01,53,static-053,1796.172458998626,11.544807086695045,11.525959009304643,11.678050184855238,12.136200660606844,12.416332989232615,128
B,3,static_contention_baseline_B_event_llm-only_r03_a01,54,static-054,1796.129166992614,11.550811023587054,11.514874990098178,11.909191796439696,12.366374984267168,12.481708021368831,128
B,3,static_contention_baseline_B_event_llm-only_r03_a01,55,static-055,1795.0862500001676,11.532862858175791,11.50599998072721,11.697745602577925,12.152841592323966,12.222165998537093,128
B,3,static_contention_baseline_B_event_llm-only_r03_a01,56,static-056,1797.8904159972444,11.559627630049363,11.514791985973716,11.756841401802376,12.423684350214899,12.53691699821502,128
B,3,static_contention_baseline_B_event_llm-only_r03_a01,57,static-057,1797.4845000135247,11.54042880314835,11.509250005474314,11.689783906331286,12.215987484087236,12.458333018003032,128
B,3,static_contention_baseline_B_event_llm-only_r03_a01,58,static-058,1794.5911249844357,11.568911417385593,11.528208007803187,11.930554310674777,12.55035892012529,12.58062498527579,128
B,3,static_contention_baseline_B_event_llm-only_r03_a01,59,static-059,1797.2764159785584,11.55586286624857,11.521874985191971,11.991270608268675,12.304038740112444,12.406291993102059,128
B,3,static_contention_baseline_B_event_llm-only_r03_a01,60,static-060,1796.649374999106,11.557043960646132,11.523708992172033,11.880732892313972,12.263627839274704,12.356833001831546,128
B,3,static_contention_baseline_B_event_llm-only_r03_a01,61,static-061,1794.6438750077505,11.540030842412293,11.518291983520612,11.663133191177621,12.101108914939687,12.295082997297868,128
B,3,static_contention_baseline_B_event_llm-only_r03_a01,62,static-062,1796.4938749792054,11.57892519685139,11.53745802002959,11.740457994164899,12.43980391183868,12.569915998028591,128
B,3,static_contention_baseline_B_event_llm-only_r03_a01,63,static-063,1796.5872500208206,11.396536086575956,11.380959011148661,11.640424892539158,12.076915768557228,12.08549999864772,128
B,3,static_contention_baseline_B_event_llm-only_r03_a01,64,static-064,1795.1132500020321,11.54821916546592,11.531957978149876,11.660616987501271,12.136497495812362,12.44083300116472,128
B,3,static_contention_baseline_B_event_llm-only_r03_a01,65,static-065,1795.90170798474,11.548173559076101,11.514125013491139,11.838499782606958,12.315974834491499,12.490875000366941,128
B,3,static_contention_baseline_B_event_llm-only_r03_a01,66,static-066,1809.4275839976035,11.751096779535576,11.599833989748731,12.98596688720863,13.529143414925784,13.79954200820066,128
B,3,static_contention_baseline_B_event_llm-only_r03_a01,67,static-067,1795.9776670031715,11.553367126162904,11.52570900740102,11.723374912980944,12.341808914788999,12.368875002721325,128
B,3,static_contention_baseline_B_event_llm-only_r03_a01,68,static-068,1796.3832079840358,11.533805448974402,11.510084004839882,11.70899121207185,12.0124240743462,12.1654579997994,128
B,3,static_contention_baseline_B_event_llm-only_r03_a01,69,static-069,1795.127167017199,11.550862527512908,11.522832995979115,11.981249996460974,12.237648068694398,12.308500008657575,128
B,3,static_contention_baseline_B_event_llm-only_r03_a01,70,static-070,1795.9966250055004,11.554981629991186,11.515542020788416,11.876400004257446,12.254315578611568,12.438916019164026,128
B,3,static_contention_baseline_B_event_llm-only_r03_a01,71,static-071,1797.0940839732066,11.541217189020015,11.51033298810944,11.692837381269783,12.261622520745732,12.535999994724989,128
B,3,static_contention_baseline_B_event_llm-only_r03_a01,72,static-072,1797.18320799293,11.530155511930452,11.511959019117057,11.64152888522949,12.02762158587575,12.255459005245939,128
B,3,static_contention_baseline_B_event_llm-only_r03_a01,73,static-073,1797.5150830170605,11.556769031426304,11.525250010890886,11.864441784564406,12.163302834960632,12.224792008055374,128
B,3,static_contention_baseline_B_event_llm-only_r03_a01,74,static-074,1795.9173750132322,11.548216858242572,11.519834020873532,11.836529304855503,12.176619995734654,12.370207987260073,128
B,3,static_contention_baseline_B_event_llm-only_r03_a01,75,static-075,1795.4912499990314,11.54377263779092,11.522415996296331,11.75104120047763,12.146088930312542,12.28249998530373,128
B,3,static_contention_baseline_B_event_llm-only_r03_a01,76,static-076,1797.5991670100484,11.554964236212953,11.526124988449737,11.726782895857468,12.251743416418321,12.313458981225267,128
B,3,static_contention_baseline_B_event_llm-only_r03_a01,77,static-077,1795.374459004961,11.5435531495348,11.518582992721349,11.674662696896121,12.255712500191294,12.332082987995818,128
B,3,static_contention_baseline_B_event_llm-only_r03_a01,78,static-078,1795.8802499924786,11.552014763743845,11.516041995491832,11.865137494169176,12.155580659746192,12.463791004847735,128
B,3,static_contention_baseline_B_event_llm-only_r03_a01,79,static-079,1797.7523340086918,11.546055771645129,11.524125002324581,11.696133884834126,12.179566220147533,12.267209007404745,128
B,3,static_contention_baseline_B_event_llm-only_r03_a01,80,static-080,1796.7808329849504,11.558601055220942,11.518457991769537,11.871517112012949,12.393199412617832,12.576291977893561,128
B,3,static_contention_baseline_B_event_llm-only_r03_a01,81,static-081,1795.377542002825,11.576615157537162,11.537416983628646,11.92458751029335,12.4365355737973,12.554624991025776,128
B,3,static_contention_baseline_B_event_llm-only_r03_a01,82,static-082,1796.2546249909792,11.547807417534967,11.531041003763676,11.664471295080148,12.045025503612123,12.453834002371877,128
B,3,static_contention_baseline_B_event_llm-only_r03_a01,83,static-083,1795.3342920227442,11.538266401607764,11.524583009304479,11.63243750052061,12.307800913695244,12.521333002950996,128
B,3,static_contention_baseline_B_event_llm-only_r03_a01,84,static-084,1796.7013340094127,11.958852362192022,11.725583986844867,13.760279404232278,14.083090766798705,14.516291994368657,128
B,3,static_contention_baseline_B_event_llm-only_r03_a01,85,static-085,1799.1305829782505,11.536152559235385,11.512124998262152,11.66598318668548,12.243746743188238,12.346500006970018,128
B,3,static_contention_baseline_B_event_llm-only_r03_a01,86,static-086,1797.55566699896,11.560290023605669,11.529666982823983,11.80173389147967,12.353015158441847,12.47220899676904,128
B,3,static_contention_baseline_B_event_llm-only_r03_a01,87,static-087,1795.8318339951802,11.541145992113321,11.523833993123844,11.694337506196462,11.883492841734551,12.050916004227474,128
B,3,static_contention_baseline_B_event_llm-only_r03_a01,88,static-088,1796.8894579971675,11.548862204745808,11.512166995089501,11.78922500112094,11.99002890905831,12.279166985535994,128
B,3,static_contention_baseline_B_event_llm-only_r03_a01,89,static-089,1796.4794159925077,11.571059055263397,11.527249997016042,11.89802519220393,12.44275358505547,12.551208026707172,128
B,3,static_contention_baseline_B_event_llm-only_r03_a01,90,static-090,1796.1995840014424,11.547087921346648,11.525167006766424,11.680099999648519,12.174335410818456,12.302542018005624,128
B,3,static_contention_baseline_B_event_llm-only_r03_a01,91,static-091,1796.074709011009,11.561332677040015,11.526791990036145,11.88401680556126,12.303126576007344,12.501624994911253,128
B,3,static_contention_baseline_B_event_llm-only_r03_a01,92,static-092,1798.240333009744,11.55072342518233,11.51650000247173,11.696487493463792,12.432677493197843,12.579417001688853,128
B,3,static_contention_baseline_B_event_llm-only_r03_a01,93,static-093,1796.082499990007,11.586803149552942,11.536666977917776,11.881333799101412,12.344750160118563,12.457249977160245,128
B,3,static_contention_baseline_B_event_llm-only_r03_a01,94,static-094,1796.5493329975288,11.538644684946135,11.514707992319018,11.698353703832254,12.227882997831328,12.342041009105742,128
B,3,static_contention_baseline_B_event_llm-only_r03_a01,95,static-095,1797.3012499860488,11.558974732362525,11.52420899597928,11.996350003755651,12.291519568534566,12.559833005070686,128
B,3,static_contention_baseline_B_event_llm-only_r03_a01,96,static-096,1795.3962910105474,11.595207023595673,11.543957982212305,12.132475114776751,12.429253589361906,12.564625008963048,128
B,3,static_contention_baseline_B_event_llm-only_r03_a01,97,static-097,1797.7470000041649,11.546961614159926,11.52175001334399,11.680287588387728,12.335463757044636,12.42583300336264,128
B,3,static_contention_baseline_B_event_llm-only_r03_a01,98,static-098,1797.2570830024779,11.558428480506207,11.531166004715487,11.689191908226348,12.264173268340528,12.435541022568941,128
B,3,static_contention_baseline_B_event_llm-only_r03_a01,99,static-099,1795.7854160049465,11.537215228313507,11.507041985169053,11.700091909733601,12.202012666966764,12.403708009514958,128
B,3,static_contention_baseline_B_event_llm-only_r03_a01,100,static-100,1797.0422499929555,11.567577102320547,11.521957989316434,11.91817511280533,12.433049331884831,12.527832994237542,128
B,3,static_contention_baseline_B_event_llm-only_r03_a01,101,static-101,1795.6746249983553,11.5435531495348,11.517332983203232,11.685403808951378,12.109033922897652,12.406750000081956,128
B,3,static_contention_baseline_B_event_llm-only_r03_a01,102,static-102,1795.9081669978332,11.66690419671881,11.540542007423937,12.333908292930571,13.187170001328923,13.434249995043501,128
B,3,static_contention_baseline_B_event_llm-only_r03_a01,103,static-103,1810.046708007576,11.556504267693212,11.516166996443644,11.804117014980875,12.072582176188007,12.48549998854287,128
B,3,static_contention_baseline_B_event_llm-only_r03_a01,104,static-104,1795.424042007653,11.556519023564416,11.529042007168755,11.808141291840002,12.039038926595822,12.236042006406933,128
B,3,static_contention_baseline_B_event_llm-only_r03_a01,105,static-105,1798.0593329994008,11.54073917327126,11.519541993038729,11.661024900968187,12.204447345575316,12.34304200625047,128
B,3,static_contention_baseline_B_event_llm-only_r03_a01,106,static-106,1797.0554160128813,11.552886157406597,11.513833014760166,11.859684003866276,12.252737504895777,12.429916998371482,128
B,3,static_contention_baseline_B_event_llm-only_r03_a01,107,static-107,1795.561832987005,11.54198294494477,11.512083990965039,11.752254402381368,12.23630550201051,12.266291014384478,128
B,3,static_contention_baseline_B_event_llm-only_r03_a01,108,static-108,1796.5792499890085,13.551845803295857,13.941000011982396,14.865904487669468,15.501772169955075,15.947625011904165,128
B,3,static_contention_baseline_B_event_llm-only_r03_a01,109,static-109,1795.1228329911828,11.548387141775443,11.512375000165775,11.846203799359499,12.191313583170995,12.305750016821548,128
B,3,static_contention_baseline_B_event_llm-only_r03_a01,110,static-110,1795.2836670156103,11.553478999912196,11.51745900278911,11.74502081121318,12.328782343538478,12.415292003424838,128
B,3,static_contention_baseline_B_event_llm-only_r03_a01,111,static-111,1795.6198749889154,11.53894553536652,11.504291993333027,11.705579404952005,12.292392499512061,12.323457980528474,128
B,3,static_contention_baseline_B_event_llm-only_r03_a01,112,static-112,1795.206250011688,11.578657811023588,11.547208006959409,11.874637589789927,12.298162332153877,12.546666985144839,128
B,3,static_contention_baseline_B_event_llm-only_r03_a01,113,static-113,1796.7520839883946,11.546677165466734,11.508958006743342,11.9735999032855,12.3733501607785,12.391582975396886,128
B,3,static_contention_baseline_B_event_llm-only_r03_a01,114,static-114,1797.2034580016043,11.544528212645789,11.514665995491669,11.713745485758409,12.331470007193275,12.45520802331157,128
B,3,static_contention_baseline_B_event_llm-only_r03_a01,115,static-115,1795.240208011819,11.55161712589989,11.517833976540715,11.70522071479354,12.429446750902569,12.541792006231844,128
B,3,static_contention_baseline_B_event_llm-only_r03_a01,116,static-116,1797.228958021151,11.536872700749582,11.511582997627556,11.65733730304055,12.133026077062823,12.459666992072016,128
B,3,static_contention_baseline_B_event_llm-only_r03_a01,117,static-117,1796.7457920021843,11.55308005514584,11.516416998347268,11.86265370051842,12.262767330976203,12.391291005769745,128
B,3,static_contention_baseline_B_event_llm-only_r03_a01,118,static-118,1794.558166002389,11.403084976193458,11.36391598265618,11.681508712354116,12.12362314981874,12.216333008836955,128
B,3,static_contention_baseline_B_event_llm-only_r03_a01,119,static-119,1796.500291005941,11.53271030689641,11.515707999933511,11.67651258292608,12.01196355978027,12.06045801518485,128
B,3,static_contention_baseline_B_event_llm-only_r03_a01,120,static-120,1797.438334004255,11.543459645573298,11.52100000763312,11.78921251266729,11.990450921002775,12.45466701220721,128
B,3,static_contention_baseline_B_event_llm-only_r03_a01,121,static-121,1810.9057499968912,11.722233267656827,11.573291994864121,12.797775107901538,13.658706424757838,13.785458984784782,128
B,3,static_contention_baseline_B_event_llm-only_r03_a01,122,static-122,1798.7653340096585,11.543864495896434,11.515833990415558,11.754845586256124,12.043980503221974,12.417250021826476,128
B,3,static_contention_baseline_B_event_llm-only_r03_a01,123,static-123,1797.2282089758664,11.541099732376884,11.509542004205287,11.676108007668518,12.289071249542758,12.460250000003725,128
B,3,static_contention_baseline_B_event_llm-only_r03_a01,124,static-124,1796.5512499795295,11.555831693067017,11.540292005520314,11.68051240965724,12.055247827083804,12.326291995123029,128
B,3,static_contention_baseline_B_event_llm-only_r03_a01,125,static-125,1796.3808749918826,11.54470931501201,11.512583994772285,11.739145391038619,12.206311402842402,12.260583025636151,128
B,3,static_contention_baseline_B_event_llm-only_r03_a01,126,static-126,1795.2519170066807,11.55415649606487,11.510417010867968,11.762200098019093,12.418883241480216,12.52195899724029,128
B,3,static_contention_baseline_B_event_llm-only_r03_a01,127,static-127,1796.5005000005476,12.662645999991195,11.571124981855974,15.110454402747564,15.822041074279696,15.906249987892807,128
B,3,static_contention_baseline_B_event_llm-only_r03_a01,128,static-128,1795.6445000017993,11.544181102259802,11.511750024510548,11.783237490453757,12.108347346656956,12.312999984715134,128
B,3,static_contention_baseline_B_event_llm-only_r03_a01,129,static-129,1794.8477090103552,11.539355968354329,11.500833003083244,11.831445485586299,12.372775324038228,12.452374998247251,128
B,3,static_contention_baseline_B_event_llm-only_r03_a01,130,static-130,1796.6305000009015,11.545104984107875,11.511165997944772,11.713808099739252,12.216649086913094,12.485833023674786,128
B,3,static_contention_baseline_B_event_llm-only_r03_a01,131,static-131,1795.9168340021279,11.576990480305568,11.530416988534853,11.980375007260589,12.525781916338019,12.538333015982062,128
B,3,static_contention_baseline_B_event_llm-only_r03_a01,132,static-132,1796.7331670224667,11.559232283387274,11.52845800970681,11.736791898147203,12.421704983571544,12.432707997504622,128
B,3,static_contention_baseline_B_event_llm-only_r03_a01,133,static-133,1798.0930829944555,11.54404692122654,11.508625000715256,11.718678803299554,12.25450933794491,12.556041008792818,128
B,3,static_contention_baseline_B_event_llm-only_r03_a01,134,static-134,1797.4980830040295,11.544828086598285,11.510750016896054,11.74271249619778,12.32872464112006,12.571291998028755,128
B,3,static_contention_baseline_B_event_llm-only_r03_a01,135,static-135,1798.2662080030423,11.557266401680641,11.519249994307756,11.846512599731795,12.325465159956366,12.524165998911485,128
B,3,static_contention_baseline_B_event_llm-only_r03_a01,136,static-136,1796.6111249988899,11.558184716676354,11.525750014698133,11.799699999392033,12.39246541983448,12.53591597196646,128
B,3,static_contention_baseline_B_event_llm-only_r03_a01,137,static-137,1796.1207089829259,11.544865480437142,11.523541994392872,11.643495698808692,12.26951377466321,12.353833997622132,128
B,3,static_contention_baseline_B_event_llm-only_r03_a01,138,static-138,1797.4824999982957,11.552741795303447,11.524041998200119,11.831816897029055,12.140610511414707,12.336582993157208,128
B,3,static_contention_baseline_B_event_llm-only_r03_a01,139,static-139,1800.5743340181652,11.909323818724983,11.73854200169444,13.303100000484845,14.166199510218574,14.52179197804071,128
B,3,static_contention_baseline_B_event_llm-only_r03_a01,140,static-140,1798.8919579947833,11.543386480376842,11.51650000247173,11.731878796126693,12.252322663553057,12.503208010457456,128
B,3,static_contention_baseline_B_event_llm-only_r03_a01,141,static-141,1798.422166990349,11.537225393800242,11.516083002788946,11.70200441556517,12.021050002658738,12.081624998245388,128
B,3,static_contention_baseline_B_event_llm-only_r03_a01,142,static-142,1795.9389589959756,11.54666600792896,11.519874999066815,11.772383088828065,12.184764485573394,12.323208007728681,128
B,3,static_contention_baseline_B_event_llm-only_r03_a01,143,static-143,1798.3272499986924,11.554448165487146,11.51804201072082,11.829203690285794,12.34753159515094,12.499834003392607,128
B,3,static_contention_baseline_B_event_llm-only_r03_a01,144,static-144,1798.5197920061182,11.539885173157575,11.51349997962825,11.72346698876936,12.204273506649768,12.42962499964051,128
B,3,static_contention_baseline_B_event_llm-only_r03_a01,145,static-145,1798.2464160013478,11.566030511707728,11.525959009304643,11.92320819827728,12.359467655187473,12.568582984386012,128
B,3,static_contention_baseline_B_event_llm-only_r03_a01,146,static-146,1797.6626669988036,11.563280181167281,11.52770800399594,11.867120690294538,12.342265013139695,12.492209003539756,128
B,3,static_contention_baseline_B_event_llm-only_r03_a01,147,static-147,1794.5669170003384,11.541780842446142,11.521207983605564,11.749695590697229,12.056163593078963,12.08625000435859,128
B,3,static_contention_baseline_B_event_llm-only_r03_a01,148,static-148,1797.9710829968099,11.574599740194435,11.542332998942584,11.845175010967068,12.204862501239404,12.29441599571146,128
B,3,static_contention_baseline_B_event_llm-only_r03_a01,149,static-149,1798.6836250056513,11.551509519642966,11.507208022521809,11.842116917250676,12.388268411159515,12.54737499402836,128
B,4,static_contention_baseline_B_event_llm-only_r04_a01,0,static-000,1774.7813340101857,11.53319225189144,11.505375005071983,11.674737514113076,12.2585804190021,12.478707998525351,128
B,4,static_contention_baseline_B_event_llm-only_r04_a01,1,static-001,1783.9329580019694,11.51996818105287,11.482292000437155,11.820400014403273,12.377301264787093,12.528541992651299,128
B,4,static_contention_baseline_B_event_llm-only_r04_a01,2,static-002,1804.8297089990228,11.89105708668133,11.715917004039511,12.99065880884882,14.050080496817827,14.3562080047559,128
B,4,static_contention_baseline_B_event_llm-only_r04_a01,3,static-003,1790.4632499848958,11.535669944852254,11.508416006108746,11.637121313833632,12.204407487879507,12.376832979498431,128
B,4,static_contention_baseline_B_event_llm-only_r04_a01,4,static-004,1790.8646660216618,11.543088913189365,11.520291998749599,11.674399906769395,12.276773923076687,12.52383302198723,128
B,4,static_contention_baseline_B_event_llm-only_r04_a01,5,static-005,1792.6341250131372,11.531620401674589,11.510541022289544,11.751412384910509,11.964871576637961,12.283125019166619,128
B,4,static_contention_baseline_B_event_llm-only_r04_a01,6,static-006,1795.2247920038644,11.547725393545015,11.510874988744035,11.849658002029173,12.167512996238656,12.36095797503367,128
B,4,static_contention_baseline_B_event_llm-only_r04_a01,7,static-007,1794.2944999958854,11.560481299250203,11.515124992001802,11.783587510581128,12.438750565634109,12.46154197724536,128
B,4,static_contention_baseline_B_event_llm-only_r04_a01,8,static-008,1794.7481249866541,11.56534415744905,11.521457985509187,11.800762498751283,12.450149827054702,12.510125001426786,128
B,4,static_contention_baseline_B_event_llm-only_r04_a01,9,static-009,1795.5775420123246,11.53811187401788,11.510957992868498,11.702854299801402,12.222208430757744,12.411416973918676,128
B,4,static_contention_baseline_B_event_llm-only_r04_a01,10,static-010,1794.7967909858562,11.558119425326439,11.527458991622552,11.928949909633957,12.18691951711662,12.505458988016471,128
B,4,static_contention_baseline_B_event_llm-only_r04_a01,11,static-011,1794.7492499952205,11.5614002678217,11.523583991220221,11.890708110877313,12.452195013756864,12.546542013296857,128
B,4,static_contention_baseline_B_event_llm-only_r04_a01,12,static-012,1795.8220839791466,11.539700787558449,11.515082995174453,11.68234131182544,12.046232004649937,12.478416989324614,128
B,4,static_contention_baseline_B_event_llm-only_r04_a01,13,static-013,1796.312541991938,11.538777881949098,11.514875019202009,11.686216911766678,12.09598766057752,12.475458002882078,128
B,4,static_contention_baseline_B_event_llm-only_r04_a01,14,static-014,1797.0435410097707,11.566965551093572,11.53466702089645,11.716054295538925,12.371730000013486,12.432416988303885,128
B,4,static_contention_baseline_B_event_llm-only_r04_a01,15,static-015,1795.9399160172325,11.587050527528545,11.549957998795435,11.950562489801085,12.436661736574022,12.531084008514881,128
B,4,static_contention_baseline_B_event_llm-only_r04_a01,16,static-016,1795.565834006993,11.567599409375354,11.540000006789342,11.70502060558647,12.357264505699277,12.4710829986725,128
B,4,static_contention_baseline_B_event_llm-only_r04_a01,17,static-017,1796.345917013241,11.562067913359002,11.5322079800535,11.78284190245904,12.059054990531877,12.446334003470838,128
B,4,static_contention_baseline_B_event_llm-only_r04_a01,18,static-018,1797.0269999932498,11.350640094395375,11.25912499264814,11.613537612720393,12.061115917167626,12.16008301707916,128
B,4,static_contention_baseline_B_event_llm-only_r04_a01,19,static-019,1796.6347089968622,11.55656397637845,11.51554100215435,11.745124886510894,12.288006580201909,12.470208981540054,128
B,4,static_contention_baseline_B_event_llm-only_r04_a01,20,static-020,1795.3171249828301,11.904671913568356,11.742250004317611,13.130108709447084,14.261440660338847,14.647375006461516,128
B,4,static_contention_baseline_B_event_llm-only_r04_a01,21,static-021,1802.9742920189165,11.533870401619897,11.502208013553172,11.625487593119033,12.192814574809745,12.387708004098386,128
B,4,static_contention_baseline_B_event_llm-only_r04_a01,22,static-022,1796.9412910169922,11.565244755722349,11.531374999321997,11.944842000957577,12.188138580531813,12.25633401190862,128
B,4,static_contention_baseline_B_event_llm-only_r04_a01,23,static-023,1796.7801250051707,11.53461975581746,11.503665999043733,11.714779402245767,12.30574459710624,12.36829100525938,128
B,4,static_contention_baseline_B_event_llm-only_r04_a01,24,static-024,1797.0799159957096,11.56787040957807,11.528417002409697,11.937362412572837,12.472160164033994,12.638250016607344,128
B,4,static_contention_baseline_B_event_llm-only_r04_a01,25,static-025,1797.472458012635,11.552159448739097,11.522959015564993,11.799153490574097,12.070869999588467,12.311792001128197,128
B,4,static_contention_baseline_B_event_llm-only_r04_a01,26,static-026,1797.337832977064,11.555397637852094,11.526749993208796,11.687408204306848,12.313553596031852,12.42137502413243,128
B,4,static_contention_baseline_B_event_llm-only_r04_a01,27,static-027,1796.1269579827785,11.532959645828525,11.521125008584931,11.671416813624091,12.13555157650262,12.264582997886464,128
B,4,static_contention_baseline_B_event_llm-only_r04_a01,28,static-028,1798.1009999930393,11.545711944950378,11.517499980982393,11.768295711954124,12.198905001278035,12.463749997550622,128
B,4,static_contention_baseline_B_event_llm-only_r04_a01,29,static-029,1796.9600410142448,11.603862204631115,11.553874996025115,11.913662496954203,12.416542499559,12.449833011487499,128
B,4,static_contention_baseline_B_event_llm-only_r04_a01,30,static-030,1795.9144579945132,11.574768700763421,11.533458979101852,11.905204289359972,12.50126440601889,12.538750015664846,128
B,4,static_contention_baseline_B_event_llm-only_r04_a01,31,static-031,1797.6808749954216,11.540566267643682,11.52570900740102,11.665591201744974,12.142643424449487,12.307875003898516,128
B,4,static_contention_baseline_B_event_llm-only_r04_a01,32,static-032,1796.0224580019712,11.538876314999492,11.51354200555943,11.657229592674412,12.163746242295018,12.408417009282857,128
B,4,static_contention_baseline_B_event_llm-only_r04_a01,33,static-033,1796.0376249975525,11.558539700679715,11.519749998115003,11.972766398685053,12.33640065358486,12.540041992906481,128
B,4,static_contention_baseline_B_event_llm-only_r04_a01,34,static-034,1797.9236250102986,11.569395669374806,11.535917001310736,11.818403893266803,12.206555019365622,12.523457990027964,128
B,4,static_contention_baseline_B_event_llm-only_r04_a01,35,static-035,1796.2448329781182,11.541636811026672,11.523125023813918,11.740762591944076,11.929913419298828,11.961582989897579,128
B,4,static_contention_baseline_B_event_llm-only_r04_a01,36,static-036,1796.144040999934,11.549685370153197,11.521500011440367,11.916541997925378,12.189536825753748,12.355499988188967,128
B,4,static_contention_baseline_B_event_llm-only_r04_a01,37,static-037,1798.3592500095256,11.542507543322065,11.51745900278911,11.698228897876106,12.18546000542119,12.317791988607496,128
B,4,static_contention_baseline_B_event_llm-only_r04_a01,38,static-038,1796.95895902114,11.550319881781599,11.509167001349851,11.743441194994375,12.435269678826444,12.474165996536613,128
B,4,static_contention_baseline_B_event_llm-only_r04_a01,39,static-039,1821.0506250034086,11.561195535436786,11.52420899597928,11.81699539301917,11.965506097185425,12.644375005038455,128
B,4,static_contention_baseline_B_event_llm-only_r04_a01,40,static-040,1796.6933750140015,11.565618440884672,11.531333992024884,11.795053715468384,12.320562503882684,12.488582986406982,128
B,4,static_contention_baseline_B_event_llm-only_r04_a01,41,static-041,1797.5100839976221,11.565240810892918,11.53687498299405,11.807133714319207,12.409524825634435,12.460917001590133,128
B,4,static_contention_baseline_B_event_llm-only_r04_a01,42,static-042,1798.4358340036124,11.552950456705473,11.52412497322075,11.777229394647291,12.369450766127555,12.549083010526374,128
B,4,static_contention_baseline_B_event_llm-only_r04_a01,43,static-043,1796.5190000250004,11.550438314892615,11.521334003191441,11.726087308488786,12.04757806379348,12.403792003169656,128
B,4,static_contention_baseline_B_event_llm-only_r04_a01,44,static-044,1796.7797909805086,11.579075787403422,11.530832998687401,11.950366100063547,12.519824086339213,12.628834025235847,128
B,4,static_contention_baseline_B_event_llm-only_r04_a01,45,static-045,1796.8501670111436,11.545520669305844,11.517750011989847,11.775112399482166,12.284553426434284,12.444082996807992,128
B,4,static_contention_baseline_B_event_llm-only_r04_a01,46,static-046,1795.6452500075102,11.549254267716663,11.52195897884667,11.69998750265222,12.163382924045436,12.530624982900918,128
B,4,static_contention_baseline_B_event_llm-only_r04_a01,47,static-047,1796.7619170085527,11.558936677156309,11.521625012392178,11.718749796273187,12.396819502464494,12.53841700963676,128
B,4,static_contention_baseline_B_event_llm-only_r04_a01,48,static-048,1797.94370799209,11.558500653651624,11.52004100731574,11.85152920661494,12.307287509320304,12.616915977559984,128
B,4,static_contention_baseline_B_event_llm-only_r04_a01,49,static-049,1795.8051660098135,11.5917828110483,11.553916003322229,11.929491697810588,12.44984592369292,12.544084020191804,128
B,4,static_contention_baseline_B_event_llm-only_r04_a01,50,static-050,1797.5260840030387,11.55255708658305,11.529792012879625,11.715770614682697,11.949996497132815,12.524292018497363,128
B,4,static_contention_baseline_B_event_llm-only_r04_a01,51,static-051,1796.4388339896686,11.55622736216288,11.528917006216943,11.879883098299615,12.001779671409167,12.150707974797115,128
B,4,static_contention_baseline_B_event_llm-only_r04_a01,52,static-052,1797.09616699256,11.552573818993924,11.534000019310042,11.718345605186187,12.042475010384806,12.279374990612268,128
B,4,static_contention_baseline_B_event_llm-only_r04_a01,53,static-053,1798.0623330222443,11.542698488053755,11.520041996845976,11.775750012020579,12.103836088790558,12.270083010662347,128
B,4,static_contention_baseline_B_event_llm-only_r04_a01,54,static-054,1795.8540420222562,11.59654330695048,11.548500013304874,11.95668389846105,12.5468998454744,12.569333979627118,128
B,4,static_contention_baseline_B_event_llm-only_r04_a01,55,static-055,1797.8872499952558,11.555771323014417,11.515249992953613,11.83039580937475,12.318363584927283,12.435249984264374,128
B,4,static_contention_baseline_B_event_llm-only_r04_a01,56,static-056,1796.315291983774,11.57082021273086,11.544042004970834,11.722420607111417,12.331755500636064,12.355832994217053,128
B,4,static_contention_baseline_B_event_llm-only_r04_a01,57,static-057,1805.500792019302,11.803623684865283,11.652875022264197,13.041117112152275,13.69292750081513,13.732833991525695,128
B,4,static_contention_baseline_B_event_llm-only_r04_a01,58,static-058,1797.3470839788206,11.537441598594292,11.511916003655642,11.738571315072477,12.23785390611738,12.28341698879376,128
B,4,static_contention_baseline_B_event_llm-only_r04_a01,59,static-059,1795.8135830122046,11.553995409342424,11.522541986778378,11.786437491537072,12.356744011631235,12.571250001201406,128
B,4,static_contention_baseline_B_event_llm-only_r04_a01,60,static-060,1796.951333002653,11.532960299175144,11.508291005156934,11.672254494624212,12.11309515929315,12.40549999056384,128
B,4,static_contention_baseline_B_event_llm-only_r04_a01,61,static-061,1797.7171670063399,11.533270669298055,11.510291020385921,11.632720695342869,12.104838084778748,12.263874989002943,128
B,4,static_contention_baseline_B_event_llm-only_r04_a01,62,static-062,1796.0879589954857,11.56852099202082,11.528250004630536,11.892775099840946,12.334505514008924,12.436707998858765,128
B,4,static_contention_baseline_B_event_llm-only_r04_a01,63,static-063,1796.3318749971222,11.548736874026972,11.52475000708364,11.703221287461929,12.245162496110424,12.471249996451661,128
B,4,static_contention_baseline_B_event_llm-only_r04_a01,64,static-064,1795.6097499991301,11.569481299260602,11.524749977979809,11.863975011510773,12.495463493978605,12.52249997924082,128
B,4,static_contention_baseline_B_event_llm-only_r04_a01,65,static-065,1796.5038749971427,11.53801279518328,11.52699999511242,11.623445799341425,11.944303994532675,12.148500012699515,128
B,4,static_contention_baseline_B_event_llm-only_r04_a01,66,static-066,1798.638000007486,11.584775259958462,11.535333003848791,11.968928802525625,12.419069333700461,12.564625008963048,128
B,4,static_contention_baseline_B_event_llm-only_r04_a01,67,static-067,1796.2579999875743,11.545992126151202,11.526624992256984,11.78011698357295,12.052756571792997,12.351540994131938,128
B,4,static_contention_baseline_B_event_llm-only_r04_a01,68,static-068,1796.3169160066172,11.551550858082088,11.524333007400855,11.783367095631545,12.186496994690968,12.275334011064842,128
B,4,static_contention_baseline_B_event_llm-only_r04_a01,69,static-069,1798.4667920100037,11.553077425259554,11.524332978297025,11.739953790674917,12.068657643394545,12.126290996093303,128
B,4,static_contention_baseline_B_event_llm-only_r04_a01,70,static-070,1795.350458996836,11.575830378019669,11.532167001860216,11.82557480642572,12.428619088605046,12.642042012885213,128
B,4,static_contention_baseline_B_event_llm-only_r04_a01,71,static-071,1796.6142500226852,11.56918832268676,11.546291992999613,11.809529204037972,12.268910358543506,12.481625017244369,128
B,4,static_contention_baseline_B_event_llm-only_r04_a01,72,static-072,1797.166208998533,11.571554787224159,11.53441600035876,11.987041807151398,12.313182924408466,12.510166998254135,128
B,4,static_contention_baseline_B_event_llm-only_r04_a01,73,static-073,1794.8532909795176,11.422077755995579,11.458082997705787,11.685428905184379,12.063772488618268,12.203124992083758,128
B,4,static_contention_baseline_B_event_llm-only_r04_a01,74,static-074,1796.5656250016764,11.545032149595098,11.520291009219363,11.777954414719714,12.11858500202652,12.21762501518242,128
B,4,static_contention_baseline_B_event_llm-only_r04_a01,75,static-075,1797.41387499962,11.932631236121543,11.705915996572003,13.30269188911188,14.16751234442927,14.670083008240908,128
B,4,static_contention_baseline_B_event_llm-only_r04_a01,76,static-076,1804.0507079858799,11.541380574945068,11.515082995174453,11.729971307795493,12.099380915169604,12.185624975245446,128
B,4,static_contention_baseline_B_event_llm-only_r04_a01,77,static-077,1797.7789580181707,11.58595537788814,11.540333012817428,12.064654196728952,12.381284082657658,12.47558300383389,128
B,4,static_contention_baseline_B_event_llm-only_r04_a01,78,static-078,1797.5078340095934,11.565063976248227,11.536208010511473,11.760162501013838,12.34340591239743,12.3707500169985,128
B,4,static_contention_baseline_B_event_llm-only_r04_a01,79,static-079,1797.8946670191363,11.548431755885057,11.520667001605034,11.721312705776654,11.985534087289125,12.463292019674554,128
B,4,static_contention_baseline_B_event_llm-only_r04_a01,80,static-080,1796.540040988475,11.549172244185039,11.521292006364092,11.737020508735439,12.199153765104711,12.20845797797665,128
B,4,static_contention_baseline_B_event_llm-only_r04_a01,81,static-081,1797.5867919740267,11.560267385867183,11.52850000653416,11.79529190121684,12.294434492941946,12.502666999353096,128
B,4,static_contention_baseline_B_event_llm-only_r04_a01,82,static-082,1797.5279999955092,11.55141600788989,11.524708999786526,11.683765982161276,12.272492492338642,12.306416989304125,128
B,4,static_contention_baseline_B_event_llm-only_r04_a01,83,static-083,1796.810458006803,11.545771000059835,11.51929100160487,11.661199908121489,12.31309301161673,12.394749996019527,128
B,4,static_contention_baseline_B_event_llm-only_r04_a01,84,static-084,1796.5747909911443,11.578263456641704,11.517290986375883,11.988037507398985,12.336443085805513,12.473250011680648,128
B,4,static_contention_baseline_B_event_llm-only_r04_a01,85,static-085,1798.322708986234,11.565750322944492,11.53837499441579,11.735975093324669,12.457037490676157,12.552583997603506,128
B,4,static_contention_baseline_B_event_llm-only_r04_a01,86,static-086,1796.913540980313,11.543865818860317,11.518332990817726,11.815095506608484,12.210306983906774,12.415625009452924,128
B,4,static_contention_baseline_B_event_llm-only_r04_a01,87,static-087,1796.7850829882082,11.541965881850219,11.518166022142395,11.68260001577437,12.101078149862587,12.2415829973761,128
B,4,static_contention_baseline_B_event_llm-only_r04_a01,88,static-088,1796.423291991232,11.57066797632284,11.536000005435199,11.904308173689058,12.293242929154076,12.417292018653825,128
B,4,static_contention_baseline_B_event_llm-only_r04_a01,89,static-089,1796.4389160042629,11.55575066135727,11.527666996698827,11.87955808127299,12.42933783563785,12.497332994826138,128
B,4,static_contention_baseline_B_event_llm-only_r04_a01,90,static-090,1797.216583014233,11.589798228411869,11.537499987753108,11.922320604207925,12.513955012545921,12.702374981017783,128
B,4,static_contention_baseline_B_event_llm-only_r04_a01,91,static-091,1795.2656249981374,11.540916007915952,11.51350000873208,11.867795596481301,12.169659649953246,12.44008299545385,128
B,4,static_contention_baseline_B_event_llm-only_r04_a01,92,static-092,1797.138374997303,11.536320543336483,11.518500017700717,11.667492086417042,12.027186413761227,12.238708994118497,128
B,4,static_contention_baseline_B_event_llm-only_r04_a01,93,static-093,1797.0963339903392,11.552837921359657,11.522916000103578,11.836720592691563,12.045451233279891,12.309083016589284,128
B,4,static_contention_baseline_B_event_llm-only_r04_a01,94,static-094,1815.2963329921477,11.576547244092538,11.519916995894164,12.007137600448914,12.446316407877019,12.696624995442107,128
B,4,static_contention_baseline_B_event_llm-only_r04_a01,95,static-095,1797.742124996148,11.560491795191453,11.521083011757582,11.899450092460027,12.433121578069404,12.501082994276658,128
B,4,static_contention_baseline_B_event_llm-only_r04_a01,96,static-096,1797.2777909890283,11.584663063087904,11.529291979968548,11.981725189252755,12.541434100130573,12.576999986777082,128
B,4,static_contention_baseline_B_event_llm-only_r04_a01,97,static-097,1796.6783750161994,11.539055440826049,11.507249990245327,11.794045491842553,11.943681414122693,12.324999988777563,128
B,4,static_contention_baseline_B_event_llm-only_r04_a01,98,static-098,1797.6883339870255,11.571469157567526,11.529209004947916,11.89140809292439,12.508474997594021,12.522625009296462,128
B,4,static_contention_baseline_B_event_llm-only_r04_a01,99,static-099,1794.5487909892108,11.555961614170325,11.509499978274107,11.969303691876119,12.27379483403638,12.308333010878414,128
B,4,static_contention_baseline_B_event_llm-only_r04_a01,100,static-100,1796.3830410153605,11.560374999915682,11.53816599980928,11.709857993992046,12.26591173268389,12.47504199272953,128
B,4,static_contention_baseline_B_event_llm-only_r04_a01,101,static-101,1797.2066660004202,11.555341535521025,11.524041998200119,11.890221294015644,12.347126922104508,12.393832992529497,128
B,4,static_contention_baseline_B_event_llm-only_r04_a01,102,static-102,1795.9876250242814,11.556526244064338,11.520875006681308,11.693812487646937,12.25460015120916,12.58041601977311,128
B,4,static_contention_baseline_B_event_llm-only_r04_a01,103,static-103,1797.1439579850994,11.555256567002589,11.518499988596886,11.963545586331747,12.242568078218028,12.377999984892085,128
B,4,static_contention_baseline_B_event_llm-only_r04_a01,104,static-104,1797.2263749979902,11.54388122853647,11.51333298184909,11.714170590857975,12.338083164067935,12.518500006990507,128
B,4,static_contention_baseline_B_event_llm-only_r04_a01,105,static-105,1796.246166981291,11.555148952724926,11.526332993526012,11.700824997387826,12.242730754078364,12.512499990407377,128
B,4,static_contention_baseline_B_event_llm-only_r04_a01,106,static-106,1797.6290420047008,11.551282803095349,11.523749999469146,11.768916307482868,12.198876842157915,12.361625005723909,128
B,4,static_contention_baseline_B_event_llm-only_r04_a01,107,static-107,1797.530750016449,11.554420929114283,11.515958001837134,11.95069119276013,12.313876257394439,12.458582990802824,128
B,4,static_contention_baseline_B_event_llm-only_r04_a01,108,static-108,1796.0288749891333,11.534680771654266,11.504082998726517,11.67609550175257,12.096817020792514,12.529375002486631,128
B,4,static_contention_baseline_B_event_llm-only_r04_a01,109,static-109,1797.6216670067515,11.528939629747262,11.499666987219825,11.62435449368786,12.081405920325778,12.492209003539756,128
B,4,static_contention_baseline_B_event_llm-only_r04_a01,110,static-110,1795.2644170145504,11.563116141666445,11.535083001945168,11.811166899860837,12.217230755486526,12.47433401294984,128
B,4,static_contention_baseline_B_event_llm-only_r04_a01,111,static-111,1797.1922080032527,11.58354166935484,11.549916991498321,11.85904179874342,12.315650746459141,12.559624999994412,128
B,4,static_contention_baseline_B_event_llm-only_r04_a01,112,static-112,1809.3023750116117,11.833429456629798,11.675917019601911,13.186687391134909,13.645762499654666,13.85579101042822,128
B,4,static_contention_baseline_B_event_llm-only_r04_a01,113,static-113,1796.6086660162546,11.545368771602245,11.52170798741281,11.73667490365915,12.01156156428624,12.075125006958842,128
B,4,static_contention_baseline_B_event_llm-only_r04_a01,114,static-114,1796.7790410039015,11.591271000023285,11.547041998710483,11.964541909401305,12.404810018488206,12.483208993216977,128
B,4,static_contention_baseline_B_event_llm-only_r04_a01,115,static-115,1795.8670419757254,11.552295275628346,11.526415997650474,11.701020589680411,12.35258599685039,12.511959008406848,128
B,4,static_contention_baseline_B_event_llm-only_r04_a01,116,static-116,1798.3301669883076,11.56333103930893,11.540916981175542,11.76360019017011,12.181730412994511,12.424167012795806,128
B,4,static_contention_baseline_B_event_llm-only_r04_a01,117,static-117,1797.0007080002688,11.536622700908435,11.50545899872668,11.784912599250672,12.191143165109679,12.33595801750198,128
B,4,static_contention_baseline_B_event_llm-only_r04_a01,118,static-118,1794.9760000046808,11.54426049590514,11.513041012221947,11.724958202103153,12.248516848194411,12.491333996877074,128
B,4,static_contention_baseline_B_event_llm-only_r04_a01,119,static-119,1797.4719999765512,11.551401244227106,11.523583001689985,11.767933994997291,12.291101596783845,12.519749987404794,128
B,4,static_contention_baseline_B_event_llm-only_r04_a01,120,static-120,1798.231916007353,11.534751645668857,11.511499993503094,11.725158095941879,12.170100415823981,12.406458001350984,128
B,4,static_contention_baseline_B_event_llm-only_r04_a01,121,static-121,1797.852874995442,11.582453739985192,11.524250003276393,11.962983207195066,12.395154826226642,12.487583997426555,128
B,4,static_contention_baseline_B_event_llm-only_r04_a01,122,static-122,1796.017042011954,11.56267748804631,11.526375019457191,11.86107500689104,12.333801581989974,12.436165998224169,128
B,4,static_contention_baseline_B_event_llm-only_r04_a01,123,static-123,1795.7731249916833,11.549355314841025,11.522541986778378,11.730929379700681,12.333822497748768,12.39554100902751,128
B,4,static_contention_baseline_B_event_llm-only_r04_a01,124,static-124,1797.5567079847679,11.557313323013602,11.528417002409697,11.738087591947988,12.076034999918193,12.461791979148984,128
B,4,static_contention_baseline_B_event_llm-only_r04_a01,125,static-125,1797.3206659953576,11.567195543311684,11.524792003910989,11.828945507295428,12.457594500738196,12.547291989903897,128
B,4,static_contention_baseline_B_event_llm-only_r04_a01,126,static-126,1796.5058750123717,11.55078674801332,11.525499983690679,11.83292131172493,12.168971268110909,12.385583977447823,128
B,4,static_contention_baseline_B_event_llm-only_r04_a01,127,static-127,1796.6895000135992,11.547339566814617,11.517708015162498,11.747070599813012,12.322809486067854,12.509749998571351,128
B,4,static_contention_baseline_B_event_llm-only_r04_a01,128,static-128,1796.3217920041643,11.338833330829782,11.243582994211465,11.626671298290603,12.049787326250224,12.191166984848678,128
B,4,static_contention_baseline_B_event_llm-only_r04_a01,129,static-129,1797.0897080085706,11.568134842627483,11.52400000137277,11.903679490205832,12.197231843019836,12.368875002721325,128
B,4,static_contention_baseline_B_event_llm-only_r04_a01,130,static-130,1797.95320800622,11.856113189022885,11.697207984980196,13.12127061537467,13.838698586332608,14.675750018795952,128
B,4,static_contention_baseline_B_event_llm-only_r04_a01,131,static-131,1804.8043330200016,11.539244425059552,11.526540998602286,11.666670499835163,11.912637657369487,12.41987498360686,128
B,4,static_contention_baseline_B_event_llm-only_r04_a01,132,static-132,1797.5640410149936,11.571324480134686,11.533292010426521,11.89042060286738,12.438810006715357,12.56029200158082,128
B,4,static_contention_baseline_B_event_llm-only_r04_a01,133,static-133,1796.8434579961468,11.545950787253751,11.506500013638288,11.905658594332635,12.372645916184409,12.49387499410659,128
B,4,static_contention_baseline_B_event_llm-only_r04_a01,134,static-134,1794.9742499913555,11.544476378036252,11.523167020641267,11.657754296902567,11.95017057529185,12.48604099964723,128
B,4,static_contention_baseline_B_event_llm-only_r04_a01,135,static-135,1798.1390000204556,11.547145999988219,11.506166018079966,11.851037698215805,12.34268048836384,12.420208979165182,128
B,4,static_contention_baseline_B_event_llm-only_r04_a01,136,static-136,1796.2285410030745,11.573331692718028,11.532167001860216,11.887557915179059,12.41644606576301,12.57895800517872,128
B,4,static_contention_baseline_B_event_llm-only_r04_a01,137,static-137,1796.4979159878567,11.549529204728067,11.522000015247613,11.758154406561514,12.289286596351303,12.370250013191253,128
B,4,static_contention_baseline_B_event_llm-only_r04_a01,138,static-138,1797.5984170043375,11.529809378012354,11.513917008414865,11.623583183973096,12.016540309414266,12.103000015486032,128
B,4,static_contention_baseline_B_event_llm-only_r04_a01,139,static-139,1796.9386670156382,11.582981629845298,11.526333022629842,11.972812499152496,12.24782783887349,12.383791006868705,128
B,4,static_contention_baseline_B_event_llm-only_r04_a01,140,static-140,1797.8934999846388,11.557504267745292,11.532457981957123,11.862145602935923,12.087973415036686,12.295499996980652,128
B,4,static_contention_baseline_B_event_llm-only_r04_a01,141,static-141,1796.3755420059897,11.554979330559416,11.53537500067614,11.719404402538203,12.272104436415246,12.381500011542812,128
B,4,static_contention_baseline_B_event_llm-only_r04_a01,142,static-142,1795.0595000002068,11.551166338732422,11.531250027474016,11.666991916717961,12.366006402880883,12.53558398457244,128
B,4,static_contention_baseline_B_event_llm-only_r04_a01,143,static-143,1796.8629160022829,11.567390094397545,11.530749994562939,11.779616889543831,12.327152162324637,12.53541698679328,128
B,4,static_contention_baseline_B_event_llm-only_r04_a01,144,static-144,1796.808792016236,11.564037401419808,11.53833299758844,11.724170483648777,12.330391438445075,12.446750013623387,128
B,4,static_contention_baseline_B_event_llm-only_r04_a01,145,static-145,1795.589415996801,11.558132874046079,11.519624997163191,11.818803616915828,12.449084510444663,12.532875000033528,128
B,4,static_contention_baseline_B_event_llm-only_r04_a01,146,static-146,1797.2350000054576,11.542001968537509,11.519959021825343,11.67678379570134,12.349515759269703,12.550083018140867,128
B,4,static_contention_baseline_B_event_llm-only_r04_a01,147,static-147,1796.9285419967491,11.537787070915865,11.514750018250197,11.679596116300672,11.965728410286829,12.078250001650304,128
B,4,static_contention_baseline_B_event_llm-only_r04_a01,148,static-148,1796.2162909971084,11.539737866067613,11.516083002788946,11.723254312528297,12.130280168494208,12.381499982438982,128
B,4,static_contention_baseline_B_event_llm-only_r04_a01,149,static-149,1822.601374995429,11.610251968482686,11.531791999004781,11.802908600657247,13.500949435401706,13.642083009472117,128
