baseline_set,repeat,run_key,request_index,request_id,ttft_ms,mean_tpot_ms,p95_tpot_ms,token_timestamp_count
A,0,static_baseline_A_event_llm-only_r00_a01,0,static-000,1744.0981670079054,11.637760165278566,11.941566098539624,128
A,0,static_baseline_A_event_llm-only_r00_a01,1,static-001,1741.7882500012638,11.647584976323177,12.200058798771348,128
A,0,static_baseline_A_event_llm-only_r00_a01,2,static-002,1748.8964999938617,11.639882874006853,12.262875096348578,128
A,0,static_baseline_A_event_llm-only_r00_a01,3,static-003,1754.0327909955522,11.630909448887376,11.897721298737451,128
A,0,static_baseline_A_event_llm-only_r00_a01,4,static-004,1758.4347920055734,11.648136811073334,12.306767104018942,128
A,0,static_baseline_A_event_llm-only_r00_a01,5,static-005,1759.4844160048524,11.626152236218102,11.948275001486763,128
A,0,static_baseline_A_event_llm-only_r00_a01,6,static-006,1762.928500000271,11.618323818808898,11.954429507022724,128
A,0,static_baseline_A_event_llm-only_r00_a01,7,static-007,1764.6290409902576,11.623215228438333,11.9382456963649,128
A,0,static_baseline_A_event_llm-only_r00_a01,8,static-008,1766.7250410013366,11.636460307086304,11.962832900462672,128
A,0,static_baseline_A_event_llm-only_r00_a01,9,static-009,1768.453791999491,11.636867456612045,12.117057999421375,128
A,0,static_baseline_A_event_llm-only_r00_a01,10,static-010,1769.7412909910781,11.64447145679082,12.032740996801294,128
A,0,static_baseline_A_event_llm-only_r00_a01,11,static-011,1771.7070420039818,11.637548559004308,11.927208800625522,128
A,0,static_baseline_A_event_llm-only_r00_a01,12,static-012,1773.662791994866,11.641970795293258,12.025100001483224,128
A,0,static_baseline_A_event_llm-only_r00_a01,13,static-013,1774.886625004001,11.624149275543974,12.023745698388664,128
A,0,static_baseline_A_event_llm-only_r00_a01,14,static-014,1776.3602499908302,11.612314960619575,11.91415389475878,128
A,0,static_baseline_A_event_llm-only_r00_a01,15,static-015,1778.0646669998532,11.625567259882049,11.952708201715723,128
A,0,static_baseline_A_event_llm-only_r00_a01,16,static-016,1777.9194999893662,11.6300574174072,11.86245890567079,128
A,0,static_baseline_A_event_llm-only_r00_a01,17,static-017,1780.5662500031758,11.60688681104477,11.758754496986512,128
A,0,static_baseline_A_event_llm-only_r00_a01,18,static-018,1795.9550000086892,11.770795275549785,12.659108111984095,128
A,0,static_baseline_A_event_llm-only_r00_a01,19,static-019,1783.2418749894714,11.63564468507094,12.02289199718507,128
A,0,static_baseline_A_event_llm-only_r00_a01,20,static-020,1783.1106250087032,11.633953417254443,11.933137704909313,128
A,0,static_baseline_A_event_llm-only_r00_a01,21,static-021,1784.1093750030268,11.633759511838205,11.929112492362037,128
A,0,static_baseline_A_event_llm-only_r00_a01,22,static-022,1785.4565419984283,11.640899275556961,11.928741693554912,128
A,0,static_baseline_A_event_llm-only_r00_a01,23,static-023,1787.6628750091186,11.624899937007687,11.914433199854102,128
A,0,static_baseline_A_event_llm-only_r00_a01,24,static-024,1786.482834009803,11.629829062909753,11.915674900228623,128
A,0,static_baseline_A_event_llm-only_r00_a01,25,static-025,1787.0849579921924,11.63304166929745,12.207128696900327,128
A,0,static_baseline_A_event_llm-only_r00_a01,26,static-026,1787.1729170001345,11.617942251893876,12.15166259935358,128
A,0,static_baseline_A_event_llm-only_r00_a01,27,static-027,1788.2771660079015,11.620426842462505,11.92405449983198,128
A,0,static_baseline_A_event_llm-only_r00_a01,28,static-028,1788.2855420029955,11.62669488183483,12.017787504009902,128
A,0,static_baseline_A_event_llm-only_r00_a01,29,static-029,1792.028374999063,11.628238511763103,12.062970691476949,128
A,0,static_baseline_A_event_llm-only_r00_a01,30,static-030,1790.7263329980196,11.62797507087931,11.89988300029654,128
A,0,static_baseline_A_event_llm-only_r00_a01,31,static-031,1791.6992089885753,11.644464566974579,12.263782904483378,128
A,0,static_baseline_A_event_llm-only_r00_a01,32,static-032,1792.3144170054002,11.616914692920574,11.996887600980699,128
A,0,static_baseline_A_event_llm-only_r00_a01,33,static-033,1792.3681250103982,11.615848755848953,11.789446197508369,128
A,0,static_baseline_A_event_llm-only_r00_a01,34,static-034,1794.6961249981541,11.638729661422612,11.997462502040435,128
A,0,static_baseline_A_event_llm-only_r00_a01,35,static-035,1792.9989580006804,11.633763125983954,11.860825205803849,128
A,0,static_baseline_A_event_llm-only_r00_a01,36,static-036,1796.5541250014212,12.002758858345016,13.562079406983683,128
A,0,static_baseline_A_event_llm-only_r00_a01,37,static-037,1796.7339159949915,11.648817913351015,11.975887398875782,128
A,0,static_baseline_A_event_llm-only_r00_a01,38,static-038,1796.1734170094132,11.655261480331047,11.833612297778018,128
A,0,static_baseline_A_event_llm-only_r00_a01,39,static-039,1795.6212090066401,11.625667976322731,11.836466795648448,128
A,0,static_baseline_A_event_llm-only_r00_a01,40,static-040,1796.932832992752,11.631524283461838,12.040670499845874,128
A,0,static_baseline_A_event_llm-only_r00_a01,41,static-041,1797.6670419884613,11.652600724505826,12.195500092639119,128
A,0,static_baseline_A_event_llm-only_r00_a01,42,static-042,1796.0099170013564,11.63581758267778,11.83714200014947,128
A,0,static_baseline_A_event_llm-only_r00_a01,43,static-043,1796.4491249877028,11.641076440999916,12.021384001127442,128
A,0,static_baseline_A_event_llm-only_r00_a01,44,static-044,1797.5822500011418,11.648660433097325,12.023508103447966,128
A,0,static_baseline_A_event_llm-only_r00_a01,45,static-045,1799.6974170091562,11.638596125944392,11.931292001099791,128
A,0,static_baseline_A_event_llm-only_r00_a01,46,static-046,1799.211749996175,11.627679133850084,11.866904399357734,128
A,0,static_baseline_A_event_llm-only_r00_a01,47,static-047,1798.9214590052143,11.641223747975296,11.939512597746216,128
A,0,static_baseline_A_event_llm-only_r00_a01,48,static-048,1800.017667002976,11.636647307103148,11.982675094623117,128
A,0,static_baseline_A_event_llm-only_r00_a01,49,static-049,1798.830415995326,11.66850066144298,12.102874999982305,128
A,0,static_baseline_A_event_llm-only_r00_a01,50,static-050,1802.3659589962335,11.62743470865287,11.989529400307218,128
A,0,static_baseline_A_event_llm-only_r00_a01,51,static-051,1797.7385419944767,11.654707015809185,12.272837705677373,128
A,0,static_baseline_A_event_llm-only_r00_a01,52,static-052,1802.3325410031248,11.639149283429271,12.114533805288374,128
A,0,static_baseline_A_event_llm-only_r00_a01,53,static-053,1798.3430000022054,11.661841858230627,11.961395395337604,128
A,0,static_baseline_A_event_llm-only_r00_a01,54,static-054,1803.5744579974562,11.945327755919012,13.50826629641233,128
A,0,static_baseline_A_event_llm-only_r00_a01,55,static-055,1818.8452500035055,11.65844685034588,11.840525007573888,128
A,0,static_baseline_A_event_llm-only_r00_a01,56,static-056,1800.5109169898788,11.671438645690635,12.085990997729823,128
A,0,static_baseline_A_event_llm-only_r00_a01,57,static-057,1802.2262910089921,11.640311354348677,11.774762503046077,128
A,0,static_baseline_A_event_llm-only_r00_a01,58,static-058,1801.429790997645,11.635523952757316,11.835237592458725,128
A,0,static_baseline_A_event_llm-only_r00_a01,59,static-059,1802.0664579962613,11.64276870075287,11.844599798496347,128
A,0,static_baseline_A_event_llm-only_r00_a01,60,static-060,1803.056375007145,11.645493433099446,12.076691102993204,128
A,0,static_baseline_A_event_llm-only_r00_a01,61,static-061,1801.6902079980355,11.649581370073165,12.139862398908006,128
A,0,static_baseline_A_event_llm-only_r00_a01,62,static-062,1803.3655420003925,11.660822173218449,12.025287504366133,128
A,0,static_baseline_A_event_llm-only_r00_a01,63,static-063,1801.7705410020426,11.653371063023476,12.073412402241956,128
A,0,static_baseline_A_event_llm-only_r00_a01,64,static-064,1803.7022089993116,11.64961154329752,11.986471488489768,128
A,0,static_baseline_A_event_llm-only_r00_a01,65,static-065,1800.6037500017555,11.658046913299321,11.976500107266475,128
A,0,static_baseline_A_event_llm-only_r00_a01,66,static-066,1804.839707998326,11.661360236242281,12.092146401118953,128
A,0,static_baseline_A_event_llm-only_r00_a01,67,static-067,1800.859541996033,11.655149929130113,12.031262404343577,128
A,0,static_baseline_A_event_llm-only_r00_a01,68,static-068,1804.6095839963527,11.635178803213263,11.840750006376766,128
A,0,static_baseline_A_event_llm-only_r00_a01,69,static-069,1800.1132919889642,11.658041338655387,11.945154298155101,128
A,0,static_baseline_A_event_llm-only_r00_a01,70,static-070,1803.3766669977922,11.670225393737475,11.973416799446568,128
A,0,static_baseline_A_event_llm-only_r00_a01,71,static-071,1800.9693339990918,11.65965944883784,12.118754297262058,128
A,0,static_baseline_A_event_llm-only_r00_a01,72,static-072,1806.8311250099214,11.656362866097329,12.112942100793589,128
A,0,static_baseline_A_event_llm-only_r00_a01,73,static-073,1826.656000004732,11.728354984198653,12.159337698540185,128
A,0,static_baseline_A_event_llm-only_r00_a01,74,static-074,1799.4238329993095,11.649718834568498,12.074353800562676,128
A,0,static_baseline_A_event_llm-only_r00_a01,75,static-075,1804.0205830038758,11.638346456672343,11.806908102880698,128
A,0,static_baseline_A_event_llm-only_r00_a01,76,static-076,1801.2040830071783,11.637002629925512,11.858774899155831,128
A,0,static_baseline_A_event_llm-only_r00_a01,77,static-077,1803.8194169930648,11.652185370106118,11.84845809766557,128
A,0,static_baseline_A_event_llm-only_r00_a01,78,static-078,1801.1401250114432,11.635659448733723,11.843208801292349,128
A,0,static_baseline_A_event_llm-only_r00_a01,79,static-079,1801.8228329892736,11.654897968561617,12.006333196768535,128
A,0,static_baseline_A_event_llm-only_r00_a01,80,static-080,1802.228542001103,11.643042976396913,12.117487505020106,128
A,0,static_baseline_A_event_llm-only_r00_a01,81,static-081,1803.340875005233,11.630449803040994,11.818525000126101,128
A,0,static_baseline_A_event_llm-only_r00_a01,82,static-082,1801.6971250035567,11.650805771657941,11.988866995670831,128
A,0,static_baseline_A_event_llm-only_r00_a01,83,static-083,1801.880583007005,11.646336614150613,11.825653699634131,128
A,0,static_baseline_A_event_llm-only_r00_a01,84,static-084,1803.0135830049403,11.657829070899188,12.065471403184343,128
A,0,static_baseline_A_event_llm-only_r00_a01,85,static-085,1802.601917006541,11.644766732223523,11.953625104797537,128
A,0,static_baseline_A_event_llm-only_r00_a01,86,static-086,1801.6923749964917,11.655378275606818,12.108891199750357,128
A,0,static_baseline_A_event_llm-only_r00_a01,87,static-087,1801.3015830074437,11.655260826755264,12.070853597833773,128
A,0,static_baseline_A_event_llm-only_r00_a01,88,static-088,1802.4505409994163,11.636803480319855,11.833645602746401,128
A,0,static_baseline_A_event_llm-only_r00_a01,89,static-089,1801.6608329926385,11.647581039399906,12.021087498578709,128
A,0,static_baseline_A_event_llm-only_r00_a01,90,static-090,1804.053041007137,11.655456370006748,11.914758097555023,128
A,0,static_baseline_A_event_llm-only_r00_a01,91,static-091,1820.703625009628,11.862027558991246,12.66057960310718,128
A,0,static_baseline_A_event_llm-only_r00_a01,92,static-092,1801.4545839978382,11.63781791346562,11.87906699196901,128
A,0,static_baseline_A_event_llm-only_r00_a01,93,static-093,1804.1279580065748,11.656732614221799,12.003374997584613,128
A,0,static_baseline_A_event_llm-only_r00_a01,94,static-094,1800.053457991453,11.655241141795166,12.107699800981209,128
A,0,static_baseline_A_event_llm-only_r00_a01,95,static-095,1805.4319170041708,11.64784514176564,12.025942104810381,128
A,0,static_baseline_A_event_llm-only_r00_a01,96,static-096,1801.2778749980498,11.647597110328837,12.016062291513661,128
A,0,static_baseline_A_event_llm-only_r00_a01,97,static-097,1804.8589160025585,11.645067590550065,12.132279490469953,128
A,0,static_baseline_A_event_llm-only_r00_a01,98,static-098,1800.920708992635,11.64344815751831,12.03281260386575,128
A,0,static_baseline_A_event_llm-only_r00_a01,99,static-099,1804.3294999952195,11.639605976382681,12.094608001643786,128
A,0,static_baseline_A_event_llm-only_r00_a01,100,static-100,1799.773874998209,11.647785755972503,12.019354407675563,128
A,0,static_baseline_A_event_llm-only_r00_a01,101,static-101,1804.2141670011915,11.639593503901764,11.961666899151169,128
A,0,static_baseline_A_event_llm-only_r00_a01,102,static-102,1799.6424159937305,11.647393378015703,12.156674900325013,128
A,0,static_baseline_A_event_llm-only_r00_a01,103,static-103,1804.153667006176,11.6435059054762,12.056249991292134,128
A,0,static_baseline_A_event_llm-only_r00_a01,104,static-104,1799.6957919967826,11.648629259801192,12.280757998814806,128
A,0,static_baseline_A_event_llm-only_r00_a01,105,static-105,1803.5363749950193,11.66556037008656,12.037770703318529,128
A,0,static_baseline_A_event_llm-only_r00_a01,106,static-106,1798.8659580005333,11.653534779517626,11.883416897035204,128
A,0,static_baseline_A_event_llm-only_r00_a01,107,static-107,1803.5008330043638,11.653423559000371,12.065521194017492,128
A,0,static_baseline_A_event_llm-only_r00_a01,108,static-108,1798.994833996403,11.640161417372429,11.905374798516277,128
A,0,static_baseline_A_event_llm-only_r00_a01,109,static-109,1802.5725000043167,11.956629267706735,13.035912600753363,128
A,0,static_baseline_A_event_llm-only_r00_a01,110,static-110,1805.002000008244,11.647034779522846,12.066866001987364,128
A,0,static_baseline_A_event_llm-only_r00_a01,111,static-111,1801.2047500087647,11.649523622000693,12.056341105198952,128
A,0,static_baseline_A_event_llm-only_r00_a01,112,static-112,1801.9452919979813,11.618562007880234,11.896803705894854,128
A,0,static_baseline_A_event_llm-only_r00_a01,113,static-113,1801.6926669952227,11.633434708621609,12.296203695586883,128
A,0,static_baseline_A_event_llm-only_r00_a01,114,static-114,1800.3850000095554,11.645321188953808,12.363841405021956,128
A,0,static_baseline_A_event_llm-only_r00_a01,115,static-115,1801.60325000179,11.634676842574455,12.141633697319774,128
A,0,static_baseline_A_event_llm-only_r00_a01,116,static-116,1801.0632080113282,11.639573165365883,12.020254199160261,128
A,0,static_baseline_A_event_llm-only_r00_a01,117,static-117,1803.5421250096988,11.629550196766655,11.88274989981437,128
A,0,static_baseline_A_event_llm-only_r00_a01,118,static-118,1800.555333000375,11.642623362181833,11.968883298686706,128
A,0,static_baseline_A_event_llm-only_r00_a01,119,static-119,1803.5621250019176,11.63389140157502,11.962687502091283,128
A,0,static_baseline_A_event_llm-only_r00_a01,120,static-120,1799.8514589999104,11.66316010236674,12.043691704457158,128
A,0,static_baseline_A_event_llm-only_r00_a01,121,static-121,1802.26466601016,11.628503936978138,11.815770699467976,128
A,0,static_baseline_A_event_llm-only_r00_a01,122,static-122,1798.6869590095012,11.642256889727854,11.99980440433137,128
A,0,static_baseline_A_event_llm-only_r00_a01,123,static-123,1802.3720420023892,11.64399507876273,12.178383799619041,128
A,0,static_baseline_A_event_llm-only_r00_a01,124,static-124,1798.1241670058807,11.649808070808465,11.860812500526663,128
A,0,static_baseline_A_event_llm-only_r00_a01,125,static-125,1803.0772500060266,11.647071188987658,11.967646202538162,128
A,0,static_baseline_A_event_llm-only_r00_a01,126,static-126,1798.7892079981975,11.622066598446988,11.867512506432831,128
A,0,static_baseline_A_event_llm-only_r00_a01,127,static-127,1801.9532920006895,11.813214566997678,12.973325100028886,128
A,0,static_baseline_A_event_llm-only_r00_a01,128,static-128,1809.1637500037905,11.63643831490286,11.901908098661806,128
A,0,static_baseline_A_event_llm-only_r00_a01,129,static-129,1800.805874998332,11.66382283474205,12.020108090655413,128
A,0,static_baseline_A_event_llm-only_r00_a01,130,static-130,1799.606416010647,11.638170606287115,12.118908901175017,128
A,0,static_baseline_A_event_llm-only_r00_a01,131,static-131,1803.0250839947257,11.64920866149331,12.06475449143909,128
A,0,static_baseline_A_event_llm-only_r00_a01,132,static-132,1797.2744590078946,11.645061677087128,12.094103803974576,128
A,0,static_baseline_A_event_llm-only_r00_a01,133,static-133,1801.9536659994628,11.636206692984826,11.956662699230945,128
A,0,static_baseline_A_event_llm-only_r00_a01,134,static-134,1799.846082998556,11.64171555114811,12.097521199029865,128
A,0,static_baseline_A_event_llm-only_r00_a01,135,static-135,1803.2281670020893,11.63629199207236,12.087029508256819,128
A,0,static_baseline_A_event_llm-only_r00_a01,136,static-136,1799.6365830040304,11.532014110157684,11.79701250657672,128
A,0,static_baseline_A_event_llm-only_r00_a01,137,static-137,1799.8757499881322,11.621485236256683,11.861612502252683,128
A,0,static_baseline_A_event_llm-only_r00_a01,138,static-138,1802.0609999948647,11.649006889792943,11.960333197203,128
A,0,static_baseline_A_event_llm-only_r00_a01,139,static-139,1802.2278749995166,11.643404527553578,12.147778608778026,128
A,0,static_baseline_A_event_llm-only_r00_a01,140,static-140,1801.1540419975063,11.643444220480458,11.791250202804804,128
A,0,static_baseline_A_event_llm-only_r00_a01,141,static-141,1799.3440410064068,11.643733267693444,12.14038758917013,128
A,0,static_baseline_A_event_llm-only_r00_a01,142,static-142,1802.2242089937208,11.64076148037795,12.079762591747567,128
A,0,static_baseline_A_event_llm-only_r00_a01,143,static-143,1799.592625000514,11.638069220458334,12.11834570567589,128
A,0,static_baseline_A_event_llm-only_r00_a01,144,static-144,1800.837707996834,11.643080385818923,11.965554398193488,128
A,0,static_baseline_A_event_llm-only_r00_a01,145,static-145,1797.6398330065422,11.636549543326273,11.82817070512101,128
A,0,static_baseline_A_event_llm-only_r00_a01,146,static-146,1820.4965409968281,11.739427496048467,12.49580369621981,128
A,0,static_baseline_A_event_llm-only_r00_a01,147,static-147,1800.741500002914,11.639974409449428,12.075053494481834,128
A,0,static_baseline_A_event_llm-only_r00_a01,148,static-148,1802.531542009092,11.652604330630833,12.076182890450578,128
A,0,static_baseline_A_event_llm-only_r00_a01,149,static-149,1801.763707990176,11.644410102364175,12.014062497473788,128
A,0,static_baseline_A_event_llm-only_r00_a01,150,static-150,1800.8287080010632,11.638049543289812,12.064616702264175,128
A,0,static_baseline_A_event_llm-only_r00_a01,151,static-151,1799.001291001332,11.617661748030113,11.76992860273458,128
A,0,static_baseline_A_event_llm-only_r00_a01,152,static-152,1803.2266250083921,11.646187992117508,11.966204304189887,128
A,0,static_baseline_A_event_llm-only_r00_a01,153,static-153,1800.301124996622,11.64440617323248,12.203791901993098,128
A,0,static_baseline_A_event_llm-only_r00_a01,154,static-154,1803.333333999035,11.64086220472479,11.908567007048987,128
A,0,static_baseline_A_event_llm-only_r00_a01,155,static-155,1798.224541998934,11.626098755981744,11.84187510079937,128
A,0,static_baseline_A_event_llm-only_r00_a01,156,static-156,1802.6285000087228,11.640964566906877,12.10175799205899,128
A,0,static_baseline_A_event_llm-only_r00_a01,157,static-157,1800.1692920079222,11.643828086598086,11.980071404832415,128
A,0,static_baseline_A_event_llm-only_r00_a01,158,static-158,1802.7109579998069,11.638124677119777,12.18608740455238,128
A,0,static_baseline_A_event_llm-only_r00_a01,159,static-159,1797.9442910000216,11.651850393725793,12.113629502709953,128
A,0,static_baseline_A_event_llm-only_r00_a01,160,static-160,1802.2954999905778,11.638467519784228,11.99092490132898,128
A,0,static_baseline_A_event_llm-only_r00_a01,161,static-161,1801.9067499990342,11.625072181038743,11.949858292064162,128
A,0,static_baseline_A_event_llm-only_r00_a01,162,static-162,1800.8819170063362,11.658399606235399,12.349566299235446,128
A,0,static_baseline_A_event_llm-only_r00_a01,163,static-163,1801.0201249999227,11.64731627555223,12.239696196047587,128
A,0,static_baseline_A_event_llm-only_r00_a01,164,static-164,1811.0774579981808,11.842228346536354,12.889554601861164,128
A,0,static_baseline_A_event_llm-only_r00_a01,165,static-165,1799.4302500010235,11.630145669273123,11.971662596624807,128
A,0,static_baseline_A_event_llm-only_r00_a01,166,static-166,1803.0498750013066,11.625633858268948,11.783754396310542,128
A,0,static_baseline_A_event_llm-only_r00_a01,167,static-167,1797.8247919963906,11.639611543349622,11.868183201295324,128
A,0,static_baseline_A_event_llm-only_r00_a01,168,static-168,1800.7850410067476,11.628740488099645,12.007087495294396,128
A,0,static_baseline_A_event_llm-only_r00_a01,169,static-169,1801.6572920023464,11.63147079531932,11.980741102888715,128
A,0,static_baseline_A_event_llm-only_r00_a01,170,static-170,1801.5181670052698,11.646523291275352,11.967279500095174,128
A,0,static_baseline_A_event_llm-only_r00_a01,171,static-171,1800.5890829954296,11.652396984286533,12.095983799372334,128
A,0,static_baseline_A_event_llm-only_r00_a01,172,static-172,1800.7479579973733,11.618516732288679,11.929170608345883,128
A,0,static_baseline_A_event_llm-only_r00_a01,173,static-173,1801.9913749885745,11.64457545669357,11.95553310244577,128
A,0,static_baseline_A_event_llm-only_r00_a01,174,static-174,1799.9773329938762,11.645876645641291,12.135591905098408,128
A,0,static_baseline_A_event_llm-only_r00_a01,175,static-175,1800.8111250092043,11.62735203933704,12.036958192766178,128
A,0,static_baseline_A_event_llm-only_r00_a01,176,static-176,1799.0468330099247,11.627186685007645,11.879516203771345,128
A,0,static_baseline_A_event_llm-only_r00_a01,177,static-177,1800.964042005944,11.62484153535943,11.893104494083673,128
A,0,static_baseline_A_event_llm-only_r00_a01,178,static-178,1800.2268750133226,11.64365584245245,12.267762597184628,128
A,0,static_baseline_A_event_llm-only_r00_a01,179,static-179,1802.941792004276,11.625903866076879,11.91454630024964,128
A,0,static_baseline_A_event_llm-only_r00_a01,180,static-180,1797.9378750023898,11.620323818798477,11.972017095831687,128
A,0,static_baseline_A_event_llm-only_r00_a01,181,static-181,1801.7755829932867,11.634030181128077,11.867221399734262,128
A,0,static_baseline_A_event_llm-only_r00_a01,182,static-182,1801.20329100464,12.0016003936652,13.288492006540764,128
A,0,static_baseline_A_event_llm-only_r00_a01,183,static-183,1805.4908750054892,11.64356889762351,12.130370600789318,128
A,0,static_baseline_A_event_llm-only_r00_a01,184,static-184,1800.8371670002816,11.667429133800526,12.051874805183616,128
A,0,static_baseline_A_event_llm-only_r00_a01,185,static-185,1802.5443329970585,11.639099740116182,12.01922499894863,128
A,0,static_baseline_A_event_llm-only_r00_a01,186,static-186,1801.0879579960601,11.626109252037576,11.874991198419593,128
A,0,static_baseline_A_event_llm-only_r00_a01,187,static-187,1801.10995900759,11.619290354268397,11.88642060442362,128
A,0,static_baseline_A_event_llm-only_r00_a01,188,static-188,1799.688333994709,11.639819881859543,11.86745809391141,128
A,0,static_baseline_A_event_llm-only_r00_a01,189,static-189,1801.3886250118958,11.634583330706796,11.889528803294525,128
A,0,static_baseline_A_event_llm-only_r00_a01,190,static-190,1799.3365839938633,11.65381233071758,12.04147109965561,128
A,0,static_baseline_A_event_llm-only_r00_a01,191,static-191,1801.9447499973467,11.441067251991884,11.838829502812587,128
A,0,static_baseline_A_event_llm-only_r00_a01,192,static-192,1800.0773749954533,11.652610236187613,12.108366399479564,128
A,0,static_baseline_A_event_llm-only_r00_a01,193,static-193,1799.7590829909313,11.657784779567095,11.995804392790888,128
A,0,static_baseline_A_event_llm-only_r00_a01,194,static-194,1799.8257500003092,11.638478015725479,12.051445597899146,128
A,0,static_baseline_A_event_llm-only_r00_a01,195,static-195,1800.2508749923436,11.642592850367642,12.168804206885397,128
A,0,static_baseline_A_event_llm-only_r00_a01,196,static-196,1800.7044160040095,11.621431102444543,11.937892003334127,128
A,0,static_baseline_A_event_llm-only_r00_a01,197,static-197,1799.2406249977648,11.634477039393015,11.809108700254,128
A,0,static_baseline_A_event_llm-only_r00_a01,198,static-198,1802.816334005911,11.649556425225914,11.901124902942682,128
A,0,static_baseline_A_event_llm-only_r00_a01,199,static-199,1800.650916993618,11.653778543347478,12.00698759057559,128
A,0,static_baseline_A_event_llm-only_r00_a01,200,static-200,1801.7879580002045,11.7884609606722,12.610433695954269,128
A,0,static_baseline_A_event_llm-only_r00_a01,201,static-201,1812.8106669901172,11.63844126778541,11.940729398338588,128
A,0,static_baseline_A_event_llm-only_r00_a01,202,static-202,1801.5529160038568,11.653410763741933,11.949016102880705,128
A,0,static_baseline_A_event_llm-only_r00_a01,203,static-203,1800.647249998292,11.630773622112708,11.864587398304138,128
A,0,static_baseline_A_event_llm-only_r00_a01,204,static-204,1801.6455000033602,11.629158795277743,11.835733796760906,128
A,0,static_baseline_A_event_llm-only_r00_a01,205,static-205,1799.7604999982286,11.661868110229445,12.048287599463947,128
A,0,static_baseline_A_event_llm-only_r00_a01,206,static-206,1801.798125001369,11.643760496045566,12.172342004487291,128
A,0,static_baseline_A_event_llm-only_r00_a01,207,static-207,1799.1950420109788,11.64250525196292,11.874758200428913,128
A,0,static_baseline_A_event_llm-only_r00_a01,208,static-208,1799.4214159989497,11.611171259831703,11.788437506766059,128
A,0,static_baseline_A_event_llm-only_r00_a01,209,static-209,1799.48908300139,11.660587598407442,12.105196296761278,128
A,0,static_baseline_A_event_llm-only_r00_a01,210,static-210,1802.7118329919176,11.641942259904152,11.85966690100031,128
A,0,static_baseline_A_event_llm-only_r00_a01,211,static-211,1798.9998749981169,11.651667653524324,11.991353699704632,128
A,0,static_baseline_A_event_llm-only_r00_a01,212,static-212,1800.351000012597,11.650074803060486,12.310187499679158,128
A,0,static_baseline_A_event_llm-only_r00_a01,213,static-213,1798.533374996623,11.646270992117017,12.098050100030378,128
A,0,static_baseline_A_event_llm-only_r00_a01,214,static-214,1800.7978750101756,11.635264110206956,12.263483196147712,128
A,0,static_baseline_A_event_llm-only_r00_a01,215,static-215,1797.6434580050409,11.630667653461867,11.891371103411073,128
A,0,static_baseline_A_event_llm-only_r00_a01,216,static-216,1800.4509169986704,11.638699803184204,12.147495502722448,128
A,0,static_baseline_A_event_llm-only_r00_a01,217,static-217,1800.3676250082208,11.613740157436828,11.838175002776552,128
A,0,static_baseline_A_event_llm-only_r00_a01,218,static-218,1800.8247499965364,11.630394684969389,11.87443309900118,128
A,0,static_baseline_A_event_llm-only_r00_a01,219,static-219,1816.7635839927243,11.764847440988845,12.436145500396375,128
A,0,static_baseline_A_event_llm-only_r00_a01,220,static-220,1801.2468329980038,11.63761515750579,12.207808897073845,128
A,0,static_baseline_A_event_llm-only_r00_a01,221,static-221,1798.958750005113,11.647107937042309,11.997162600164302,128
A,0,static_baseline_A_event_llm-only_r00_a01,222,static-222,1800.9553340089042,11.641483590525656,12.174953703652132,128
A,0,static_baseline_A_event_llm-only_r00_a01,223,static-223,1798.7697500066133,11.638240157452405,12.035470698901916,128
A,0,static_baseline_A_event_llm-only_r00_a01,224,static-224,1800.7037089992082,11.63715846455238,12.044499891635494,128
A,0,static_baseline_A_event_llm-only_r00_a01,225,static-225,1800.5428750038845,11.644694881855628,12.155658098345155,128
A,0,static_baseline_A_event_llm-only_r00_a01,226,static-226,1800.1257080031792,11.642025267695239,12.057953899784478,128
A,0,static_baseline_A_event_llm-only_r00_a01,227,static-227,1800.9373329987284,11.636639110249922,12.00810000154888,128
A,0,static_baseline_A_event_llm-only_r00_a01,228,static-228,1800.3352500090841,11.634989173195553,12.004912404518109,128
A,0,static_baseline_A_event_llm-only_r00_a01,229,static-229,1800.9257910016458,11.645942259768727,11.956733097031243,128
A,0,static_baseline_A_event_llm-only_r00_a01,230,static-230,1799.375541988411,11.641824472462758,11.909421304881107,128
A,0,static_baseline_A_event_llm-only_r00_a01,231,static-231,1801.4047920005396,11.65212631499666,12.170333803805988,128
A,0,static_baseline_A_event_llm-only_r00_a01,232,static-232,1799.5947909948882,11.626815944946715,11.8817081063753,128
A,0,static_baseline_A_event_llm-only_r00_a01,233,static-233,1802.0295830065152,11.658658141634193,12.259312604146542,128
A,0,static_baseline_A_event_llm-only_r00_a01,234,static-234,1798.6976249958389,11.637263448829176,11.905199894681573,128
A,0,static_baseline_A_event_llm-only_r00_a01,235,static-235,1801.0202909936197,11.61253346461623,11.852578907564748,128
A,0,static_baseline_A_event_llm-only_r00_a01,236,static-236,1798.1286250142148,11.652346133821878,12.119441902905237,128
A,0,static_baseline_A_event_llm-only_r00_a01,237,static-237,1811.756459006574,12.075543960608638,13.66727059794357,128
A,0,static_baseline_A_event_llm-only_r00_a01,238,static-238,1801.5501250047237,11.641206692901484,12.10128289530985,128
A,0,static_baseline_A_event_llm-only_r00_a01,239,static-239,1799.6001670107944,11.642867125897103,12.1206211973913,128
A,0,static_baseline_A_event_llm-only_r00_a01,240,static-240,1803.3089170057792,11.643902559060692,11.988875002134591,128
A,0,static_baseline_A_event_llm-only_r00_a01,241,static-241,1799.7955000028014,11.643295275555248,12.030875201162416,128
A,0,static_baseline_A_event_llm-only_r00_a01,242,static-242,1798.7318749947008,11.641344811087182,11.964329499460291,128
A,0,static_baseline_A_event_llm-only_r00_a01,243,static-243,1800.0049580004998,11.647445543308919,12.221258097270036,128
A,0,static_baseline_A_event_llm-only_r00_a01,244,static-244,1800.5149589880602,11.630817582761122,11.869266995927317,128
A,0,static_baseline_A_event_llm-only_r00_a01,245,static-245,1800.496124997153,11.648471456769979,12.063483709061982,128
A,0,static_baseline_A_event_llm-only_r00_a01,246,static-246,1800.4342500062194,11.427837921151577,11.691712502215523,128
A,0,static_baseline_A_event_llm-only_r00_a01,247,static-247,1802.3762500088196,11.649055448731987,11.864770505053457,128
A,0,static_baseline_A_event_llm-only_r00_a01,248,static-248,1798.9855000050738,11.658279850389661,12.041645597491877,128
A,0,static_baseline_A_event_llm-only_r00_a01,249,static-249,1803.7917089968687,11.635223425229036,11.997249993146394,128
A,0,static_baseline_A_event_llm-only_r00_a01,250,static-250,1798.5997919895453,11.651366795312365,12.267037405399604,128
A,0,static_baseline_A_event_llm-only_r00_a01,251,static-251,1800.670500000706,11.637721787294828,11.877679389726834,128
A,0,static_baseline_A_event_llm-only_r00_a01,252,static-252,1801.0410830029286,11.631022968492655,11.958233095356263,128
A,0,static_baseline_A_event_llm-only_r00_a01,253,static-253,1800.3104590025032,11.64904921260611,12.173633098427672,128
A,0,static_baseline_A_event_llm-only_r00_a01,254,static-254,1800.4565840092255,11.643139433022222,12.138366208819205,128
A,0,static_baseline_A_event_llm-only_r00_a01,255,static-255,1799.8231670062523,11.974740811022306,13.50659549498232,128
A,0,static_baseline_A_event_llm-only_r00_a01,256,static-256,1806.7200419900473,11.62817388189513,11.833249898336362,128
A,0,static_baseline_A_event_llm-only_r00_a01,257,static-257,1800.6051659904188,11.671061685086983,12.060104408010375,128
A,0,static_baseline_A_event_llm-only_r00_a01,258,static-258,1800.1821249927161,11.622541661417353,11.919070601288693,128
A,0,static_baseline_A_event_llm-only_r00_a01,259,static-259,1801.9004160014447,11.639197511799216,12.082762600039132,128
A,0,static_baseline_A_event_llm-only_r00_a01,260,static-260,1798.6087079916615,11.63973851969528,11.85272960574366,128
A,0,static_baseline_A_event_llm-only_r00_a01,261,static-261,1801.1851250048494,11.63733530710323,11.88859629619401,128
A,0,static_baseline_A_event_llm-only_r00_a01,262,static-262,1800.2950420050183,11.64143175591612,11.943349998909978,128
A,0,static_baseline_A_event_llm-only_r00_a01,263,static-263,1800.8277079934487,11.620192913435707,11.837062604899984,128
A,0,static_baseline_A_event_llm-only_r00_a01,264,static-264,1800.1786660024663,11.648556763763672,12.016608999692835,128
A,0,static_baseline_A_event_llm-only_r00_a01,265,static-265,1801.186583994422,11.635272960635966,12.168616196140647,128
A,0,static_baseline_A_event_llm-only_r00_a01,266,static-266,1799.7447499947157,11.638597118110015,12.034433806547895,128
A,0,static_baseline_A_event_llm-only_r00_a01,267,static-267,1801.1247079994064,11.638144362194456,11.964433807588646,128
A,0,static_baseline_A_event_llm-only_r00_a01,268,static-268,1800.1730419928208,11.65294586614372,12.292266900476532,128
A,0,static_baseline_A_event_llm-only_r00_a01,269,static-269,1799.3216659961035,11.632588913381891,11.88799640221987,128
A,0,static_baseline_A_event_llm-only_r00_a01,270,static-270,1802.4278329976369,11.629066275690287,11.829437501728535,128
A,0,static_baseline_A_event_llm-only_r00_a01,271,static-271,1800.8390409959247,11.640614503971667,11.820616900513414,128
A,0,static_baseline_A_event_llm-only_r00_a01,272,static-272,1801.448583995807,11.660757212666795,12.187000208359676,128
A,0,static_baseline_A_event_llm-only_r00_a01,273,static-273,1798.8878340111114,11.74622079528003,12.607274898618925,128
A,0,static_baseline_A_event_llm-only_r00_a01,274,static-274,1819.8465000023134,11.628764102306018,11.90703309403034,128
A,0,static_baseline_A_event_llm-only_r00_a01,275,static-275,1802.0760829967912,11.668981299171863,12.021487703896128,128
A,0,static_baseline_A_event_llm-only_r00_a01,276,static-276,1800.6669579917798,11.633856952837558,11.927558109164236,128
A,0,static_baseline_A_event_llm-only_r00_a01,277,static-277,1801.3262909953482,11.648004267760736,12.209099996834993,128
A,0,static_baseline_A_event_llm-only_r00_a01,278,static-278,1801.530292010284,11.621419614108508,11.988333998306187,128
A,0,static_baseline_A_event_llm-only_r00_a01,279,static-279,1801.5162920055445,11.646942913396591,12.052895693341268,128
A,0,static_baseline_A_event_llm-only_r00_a01,280,static-280,1803.3783749997383,11.641636811078556,12.200524799118282,128
A,0,static_baseline_A_event_llm-only_r00_a01,281,static-281,1799.6374159993138,11.638180448767164,11.847083695465699,128
A,0,static_baseline_A_event_llm-only_r00_a01,282,static-282,1802.0038749964442,11.643243440945714,12.08513740566559,128
A,0,static_baseline_A_event_llm-only_r00_a01,283,static-283,1799.3972089898307,11.662014433059944,12.100937403738499,128
A,0,static_baseline_A_event_llm-only_r00_a01,284,static-284,1802.76266700821,11.621073818894828,11.791462496330496,128
A,0,static_baseline_A_event_llm-only_r00_a01,285,static-285,1800.0021250045393,11.648296582623473,12.04518759768689,128
A,0,static_baseline_A_event_llm-only_r00_a01,286,static-286,1802.9522500000894,11.648622377891108,11.922537499049211,128
A,0,static_baseline_A_event_llm-only_r00_a01,287,static-287,1798.3827499992913,11.637214236199767,12.020700101857074,128
A,0,static_baseline_A_event_llm-only_r00_a01,288,static-288,1801.7940410063602,11.630212275566182,11.864479404175654,128
A,0,static_baseline_A_event_llm-only_r00_a01,289,static-289,1799.7536250040866,11.625987535349907,12.040158692980183,128
A,0,static_baseline_A_event_llm-only_r00_a01,290,static-290,1802.6554170064628,11.654938645633377,12.14063390652882,128
A,0,static_baseline_A_event_llm-only_r00_a01,291,static-291,1799.6669590065721,11.620837598342419,11.782828695140779,128
A,0,static_baseline_A_event_llm-only_r00_a01,292,static-292,1816.6781250038184,11.749156165339134,12.213246307510417,128
A,0,static_baseline_A_event_llm-only_r00_a01,293,static-293,1801.5916669974104,11.656112858350022,11.913791194092482,128
A,0,static_baseline_A_event_llm-only_r00_a01,294,static-294,1804.2242920055287,11.63062762205973,11.847575001593214,128
A,0,static_baseline_A_event_llm-only_r00_a01,295,static-295,1798.6486669979058,11.635028543344912,11.841062598978167,128
A,0,static_baseline_A_event_llm-only_r00_a01,296,static-296,1803.066749998834,11.659927165349321,12.215695501072332,128
A,0,static_baseline_A_event_llm-only_r00_a01,297,static-297,1798.3270830009133,11.633984251960738,11.810079599672463,128
A,0,static_baseline_A_event_llm-only_r00_a01,298,static-298,1801.753457999439,11.62876082686469,11.842428597446997,128
A,0,static_baseline_A_event_llm-only_r00_a01,299,static-299,1800.911583006382,11.639648299195848,12.046662498323712,128
A,1,static_baseline_A_event_llm-only_r01_a01,0,static-000,1769.5597910060314,11.630015748055234,12.111970600381026,128
A,1,static_baseline_A_event_llm-only_r01_a01,1,static-001,1778.9947090059286,11.649649275611631,11.904879398935009,128
A,1,static_baseline_A_event_llm-only_r01_a01,2,static-002,1786.1350419989321,11.643829062951392,12.047674992936662,128
A,1,static_baseline_A_event_llm-only_r01_a01,3,static-003,1790.1053330133436,11.645047574791706,12.131812496227209,128
A,1,static_baseline_A_event_llm-only_r01_a01,4,static-004,1789.4994590023998,11.676905834616536,12.404575201799162,128
A,1,static_baseline_A_event_llm-only_r01_a01,5,static-005,1809.7521669988055,11.635271322800719,11.939275205077138,128
A,1,static_baseline_A_event_llm-only_r01_a01,6,static-006,1793.3668339974247,11.66051640161533,11.997003700525966,128
A,1,static_baseline_A_event_llm-only_r01_a01,7,static-007,1795.0714170001447,11.668043637805889,12.156803801190106,128
A,1,static_baseline_A_event_llm-only_r01_a01,8,static-008,1793.2737910014112,11.641589566853492,12.014625102165153,128
A,1,static_baseline_A_event_llm-only_r01_a01,9,static-009,1796.0138750058832,11.643815622023329,11.83742120192619,128
A,1,static_baseline_A_event_llm-only_r01_a01,10,static-010,1795.1429579989053,11.658628614079463,12.032700098643542,128
A,1,static_baseline_A_event_llm-only_r01_a01,11,static-011,1795.087082995451,11.641264763751478,11.972979397978632,128
A,1,static_baseline_A_event_llm-only_r01_a01,12,static-012,1797.4566670018248,11.628143700764618,11.905762609967494,128
A,1,static_baseline_A_event_llm-only_r01_a01,13,static-013,1795.0941669987515,11.64131167717828,12.273141305195164,128
A,1,static_baseline_A_event_llm-only_r01_a01,14,static-014,1796.7114159982884,11.636870740188696,12.016595795284955,128
A,1,static_baseline_A_event_llm-only_r01_a01,15,static-015,1797.3836250021122,11.63913188976562,11.965595393849071,128
A,1,static_baseline_A_event_llm-only_r01_a01,16,static-016,1797.0942500105593,11.627640417276508,11.794229201041162,128
A,1,static_baseline_A_event_llm-only_r01_a01,17,static-017,1797.818124992773,11.633510503933516,11.881345497386064,128
A,1,static_baseline_A_event_llm-only_r01_a01,18,static-018,1797.959792005713,11.640757543340097,11.903000200982206,128
A,1,static_baseline_A_event_llm-only_r01_a01,19,static-019,1798.1333750067279,11.655738842504018,12.00700370245613,128
A,1,static_baseline_A_event_llm-only_r01_a01,20,static-020,1797.0255840045866,11.676124015783591,12.263133095984811,128
A,1,static_baseline_A_event_llm-only_r01_a01,21,static-021,1798.8024999940535,11.653783795328474,11.84582949790638,128
A,1,static_baseline_A_event_llm-only_r01_a01,22,static-022,1797.0479159994284,11.6552267085869,11.943400102609303,128
A,1,static_baseline_A_event_llm-only_r01_a01,23,static-023,1812.0959170046262,11.83800393700376,13.035149898496455,128
A,1,static_baseline_A_event_llm-only_r01_a01,24,static-024,1799.8555000085616,11.648768377944087,12.017458004993383,128
A,1,static_baseline_A_event_llm-only_r01_a01,25,static-025,1799.6335420029936,11.648307086585463,11.940979397331828,128
A,1,static_baseline_A_event_llm-only_r01_a01,26,static-026,1800.4604580055457,11.647609582695171,11.905187508091329,128
A,1,static_baseline_A_event_llm-only_r01_a01,27,static-027,1800.9087499958696,11.657931102397596,11.955499804753343,128
A,1,static_baseline_A_event_llm-only_r01_a01,28,static-028,1798.95112500526,11.655454063012565,11.853291696752422,128
A,1,static_baseline_A_event_llm-only_r01_a01,29,static-029,1800.0525000097696,11.645226700732843,12.074208102421835,128
A,1,static_baseline_A_event_llm-only_r01_a01,30,static-030,1799.667291008518,11.630248692937151,11.876904404198283,128
A,1,static_baseline_A_event_llm-only_r01_a01,31,static-031,1802.0228749956004,11.647690622081914,11.975874900235793,128
A,1,static_baseline_A_event_llm-only_r01_a01,32,static-032,1798.4907499921974,11.658927165411823,12.066512604360467,128
A,1,static_baseline_A_event_llm-only_r01_a01,33,static-033,1799.8163329903036,11.65200229922097,12.18245799682336,128
A,1,static_baseline_A_event_llm-only_r01_a01,34,static-034,1797.5215000042226,11.646138125912316,11.998874902201349,128
A,1,static_baseline_A_event_llm-only_r01_a01,35,static-035,1801.1037920077797,11.650911740079618,11.864941703970544,128
A,1,static_baseline_A_event_llm-only_r01_a01,36,static-036,1798.5129590088036,11.657258196858557,11.981057898083236,128
A,1,static_baseline_A_event_llm-only_r01_a01,37,static-037,1801.9340830069268,11.645371062950575,11.809712497051805,128
A,1,static_baseline_A_event_llm-only_r01_a01,38,static-038,1799.4032080023317,11.646017385807117,12.039957910019439,128
A,1,static_baseline_A_event_llm-only_r01_a01,39,static-039,1800.6010420067469,11.650703740159534,12.13532490073703,128
A,1,static_baseline_A_event_llm-only_r01_a01,40,static-040,1800.5801249964861,11.651284771666159,12.130582908866925,128
A,1,static_baseline_A_event_llm-only_r01_a01,41,static-041,1802.0715830061818,11.986975724360628,13.48667070560623,128
A,1,static_baseline_A_event_llm-only_r01_a01,42,static-042,1801.9886670081178,11.645173228288062,11.837099904369097,128
A,1,static_baseline_A_event_llm-only_r01_a01,43,static-043,1802.7972910058452,11.65008333850355,12.01156239985721,128
A,1,static_baseline_A_event_llm-only_r01_a01,44,static-044,1800.1344170043012,11.650030842526654,11.995312404178547,128
A,1,static_baseline_A_event_llm-only_r01_a01,45,static-045,1802.1148750121938,11.653847110138722,11.915221500385085,128
A,1,static_baseline_A_event_llm-only_r01_a01,46,static-046,1799.4328329950804,11.645391732284718,11.857158708153293,128
A,1,static_baseline_A_event_llm-only_r01_a01,47,static-047,1802.518875003443,11.645087598402267,11.982437499682419,128
A,1,static_baseline_A_event_llm-only_r01_a01,48,static-048,1798.5294579993933,11.652639433058662,12.166537500161212,128
A,1,static_baseline_A_event_llm-only_r01_a01,49,static-049,1804.0957909979625,11.666076118149428,12.08902490179753,128
A,1,static_baseline_A_event_llm-only_r01_a01,50,static-050,1797.7452079940122,11.583763448907407,11.80732929642545,128
A,1,static_baseline_A_event_llm-only_r01_a01,51,static-051,1801.2386670015985,11.653410102374574,12.088341201888396,128
A,1,static_baseline_A_event_llm-only_r01_a01,52,static-052,1799.7834590059938,11.674004590517372,12.042591997305863,128
A,1,static_baseline_A_event_llm-only_r01_a01,53,static-053,1802.539042007993,11.66583333067288,11.956862607621586,128
A,1,static_baseline_A_event_llm-only_r01_a01,54,static-054,1799.7636670042994,11.651727362209565,12.087687299936077,128
A,1,static_baseline_A_event_llm-only_r01_a01,55,static-055,1802.2505000117235,11.661857283375351,12.176958196505439,128
A,1,static_baseline_A_event_llm-only_r01_a01,56,static-056,1799.3452079972485,11.649712275665099,11.941570401540957,128
A,1,static_baseline_A_event_llm-only_r01_a01,57,static-057,1802.440083003603,11.654859582671719,11.898704500345048,128
A,1,static_baseline_A_event_llm-only_r01_a01,58,static-058,1801.049084009719,11.635457999925459,11.838487400382292,128
A,1,static_baseline_A_event_llm-only_r01_a01,59,static-059,1801.5649169974495,11.871140094576624,12.787767098052425,128
A,1,static_baseline_A_event_llm-only_r01_a01,60,static-060,1808.9740839932347,11.65263582681907,11.866004204784986,128
A,1,static_baseline_A_event_llm-only_r01_a01,61,static-061,1804.2129579989705,11.653345149614497,11.948145496717189,128
A,1,static_baseline_A_event_llm-only_r01_a01,62,static-062,1799.270332994638,11.644742456649789,11.979099994641727,128
A,1,static_baseline_A_event_llm-only_r01_a01,63,static-063,1804.6790000080364,11.664051181104174,11.911962696467526,128
A,1,static_baseline_A_event_llm-only_r01_a01,64,static-064,1800.2330000017537,11.649711614068575,12.086087398347443,128
A,1,static_baseline_A_event_llm-only_r01_a01,65,static-065,1803.744832999655,11.64817946457018,11.98290450265631,128
A,1,static_baseline_A_event_llm-only_r01_a01,66,static-066,1798.4429170028307,11.645026905457563,11.919912497978657,128
A,1,static_baseline_A_event_llm-only_r01_a01,67,static-067,1802.5627919996623,11.639787401641009,11.900012702972163,128
A,1,static_baseline_A_event_llm-only_r01_a01,68,static-068,1797.7706670062616,11.652518039377677,12.071354195359163,128
A,1,static_baseline_A_event_llm-only_r01_a01,69,static-069,1803.3377499959897,11.657740811012523,12.047387495113071,128
A,1,static_baseline_A_event_llm-only_r01_a01,70,static-070,1798.22041701118,11.657481629944106,11.927325099532027,128
A,1,static_baseline_A_event_llm-only_r01_a01,71,static-071,1801.2352910009213,11.677441929121443,12.272412411402911,128
A,1,static_baseline_A_event_llm-only_r01_a01,72,static-072,1800.4250829981174,11.655357614178834,11.977537494385613,128
A,1,static_baseline_A_event_llm-only_r01_a01,73,static-073,1802.3344170069322,11.65270669281292,11.877533094957471,128
A,1,static_baseline_A_event_llm-only_r01_a01,74,static-074,1798.9207079954213,11.640084322929697,11.80603330140002,128
A,1,static_baseline_A_event_llm-only_r01_a01,75,static-075,1802.1587499970337,11.643666007939183,11.956121399998663,128
A,1,static_baseline_A_event_llm-only_r01_a01,76,static-076,1800.4942080006003,11.639259511895485,11.812291893875226,128
A,1,static_baseline_A_event_llm-only_r01_a01,77,static-077,1801.3150409969967,11.644874015817507,11.976975091965869,128
A,1,static_baseline_A_event_llm-only_r01_a01,78,static-078,1819.6513340080855,11.686039369990572,12.047029398672748,128
A,1,static_baseline_A_event_llm-only_r01_a01,79,static-079,1802.7820410061395,11.657744755956536,12.039137694227975,128
A,1,static_baseline_A_event_llm-only_r01_a01,80,static-080,1799.0955840068636,11.659044614148796,12.020112399477512,128
A,1,static_baseline_A_event_llm-only_r01_a01,81,static-081,1804.2871250072494,11.667652559094497,11.8997081022826,128
A,1,static_baseline_A_event_llm-only_r01_a01,82,static-082,1798.6739170009969,11.643541661365228,11.98816239630105,128
A,1,static_baseline_A_event_llm-only_r01_a01,83,static-083,1802.5098340003751,11.648687992133127,11.850591901747975,128
A,1,static_baseline_A_event_llm-only_r01_a01,84,static-084,1798.9311669953167,11.661866464602621,11.894233601924498,128
A,1,static_baseline_A_event_llm-only_r01_a01,85,static-085,1802.3619160085218,11.650180448819222,11.856187402736394,128
A,1,static_baseline_A_event_llm-only_r01_a01,86,static-086,1799.0777919912944,11.64452821269767,11.829837699769996,128
A,1,static_baseline_A_event_llm-only_r01_a01,87,static-087,1801.2030410027364,11.652946850403183,11.938324809307232,128
A,1,static_baseline_A_event_llm-only_r01_a01,88,static-088,1800.2683329978026,11.663574803190665,12.028333102352917,128
A,1,static_baseline_A_event_llm-only_r01_a01,89,static-089,1802.7663750108331,11.656828740163428,11.809553804050665,128
A,1,static_baseline_A_event_llm-only_r01_a01,90,static-090,1801.438208000036,11.654418307071456,12.06116230750922,128
A,1,static_baseline_A_event_llm-only_r01_a01,91,static-091,1801.0190419881837,11.660004267812795,11.967529302637558,128
A,1,static_baseline_A_event_llm-only_r01_a01,92,static-092,1799.9881669966271,11.644268370032728,11.949645403365139,128
A,1,static_baseline_A_event_llm-only_r01_a01,93,static-093,1800.9820419974858,11.655868110260705,12.03050019976217,128
A,1,static_baseline_A_event_llm-only_r01_a01,94,static-094,1801.158917005523,11.649872377898918,11.895871497108601,128
A,1,static_baseline_A_event_llm-only_r01_a01,95,static-095,1800.9765410097316,11.662836614093289,12.095541389135176,128
A,1,static_baseline_A_event_llm-only_r01_a01,96,static-096,1812.2871250088792,11.838403873935738,12.876183091429992,128
A,1,static_baseline_A_event_llm-only_r01_a01,97,static-097,1802.7763749996666,11.646661748050889,11.917345599795224,128
A,1,static_baseline_A_event_llm-only_r01_a01,98,static-098,1799.1127080022125,11.679873362116655,11.911025003064422,128
A,1,static_baseline_A_event_llm-only_r01_a01,99,static-099,1804.3644999997923,11.658796259819889,11.942291706509423,128
A,1,static_baseline_A_event_llm-only_r01_a01,100,static-100,1799.9417499959236,11.648724078705834,11.888683104189113,128
A,1,static_baseline_A_event_llm-only_r01_a01,101,static-101,1803.4853749995818,11.656928149567126,12.058295805763919,128
A,1,static_baseline_A_event_llm-only_r01_a01,102,static-102,1798.3378330100095,11.657058401583276,11.850050200882833,128
A,1,static_baseline_A_event_llm-only_r01_a01,103,static-103,1803.040457991301,11.680440291327857,12.019300003885292,128
A,1,static_baseline_A_event_llm-only_r01_a01,104,static-104,1799.5773750008084,11.67103313388556,11.851904400100466,128
A,1,static_baseline_A_event_llm-only_r01_a01,105,static-105,1802.5072919990635,11.675914039323839,11.998187605058774,128
A,1,static_baseline_A_event_llm-only_r01_a01,106,static-106,1798.8003749924246,11.662143047240848,12.104441905103158,128
A,1,static_baseline_A_event_llm-only_r01_a01,107,static-107,1803.583749991958,11.65419291337314,11.925483900995458,128
A,1,static_baseline_A_event_llm-only_r01_a01,108,static-108,1799.0991249971557,11.660358598469536,11.954767095448915,128
A,1,static_baseline_A_event_llm-only_r01_a01,109,static-109,1801.943708996987,11.640046259817323,11.890471301740034,128
A,1,static_baseline_A_event_llm-only_r01_a01,110,static-110,1797.7059580007335,11.650540354234481,12.148578703636304,128
A,1,static_baseline_A_event_llm-only_r01_a01,111,static-111,1802.4375420063734,11.641447503952948,11.946416106366085,128
A,1,static_baseline_A_event_llm-only_r01_a01,112,static-112,1800.5273750022752,11.665529527474106,11.9995919012581,128
A,1,static_baseline_A_event_llm-only_r01_a01,113,static-113,1803.2417079957668,11.636880574762587,11.850254399178084,128
A,1,static_baseline_A_event_llm-only_r01_a01,114,static-114,1802.7238750073593,12.167209645574657,14.15646260429639,128
A,1,static_baseline_A_event_llm-only_r01_a01,115,static-115,1802.2111669997685,11.643548881979733,11.846666899509728,128
A,1,static_baseline_A_event_llm-only_r01_a01,116,static-116,1802.3969589994522,11.663699803111239,11.842412700934801,128
A,1,static_baseline_A_event_llm-only_r01_a01,117,static-117,1800.1214169926243,11.64780905507835,12.117728793236893,128
A,1,static_baseline_A_event_llm-only_r01_a01,118,static-118,1803.1949160067597,11.660666015699476,11.883453904010821,128
A,1,static_baseline_A_event_llm-only_r01_a01,119,static-119,1799.3218330084346,11.661497700737613,11.861312398104928,128
A,1,static_baseline_A_event_llm-only_r01_a01,120,static-120,1800.2352089970373,11.655309055125208,12.095621302432845,128
A,1,static_baseline_A_event_llm-only_r01_a01,121,static-121,1799.5384580135578,11.645966204658782,11.820916294527706,128
A,1,static_baseline_A_event_llm-only_r01_a01,122,static-122,1801.6918339999393,11.659100063018663,11.939470598008482,128
A,1,static_baseline_A_event_llm-only_r01_a01,123,static-123,1800.457916004234,11.663804795294194,12.094828697445337,128
A,1,static_baseline_A_event_llm-only_r01_a01,124,static-124,1800.8945000037784,11.655071850427918,12.036841901135631,128
A,1,static_baseline_A_event_llm-only_r01_a01,125,static-125,1799.0955829882296,11.662611551193235,11.933245602995157,128
A,1,static_baseline_A_event_llm-only_r01_a01,126,static-126,1800.9775420068763,11.647216535350271,12.094758101738988,128
A,1,static_baseline_A_event_llm-only_r01_a01,127,static-127,1800.0544579990674,11.649893370010583,12.033349997363983,128
A,1,static_baseline_A_event_llm-only_r01_a01,128,static-128,1801.23033298878,11.645906173310602,12.068837397964671,128
A,1,static_baseline_A_event_llm-only_r01_a01,129,static-129,1802.0843330014031,11.65322605513612,11.951587600924539,128
A,1,static_baseline_A_event_llm-only_r01_a01,130,static-130,1800.12945899216,11.656921913441249,12.030937496456318,128
A,1,static_baseline_A_event_llm-only_r01_a01,131,static-131,1802.915208012564,11.653620409403421,12.199371194583362,128
A,1,static_baseline_A_event_llm-only_r01_a01,132,static-132,1799.8513339989586,11.87439533864885,12.862779504212083,128
A,1,static_baseline_A_event_llm-only_r01_a01,133,static-133,1811.6875419946155,11.663004921315656,11.910508199071044,128
A,1,static_baseline_A_event_llm-only_r01_a01,134,static-134,1801.1121669987915,11.668028543344846,11.976774800859857,128
A,1,static_baseline_A_event_llm-only_r01_a01,135,static-135,1798.5238330002176,11.648047244035103,11.83018739830004,128
A,1,static_baseline_A_event_llm-only_r01_a01,136,static-136,1803.6609580012737,11.653076448843551,12.013333204959054,128
A,1,static_baseline_A_event_llm-only_r01_a01,137,static-137,1797.4992079980439,11.66542651183082,11.97176599962404,128
A,1,static_baseline_A_event_llm-only_r01_a01,138,static-138,1801.4760829973966,11.651427165364964,11.96182889107149,128
A,1,static_baseline_A_event_llm-only_r01_a01,139,static-139,1798.9432909962488,11.661685700826236,12.006266799289733,128
A,1,static_baseline_A_event_llm-only_r01_a01,140,static-140,1801.8785409949487,11.671073165402278,11.913650008500554,128
A,1,static_baseline_A_event_llm-only_r01_a01,141,static-141,1799.1356669954257,11.653364826783017,12.05017510219477,128
A,1,static_baseline_A_event_llm-only_r01_a01,142,static-142,1802.1161659999052,11.639657480308538,11.760262500320096,128
A,1,static_baseline_A_event_llm-only_r01_a01,143,static-143,1798.6023749981541,11.678641732240381,11.981624801410362,128
A,1,static_baseline_A_event_llm-only_r01_a01,144,static-144,1802.428625000175,11.634393370005405,11.851304295123555,128
A,1,static_baseline_A_event_llm-only_r01_a01,145,static-145,1798.8633750064764,11.645152559068501,11.889203800819814,128
A,1,static_baseline_A_event_llm-only_r01_a01,146,static-146,1801.3931669993326,11.657343503966832,11.990641702141145,128
A,1,static_baseline_A_event_llm-only_r01_a01,147,static-147,1799.9958750006044,11.647392055051819,11.864299901935736,128
A,1,static_baseline_A_event_llm-only_r01_a01,148,static-148,1801.6828749969136,11.647063322818113,11.978821498632895,128
A,1,static_baseline_A_event_llm-only_r01_a01,149,static-149,1801.106291997712,11.64566863781505,11.781974995392375,128
A,1,static_baseline_A_event_llm-only_r01_a01,150,static-150,1800.763791994541,11.652636811078533,11.84994609648129,128
A,1,static_baseline_A_event_llm-only_r01_a01,151,static-151,1818.8990829949034,11.693986220510794,12.05994610209018,128
A,1,static_baseline_A_event_llm-only_r01_a01,152,static-152,1801.4252089924412,11.677698818893413,11.986821101163514,128
A,1,static_baseline_A_event_llm-only_r01_a01,153,static-153,1799.2247909860453,11.658225070907896,11.846466797578614,128
A,1,static_baseline_A_event_llm-only_r01_a01,154,static-154,1801.3067080028122,11.675886811086299,11.952921397460157,128
A,1,static_baseline_A_event_llm-only_r01_a01,155,static-155,1798.9228329970501,11.649115818899169,11.971637597889638,128
A,1,static_baseline_A_event_llm-only_r01_a01,156,static-156,1801.7219589964952,11.655744094485014,12.024041292897891,128
A,1,static_baseline_A_event_llm-only_r01_a01,157,static-157,1799.3251250009052,11.654032157448956,11.885283298033755,128
A,1,static_baseline_A_event_llm-only_r01_a01,158,static-158,1800.8240000053775,11.652620409465923,12.043975004053205,128
A,1,static_baseline_A_event_llm-only_r01_a01,159,static-159,1800.1649169891607,11.64902854338655,12.293037502968218,128
A,1,static_baseline_A_event_llm-only_r01_a01,160,static-160,1801.1401660041884,11.451769685033547,11.81027950369753,128
A,1,static_baseline_A_event_llm-only_r01_a01,161,static-161,1801.9292920071166,11.660011480291976,11.916712601669131,128
A,1,static_baseline_A_event_llm-only_r01_a01,162,static-162,1799.642333004158,11.650103346470333,11.957108690694438,128
A,1,static_baseline_A_event_llm-only_r01_a01,163,static-163,1803.297417005524,11.656123354291273,11.894662599661388,128
A,1,static_baseline_A_event_llm-only_r01_a01,164,static-164,1799.0009159984766,11.65127559055347,11.997024793527089,128
A,1,static_baseline_A_event_llm-only_r01_a01,165,static-165,1802.2866249957588,11.654930118096472,11.871137500565965,128
A,1,static_baseline_A_event_llm-only_r01_a01,166,static-166,1800.4010840086266,11.641361220491367,11.747425196517725,128
A,1,static_baseline_A_event_llm-only_r01_a01,167,static-167,1802.0382079994306,11.657568897665149,11.908033296640497,128
A,1,static_baseline_A_event_llm-only_r01_a01,168,static-168,1798.4300419921055,11.666609251969787,11.922983593831304,128
A,1,static_baseline_A_event_llm-only_r01_a01,169,static-169,1811.9182080117753,11.811587267681794,12.677103604073636,128
A,1,static_baseline_A_event_llm-only_r01_a01,170,static-170,1800.9983329975512,11.650988188967307,11.798549894592725,128
A,1,static_baseline_A_event_llm-only_r01_a01,171,static-171,1800.7694580010138,11.665535763829148,12.022995803272352,128
A,1,static_baseline_A_event_llm-only_r01_a01,172,static-172,1799.550249997992,11.651949803129492,12.000533092941621,128
A,1,static_baseline_A_event_llm-only_r01_a01,173,static-173,1801.9919579965062,11.675486551262217,12.120195591705851,128
A,1,static_baseline_A_event_llm-only_r01_a01,174,static-174,1800.4475829948206,11.666371063013033,12.129316198115703,128
A,1,static_baseline_A_event_llm-only_r01_a01,175,static-175,1801.4994999975897,11.644439630033485,11.943557902122848,128
A,1,static_baseline_A_event_llm-only_r01_a01,176,static-176,1800.2961250022054,11.645514102433587,11.909791207290255,128
A,1,static_baseline_A_event_llm-only_r01_a01,177,static-177,1801.190875004977,11.643402228350972,12.077837302058468,128
A,1,static_baseline_A_event_llm-only_r01_a01,178,static-178,1799.699041992426,11.647806102414542,11.964053695555775,128
A,1,static_baseline_A_event_llm-only_r01_a01,179,static-179,1802.4163329973817,11.660678803166338,12.013095394650009,128
A,1,static_baseline_A_event_llm-only_r01_a01,180,static-180,1799.915833005798,11.653183724416794,11.83642930118367,128
A,1,static_baseline_A_event_llm-only_r01_a01,181,static-181,1802.4414999963483,11.664954070840581,11.906316102249548,128
A,1,static_baseline_A_event_llm-only_r01_a01,182,static-182,1800.2273339952808,11.667135826772167,12.087558094935956,128
A,1,static_baseline_A_event_llm-only_r01_a01,183,static-183,1801.691833010409,11.64442290552877,11.805478799215052,128
A,1,static_baseline_A_event_llm-only_r01_a01,184,static-184,1799.0340419928543,11.651456039343909,11.827883102523629,128
A,1,static_baseline_A_event_llm-only_r01_a01,185,static-185,1801.8820410070475,11.643184385836257,11.837246107461397,128
A,1,static_baseline_A_event_llm-only_r01_a01,186,static-186,1799.0145420044428,11.64478870859465,12.137129603070207,128
A,1,static_baseline_A_event_llm-only_r01_a01,187,static-187,1803.7181660038186,11.958637472455697,12.929949998215305,128
A,1,static_baseline_A_event_llm-only_r01_a01,188,static-188,1804.644958989229,11.661671259940976,12.091412396694068,128
A,1,static_baseline_A_event_llm-only_r01_a01,189,static-189,1800.7615829992574,11.637271330696457,11.950245700427331,128
A,1,static_baseline_A_event_llm-only_r01_a01,190,static-190,1801.0900000081165,11.633664047149354,11.796937495819293,128
A,1,static_baseline_A_event_llm-only_r01_a01,191,static-191,1800.8761659875745,11.641226708774425,11.860896497091744,128
A,1,static_baseline_A_event_llm-only_r01_a01,192,static-192,1800.8435420051683,11.647641401546347,11.982341305701993,128
A,1,static_baseline_A_event_llm-only_r01_a01,193,static-193,1802.5947499991162,11.632080055135265,11.98525349755073,128
A,1,static_baseline_A_event_llm-only_r01_a01,194,static-194,1801.1033340007998,11.64386187396819,12.135379500978159,128
A,1,static_baseline_A_event_llm-only_r01_a01,195,static-195,1801.8525000079535,11.668598094421593,11.97278760082554,128
A,1,static_baseline_A_event_llm-only_r01_a01,196,static-196,1800.590041995747,11.650986220448381,11.85247919493122,128
A,1,static_baseline_A_event_llm-only_r01_a01,197,static-197,1803.0941670003813,11.662213582780183,11.874095401435625,128
A,1,static_baseline_A_event_llm-only_r01_a01,198,static-198,1802.0124589966144,11.669706692896218,11.937142103852239,128
A,1,static_baseline_A_event_llm-only_r01_a01,199,static-199,1801.8403750029393,11.665396976369932,12.24369189731078,128
A,1,static_baseline_A_event_llm-only_r01_a01,200,static-200,1800.2862080029445,11.651350393699753,11.829954505083151,128
A,1,static_baseline_A_event_llm-only_r01_a01,201,static-201,1801.2532090069726,11.649435362114028,11.817253692424856,128
A,1,static_baseline_A_event_llm-only_r01_a01,202,static-202,1799.887832996319,11.660951440975136,11.877491894119885,128
A,1,static_baseline_A_event_llm-only_r01_a01,203,static-203,1802.0193749980535,11.653347440910943,11.875429493375123,128
A,1,static_baseline_A_event_llm-only_r01_a01,204,static-204,1799.4518330087885,11.647285763738038,11.945087496133056,128
A,1,static_baseline_A_event_llm-only_r01_a01,205,static-205,1800.1118750107707,11.884442582592646,13.000375202682333,128
A,1,static_baseline_A_event_llm-only_r01_a01,206,static-206,1811.0455419955542,11.68576114963168,12.032029403781053,128
A,1,static_baseline_A_event_llm-only_r01_a01,207,static-207,1799.3687910056906,11.683184055058748,11.930750003375579,128
A,1,static_baseline_A_event_llm-only_r01_a01,208,static-208,1799.726291996194,11.650745732289021,12.10342140548164,128
A,1,static_baseline_A_event_llm-only_r01_a01,209,static-209,1797.782791996724,11.660797897644715,11.998662498081103,128
A,1,static_baseline_A_event_llm-only_r01_a01,210,static-210,1798.954041005345,11.649002952755092,12.042737603769636,128
A,1,static_baseline_A_event_llm-only_r01_a01,211,static-211,1800.0208340090467,11.642130244065875,11.826149800617713,128
A,1,static_baseline_A_event_llm-only_r01_a01,212,static-212,1800.7403750088997,11.657729984273011,12.061808198632207,128
A,1,static_baseline_A_event_llm-only_r01_a01,213,static-213,1798.2024999946589,11.660153212623422,12.053587297850754,128
A,1,static_baseline_A_event_llm-only_r01_a01,214,static-214,1800.380208005663,11.643955708727951,11.953224994067567,128
A,1,static_baseline_A_event_llm-only_r01_a01,215,static-215,1801.3944999984233,11.537214897629827,11.77321240393212,128
A,1,static_baseline_A_event_llm-only_r01_a01,216,static-216,1800.4449589934666,11.66382677166532,12.069429298571777,128
A,1,static_baseline_A_event_llm-only_r01_a01,217,static-217,1803.0180000059772,11.64917847245664,11.978328895929733,128
A,1,static_baseline_A_event_llm-only_r01_a01,218,static-218,1798.9439999946626,11.64384185832441,11.927867005579172,128
A,1,static_baseline_A_event_llm-only_r01_a01,219,static-219,1802.2346250072587,11.634536094502472,11.786737600050401,128
A,1,static_baseline_A_event_llm-only_r01_a01,220,static-220,1799.3974170094589,11.654271322759016,12.000992005050648,128
A,1,static_baseline_A_event_llm-only_r01_a01,221,static-221,1800.557333001052,11.652085629904159,11.954612500267103,128
A,1,static_baseline_A_event_llm-only_r01_a01,222,static-222,1798.1992090062704,11.654712267675599,11.985991994151846,128
A,1,static_baseline_A_event_llm-only_r01_a01,223,static-223,1800.4403749946505,11.668412401670897,11.834253805864137,128
A,1,static_baseline_A_event_llm-only_r01_a01,224,static-224,1815.5689160048496,11.691540354307316,12.008828500984235,128
A,1,static_baseline_A_event_llm-only_r01_a01,225,static-225,1801.3350419932976,11.65606332282851,12.147683103103189,128
A,1,static_baseline_A_event_llm-only_r01_a01,226,static-226,1799.8025000124471,11.65992355899515,12.052345805568619,128
A,1,static_baseline_A_event_llm-only_r01_a01,227,static-227,1801.9362909981282,11.664266078746657,11.987925006542355,128
A,1,static_baseline_A_event_llm-only_r01_a01,228,static-228,1800.274207998882,11.667510173301851,12.090829195221886,128
A,1,static_baseline_A_event_llm-only_r01_a01,229,static-229,1800.4566250019707,11.6539127322869,11.934458199539222,128
A,1,static_baseline_A_event_llm-only_r01_a01,230,static-230,1798.8323330064304,11.652567913374446,11.902450003253762,128
A,1,static_baseline_A_event_llm-only_r01_a01,231,static-231,1802.1774590015411,11.658187992054984,11.81878760253312,128
A,1,static_baseline_A_event_llm-only_r01_a01,232,static-232,1799.5626670017373,11.666501637806705,11.846162595611531,128
A,1,static_baseline_A_event_llm-only_r01_a01,233,static-233,1801.4793330075918,11.649543960536574,12.020584003766999,128
A,1,static_baseline_A_event_llm-only_r01_a01,234,static-234,1798.759166005766,11.666101055090522,12.09413389879046,128
A,1,static_baseline_A_event_llm-only_r01_a01,235,static-235,1800.741917002597,11.664657480350153,11.943583998072427,128
A,1,static_baseline_A_event_llm-only_r01_a01,236,static-236,1798.8210000039544,11.654392062978797,12.047941700438969,128
A,1,static_baseline_A_event_llm-only_r01_a01,237,static-237,1800.2898750128224,11.667510826763051,11.989587503194343,128
A,1,static_baseline_A_event_llm-only_r01_a01,238,static-238,1799.0615410089958,11.665562007807225,11.884345402359031,128
A,1,static_baseline_A_event_llm-only_r01_a01,239,static-239,1801.2407500064,11.66173622049263,12.15161249565426,128
A,1,static_baseline_A_event_llm-only_r01_a01,240,static-240,1797.9197499953443,11.661158133858235,12.024424792616628,128
A,1,static_baseline_A_event_llm-only_r01_a01,241,static-241,1801.09987501055,11.658174866112866,11.972312301804775,128
A,1,static_baseline_A_event_llm-only_r01_a01,242,static-242,1810.3883750009118,11.85557840946112,12.76841609942494,128
A,1,static_baseline_A_event_llm-only_r01_a01,243,static-243,1800.6699169927742,11.651425850421822,11.853812598565128,128
A,1,static_baseline_A_event_llm-only_r01_a01,244,static-244,1800.2291250013513,11.65422933074411,11.976754594070371,128
A,1,static_baseline_A_event_llm-only_r01_a01,245,static-245,1799.4338330026949,11.659578417357256,11.98642060480779,128
A,1,static_baseline_A_event_llm-only_r01_a01,246,static-246,1800.6125419924501,11.651127291412466,11.847933295939583,128
A,1,static_baseline_A_event_llm-only_r01_a01,247,static-247,1800.9604580001906,11.661438976426417,11.988812604977282,128
A,1,static_baseline_A_event_llm-only_r01_a01,248,static-248,1800.7920420059236,11.651864173243695,11.826937407022342,128
A,1,static_baseline_A_event_llm-only_r01_a01,249,static-249,1801.426916004857,11.655142393644246,12.027504391153343,128
A,1,static_baseline_A_event_llm-only_r01_a01,250,static-250,1798.7730829918291,11.647971787427618,11.82594180572778,128
A,1,static_baseline_A_event_llm-only_r01_a01,251,static-251,1802.3384580010315,11.672000330712418,12.138983899785671,128
A,1,static_baseline_A_event_llm-only_r01_a01,252,static-252,1798.837916998309,11.656594811022048,11.876737696002237,128
A,1,static_baseline_A_event_llm-only_r01_a01,253,static-253,1800.9275840013288,11.647408787462691,12.05779999727383,128
A,1,static_baseline_A_event_llm-only_r01_a01,254,static-254,1799.8577920079697,11.664501968500806,11.893742000393104,128
A,1,static_baseline_A_event_llm-only_r01_a01,255,static-255,1801.503041991964,11.656909771758594,11.990495702775661,128
A,1,static_baseline_A_event_llm-only_r01_a01,256,static-256,1799.5076249935664,11.660228677137065,11.919037401094101,128
A,1,static_baseline_A_event_llm-only_r01_a01,257,static-257,1801.7839579988504,11.65233956689774,12.096349995408671,128
A,1,static_baseline_A_event_llm-only_r01_a01,258,static-258,1799.165707998327,11.64965551185209,11.80192080209963,128
A,1,static_baseline_A_event_llm-only_r01_a01,259,static-259,1801.5882079926087,11.643197503986798,11.85392960178433,128
A,1,static_baseline_A_event_llm-only_r01_a01,260,static-260,1801.2219999945955,12.003578740175755,13.516050096950492,128
A,1,static_baseline_A_event_llm-only_r01_a01,261,static-261,1803.0242920067394,11.660452094524878,12.118854402797297,128
A,1,static_baseline_A_event_llm-only_r01_a01,262,static-262,1800.7590000052005,11.653186346396922,11.918287497246638,128
A,1,static_baseline_A_event_llm-only_r01_a01,263,static-263,1798.6689590034075,11.638798881904222,11.858312605181709,128
A,1,static_baseline_A_event_llm-only_r01_a01,264,static-264,1801.6259590076515,11.65496292120711,11.799370394146536,128
A,1,static_baseline_A_event_llm-only_r01_a01,265,static-265,1800.9745419985848,11.664010826809934,12.058953495579772,128
A,1,static_baseline_A_event_llm-only_r01_a01,266,static-266,1800.8547920035198,11.660254267653942,11.891175204073079,128
A,1,static_baseline_A_event_llm-only_r01_a01,267,static-267,1800.0592079915805,11.64675163786664,11.806596192764118,128
A,1,static_baseline_A_event_llm-only_r01_a01,268,static-268,1801.619790989207,11.658137795280695,12.082582994480617,128
A,1,static_baseline_A_event_llm-only_r01_a01,269,static-269,1801.326875007362,11.670661748040423,11.987766898528207,128
A,1,static_baseline_A_event_llm-only_r01_a01,270,static-270,1801.0398339974927,11.649081031571868,11.966662708437068,128
A,1,static_baseline_A_event_llm-only_r01_a01,271,static-271,1798.7949579983251,11.678210629918429,11.95651270536473,128
A,1,static_baseline_A_event_llm-only_r01_a01,272,static-272,1800.694374993327,11.665667322882282,12.01888760260772,128
A,1,static_baseline_A_event_llm-only_r01_a01,273,static-273,1802.2119160013972,11.667822181030845,11.887866703909822,128
A,1,static_baseline_A_event_llm-only_r01_a01,274,static-274,1801.6518329968676,11.66705643312683,11.822771397419274,128
A,1,static_baseline_A_event_llm-only_r01_a01,275,static-275,1799.7627909935545,11.645184385825836,11.944953608326612,128
A,1,static_baseline_A_event_llm-only_r01_a01,276,static-276,1800.6905829970492,11.666439307026756,12.023162501282059,128
A,1,static_baseline_A_event_llm-only_r01_a01,277,static-277,1800.6094169977587,11.65674999997929,11.800654594844673,128
A,1,static_baseline_A_event_llm-only_r01_a01,278,static-278,1800.5656250024913,11.863882873985572,12.768041397794148,128
A,1,static_baseline_A_event_llm-only_r01_a01,279,static-279,1808.3174170023995,11.66560334647551,11.949178899521938,128
A,1,static_baseline_A_event_llm-only_r01_a01,280,static-280,1800.5425410083262,11.669342519644847,11.96387060044799,128
A,1,static_baseline_A_event_llm-only_r01_a01,281,static-281,1798.0677500017919,11.65211318893996,11.955158601631409,128
A,1,static_baseline_A_event_llm-only_r01_a01,282,static-282,1801.5525829978287,11.660822511808286,11.843724999926053,128
A,1,static_baseline_A_event_llm-only_r01_a01,283,static-283,1799.1695840028115,11.645890417253034,11.8138123958488,128
A,1,static_baseline_A_event_llm-only_r01_a01,284,static-284,1802.2192909993464,11.65557611817549,11.960883098072369,128
A,1,static_baseline_A_event_llm-only_r01_a01,285,static-285,1799.3297909997636,11.659945543387018,12.12616249831626,128
A,1,static_baseline_A_event_llm-only_r01_a01,286,static-286,1800.937249994604,11.675253283488198,11.994237400358543,128
A,1,static_baseline_A_event_llm-only_r01_a01,287,static-287,1798.6485830042511,11.663184055162953,12.105020599847192,128
A,1,static_baseline_A_event_llm-only_r01_a01,288,static-288,1801.1415410001064,11.649542653614171,12.097129407629835,128
A,1,static_baseline_A_event_llm-only_r01_a01,289,static-289,1799.2691249964992,11.693195866234785,12.11467069661012,128
A,1,static_baseline_A_event_llm-only_r01_a01,290,static-290,1800.7604160084156,11.663145669273057,11.856628696841653,128
A,1,static_baseline_A_event_llm-only_r01_a01,291,static-291,1800.771750000422,11.671506566926837,12.00404179835459,128
A,1,static_baseline_A_event_llm-only_r01_a01,292,static-292,1799.5862089883303,11.639532803165485,11.833049997221678,128
A,1,static_baseline_A_event_llm-only_r01_a01,293,static-293,1799.7765830077697,11.65574934646601,12.001000097370705,128
A,1,static_baseline_A_event_llm-only_r01_a01,294,static-294,1802.0356250053737,11.64664238575373,11.94945820752764,128
A,1,static_baseline_A_event_llm-only_r01_a01,295,static-295,1799.2361670039827,11.647496385867415,11.79459980194224,128
A,1,static_baseline_A_event_llm-only_r01_a01,296,static-296,1799.6881660073996,11.659222771642789,11.856691203138324,128
A,1,static_baseline_A_event_llm-only_r01_a01,297,static-297,1826.5259160107234,11.750220803050764,12.405574996955691,128
A,1,static_baseline_A_event_llm-only_r01_a01,298,static-298,1801.7120830045315,11.638746063035223,11.817775102099404,128
A,1,static_baseline_A_event_llm-only_r01_a01,299,static-299,1798.8070419960422,11.656217188936452,12.085200005094519,128
A,2,static_baseline_A_event_llm-only_r02_a01,0,static-000,1764.1274589987006,11.66510695268906,12.049370602471752,128
A,2,static_baseline_A_event_llm-only_r02_a01,1,static-001,1779.2162919940893,11.690095803213643,11.876670799392741,128
A,2,static_baseline_A_event_llm-only_r02_a01,2,static-002,1785.7922920084093,11.668442913370507,11.997467100445647,128
A,2,static_baseline_A_event_llm-only_r02_a01,3,static-003,1788.231917002122,11.672234251947641,12.006837700027972,128
A,2,static_baseline_A_event_llm-only_r02_a01,4,static-004,1790.3439169895137,11.665930118211032,12.048782898637,128
A,2,static_baseline_A_event_llm-only_r02_a01,5,static-005,1791.712499994901,11.654027228360064,11.86215459892992,128
A,2,static_baseline_A_event_llm-only_r02_a01,6,static-006,1791.8923329998506,11.664535433093386,11.912554396258201,128
A,2,static_baseline_A_event_llm-only_r02_a01,7,static-007,1792.9498750017956,11.671695866146287,11.96711690427037,128
A,2,static_baseline_A_event_llm-only_r02_a01,8,static-008,1794.4459169957554,11.658758204728255,12.038837502768727,128
A,2,static_baseline_A_event_llm-only_r02_a01,9,static-009,1794.1348340100376,11.89313746457571,12.943991902284324,128
A,2,static_baseline_A_event_llm-only_r02_a01,10,static-010,1804.317041998729,11.686959645713635,11.939304303086828,128
A,2,static_baseline_A_event_llm-only_r02_a01,11,static-011,1795.3687090048334,11.700678149611308,12.003083001764026,128
A,2,static_baseline_A_event_llm-only_r02_a01,12,static-012,1795.451417012373,11.659371062992214,11.953583003196398,128
A,2,static_baseline_A_event_llm-only_r02_a01,13,static-013,1796.931749995565,11.68381758265685,11.8937583087245,128
A,2,static_baseline_A_event_llm-only_r02_a01,14,static-014,1796.045042006881,11.669392716533718,11.857025002245791,128
A,2,static_baseline_A_event_llm-only_r02_a01,15,static-015,1797.4079169944162,11.646666007866262,11.78814570303075,128
A,2,static_baseline_A_event_llm-only_r02_a01,16,static-016,1797.4290840065805,11.649381558985567,11.890933095128275,128
A,2,static_baseline_A_event_llm-only_r02_a01,17,static-017,1794.961207997403,11.684461614216941,12.022524997883009,128
A,2,static_baseline_A_event_llm-only_r02_a01,18,static-018,1797.6617090025684,11.666692913336657,11.929228703957051,128
A,2,static_baseline_A_event_llm-only_r02_a01,19,static-019,1796.5285829995992,11.671428480318484,11.91350439621601,128
A,2,static_baseline_A_event_llm-only_r02_a01,20,static-020,1797.4649999960093,11.692982614219122,12.039837504562456,128
A,2,static_baseline_A_event_llm-only_r02_a01,21,static-021,1797.1683329960797,11.666148291409426,11.882779300503898,128
A,2,static_baseline_A_event_llm-only_r02_a01,22,static-022,1798.149124995689,11.665653543364382,11.807862596469931,128
A,2,static_baseline_A_event_llm-only_r02_a01,23,static-023,1797.8325840085745,11.66319028338267,11.83106240350753,128
A,2,static_baseline_A_event_llm-only_r02_a01,24,static-024,1800.4121249978198,11.686161417361921,12.006296397885308,128
A,2,static_baseline_A_event_llm-only_r02_a01,25,static-025,1799.1237500100397,11.657274283485224,11.831108100886922,128
A,2,static_baseline_A_event_llm-only_r02_a01,26,static-026,1799.24387500796,11.674193566844718,11.895000094955321,128
A,2,static_baseline_A_event_llm-only_r02_a01,27,static-027,1798.4916670102393,11.672132543226756,11.814908798260149,128
A,2,static_baseline_A_event_llm-only_r02_a01,28,static-028,1815.802083001472,11.759446850335262,12.240299995755777,128
A,2,static_baseline_A_event_llm-only_r02_a01,29,static-029,1797.6626250019763,11.667650259891891,11.971624905709175,128
A,2,static_baseline_A_event_llm-only_r02_a01,30,static-030,1800.7157090032706,11.670217842553875,12.056762595602777,128
A,2,static_baseline_A_event_llm-only_r02_a01,31,static-031,1798.3491670020157,11.676691598455994,11.825237402808852,128
A,2,static_baseline_A_event_llm-only_r02_a01,32,static-032,1801.7400419921614,11.67327395283276,11.919421308266463,128
A,2,static_baseline_A_event_llm-only_r02_a01,33,static-033,1798.5317499988014,11.667172566920659,11.951578690786844,128
A,2,static_baseline_A_event_llm-only_r02_a01,34,static-034,1799.4393750122981,11.675618110200771,11.945808093878439,128
A,2,static_baseline_A_event_llm-only_r02_a01,35,static-035,1798.380541993538,11.67229691341127,11.96363769849995,128
A,2,static_baseline_A_event_llm-only_r02_a01,36,static-036,1799.3803749996005,11.66365616535493,11.923616006970404,128
A,2,static_baseline_A_event_llm-only_r02_a01,37,static-037,1799.8394580063177,11.671390425112268,11.84043739340268,128
A,2,static_baseline_A_event_llm-only_r02_a01,38,static-038,1801.0675839905161,11.676205377947854,12.049103804747574,128
A,2,static_baseline_A_event_llm-only_r02_a01,39,static-039,1798.4422500012442,11.669164039373332,11.857204498664942,128
A,2,static_baseline_A_event_llm-only_r02_a01,40,static-040,1800.6984579988057,11.654130574801615,11.80517940520076,128
A,2,static_baseline_A_event_llm-only_r02_a01,41,static-041,1800.948125004652,11.664494094425102,11.877000198001042,128
A,2,static_baseline_A_event_llm-only_r02_a01,42,static-042,1801.2952499993844,11.684826771727778,11.951258199405856,128
A,2,static_baseline_A_event_llm-only_r02_a01,43,static-043,1797.7395839989185,11.669287401573241,11.919554398627952,128
A,2,static_baseline_A_event_llm-only_r02_a01,44,static-044,1802.0893750071991,11.658280511757022,11.781004305521492,128
A,2,static_baseline_A_event_llm-only_r02_a01,45,static-045,1799.9985839996953,11.661681102306442,11.943245695147198,128
A,2,static_baseline_A_event_llm-only_r02_a01,46,static-046,1812.326541999937,11.870967842524827,12.73392849980155,128
A,2,static_baseline_A_event_llm-only_r02_a01,47,static-047,1801.0808339895448,11.667737858296613,11.834053705388214,128
A,2,static_baseline_A_event_llm-only_r02_a01,48,static-048,1801.6565419966355,11.685094811016782,11.95654979092069,128
A,2,static_baseline_A_event_llm-only_r02_a01,49,static-049,1799.605000007432,11.682297244042848,11.85640419862466,128
A,2,static_baseline_A_event_llm-only_r02_a01,50,static-050,1802.6417500077514,11.660839566882098,11.784187593730167,128
A,2,static_baseline_A_event_llm-only_r02_a01,51,static-051,1801.6904999967664,11.666778543337035,11.917008792806882,128
A,2,static_baseline_A_event_llm-only_r02_a01,52,static-052,1800.2148750092601,11.682365488171152,11.910504297702573,128
A,2,static_baseline_A_event_llm-only_r02_a01,53,static-053,1799.523291992955,11.663390417362372,11.89893389964709,128
A,2,static_baseline_A_event_llm-only_r02_a01,54,static-054,1801.7425830039429,11.668916338620209,11.80151269218186,128
A,2,static_baseline_A_event_llm-only_r02_a01,55,static-055,1800.6762500008335,11.680632543325695,11.991949901857879,128
A,2,static_baseline_A_event_llm-only_r02_a01,56,static-056,1800.5829580069985,11.665592519621416,11.823341800482012,128
A,2,static_baseline_A_event_llm-only_r02_a01,57,static-057,1799.858917001984,11.67898031497488,11.837341097998433,128
A,2,static_baseline_A_event_llm-only_r02_a01,58,static-058,1800.0042500061681,11.666552818840458,11.874953699589241,128
A,2,static_baseline_A_event_llm-only_r02_a01,59,static-059,1801.317499994184,11.668739503975518,11.971778502629602,128
A,2,static_baseline_A_event_llm-only_r02_a01,60,static-060,1802.684958995087,11.669515086682587,12.035537406336516,128
A,2,static_baseline_A_event_llm-only_r02_a01,61,static-061,1799.6994999994058,11.678841858313925,11.856449898914434,128
A,2,static_baseline_A_event_llm-only_r02_a01,62,static-062,1803.2642920006765,11.690820212563954,12.088775107986292,128
A,2,static_baseline_A_event_llm-only_r02_a01,63,static-063,1799.627792002866,11.68403083467251,11.94420010142494,128
A,2,static_baseline_A_event_llm-only_r02_a01,64,static-064,1802.6919590047328,11.971625322856442,12.761592099559493,128
A,2,static_baseline_A_event_llm-only_r02_a01,65,static-065,1805.0485840067267,11.679076110232828,11.86624640104128,128
A,2,static_baseline_A_event_llm-only_r02_a01,66,static-066,1799.3826250021812,11.687215881909824,11.87748739903327,128
A,2,static_baseline_A_event_llm-only_r02_a01,67,static-067,1802.4121659982484,11.65976312596307,11.837245697097387,128
A,2,static_baseline_A_event_llm-only_r02_a01,68,static-068,1800.4549579927698,11.672234582745903,11.887204395316074,128
A,2,static_baseline_A_event_llm-only_r02_a01,69,static-069,1801.078917007544,11.698971125966407,12.042708104127087,128
A,2,static_baseline_A_event_llm-only_r02_a01,70,static-070,1800.8091250085272,11.692551181098908,11.974179207754787,128
A,2,static_baseline_A_event_llm-only_r02_a01,71,static-071,1802.1229169971775,11.66731626777103,11.884920597367454,128
A,2,static_baseline_A_event_llm-only_r02_a01,72,static-072,1800.4019999934826,11.706655842525238,12.071012504748069,128
A,2,static_baseline_A_event_llm-only_r02_a01,73,static-073,1800.9874160052277,11.679722771679206,11.87379549955949,128
A,2,static_baseline_A_event_llm-only_r02_a01,74,static-074,1801.7878329992527,11.476050850368788,11.748612391238566,128
A,2,static_baseline_A_event_llm-only_r02_a01,75,static-075,1802.493000010145,11.686059055065252,12.008807907113805,128
A,2,static_baseline_A_event_llm-only_r02_a01,76,static-076,1798.9312499994412,11.68451804723169,11.970020693843253,128
A,2,static_baseline_A_event_llm-only_r02_a01,77,static-077,1801.7061249993276,11.661192259818176,11.890254491299855,128
A,2,static_baseline_A_event_llm-only_r02_a01,78,static-078,1800.5039999989094,11.672699480344116,12.018920601985883,128
A,2,static_baseline_A_event_llm-only_r02_a01,79,static-079,1801.3635420065839,11.662467188975503,11.825262597994879,128
A,2,static_baseline_A_event_llm-only_r02_a01,80,static-080,1798.954166995827,11.67687106298697,11.917758104391396,128
A,2,static_baseline_A_event_llm-only_r02_a01,81,static-081,1801.561166997999,11.669811354280911,12.031233801099006,128
A,2,static_baseline_A_event_llm-only_r02_a01,82,static-082,1799.219541993807,11.892964566968873,12.753562496800441,128
A,2,static_baseline_A_event_llm-only_r02_a01,83,static-083,1810.5349999968894,11.692583992115706,11.929896099900361,128
A,2,static_baseline_A_event_llm-only_r02_a01,84,static-084,1801.1510419892147,11.695344157573789,11.961787597101647,128
A,2,static_baseline_A_event_llm-only_r02_a01,85,static-085,1797.9540420055855,11.668102685009188,11.852425006509293,128
A,2,static_baseline_A_event_llm-only_r02_a01,86,static-086,1801.799042004859,11.680363842440167,11.877745696983766,128
A,2,static_baseline_A_event_llm-only_r02_a01,87,static-087,1798.525874997722,11.68268799207056,11.851820700394455,128
A,2,static_baseline_A_event_llm-only_r02_a01,88,static-088,1801.8564590020105,11.660131889828078,11.82216249871999,128
A,2,static_baseline_A_event_llm-only_r02_a01,89,static-089,1797.3445000097854,11.669574803159403,11.952212601318024,128
A,2,static_baseline_A_event_llm-only_r02_a01,90,static-090,1800.6120420031948,11.663465551192337,11.835316907672677,128
A,2,static_baseline_A_event_llm-only_r02_a01,91,static-091,1799.0406250028173,11.68526771652978,11.925845792575274,128
A,2,static_baseline_A_event_llm-only_r02_a01,92,static-092,1802.77812499844,11.677425196939735,11.82781250536209,128
A,2,static_baseline_A_event_llm-only_r02_a01,93,static-093,1798.7671669980045,11.705638779493189,11.98898320144508,128
A,2,static_baseline_A_event_llm-only_r02_a01,94,static-094,1801.660458004335,11.663391732305517,11.86677499790676,128
A,2,static_baseline_A_event_llm-only_r02_a01,95,static-095,1798.9447500003735,11.669593181082517,11.99561640387401,128
A,2,static_baseline_A_event_llm-only_r02_a01,96,static-096,1801.6218749980908,11.666472110251977,11.824996300856583,128
A,2,static_baseline_A_event_llm-only_r02_a01,97,static-097,1797.7470420009922,11.675014763847763,11.838629299018066,128
A,2,static_baseline_A_event_llm-only_r02_a01,98,static-098,1801.1427919991547,11.67241699214911,11.815837693575304,128
A,2,static_baseline_A_event_llm-only_r02_a01,99,static-099,1799.2895420029527,11.667986220417097,11.90846690442413,128
A,2,static_baseline_A_event_llm-only_r02_a01,100,static-100,1800.4402499936987,11.678779527648558,11.931516996992286,128
A,2,static_baseline_A_event_llm-only_r02_a01,101,static-101,1816.7779999930644,11.720411417369665,12.225916898751164,128
A,2,static_baseline_A_event_llm-only_r02_a01,102,static-102,1801.5447920042789,11.677125322872655,11.908674794540275,128
A,2,static_baseline_A_event_llm-only_r02_a01,103,static-103,1801.0008749988629,11.689552165431293,11.85622510383837,128
A,2,static_baseline_A_event_llm-only_r02_a01,104,static-104,1802.801666999585,11.721380574809292,12.107712599390652,128
A,2,static_baseline_A_event_llm-only_r02_a01,105,static-105,1801.9071249873377,11.667574141802465,11.832066204806324,128
A,2,static_baseline_A_event_llm-only_r02_a01,106,static-106,1801.1577920115087,11.668081692897523,11.937941789801698,128
A,2,static_baseline_A_event_llm-only_r02_a01,107,static-107,1800.4037909995532,11.691633535376713,11.986042106582318,128
A,2,static_baseline_A_event_llm-only_r02_a01,108,static-108,1799.657625000691,11.671842850344145,11.919641795975622,128
A,2,static_baseline_A_event_llm-only_r02_a01,109,static-109,1801.0740419995273,11.675921259938344,11.899841093691064,128
A,2,static_baseline_A_event_llm-only_r02_a01,110,static-110,1801.4047909964575,11.68884481894637,12.033600099675823,128
A,2,static_baseline_A_event_llm-only_r02_a01,111,static-111,1802.5261659931857,11.681018700854354,11.854070697154384,128
A,2,static_baseline_A_event_llm-only_r02_a01,112,static-112,1799.645708000753,11.680084645727971,11.911453703942243,128
A,2,static_baseline_A_event_llm-only_r02_a01,113,static-113,1801.2908340024296,11.6894947480425,11.956362398632335,128
A,2,static_baseline_A_event_llm-only_r02_a01,114,static-114,1801.4388339943253,11.698309708763405,11.922604407300241,128
A,2,static_baseline_A_event_llm-only_r02_a01,115,static-115,1802.3517090041423,11.674991464512752,11.915621091611683,128
A,2,static_baseline_A_event_llm-only_r02_a01,116,static-116,1799.1250420018332,11.680500984157979,11.903141908987891,128
A,2,static_baseline_A_event_llm-only_r02_a01,117,static-117,1801.8888749938924,11.677303803258752,11.898779308830854,128
A,2,static_baseline_A_event_llm-only_r02_a01,118,static-118,1799.499000000651,11.731478677123903,12.325458001578223,128
A,2,static_baseline_A_event_llm-only_r02_a01,119,static-119,1815.0619579973863,11.868349409512772,12.692900198453572,128
A,2,static_baseline_A_event_llm-only_r02_a01,120,static-120,1802.4993330036523,11.693217519713807,11.958646298444364,128
A,2,static_baseline_A_event_llm-only_r02_a01,121,static-121,1802.0495410019066,11.688378283398329,12.003871191700455,128
A,2,static_baseline_A_event_llm-only_r02_a01,122,static-122,1801.2365000031423,11.666511810970434,11.871712705760729,128
A,2,static_baseline_A_event_llm-only_r02_a01,123,static-123,1800.3867090010317,11.68046423621791,11.839358101133257,128
A,2,static_baseline_A_event_llm-only_r02_a01,124,static-124,1800.7851250004023,11.685954070903039,12.04290439345641,128
A,2,static_baseline_A_event_llm-only_r02_a01,125,static-125,1802.2734170081094,11.689979330715394,11.925208795582876,128
A,2,static_baseline_A_event_llm-only_r02_a01,126,static-126,1800.442749998183,11.676603346475488,11.904087403672746,128
A,2,static_baseline_A_event_llm-only_r02_a01,127,static-127,1798.3807919954415,11.65407250395162,11.786045697226655,128
A,2,static_baseline_A_event_llm-only_r02_a01,128,static-128,1801.5092080022441,11.681456692877966,11.951012702775188,128
A,2,static_baseline_A_event_llm-only_r02_a01,129,static-129,1799.1321250010515,11.624853015674725,11.83235440403223,128
A,2,static_baseline_A_event_llm-only_r02_a01,130,static-130,1800.8195420115953,11.668865488155554,11.84352039854275,128
A,2,static_baseline_A_event_llm-only_r02_a01,131,static-131,1798.640749999322,11.672394354296042,11.8658501029131,128
A,2,static_baseline_A_event_llm-only_r02_a01,132,static-132,1801.6969579912256,11.676118763802595,11.892112604982685,128
A,2,static_baseline_A_event_llm-only_r02_a01,133,static-133,1799.4365409977036,11.681034125999078,11.835466895718127,128
A,2,static_baseline_A_event_llm-only_r02_a01,134,static-134,1801.298874997883,11.68505118105205,12.004783193697222,128
A,2,static_baseline_A_event_llm-only_r02_a01,135,static-135,1800.0203340052394,11.698777228341745,11.986712594807614,128
A,2,static_baseline_A_event_llm-only_r02_a01,136,static-136,1801.5137500042329,11.685104984295092,12.005408003460616,128
A,2,static_baseline_A_event_llm-only_r02_a01,137,static-137,1804.8608340031933,12.017065614134653,13.355383797897955,128
A,2,static_baseline_A_event_llm-only_r02_a01,138,static-138,1802.6928750041407,11.678802496070725,11.880904504505452,128
A,2,static_baseline_A_event_llm-only_r02_a01,139,static-139,1800.925500006997,11.659308401528584,12.007674999767914,128
A,2,static_baseline_A_event_llm-only_r02_a01,140,static-140,1799.6989999955986,11.670412732344158,11.923083792498801,128
A,2,static_baseline_A_event_llm-only_r02_a01,141,static-141,1801.9901660009054,11.691454724421519,11.899229398113675,128
A,2,static_baseline_A_event_llm-only_r02_a01,142,static-142,1800.1407499978086,11.696541669281698,12.035687401657924,128
A,2,static_baseline_A_event_llm-only_r02_a01,143,static-143,1802.3387090070173,11.665583984178351,11.821187297755387,128
A,2,static_baseline_A_event_llm-only_r02_a01,144,static-144,1801.640125006088,11.695352684996113,11.99458289629547,128
A,2,static_baseline_A_event_llm-only_r02_a01,145,static-145,1801.811708995956,11.669872700801397,11.835821300337557,128
A,2,static_baseline_A_event_llm-only_r02_a01,146,static-146,1797.977958995034,11.669182409504868,11.940816904825622,128
A,2,static_baseline_A_event_llm-only_r02_a01,147,static-147,1801.4442499988945,11.684410433068608,11.843707898515277,128
A,2,static_baseline_A_event_llm-only_r02_a01,148,static-148,1799.287457994069,11.695953086591473,12.001416899147443,128
A,2,static_baseline_A_event_llm-only_r02_a01,149,static-149,1800.9208339935867,11.704408464560057,11.97158760187449,128
A,2,static_baseline_A_event_llm-only_r02_a01,150,static-150,1797.7474999934202,11.673179456705638,11.884184001246467,128
A,2,static_baseline_A_event_llm-only_r02_a01,151,static-151,1801.8475419958122,11.670032149574016,11.873058890341781,128
A,2,static_baseline_A_event_llm-only_r02_a01,152,static-152,1797.9881670034956,11.689863519699085,11.990345593949314,128
A,2,static_baseline_A_event_llm-only_r02_a01,153,static-153,1802.2553749906365,11.672983267784529,11.881220797658898,128
A,2,static_baseline_A_event_llm-only_r02_a01,154,static-154,1798.3569579955656,11.675505251962853,11.839578610670287,128
A,2,static_baseline_A_event_llm-only_r02_a01,155,static-155,1802.7267500001471,11.907602039323459,12.822695703653153,128
A,2,static_baseline_A_event_llm-only_r02_a01,156,static-156,1810.1348339987453,11.685854000017398,11.894396507705096,128
A,2,static_baseline_A_event_llm-only_r02_a01,157,static-157,1801.026125001954,11.689120740102656,11.997408693423495,128
A,2,static_baseline_A_event_llm-only_r02_a01,158,static-158,1802.7023750037188,11.680571196805209,11.814012502145488,128
A,2,static_baseline_A_event_llm-only_r02_a01,159,static-159,1800.9739999979502,11.684626314970554,11.997200098994654,128
A,2,static_baseline_A_event_llm-only_r02_a01,160,static-160,1800.4368749971036,11.686195866213964,11.841653801093344,128
A,2,static_baseline_A_event_llm-only_r02_a01,161,static-161,1800.455165997846,11.67539796848345,11.87598749384051,128
A,2,static_baseline_A_event_llm-only_r02_a01,162,static-162,1801.8412079982227,11.67094422832927,11.917866997828241,128
A,2,static_baseline_A_event_llm-only_r02_a01,163,static-163,1799.135249995743,11.67681725985851,11.846596488612704,128
A,2,static_baseline_A_event_llm-only_r02_a01,164,static-164,1801.7942090082215,11.679403543221126,11.979733302723615,128
A,2,static_baseline_A_event_llm-only_r02_a01,165,static-165,1799.6593749994645,11.687365488202392,11.84510350576602,128
A,2,static_baseline_A_event_llm-only_r02_a01,166,static-166,1800.8662499923958,11.71708923620612,12.038658300298264,128
A,2,static_baseline_A_event_llm-only_r02_a01,167,static-167,1799.0345419966616,11.66594947248745,11.852699900919106,128
A,2,static_baseline_A_event_llm-only_r02_a01,168,static-168,1801.9214170053601,11.680636810932645,11.813337499916088,128
A,2,static_baseline_A_event_llm-only_r02_a01,169,static-169,1799.2347919935128,11.681875322833584,11.928882900974713,128
A,2,static_baseline_A_event_llm-only_r02_a01,170,static-170,1801.5925000072457,11.661255905426687,11.831371499283705,128
A,2,static_baseline_A_event_llm-only_r02_a01,171,static-171,1798.907042000792,11.672375984164505,11.896424797305372,128
A,2,static_baseline_A_event_llm-only_r02_a01,172,static-172,1803.053750001709,11.679926511783915,11.993446298583876,128
A,2,static_baseline_A_event_llm-only_r02_a01,173,static-173,1798.0464160064002,11.813729992168442,12.685033802699763,128
A,2,static_baseline_A_event_llm-only_r02_a01,174,static-174,1842.279000004055,11.700935039383278,12.157137495523784,128
A,2,static_baseline_A_event_llm-only_r02_a01,175,static-175,1802.1949170070002,11.69112893694546,11.969900099211372,128
A,2,static_baseline_A_event_llm-only_r02_a01,176,static-176,1799.8802910005907,11.671560039371618,11.807516201224644,128
A,2,static_baseline_A_event_llm-only_r02_a01,177,static-177,1802.1423329919344,11.657352692985679,11.839212491759099,128
A,2,static_baseline_A_event_llm-only_r02_a01,178,static-178,1798.5662090068217,11.666431425159475,11.907637600961605,128
A,2,static_baseline_A_event_llm-only_r02_a01,179,static-179,1802.099458000157,11.665244094521453,11.852807899413165,128
A,2,static_baseline_A_event_llm-only_r02_a01,180,static-180,1799.035083007766,11.688593181040813,11.972017110383604,128
A,2,static_baseline_A_event_llm-only_r02_a01,181,static-181,1801.2684999994235,11.673774929212106,11.85712130391039,128
A,2,static_baseline_A_event_llm-only_r02_a01,182,static-182,1797.969417006243,11.666085629945798,11.879446497187018,128
A,2,static_baseline_A_event_llm-only_r02_a01,183,static-183,1801.7997090064455,11.668558393703135,11.850558102014475,128
A,2,static_baseline_A_event_llm-only_r02_a01,184,static-184,1798.760042001959,11.660641732334167,11.896283201349434,128
A,2,static_baseline_A_event_llm-only_r02_a01,185,static-185,1804.080250003608,11.670388125972162,11.941516996012068,128
A,2,static_baseline_A_event_llm-only_r02_a01,186,static-186,1798.9490420004586,11.7199232283426,11.981124995509163,128
A,2,static_baseline_A_event_llm-only_r02_a01,187,static-187,1801.8560420023277,11.68701738587995,11.906258795352185,128
A,2,static_baseline_A_event_llm-only_r02_a01,188,static-188,1800.46341700654,11.672401897688067,11.84509999875445,128
A,2,static_baseline_A_event_llm-only_r02_a01,189,static-189,1801.3074579939712,11.674854992183043,11.840087702148594,128
A,2,static_baseline_A_event_llm-only_r02_a01,190,static-190,1799.5463749975897,11.674489503988527,11.945829505566506,128
A,2,static_baseline_A_event_llm-only_r02_a01,191,static-191,1802.7277500077616,11.664968173250585,11.846854392206296,128
A,2,static_baseline_A_event_llm-only_r02_a01,192,static-192,1814.7923340002308,11.785897637825592,12.108416903356554,128
A,2,static_baseline_A_event_llm-only_r02_a01,193,static-193,1801.0614170052577,11.67653707086611,12.031225196551532,128
A,2,static_baseline_A_event_llm-only_r02_a01,194,static-194,1801.3712910033064,11.669265094403853,11.90019129862776,128
A,2,static_baseline_A_event_llm-only_r02_a01,195,static-195,1800.2767090074485,11.660808393700547,11.946687498129902,128
A,2,static_baseline_A_event_llm-only_r02_a01,196,static-196,1803.2408750004834,11.68060826763738,11.876966107229237,128
A,2,static_baseline_A_event_llm-only_r02_a01,197,static-197,1799.3574580032146,11.689722110259742,11.89969999686582,128
A,2,static_baseline_A_event_llm-only_r02_a01,198,static-198,1802.666916992166,11.685369417344505,11.867795707075857,128
A,2,static_baseline_A_event_llm-only_r02_a01,199,static-199,1799.5899169909535,11.680881889820224,11.95434550900245,128
A,2,static_baseline_A_event_llm-only_r02_a01,200,static-200,1800.2279169886606,11.682537724410631,11.881146492669359,128
A,2,static_baseline_A_event_llm-only_r02_a01,201,static-201,1797.7620830060914,11.672100393691899,11.935441807145253,128
A,2,static_baseline_A_event_llm-only_r02_a01,202,static-202,1802.002790995175,11.658668968602868,11.867058300413191,128
A,2,static_baseline_A_event_llm-only_r02_a01,203,static-203,1799.137541995151,11.67491699216473,11.863616098708007,128
A,2,static_baseline_A_event_llm-only_r02_a01,204,static-204,1799.2922500125133,11.690100062914434,11.913641999126412,128
A,2,static_baseline_A_event_llm-only_r02_a01,205,static-205,1798.5941669903696,11.661001637864008,11.801299902435858,128
A,2,static_baseline_A_event_llm-only_r02_a01,206,static-206,1801.2745840096613,11.657161740118667,11.835933006659616,128
A,2,static_baseline_A_event_llm-only_r02_a01,207,static-207,1799.1195840004366,11.676230968464731,11.871150093793402,128
A,2,static_baseline_A_event_llm-only_r02_a01,208,static-208,1801.9806660013273,11.672201771614523,11.926083198341075,128
A,2,static_baseline_A_event_llm-only_r02_a01,209,static-209,1802.3266660020454,11.671338259819052,11.93722500320291,128
A,2,static_baseline_A_event_llm-only_r02_a01,210,static-210,1810.0545830093324,11.945060370091209,12.719171193020884,128
A,2,static_baseline_A_event_llm-only_r02_a01,211,static-211,1801.2559579947265,11.694362204761141,12.012116894766223,128
A,2,static_baseline_A_event_llm-only_r02_a01,212,static-212,1801.2891249964014,11.67028379527115,11.950178605911786,128
A,2,static_baseline_A_event_llm-only_r02_a01,213,static-213,1801.3901250087656,11.661748362175285,11.852266796631739,128
A,2,static_baseline_A_event_llm-only_r02_a01,214,static-214,1798.8698330009356,11.679143047209566,11.950771094416268,128
A,2,static_baseline_A_event_llm-only_r02_a01,215,static-215,1800.6637079961365,11.656487858340906,11.969791701994836,128
A,2,static_baseline_A_event_llm-only_r02_a01,216,static-216,1800.3008329978911,11.67542355911491,11.96093319886131,128
A,2,static_baseline_A_event_llm-only_r02_a01,217,static-217,1801.8522500060499,11.680912732203513,11.995108303381128,128
A,2,static_baseline_A_event_llm-only_r02_a01,218,static-218,1799.9437499966007,11.662181763814425,11.876783004845493,128
A,2,static_baseline_A_event_llm-only_r02_a01,219,static-219,1800.3757089900319,11.678232937087818,11.85297509218799,128
A,2,static_baseline_A_event_llm-only_r02_a01,220,static-220,1798.5003330104519,11.685749346424283,11.876078706700355,128
A,2,static_baseline_A_event_llm-only_r02_a01,221,static-221,1801.0436670010677,11.699749999927123,11.970779600960666,128
A,2,static_baseline_A_event_llm-only_r02_a01,222,static-222,1800.632124999538,11.681076771704348,11.93131249747239,128
A,2,static_baseline_A_event_llm-only_r02_a01,223,static-223,1800.9065840014955,11.676187330708421,11.84382479841588,128
A,2,static_baseline_A_event_llm-only_r02_a01,224,static-224,1800.1575420057634,11.67003018105509,11.89419569564052,128
A,2,static_baseline_A_event_llm-only_r02_a01,225,static-225,1800.4789169935975,11.660419944875441,11.875195501488633,128
A,2,static_baseline_A_event_llm-only_r02_a01,226,static-226,1799.8372089932673,11.673729984304229,12.095762602984905,128
A,2,static_baseline_A_event_llm-only_r02_a01,227,static-227,1799.9765840067994,11.676105314968375,11.883246297657022,128
A,2,static_baseline_A_event_llm-only_r02_a01,228,static-228,1800.8122080063913,12.047606960578829,13.519141799770296,128
A,2,static_baseline_A_event_llm-only_r02_a01,229,static-229,1803.644625004381,11.671862535418825,11.85845010477351,128
A,2,static_baseline_A_event_llm-only_r02_a01,230,static-230,1802.2561249963474,11.708546913408593,12.035645692958497,128
A,2,static_baseline_A_event_llm-only_r02_a01,231,static-231,1800.5099169968162,11.712518370092488,12.017366901272908,128
A,2,static_baseline_A_event_llm-only_r02_a01,232,static-232,1800.439708007616,11.659691275595174,11.863175194594078,128
A,2,static_baseline_A_event_llm-only_r02_a01,233,static-233,1799.4117079942953,11.665097771690952,11.82164209894836,128
A,2,static_baseline_A_event_llm-only_r02_a01,234,static-234,1800.717459002044,11.662525913401279,11.946908097888809,128
A,2,static_baseline_A_event_llm-only_r02_a01,235,static-235,1800.5822919949424,11.685795275591621,11.967846301558893,128
A,2,static_baseline_A_event_llm-only_r02_a01,236,static-236,1799.6347500011325,11.658295606332647,11.801320798986126,128
A,2,static_baseline_A_event_llm-only_r02_a01,237,static-237,1801.9173749926267,11.670428803158506,11.8787204977707,128
A,2,static_baseline_A_event_llm-only_r02_a01,238,static-238,1800.2196250017732,11.68420439364671,11.914279405027628,128
A,2,static_baseline_A_event_llm-only_r02_a01,239,static-239,1799.760583002353,11.703902558977239,11.9978624075884,128
A,2,static_baseline_A_event_llm-only_r02_a01,240,static-240,1799.806124996394,11.688175196869402,11.834512498171534,128
A,2,static_baseline_A_event_llm-only_r02_a01,241,static-241,1799.4607080036076,11.701636480311423,12.024508000467904,128
A,2,static_baseline_A_event_llm-only_r02_a01,242,static-242,1799.8982499993872,11.671214566935463,11.858533197664656,128
A,2,static_baseline_A_event_llm-only_r02_a01,243,static-243,1798.0150830117054,11.682003614122385,12.003108202770818,128
A,2,static_baseline_A_event_llm-only_r02_a01,244,static-244,1799.5302500057733,11.665265417316796,11.86898769956315,128
A,2,static_baseline_A_event_llm-only_r02_a01,245,static-245,1799.9054590036394,11.67212073222778,11.879033202421851,128
A,2,static_baseline_A_event_llm-only_r02_a01,246,static-246,1799.8460409871768,11.789667000031598,12.337383104022592,128
A,2,static_baseline_A_event_llm-only_r02_a01,247,static-247,1810.4498329921626,11.668002299252187,11.897429297096096,128
A,2,static_baseline_A_event_llm-only_r02_a01,248,static-248,1801.87916700379,11.681438976322212,11.964333201467525,128
A,2,static_baseline_A_event_llm-only_r02_a01,249,static-249,1799.3426250031916,11.674549535451288,11.888825103233103,128
A,2,static_baseline_A_event_llm-only_r02_a01,250,static-250,1801.489165998646,11.672804795304591,11.999825100065209,128
A,2,static_baseline_A_event_llm-only_r02_a01,251,static-251,1799.9353330087615,11.68469849602213,11.921566796081606,128
A,2,static_baseline_A_event_llm-only_r02_a01,252,static-252,1800.1417920022504,11.669781818934606,11.991120602760928,128
A,2,static_baseline_A_event_llm-only_r02_a01,253,static-253,1799.627333006356,11.664635503864444,11.834383301902562,128
A,2,static_baseline_A_event_llm-only_r02_a01,254,static-254,1800.3261660051066,11.69225558265952,11.864020605571568,128
A,2,static_baseline_A_event_llm-only_r02_a01,255,static-255,1798.0687910021516,11.679925196840772,11.986008893291,128
A,2,static_baseline_A_event_llm-only_r02_a01,256,static-256,1801.9977919902885,11.693051511808628,12.013741303235292,128
A,2,static_baseline_A_event_llm-only_r02_a01,257,static-257,1800.0421249889769,11.6801938977263,12.018845597049221,128
A,2,static_baseline_A_event_llm-only_r02_a01,258,static-258,1801.3514170015696,11.669147307077042,11.868654593126848,128
A,2,static_baseline_A_event_llm-only_r02_a01,259,static-259,1799.954667003476,11.68028411811115,11.853733101452235,128
A,2,static_baseline_A_event_llm-only_r02_a01,260,static-260,1802.7179579949006,11.675052818939397,11.841050101793371,128
A,2,static_baseline_A_event_llm-only_r02_a01,261,static-261,1799.714209002559,11.669579062974778,11.883058001694735,128
A,2,static_baseline_A_event_llm-only_r02_a01,262,static-262,1800.436332996469,11.675515094442902,11.861495699849911,128
A,2,static_baseline_A_event_llm-only_r02_a01,263,static-263,1800.2355839998927,11.680744094526629,11.875650007277727,128
A,2,static_baseline_A_event_llm-only_r02_a01,264,static-264,1801.413125009276,11.67451804716921,11.827441904461011,128
A,2,static_baseline_A_event_llm-only_r02_a01,265,static-265,1812.685084005352,11.778074141713702,12.418308199266903,128
A,2,static_baseline_A_event_llm-only_r02_a01,266,static-266,1799.839166997117,11.695227362183436,11.90337509760866,128
A,2,static_baseline_A_event_llm-only_r02_a01,267,static-267,1800.9607919957489,11.680433401626198,11.97021640255116,128
A,2,static_baseline_A_event_llm-only_r02_a01,268,static-268,1798.403375010821,11.672235236207104,11.856407996674534,128
A,2,static_baseline_A_event_llm-only_r02_a01,269,static-269,1800.8557080029277,11.685430448764466,11.920179304433987,128
A,2,static_baseline_A_event_llm-only_r02_a01,270,static-270,1798.638166001183,11.665915031541564,11.87923389225034,128
A,2,static_baseline_A_event_llm-only_r02_a01,271,static-271,1801.0055420018034,11.681535102378422,11.875112300913315,128
A,2,static_baseline_A_event_llm-only_r02_a01,272,static-272,1798.2452500000363,11.695744417283288,11.963949899654835,128
A,2,static_baseline_A_event_llm-only_r02_a01,273,static-273,1799.8560409905622,11.684853346504116,12.033141701249406,128
A,2,static_baseline_A_event_llm-only_r02_a01,274,static-274,1797.575415999745,11.682505582667352,11.953328691015486,128
A,2,static_baseline_A_event_llm-only_r02_a01,275,static-275,1802.286375008407,11.674423228264565,11.870174999057781,128
A,2,static_baseline_A_event_llm-only_r02_a01,276,static-276,1799.507125004311,11.693473094428054,11.964270699536426,128
A,2,static_baseline_A_event_llm-only_r02_a01,277,static-277,1801.1908339976799,11.668220795228102,11.831979296403006,128
A,2,static_baseline_A_event_llm-only_r02_a01,278,static-278,1800.5255829921225,11.667898952810637,11.806516301294323,128
A,2,static_baseline_A_event_llm-only_r02_a01,279,static-279,1801.7287920083618,11.694057086619226,11.962691994267516,128
A,2,static_baseline_A_event_llm-only_r02_a01,280,static-280,1798.6586670012912,11.684896322778485,11.924258805811405,128
A,2,static_baseline_A_event_llm-only_r02_a01,281,static-281,1802.1594169986201,11.681630251966746,11.976341195986606,128
A,2,static_baseline_A_event_llm-only_r02_a01,282,static-282,1798.3791670121718,11.690566598347894,12.024991901125759,128
A,2,static_baseline_A_event_llm-only_r02_a01,283,static-283,1809.5106250111712,11.928524275555084,12.704249797388911,128
A,2,static_baseline_A_event_llm-only_r02_a01,284,static-284,1801.2579159985762,11.68209219678657,11.922396301815752,128
A,2,static_baseline_A_event_llm-only_r02_a01,285,static-285,1800.1780830090865,11.682046921195015,11.946124903624877,128
A,2,static_baseline_A_event_llm-only_r02_a01,286,static-286,1801.1196250008652,11.681160433071218,11.90158730460098,128
A,2,static_baseline_A_event_llm-only_r02_a01,287,static-287,1798.0835000053048,11.67203773222827,11.869757901877165,128
A,2,static_baseline_A_event_llm-only_r02_a01,288,static-288,1801.8173330056015,11.668380905482662,11.841704495600425,128
A,2,static_baseline_A_event_llm-only_r02_a01,289,static-289,1800.4720000026282,11.68086450394815,11.905220497283153,128
A,2,static_baseline_A_event_llm-only_r02_a01,290,static-290,1800.6600829976378,11.675686023530814,12.017183698480947,128
A,2,static_baseline_A_event_llm-only_r02_a01,291,static-291,1800.4487500002142,11.661767062990501,11.980729397328103,128
A,2,static_baseline_A_event_llm-only_r02_a01,292,static-292,1799.8700419993838,11.664831692900135,11.899958110006992,128
A,2,static_baseline_A_event_llm-only_r02_a01,293,static-293,1799.280582999927,11.551052826804138,11.853774994960986,128
A,2,static_baseline_A_event_llm-only_r02_a01,294,static-294,1800.7617500115884,11.668015747971825,11.944154393859206,128
A,2,static_baseline_A_event_llm-only_r02_a01,295,static-295,1800.6057080056053,11.665228015686363,11.873146102880128,128
A,2,static_baseline_A_event_llm-only_r02_a01,296,static-296,1799.6829170006095,11.672343826838071,11.971729593642522,128
A,2,static_baseline_A_event_llm-only_r02_a01,297,static-297,1800.898250003229,11.67832841724524,11.891899805050343,128
A,2,static_baseline_A_event_llm-only_r02_a01,298,static-298,1800.9564590029186,11.676057409490532,11.905708994891029,128
A,2,static_baseline_A_event_llm-only_r02_a01,299,static-299,1801.449666992994,11.673375984331168,11.895441090746317,128
A,3,static_baseline_A_event_llm-only_r03_a01,0,static-000,1763.8588749978226,11.656397960618996,12.055204311036505,128
A,3,static_baseline_A_event_llm-only_r03_a01,1,static-001,1777.0622079988243,11.64666601577242,11.820683909172658,128
A,3,static_baseline_A_event_llm-only_r03_a01,2,static-002,1785.0028750108322,11.63382118892779,11.947203495947177,128
A,3,static_baseline_A_event_llm-only_r03_a01,3,static-003,1787.4494999996386,11.634621393704588,11.860895599238575,128
A,3,static_baseline_A_event_llm-only_r03_a01,4,static-004,1790.2475000009872,11.658066598488583,12.209021300077437,128
A,3,static_baseline_A_event_llm-only_r03_a01,5,static-005,1791.7474159912672,11.63606791343177,11.860141209035646,128
A,3,static_baseline_A_event_llm-only_r03_a01,6,static-006,1791.893750007148,11.638734905497449,11.96617869863985,128
A,3,static_baseline_A_event_llm-only_r03_a01,7,static-007,1792.1051250013988,11.65385007082327,12.046512497181538,128
A,3,static_baseline_A_event_llm-only_r03_a01,8,static-008,1793.3950000006007,11.64330872438947,11.904599997797048,128
A,3,static_baseline_A_event_llm-only_r03_a01,9,static-009,1795.1425409992225,11.637060700775505,11.797637504059821,128
A,3,static_baseline_A_event_llm-only_r03_a01,10,static-010,1794.8521670041373,11.659080377943983,11.938199901487678,128
A,3,static_baseline_A_event_llm-only_r03_a01,11,static-011,1794.3631670059403,11.656577755833654,12.036783804069273,128
A,3,static_baseline_A_event_llm-only_r03_a01,12,static-012,1795.5290840036469,11.635293960653788,11.788541798887309,128
A,3,static_baseline_A_event_llm-only_r03_a01,13,static-013,1794.2309170030057,11.652755251981127,12.041104295349212,128
A,3,static_baseline_A_event_llm-only_r03_a01,14,static-014,1801.034415999311,11.941814637815352,12.933816804434173,128
A,3,static_baseline_A_event_llm-only_r03_a01,15,static-015,1798.1501659960486,11.660610236260512,11.918457903084345,128
A,3,static_baseline_A_event_llm-only_r03_a01,16,static-016,1797.2923749912297,11.657363519725191,12.110558099811897,128
A,3,static_baseline_A_event_llm-only_r03_a01,17,static-017,1797.0416250027483,11.648355314955408,11.928449793776961,128
A,3,static_baseline_A_event_llm-only_r03_a01,18,static-018,1798.3119169948623,11.66642650397674,12.022779203834943,128
A,3,static_baseline_A_event_llm-only_r03_a01,19,static-019,1797.4130419897847,11.639874346469947,11.875125105143525,128
A,3,static_baseline_A_event_llm-only_r03_a01,20,static-020,1796.6346670000348,11.640545929045102,11.77747490000911,128
A,3,static_baseline_A_event_llm-only_r03_a01,21,static-021,1798.3090840134537,11.653083984214835,11.939441891445313,128
A,3,static_baseline_A_event_llm-only_r03_a01,22,static-022,1798.1737919908483,11.664360559061462,11.998742002469953,128
A,3,static_baseline_A_event_llm-only_r03_a01,23,static-023,1797.6685830071801,11.649751314901614,11.9231535034487,128
A,3,static_baseline_A_event_llm-only_r03_a01,24,static-024,1798.6609170038719,11.6677404881829,11.977662399294786,128
A,3,static_baseline_A_event_llm-only_r03_a01,25,static-025,1798.1724999990547,11.682684708723073,12.170900097407866,128
A,3,static_baseline_A_event_llm-only_r03_a01,26,static-026,1798.321834008675,11.650520338590704,11.969666896038689,128
A,3,static_baseline_A_event_llm-only_r03_a01,27,static-027,1799.4098749913974,11.656403543398254,11.921333606005646,128
A,3,static_baseline_A_event_llm-only_r03_a01,28,static-028,1797.6544580014888,11.663768377923223,12.030020589008927,128
A,3,static_baseline_A_event_llm-only_r03_a01,29,static-029,1798.6593340028776,11.670348425253705,11.99678760021925,128
A,3,static_baseline_A_event_llm-only_r03_a01,30,static-030,1797.9961250093766,11.647901574780388,12.04482509783702,128
A,3,static_baseline_A_event_llm-only_r03_a01,31,static-031,1797.2270419995766,11.650302818853511,11.8585964984959,128
A,3,static_baseline_A_event_llm-only_r03_a01,32,static-032,1798.7368750036694,11.92235892125695,12.944012497609947,128
A,3,static_baseline_A_event_llm-only_r03_a01,33,static-033,1805.4482500010636,11.659306102325978,11.965891803265547,128
A,3,static_baseline_A_event_llm-only_r03_a01,34,static-034,1797.3234160017455,11.656064637771653,11.925754405092448,128
A,3,static_baseline_A_event_llm-only_r03_a01,35,static-035,1799.4823749904754,11.66187598430515,11.998775097890757,128
A,3,static_baseline_A_event_llm-only_r03_a01,36,static-036,1800.9542920044623,11.662714566951104,11.840295704314485,128
A,3,static_baseline_A_event_llm-only_r03_a01,37,static-037,1800.476541990065,11.645274937008947,11.923916301748248,128
A,3,static_baseline_A_event_llm-only_r03_a01,38,static-038,1800.4823329974897,11.649177165419655,11.928866698872296,128
A,3,static_baseline_A_event_llm-only_r03_a01,39,static-039,1799.929875007365,11.691380905534698,12.01068729860708,128
A,3,static_baseline_A_event_llm-only_r03_a01,40,static-040,1799.641542005702,11.651082999965793,11.979079399316104,128
A,3,static_baseline_A_event_llm-only_r03_a01,41,static-041,1798.5074169992004,11.649522637855812,11.859495603130199,128
A,3,static_baseline_A_event_llm-only_r03_a01,42,static-042,1800.971834003576,11.65968667707538,11.876004595251288,128
A,3,static_baseline_A_event_llm-only_r03_a01,43,static-043,1797.5557500030845,11.662038055057893,11.950745800277218,128
A,3,static_baseline_A_event_llm-only_r03_a01,44,static-044,1801.4722499938216,11.653444881910296,11.936783295823261,128
A,3,static_baseline_A_event_llm-only_r03_a01,45,static-045,1798.981250001816,11.651865818870517,11.950378594337963,128
A,3,static_baseline_A_event_llm-only_r03_a01,46,static-046,1801.8873749970226,11.666188653495244,12.015187596261967,128
A,3,static_baseline_A_event_llm-only_r03_a01,47,static-047,1799.284082997474,11.661844157547815,11.943003501801286,128
A,3,static_baseline_A_event_llm-only_r03_a01,48,static-048,1800.0292499928037,11.648959976366141,11.946166200505104,128
A,3,static_baseline_A_event_llm-only_r03_a01,49,static-049,1797.721291994094,11.663344488195033,11.831512405478861,128
A,3,static_baseline_A_event_llm-only_r03_a01,50,static-050,1800.529458996607,11.79272407875763,12.694475000898818,128
A,3,static_baseline_A_event_llm-only_r03_a01,51,static-051,1825.3989999939222,11.668653543291459,12.021312398428563,128
A,3,static_baseline_A_event_llm-only_r03_a01,52,static-052,1800.8980000013253,11.672292322912217,12.008245490142144,128
A,3,static_baseline_A_event_llm-only_r03_a01,53,static-053,1800.6428749940824,11.656527559059365,11.859041897696443,128
A,3,static_baseline_A_event_llm-only_r03_a01,54,static-054,1802.0895420049783,11.660314960598646,11.828249991231132,128
A,3,static_baseline_A_event_llm-only_r03_a01,55,static-055,1801.1922910081921,11.668579724404639,11.931300001742782,128
A,3,static_baseline_A_event_llm-only_r03_a01,56,static-056,1800.7701250026003,11.663460960578702,12.000750003790017,128
A,3,static_baseline_A_event_llm-only_r03_a01,57,static-057,1798.8513340096688,11.666477685010493,11.871916199743282,128
A,3,static_baseline_A_event_llm-only_r03_a01,58,static-058,1799.2154169915011,11.6592591811076,11.906729399925096,128
A,3,static_baseline_A_event_llm-only_r03_a01,59,static-059,1799.7301659925142,11.667268047307244,11.904649891948793,128
A,3,static_baseline_A_event_llm-only_r03_a01,60,static-060,1800.2955830015708,11.65725984248538,11.8876123931841,128
A,3,static_baseline_A_event_llm-only_r03_a01,61,static-061,1800.1238750002813,11.646821196823506,11.912153694720473,128
A,3,static_baseline_A_event_llm-only_r03_a01,62,static-062,1800.7172500074375,11.674215551122003,12.04364180448465,128
A,3,static_baseline_A_event_llm-only_r03_a01,63,static-063,1799.8675830021966,11.657731299216156,11.80361239676131,128
A,3,static_baseline_A_event_llm-only_r03_a01,64,static-064,1801.0231250082143,11.667531496097194,11.85971239610808,128
A,3,static_baseline_A_event_llm-only_r03_a01,65,static-065,1800.4939579986967,11.648497700748056,12.073837706702761,128
A,3,static_baseline_A_event_llm-only_r03_a01,66,static-066,1800.7941249961732,11.657253937043183,11.879203787248116,128
A,3,static_baseline_A_event_llm-only_r03_a01,67,static-067,1799.495625004056,11.684257212630289,11.941641393059399,128
A,3,static_baseline_A_event_llm-only_r03_a01,68,static-068,1801.7278330080444,11.66277723620631,11.897728899202775,128
A,3,static_baseline_A_event_llm-only_r03_a01,69,static-069,1814.396667003166,11.813881228390098,12.567737398785539,128
A,3,static_baseline_A_event_llm-only_r03_a01,70,static-070,1800.34762500145,11.653471779464157,11.904749898531009,128
A,3,static_baseline_A_event_llm-only_r03_a01,71,static-071,1799.6092919929652,11.662624015767992,11.94166249333648,128
A,3,static_baseline_A_event_llm-only_r03_a01,72,static-072,1800.0711250060704,11.644858598349778,11.846716803847812,128
A,3,static_baseline_A_event_llm-only_r03_a01,73,static-073,1801.3641249999637,11.659293960528741,12.06363299570512,128
A,3,static_baseline_A_event_llm-only_r03_a01,74,static-074,1799.862416999531,11.657736873974672,11.824937301571481,128
A,3,static_baseline_A_event_llm-only_r03_a01,75,static-075,1800.0955839961534,11.645665023554718,11.895399895729495,128
A,3,static_baseline_A_event_llm-only_r03_a01,76,static-076,1799.7292920044856,11.647415023588568,11.820128688123077,128
A,3,static_baseline_A_event_llm-only_r03_a01,77,static-077,1800.676958009717,11.663879267642216,11.894403806945775,128
A,3,static_baseline_A_event_llm-only_r03_a01,78,static-078,1799.2354159941897,11.64632874018949,11.942195599840487,128
A,3,static_baseline_A_event_llm-only_r03_a01,79,static-079,1801.9496670021908,11.671483921282192,12.127591905300504,128
A,3,static_baseline_A_event_llm-only_r03_a01,80,static-080,1800.2968750079162,11.65630281882225,12.01755429356126,128
A,3,static_baseline_A_event_llm-only_r03_a01,81,static-081,1800.2207909885328,11.656423889840292,11.844754302001093,128
A,3,static_baseline_A_event_llm-only_r03_a01,82,static-082,1801.686625010916,11.643982606281812,11.830900199129246,128
A,3,static_baseline_A_event_llm-only_r03_a01,83,static-083,1801.2893329869257,11.649015094552329,11.860625096596777,128
A,3,static_baseline_A_event_llm-only_r03_a01,84,static-084,1801.5503339993302,11.647485889811582,11.94179649464786,128
A,3,static_baseline_A_event_llm-only_r03_a01,85,static-085,1799.9287090060534,11.663477362191312,12.065820496354718,128
A,3,static_baseline_A_event_llm-only_r03_a01,86,static-086,1802.078624998103,11.64930183465655,11.834507899766322,128
A,3,static_baseline_A_event_llm-only_r03_a01,87,static-087,1806.4180420042248,12.018178149647131,13.205767101317178,128
A,3,static_baseline_A_event_llm-only_r03_a01,88,static-088,1801.5251670003636,11.661286417355461,11.921608196280431,128
A,3,static_baseline_A_event_llm-only_r03_a01,89,static-089,1799.8977090028347,11.656239173213738,11.843883289839141,128
A,3,static_baseline_A_event_llm-only_r03_a01,90,static-090,1799.6810000040568,11.655454070804142,12.0384330075467,128
A,3,static_baseline_A_event_llm-only_r03_a01,91,static-091,1802.426790993195,11.6779406221105,12.144500104477627,128
A,3,static_baseline_A_event_llm-only_r03_a01,92,static-092,1800.1952079939656,11.665129921225809,11.854045395739377,128
A,3,static_baseline_A_event_llm-only_r03_a01,93,static-093,1801.2067079980625,11.651285763717198,12.007507892849388,128
A,3,static_baseline_A_event_llm-only_r03_a01,94,static-094,1798.27241699968,11.65510958274203,12.015166299534028,128
A,3,static_baseline_A_event_llm-only_r03_a01,95,static-095,1801.072625006782,11.636287401573307,11.84078400110593,128
A,3,static_baseline_A_event_llm-only_r03_a01,96,static-096,1797.8984590008622,11.667178149585334,12.046903699229004,128
A,3,static_baseline_A_event_llm-only_r03_a01,97,static-097,1799.9892910011113,11.669569881862088,11.888282900326885,128
A,3,static_baseline_A_event_llm-only_r03_a01,98,static-098,1796.9412910024403,11.679770346473367,12.061045602604281,128
A,3,static_baseline_A_event_llm-only_r03_a01,99,static-099,1802.431207994232,11.663217188957272,11.939312702452296,128
A,3,static_baseline_A_event_llm-only_r03_a01,100,static-100,1798.8061249925522,11.670416338583747,12.04028740467038,128
A,3,static_baseline_A_event_llm-only_r03_a01,101,static-101,1800.8765830018092,11.66384711810736,11.960337591881398,128
A,3,static_baseline_A_event_llm-only_r03_a01,102,static-102,1798.9028340089135,11.673552818861276,11.911070605856366,128
A,3,static_baseline_A_event_llm-only_r03_a01,103,static-103,1800.6552920123795,11.645343503914773,11.923650093376635,128
A,3,static_baseline_A_event_llm-only_r03_a01,104,static-104,1799.0442919981433,11.664233921305643,12.012058099207934,128
A,3,static_baseline_A_event_llm-only_r03_a01,105,static-105,1799.7668750031153,11.899820212563537,12.787828499858733,128
A,3,static_baseline_A_event_llm-only_r03_a01,106,static-106,1808.9817090076394,11.640506228326643,11.837858204671647,128
A,3,static_baseline_A_event_llm-only_r03_a01,107,static-107,1801.1784999980591,11.677824803188033,12.002208200283349,128
A,3,static_baseline_A_event_llm-only_r03_a01,108,static-108,1800.3956250031479,11.666958661443795,12.063345698697958,128
A,3,static_baseline_A_event_llm-only_r03_a01,109,static-109,1800.841499993112,11.665733590585502,12.01333750213962,128
A,3,static_baseline_A_event_llm-only_r03_a01,110,static-110,1800.013999993098,11.646805118102998,11.856091691879556,128
A,3,static_baseline_A_event_llm-only_r03_a01,111,static-111,1799.8060829995666,11.65478970082275,12.101978708233217,128
A,3,static_baseline_A_event_llm-only_r03_a01,112,static-112,1800.165416992968,11.669905511818195,11.993924797570799,128
A,3,static_baseline_A_event_llm-only_r03_a01,113,static-113,1800.9231659962097,11.646472441039862,11.869379403651692,128
A,3,static_baseline_A_event_llm-only_r03_a01,114,static-114,1799.7374170081457,11.654841858209808,11.911337698984426,128
A,3,static_baseline_A_event_llm-only_r03_a01,115,static-115,1800.1487079891376,11.65495603941161,11.84160010307096,128
A,3,static_baseline_A_event_llm-only_r03_a01,116,static-116,1800.0977500050794,11.66744718103996,11.971795702993404,128
A,3,static_baseline_A_event_llm-only_r03_a01,117,static-117,1801.750374987023,11.681277236253148,12.026862503262237,128
A,3,static_baseline_A_event_llm-only_r03_a01,118,static-118,1798.7530419923132,11.672168307136523,11.980058994959109,128
A,3,static_baseline_A_event_llm-only_r03_a01,119,static-119,1801.9852500001434,11.646339236245321,11.821145798603538,128
A,3,static_baseline_A_event_llm-only_r03_a01,120,static-120,1799.2819170030998,11.652109905477891,11.817078797321301,128
A,3,static_baseline_A_event_llm-only_r03_a01,121,static-121,1802.3609579977347,11.672654527530081,12.077399996633176,128
A,3,static_baseline_A_event_llm-only_r03_a01,122,static-122,1798.5961250087712,11.672311677188635,11.934795699198729,128
A,3,static_baseline_A_event_llm-only_r03_a01,123,static-123,1801.1118750000605,11.754258535458618,12.299871203140356,128
A,3,static_baseline_A_event_llm-only_r03_a01,124,static-124,1815.189624991035,11.659130252055332,11.915392099763267,128
A,3,static_baseline_A_event_llm-only_r03_a01,125,static-125,1800.7807079993654,11.67234317326229,12.044729500485118,128
A,3,static_baseline_A_event_llm-only_r03_a01,126,static-126,1800.3202079999028,11.666512464546217,12.087366702326108,128
A,3,static_baseline_A_event_llm-only_r03_a01,127,static-127,1802.885334007442,11.651597440877094,11.87747080984991,128
A,3,static_baseline_A_event_llm-only_r03_a01,128,static-128,1801.1128329962958,11.660105645735419,11.974071290751453,128
A,3,static_baseline_A_event_llm-only_r03_a01,129,static-129,1800.5209589900915,11.668431102371533,11.940612293255981,128
A,3,static_baseline_A_event_llm-only_r03_a01,130,static-130,1798.1773750070715,11.65149934641654,11.94501600402873,128
A,3,static_baseline_A_event_llm-only_r03_a01,131,static-131,1802.0670830010204,11.648907811072926,11.976016801781949,128
A,3,static_baseline_A_event_llm-only_r03_a01,132,static-132,1799.5391659933375,11.658421921310946,11.863146191171836,128
A,3,static_baseline_A_event_llm-only_r03_a01,133,static-133,1800.3492499992717,11.654371393644654,11.85258299956331,128
A,3,static_baseline_A_event_llm-only_r03_a01,134,static-134,1799.4544160028454,11.678649283423983,11.899592095869593,128
A,3,static_baseline_A_event_llm-only_r03_a01,135,static-135,1801.316291996045,11.66244651964136,11.898150102933869,128
A,3,static_baseline_A_event_llm-only_r03_a01,136,static-136,1799.3459999997867,11.676042984303006,12.046700093196701,128
A,3,static_baseline_A_event_llm-only_r03_a01,137,static-137,1801.3519590022042,11.658634842528345,11.870104403351434,128
A,3,static_baseline_A_event_llm-only_r03_a01,138,static-138,1798.4878749994095,11.665755905546469,11.963703697256278,128
A,3,static_baseline_A_event_llm-only_r03_a01,139,static-139,1801.157833004254,11.656401905563007,11.959283295436762,128
A,3,static_baseline_A_event_llm-only_r03_a01,140,static-140,1798.5472079890314,11.676275921278766,11.98552500864025,128
A,3,static_baseline_A_event_llm-only_r03_a01,141,static-141,1801.2417080026353,11.65424179531887,11.991858200053683,128
A,3,static_baseline_A_event_llm-only_r03_a01,142,static-142,1811.6688339941902,11.7995741418022,12.576166191138324,128
A,3,static_baseline_A_event_llm-only_r03_a01,143,static-143,1799.3127910012845,11.660773299178878,11.945216105959844,128
A,3,static_baseline_A_event_llm-only_r03_a01,144,static-144,1803.2651670073392,11.672238188985494,11.926400208903942,128
A,3,static_baseline_A_event_llm-only_r03_a01,145,static-145,1800.5804589920444,11.656841535421865,12.0071373967221,128
A,3,static_baseline_A_event_llm-only_r03_a01,146,static-146,1801.0421249928186,11.656496385877812,11.953849898418412,128
A,3,static_baseline_A_event_llm-only_r03_a01,147,static-147,1800.8147079963237,11.66912729922484,11.91825810528826,128
A,3,static_baseline_A_event_llm-only_r03_a01,148,static-148,1800.7624170131749,11.660849409362147,11.910362596972845,128
A,3,static_baseline_A_event_llm-only_r03_a01,149,static-149,1800.0305839959765,11.66992683461354,12.12008770526154,128
A,3,static_baseline_A_event_llm-only_r03_a01,150,static-150,1800.0010830000974,11.670591866191454,11.881791197811253,128
A,3,static_baseline_A_event_llm-only_r03_a01,151,static-151,1800.697124999715,11.65718569291488,11.917321202054154,128
A,3,static_baseline_A_event_llm-only_r03_a01,152,static-152,1801.3019999925746,11.636888448838292,11.97910809860332,128
A,3,static_baseline_A_event_llm-only_r03_a01,153,static-153,1801.5737919922685,11.657034771679168,11.843358000623994,128
A,3,static_baseline_A_event_llm-only_r03_a01,154,static-154,1800.1309169922024,11.655368110234665,11.83357949485071,128
A,3,static_baseline_A_event_llm-only_r03_a01,155,static-155,1801.466832999722,11.653831039324373,11.860116098250728,128
A,3,static_baseline_A_event_llm-only_r03_a01,156,static-156,1801.6302920004819,11.654541007904006,11.851050199766178,128
A,3,static_baseline_A_event_llm-only_r03_a01,157,static-157,1800.2313330071047,11.64633235433524,11.83838750293944,128
A,3,static_baseline_A_event_llm-only_r03_a01,158,static-158,1799.3903330061585,11.655609905545592,12.037329592567403,128
A,3,static_baseline_A_event_llm-only_r03_a01,159,static-159,1801.6838329931488,11.64793963777818,12.018916793749668,128
A,3,static_baseline_A_event_llm-only_r03_a01,160,static-160,1805.2073750004638,12.020525259908112,13.445758700254371,128
A,3,static_baseline_A_event_llm-only_r03_a01,161,static-161,1798.5894580051536,11.671205055139094,12.009066200698724,128
A,3,static_baseline_A_event_llm-only_r03_a01,162,static-162,1800.5662920040777,11.654964566948516,12.127062506624496,128
A,3,static_baseline_A_event_llm-only_r03_a01,163,static-163,1798.2032079889905,11.659025921239738,11.945129497325977,128
A,3,static_baseline_A_event_llm-only_r03_a01,164,static-164,1801.8131669959985,11.665662732268647,12.029125000117347,128
A,3,static_baseline_A_event_llm-only_r03_a01,165,static-165,1800.0405420025345,11.654812007877558,12.04265439446317,128
A,3,static_baseline_A_event_llm-only_r03_a01,166,static-166,1800.174917007098,11.650028212640368,11.801608095993288,128
A,3,static_baseline_A_event_llm-only_r03_a01,167,static-167,1797.277584002586,11.663730968501213,11.90098329243483,128
A,3,static_baseline_A_event_llm-only_r03_a01,168,static-168,1801.1057920084568,11.661882543323129,12.035562701930758,128
A,3,static_baseline_A_event_llm-only_r03_a01,169,static-169,1799.4795419945149,11.653614496055066,11.99550799356075,128
A,3,static_baseline_A_event_llm-only_r03_a01,170,static-170,1800.5491669900948,11.652735236222767,11.932859000808094,128
A,3,static_baseline_A_event_llm-only_r03_a01,171,static-171,1801.3096250069793,11.6711338582324,12.039329505932983,128
A,3,static_baseline_A_event_llm-only_r03_a01,172,static-172,1801.4951249933802,11.656860236237081,12.000287394039333,128
A,3,static_baseline_A_event_llm-only_r03_a01,173,static-173,1800.1450420124456,11.658360566884301,12.059845801559277,128
A,3,static_baseline_A_event_llm-only_r03_a01,174,static-174,1800.1712920085993,11.657792976305739,11.996746200020425,128
A,3,static_baseline_A_event_llm-only_r03_a01,175,static-175,1801.1164170020493,11.659562330730589,12.057242001174018,128
A,3,static_baseline_A_event_llm-only_r03_a01,176,static-176,1799.9134170095203,11.667624999944113,12.026562500977887,128
A,3,static_baseline_A_event_llm-only_r03_a01,177,static-177,1800.6169159925776,11.646935370119149,11.807528704230208,128
A,3,static_baseline_A_event_llm-only_r03_a01,178,static-178,1799.8109589971136,11.97425492131243,13.363658598973416,128
A,3,static_baseline_A_event_llm-only_r03_a01,179,static-179,1807.6825000025565,11.655388125993026,11.946216189244296,128
A,3,static_baseline_A_event_llm-only_r03_a01,180,static-180,1801.6219590062974,11.668937992099233,11.982832892681472,128
A,3,static_baseline_A_event_llm-only_r03_a01,181,static-181,1799.2930420004996,11.659258527531817,11.851403598848265,128
A,3,static_baseline_A_event_llm-only_r03_a01,182,static-182,1802.8483750094892,11.660242125971287,11.91772869642591,128
A,3,static_baseline_A_event_llm-only_r03_a01,183,static-183,1800.0092500005849,11.653711944845996,11.952709002071058,128
A,3,static_baseline_A_event_llm-only_r03_a01,184,static-184,1801.5710000036051,11.66646096062036,11.90357869345462,128
A,3,static_baseline_A_event_llm-only_r03_a01,185,static-185,1799.2202500026906,11.65864042519302,11.898458311043214,128
A,3,static_baseline_A_event_llm-only_r03_a01,186,static-186,1802.2293340036413,11.665415677070566,11.874070604972076,128
A,3,static_baseline_A_event_llm-only_r03_a01,187,static-187,1800.4783340002177,11.663282149508925,12.042108108289538,128
A,3,static_baseline_A_event_llm-only_r03_a01,188,static-188,1800.7512500043958,11.658359251941159,11.963912499777505,128
A,3,static_baseline_A_event_llm-only_r03_a01,189,static-189,1798.5197920061182,11.672506558958178,11.926433090411592,128
A,3,static_baseline_A_event_llm-only_r03_a01,190,static-190,1801.1970420047874,11.649565614130179,12.037533105467446,128
A,3,static_baseline_A_event_llm-only_r03_a01,191,static-191,1799.1128749999916,11.65721981887482,12.0114455014118,128
A,3,static_baseline_A_event_llm-only_r03_a01,192,static-192,1802.2174590005307,11.663667322892703,11.910625000018626,128
A,3,static_baseline_A_event_llm-only_r03_a01,193,static-193,1797.844458007603,11.661127622044043,11.923650102107784,128
A,3,static_baseline_A_event_llm-only_r03_a01,194,static-194,1801.658457989106,11.66533005520551,12.098774990590753,128
A,3,static_baseline_A_event_llm-only_r03_a01,195,static-195,1798.5613329947228,11.667744094537072,12.017341901082546,128
A,3,static_baseline_A_event_llm-only_r03_a01,196,static-196,1799.818082989077,11.722698818945407,12.23109210113762,128
A,3,static_baseline_A_event_llm-only_r03_a01,197,static-197,1815.06312500278,11.663812992032838,12.088054201740306,128
A,3,static_baseline_A_event_llm-only_r03_a01,198,static-198,1800.3534999879776,11.665578078736155,11.965570406755432,128
A,3,static_baseline_A_event_llm-only_r03_a01,199,static-199,1799.3421660066815,11.660883858214191,11.98804210871458,128
A,3,static_baseline_A_event_llm-only_r03_a01,200,static-200,1802.0625839999411,11.645996063011772,11.887787592422683,128
A,3,static_baseline_A_event_llm-only_r03_a01,201,static-201,1798.8764589972561,11.64914960626927,11.93212960351957,128
A,3,static_baseline_A_event_llm-only_r03_a01,202,static-202,1800.2692090085475,11.672671582603893,11.854541797947604,128
A,3,static_baseline_A_event_llm-only_r03_a01,203,static-203,1798.7727909930982,11.678165685010553,11.972687594243325,128
A,3,static_baseline_A_event_llm-only_r03_a01,204,static-204,1803.2968339975923,11.663603999947131,11.92423759639496,128
A,3,static_baseline_A_event_llm-only_r03_a01,205,static-205,1801.3743750052527,11.655526897639923,11.860425196937285,128
A,3,static_baseline_A_event_llm-only_r03_a01,206,static-206,1800.786625011824,11.662874999983185,11.975462503323795,128
A,3,static_baseline_A_event_llm-only_r03_a01,207,static-207,1798.576500004856,11.650475393682829,11.96409979602322,128
A,3,static_baseline_A_event_llm-only_r03_a01,208,static-208,1801.603875006549,11.651285433033518,11.962316895369439,128
A,3,static_baseline_A_event_llm-only_r03_a01,209,static-209,1799.8482909897575,11.679337598524592,11.92041690228507,128
A,3,static_baseline_A_event_llm-only_r03_a01,210,static-210,1802.6840000093216,11.666626314949758,11.932424899714533,128
A,3,static_baseline_A_event_llm-only_r03_a01,211,static-211,1798.6222920008004,11.655635826746149,11.919716995907947,128
A,3,static_baseline_A_event_llm-only_r03_a01,212,static-212,1801.3800000044284,11.656639110145717,11.960291302239057,128
A,3,static_baseline_A_event_llm-only_r03_a01,213,static-213,1798.7202499934938,11.654597118141233,11.924471103702672,128
A,3,static_baseline_A_event_llm-only_r03_a01,214,static-214,1800.5092079984024,11.646116472433292,11.9831293966854,128
A,3,static_baseline_A_event_llm-only_r03_a01,215,static-215,1809.9003749957774,11.783414700789942,12.511912503396157,128
A,3,static_baseline_A_event_llm-only_r03_a01,216,static-216,1802.3225409997394,11.670209645700648,12.040516694833059,128
A,3,static_baseline_A_event_llm-only_r03_a01,217,static-217,1798.9377080084523,11.648554133877386,11.81638329726411,128
A,3,static_baseline_A_event_llm-only_r03_a01,218,static-218,1800.8754159964155,11.655083661426893,11.834908000309952,128
A,3,static_baseline_A_event_llm-only_r03_a01,219,static-219,1798.533708002651,11.66425722041149,11.916487407870589,128
A,3,static_baseline_A_event_llm-only_r03_a01,220,static-220,1801.519125001505,11.65998293699671,11.931212503986899,128
A,3,static_baseline_A_event_llm-only_r03_a01,221,static-221,1798.2882090000203,11.648083984298177,11.861849797423929,128
A,3,static_baseline_A_event_llm-only_r03_a01,222,static-222,1800.7597499963595,11.64942946457799,12.034975002461579,128
A,3,static_baseline_A_event_llm-only_r03_a01,223,static-223,1799.3383749999339,11.672876314874225,11.960024897416588,128
A,3,static_baseline_A_event_llm-only_r03_a01,224,static-224,1800.7873330061557,11.633858267666119,11.825487404712476,128
A,3,static_baseline_A_event_llm-only_r03_a01,225,static-225,1799.5975420053583,11.664287401542001,11.835237505147234,128
A,3,static_baseline_A_event_llm-only_r03_a01,226,static-226,1801.6271670057904,11.659223425218572,12.015395500930026,128
A,3,static_baseline_A_event_llm-only_r03_a01,227,static-227,1799.9454999953741,11.678898299234831,12.160645599942653,128
A,3,static_baseline_A_event_llm-only_r03_a01,228,static-228,1801.0173329967074,11.64786581889136,11.850683792727068,128
A,3,static_baseline_A_event_llm-only_r03_a01,229,static-229,1798.383166998974,11.655597763748355,12.034262703673448,128
A,3,static_baseline_A_event_llm-only_r03_a01,230,static-230,1800.4403750092024,11.66470340940291,12.044212302134838,128
A,3,static_baseline_A_event_llm-only_r03_a01,231,static-231,1798.1165420060279,11.66996358266819,11.922666804457549,128
A,3,static_baseline_A_event_llm-only_r03_a01,232,static-232,1800.22554199968,11.66702624409016,11.949433604604565,128
A,3,static_baseline_A_event_llm-only_r03_a01,233,static-233,1809.7705000109272,12.183438322766259,14.077745590475388,128
A,3,static_baseline_A_event_llm-only_r03_a01,234,static-234,1799.631583999144,11.646925850416622,11.887837304675484,128
A,3,static_baseline_A_event_llm-only_r03_a01,235,static-235,1801.0105840075994,11.653520338517783,11.909550093696451,128
A,3,static_baseline_A_event_llm-only_r03_a01,236,static-236,1799.9056250118883,11.670876968460428,11.84351250412874,128
A,3,static_baseline_A_event_llm-only_r03_a01,237,static-237,1800.7871250010794,11.662735559062769,11.967749797622671,128
A,3,static_baseline_A_event_llm-only_r03_a01,238,static-238,1800.0406659994042,11.651482283436568,11.894662497797981,128
A,3,static_baseline_A_event_llm-only_r03_a01,239,static-239,1801.2960000050953,11.651102031464688,12.02472930017393,128
A,3,static_baseline_A_event_llm-only_r03_a01,240,static-240,1799.6340420068009,11.663251968492995,12.069500003417488,128
A,3,static_baseline_A_event_llm-only_r03_a01,241,static-241,1800.220959004946,11.654425850348899,11.999758204910904,128
A,3,static_baseline_A_event_llm-only_r03_a01,242,static-242,1799.4392500113463,11.637570866059116,11.873153792112133,128
A,3,static_baseline_A_event_llm-only_r03_a01,243,static-243,1801.3742080074735,11.64821981886442,11.832346399023663,128
A,3,static_baseline_A_event_llm-only_r03_a01,244,static-244,1802.2827499953564,11.677318236237854,12.053187600395177,128
A,3,static_baseline_A_event_llm-only_r03_a01,245,static-245,1800.8064590103459,11.676442251961465,11.920396392815746,128
A,3,static_baseline_A_event_llm-only_r03_a01,246,static-246,1799.8077920055948,11.659400590546943,11.80976250761887,128
A,3,static_baseline_A_event_llm-only_r03_a01,247,static-247,1800.7849589921534,11.653931102418436,11.955866991775109,128
A,3,static_baseline_A_event_llm-only_r03_a01,248,static-248,1799.4492079888005,11.676251968597136,11.90057060593972,128
A,3,static_baseline_A_event_llm-only_r03_a01,249,static-249,1800.5510840011993,11.665618433030396,12.051208800403401,128
A,3,static_baseline_A_event_llm-only_r03_a01,250,static-250,1799.6885000029579,11.66018340154551,11.911745692486875,128
A,3,static_baseline_A_event_llm-only_r03_a01,251,static-251,1800.6650419993093,12.024198165374228,13.68345829832833,128
A,3,static_baseline_A_event_llm-only_r03_a01,252,static-252,1805.4450420022476,11.658059055096558,11.987416990450582,128
A,3,static_baseline_A_event_llm-only_r03_a01,253,static-253,1801.750875005382,11.661652889809439,12.045991896593478,128
A,3,static_baseline_A_event_llm-only_r03_a01,254,static-254,1799.7319999994943,11.6587926535803,12.05457930045668,128
A,3,static_baseline_A_event_llm-only_r03_a01,255,static-255,1801.007166999625,11.65326213391725,11.846500002138782,128
A,3,static_baseline_A_event_llm-only_r03_a01,256,static-256,1799.9907079938566,11.659248685051768,11.827016904135235,128
A,3,static_baseline_A_event_llm-only_r03_a01,257,static-257,1801.3674170069862,11.657774275605105,11.854141308867838,128
A,3,static_baseline_A_event_llm-only_r03_a01,258,static-258,1799.4822500040755,11.659855314981426,12.045021295489278,128
A,3,static_baseline_A_event_llm-only_r03_a01,259,static-259,1800.1688750082394,11.649846456698363,11.823991303390358,128
A,3,static_baseline_A_event_llm-only_r03_a01,260,static-260,1798.9779580093455,11.666338251881653,12.085537399980238,128
A,3,static_baseline_A_event_llm-only_r03_a01,261,static-261,1802.4060419993475,11.673855637800587,11.949287602328695,128
A,3,static_baseline_A_event_llm-only_r03_a01,262,static-262,1799.1162499965867,11.475633858362997,11.837945507431867,128
A,3,static_baseline_A_event_llm-only_r03_a01,263,static-263,1801.8049590027658,11.636743433044776,11.862296301114837,128
A,3,static_baseline_A_event_llm-only_r03_a01,264,static-264,1800.278500013519,11.653743433013492,12.06894189817831,128
A,3,static_baseline_A_event_llm-only_r03_a01,265,static-265,1800.2136669965694,11.657593504037143,12.034208101977129,128
A,3,static_baseline_A_event_llm-only_r03_a01,266,static-266,1799.877583005582,11.652646984242262,11.972333893936591,128
A,3,static_baseline_A_event_llm-only_r03_a01,267,static-267,1800.6903329951456,11.649623685094756,11.875387604231946,128
A,3,static_baseline_A_event_llm-only_r03_a01,268,static-268,1800.5331250024028,11.66357743307695,12.016662493988404,128
A,3,static_baseline_A_event_llm-only_r03_a01,269,static-269,1801.5660840028431,11.72552066928465,12.11130460287677,128
A,3,static_baseline_A_event_llm-only_r03_a01,270,static-270,1820.9758330049226,11.661664039326473,11.845670806360431,128
A,3,static_baseline_A_event_llm-only_r03_a01,271,static-271,1801.5350420027971,11.674692582611295,12.004199902003165,128
A,3,static_baseline_A_event_llm-only_r03_a01,272,static-272,1798.9832499879412,11.661244748118078,11.950896203052253,128
A,3,static_baseline_A_event_llm-only_r03_a01,273,static-273,1801.5333749935962,11.647166992151766,12.006237702735232,128
A,3,static_baseline_A_event_llm-only_r03_a01,274,static-274,1798.6557080002967,11.64993635430569,12.025108204397835,128
A,3,static_baseline_A_event_llm-only_r03_a01,275,static-275,1800.8075840043603,11.658098748023438,11.957804398844019,128
A,3,static_baseline_A_event_llm-only_r03_a01,276,static-276,1798.8009170076111,11.662104984243056,12.043683798401615,128
A,3,static_baseline_A_event_llm-only_r03_a01,277,static-277,1800.193290997413,11.647463582756775,11.89307869208278,128
A,3,static_baseline_A_event_llm-only_r03_a01,278,static-278,1799.5579999987967,11.656834976403886,11.856329292641021,128
A,3,static_baseline_A_event_llm-only_r03_a01,279,static-279,1799.7562920063501,11.643338251944199,11.908778801443987,128
A,3,static_baseline_A_event_llm-only_r03_a01,280,static-280,1800.3186249989085,11.65337598432079,11.877987402840517,128
A,3,static_baseline_A_event_llm-only_r03_a01,281,static-281,1802.413625002373,11.669173228277597,12.177741694904398,128
A,3,static_baseline_A_event_llm-only_r03_a01,282,static-282,1801.837416991475,11.643650259902357,11.86797499685781,128
A,3,static_baseline_A_event_llm-only_r03_a01,283,static-283,1799.4262499996694,11.661759511806899,11.995295494853051,128
A,3,static_baseline_A_event_llm-only_r03_a01,284,static-284,1800.845208010287,11.639316598371433,11.78605000313837,128
A,3,static_baseline_A_event_llm-only_r03_a01,285,static-285,1800.218958989717,11.65443208670394,11.972258698369842,128
A,3,static_baseline_A_event_llm-only_r03_a01,286,static-286,1801.4689170086058,11.663586614075058,11.915120494086295,128
A,3,static_baseline_A_event_llm-only_r03_a01,287,static-287,1799.8482910043094,11.648333661361804,11.90216679678997,128
A,3,static_baseline_A_event_llm-only_r03_a01,288,static-288,1814.8697500000708,11.82812696845751,12.793603798490947,128
A,3,static_baseline_A_event_llm-only_r03_a01,289,static-289,1801.2790840002708,11.670295275586444,12.057324904890265,128
A,3,static_baseline_A_event_llm-only_r03_a01,290,static-290,1798.1954579881858,11.64410826779891,11.880608095088974,128
A,3,static_baseline_A_event_llm-only_r03_a01,291,static-291,1801.0259580041748,11.648864503885715,12.16785450669704,128
A,3,static_baseline_A_event_llm-only_r03_a01,292,static-292,1797.3937920032768,11.668008204694383,12.031837497488596,128
A,3,static_baseline_A_event_llm-only_r03_a01,293,static-293,1800.7241670129588,11.659896976312652,11.873887403635308,128
A,3,static_baseline_A_event_llm-only_r03_a01,294,static-294,1799.3721249949886,11.639273952780746,11.90178769174963,128
A,3,static_baseline_A_event_llm-only_r03_a01,295,static-295,1801.274833997013,11.651093826819887,11.964258205262013,128
A,3,static_baseline_A_event_llm-only_r03_a01,296,static-296,1799.2774580052355,11.662819228335797,12.04290000605397,128
A,3,static_baseline_A_event_llm-only_r03_a01,297,static-297,1800.3029160026927,11.665701118158543,11.867466100375168,128
A,3,static_baseline_A_event_llm-only_r03_a01,298,static-298,1800.9257910016458,11.632931433039658,11.802379500295501,128
A,3,static_baseline_A_event_llm-only_r03_a01,299,static-299,1801.9918329955544,11.66245931501438,11.928512404847424,128
A,4,static_baseline_A_event_llm-only_r04_a01,0,static-000,1766.819290991407,11.731608267772694,12.301183197996579,128
A,4,static_baseline_A_event_llm-only_r04_a01,1,static-001,1795.027291009319,11.64612237787549,11.843599904386792,128
A,4,static_baseline_A_event_llm-only_r04_a01,2,static-002,1786.5214169869432,11.6886210630833,12.082170603389386,128
A,4,static_baseline_A_event_llm-only_r04_a01,3,static-003,1790.4060000000754,11.654992787351677,11.879454198060557,128
A,4,static_baseline_A_event_llm-only_r04_a01,4,static-004,1791.5231669903733,11.675733598439558,11.867287491622847,128
A,4,static_baseline_A_event_llm-only_r04_a01,5,static-005,1790.8995829930063,11.648236551275293,12.037291096930856,128
A,4,static_baseline_A_event_llm-only_r04_a01,6,static-006,1792.0321659912588,11.661448165330684,12.014179407560732,128
A,4,static_baseline_A_event_llm-only_r04_a01,7,static-007,1792.5474160001613,11.66357316535542,11.992445700161623,128
A,4,static_baseline_A_event_llm-only_r04_a01,8,static-008,1793.8069160009036,11.663479992077598,11.80318379192613,128
A,4,static_baseline_A_event_llm-only_r04_a01,9,static-009,1794.599749991903,11.655700464634863,11.988833000941668,128
A,4,static_baseline_A_event_llm-only_r04_a01,10,static-010,1795.5223340104567,11.667074141661843,12.021241104230285,128
A,4,static_baseline_A_event_llm-only_r04_a01,11,static-011,1794.4638340122765,11.683675850325404,11.994691696600057,128
A,4,static_baseline_A_event_llm-only_r04_a01,12,static-012,1795.06320800283,11.653578417273936,11.940979208156932,128
A,4,static_baseline_A_event_llm-only_r04_a01,13,static-013,1796.8354159966111,11.650231960651237,11.834483699931297,128
A,4,static_baseline_A_event_llm-only_r04_a01,14,static-014,1797.1091249928577,11.695727362209476,11.968012394208927,128
A,4,static_baseline_A_event_llm-only_r04_a01,15,static-015,1798.3020829997258,11.669849409372546,11.906604502291884,128
A,4,static_baseline_A_event_llm-only_r04_a01,16,static-016,1797.573415999068,11.668326448892998,11.988670802384148,128
A,4,static_baseline_A_event_llm-only_r04_a01,17,static-017,1797.7432500047144,11.685768700815283,11.871229301323183,128
A,4,static_baseline_A_event_llm-only_r04_a01,18,static-018,1796.2372499896446,11.68188451185243,11.870637301763054,128
A,4,static_baseline_A_event_llm-only_r04_a01,19,static-019,1815.618207998341,11.86910531505132,12.830833201587666,128
A,4,static_baseline_A_event_llm-only_r04_a01,20,static-020,1799.2802920052782,11.66704002360806,11.930333096825052,128
A,4,static_baseline_A_event_llm-only_r04_a01,21,static-021,1798.3364160027122,11.682198496121092,11.947620601858944,128
A,4,static_baseline_A_event_llm-only_r04_a01,22,static-022,1798.3590829971945,11.664174866081604,11.986600002273917,128
A,4,static_baseline_A_event_llm-only_r04_a01,23,static-023,1799.7213339986047,11.670041661484966,11.827208800241351,128
A,4,static_baseline_A_event_llm-only_r04_a01,24,static-024,1798.360832995968,11.678144031531529,11.94762120139785,128
A,4,static_baseline_A_event_llm-only_r04_a01,25,static-025,1800.3178749931976,11.657654204773424,11.828846503340174,128
A,4,static_baseline_A_event_llm-only_r04_a01,26,static-026,1799.5977909886278,11.678343834712969,11.92560440103989,128
A,4,static_baseline_A_event_llm-only_r04_a01,27,static-027,1799.4757080014097,11.65816273233637,11.824137698567938,128
A,4,static_baseline_A_event_llm-only_r04_a01,28,static-028,1799.2094170040218,11.680102362169144,11.90071638848167,128
A,4,static_baseline_A_event_llm-only_r04_a01,29,static-029,1799.777832988184,11.670371393790454,12.035141901287716,128
A,4,static_baseline_A_event_llm-only_r04_a01,30,static-030,1799.3895410036203,11.665497708622931,11.954275004973168,128
A,4,static_baseline_A_event_llm-only_r04_a01,31,static-031,1800.237500006915,11.686776251936383,11.922795794089325,128
A,4,static_baseline_A_event_llm-only_r04_a01,32,static-032,1799.4381659955252,11.671418637838435,11.83719990804093,128
A,4,static_baseline_A_event_llm-only_r04_a01,33,static-033,1799.6862080035498,11.670400267769399,12.076896392682102,128
A,4,static_baseline_A_event_llm-only_r04_a01,34,static-034,1799.6904589963378,11.687159771672597,11.97181600582553,128
A,4,static_baseline_A_event_llm-only_r04_a01,35,static-035,1800.7166249881266,11.669970141800752,11.860728503961582,128
A,4,static_baseline_A_event_llm-only_r04_a01,36,static-036,1800.795458999346,11.653727362199144,11.780828701739665,128
A,4,static_baseline_A_event_llm-only_r04_a01,37,static-037,1804.2666670080507,12.036093826704533,13.473279596655628,128
A,4,static_baseline_A_event_llm-only_r04_a01,38,static-038,1801.6273339890176,11.69227460636684,11.942833094508387,128
A,4,static_baseline_A_event_llm-only_r04_a01,39,static-039,1799.7097920015221,11.668989173247567,11.832870390207972,128
A,4,static_baseline_A_event_llm-only_r04_a01,40,static-040,1800.9742090071086,11.689219488138994,11.821429393603466,128
A,4,static_baseline_A_event_llm-only_r04_a01,41,static-041,1798.2356670108857,11.675887141655398,11.96760810125852,128
A,4,static_baseline_A_event_llm-only_r04_a01,42,static-042,1800.6822500028647,11.669719165377135,11.91483730362961,128
A,4,static_baseline_A_event_llm-only_r04_a01,43,static-043,1798.8551669986919,11.656171582661218,11.835266803973354,128
A,4,static_baseline_A_event_llm-only_r04_a01,44,static-044,1802.503541999613,11.659804133833093,11.963645598734727,128
A,4,static_baseline_A_event_llm-only_r04_a01,45,static-045,1799.0394160005962,11.692142063054241,12.016074798884802,128
A,4,static_baseline_A_event_llm-only_r04_a01,46,static-046,1800.4213750100462,11.656997047156631,11.887599993497133,128
A,4,static_baseline_A_event_llm-only_r04_a01,47,static-047,1799.3733750045067,11.673234251999721,11.838832896319218,128
A,4,static_baseline_A_event_llm-only_r04_a01,48,static-048,1802.4425830080872,11.688099409349071,12.066328502260149,128
A,4,static_baseline_A_event_llm-only_r04_a01,49,static-049,1798.7766669975827,11.672848094585644,11.899958302092273,128
A,4,static_baseline_A_event_llm-only_r04_a01,50,static-050,1801.4611249964219,11.664408133855625,11.845241996343248,128
A,4,static_baseline_A_event_llm-only_r04_a01,51,static-051,1798.4808750043157,11.686085952733695,12.002817104803398,128
A,4,static_baseline_A_event_llm-only_r04_a01,52,static-052,1802.855499990983,11.681013125981256,11.98579980264185,128
A,4,static_baseline_A_event_llm-only_r04_a01,53,static-053,1799.6244999958435,11.665103677247732,11.815633201331366,128
A,4,static_baseline_A_event_llm-only_r04_a01,54,static-054,1800.6606659910176,11.672066929213901,11.885437606542837,128
A,4,static_baseline_A_event_llm-only_r04_a01,55,static-055,1798.6130000062985,11.979857614120894,13.011029401968699,128
A,4,static_baseline_A_event_llm-only_r04_a01,56,static-056,1808.8373330101604,11.681351047233811,12.044029406388288,128
A,4,static_baseline_A_event_llm-only_r04_a01,57,static-057,1801.75329199119,11.682662724445787,12.006958603160456,128
A,4,static_baseline_A_event_llm-only_r04_a01,58,static-058,1800.3772500087507,11.672039700747197,11.9101795979077,128
A,4,static_baseline_A_event_llm-only_r04_a01,59,static-059,1801.9953750044806,11.656279527507978,11.823203798849136,128
A,4,static_baseline_A_event_llm-only_r04_a01,60,static-060,1797.6925000111805,11.640550527450314,11.77899169997545,128
A,4,static_baseline_A_event_llm-only_r04_a01,61,static-061,1801.5584579989081,11.671611551203632,11.819979405845515,128
A,4,static_baseline_A_event_llm-only_r04_a01,62,static-062,1798.984124994604,11.665984582706853,11.922454497835133,128
A,4,static_baseline_A_event_llm-only_r04_a01,63,static-063,1800.1606250036275,11.679090551118088,11.977967096026987,128
A,4,static_baseline_A_event_llm-only_r04_a01,64,static-064,1798.849832994165,11.665235566984547,11.862291701254435,128
A,4,static_baseline_A_event_llm-only_r04_a01,65,static-065,1802.4173750018235,11.67186055899374,11.979654400784055,128
A,4,static_baseline_A_event_llm-only_r04_a01,66,static-066,1799.4681669952115,11.561145338662497,11.805837298743427,128
A,4,static_baseline_A_event_llm-only_r04_a01,67,static-067,1800.8639590116218,11.671169291343906,11.971895497117657,128
A,4,static_baseline_A_event_llm-only_r04_a01,68,static-068,1800.4894589976175,11.66588319687807,11.837625196494628,128
A,4,static_baseline_A_event_llm-only_r04_a01,69,static-069,1801.860999999917,11.66728018108374,12.002899900835473,128
A,4,static_baseline_A_event_llm-only_r04_a01,70,static-070,1801.2209589942358,11.673829063024247,11.87969190068543,128
A,4,static_baseline_A_event_llm-only_r04_a01,71,static-071,1800.6315420061583,11.675782480270705,11.849374895973597,128
A,4,static_baseline_A_event_llm-only_r04_a01,72,static-072,1800.385374997859,11.70188582680595,12.123603701184036,128
A,4,static_baseline_A_event_llm-only_r04_a01,73,static-073,1800.1802090002457,11.755207015772527,12.145537395554129,128
A,4,static_baseline_A_event_llm-only_r04_a01,74,static-074,1826.3447499921313,11.68260400002001,11.825050103652757,128
A,4,static_baseline_A_event_llm-only_r04_a01,75,static-075,1802.5753749971045,11.703580055192413,12.018046302546281,128
A,4,static_baseline_A_event_llm-only_r04_a01,76,static-076,1801.3284580083564,11.67674081887698,11.899404296127614,128
A,4,static_baseline_A_event_llm-only_r04_a01,77,static-077,1801.6108330048155,11.693744755883547,11.959987592126708,128
A,4,static_baseline_A_event_llm-only_r04_a01,78,static-078,1801.6536670038477,11.674373362173958,11.852120805997401,128
A,4,static_baseline_A_event_llm-only_r04_a01,79,static-079,1801.8502920022001,11.684693897616917,12.022599806368817,128
A,4,static_baseline_A_event_llm-only_r04_a01,80,static-080,1801.1051659996156,11.661502629826506,11.858604295412077,128
A,4,static_baseline_A_event_llm-only_r04_a01,81,static-081,1801.9053330062889,11.680260173221097,11.918766192684416,128
A,4,static_baseline_A_event_llm-only_r04_a01,82,static-082,1802.937499989639,11.672789039476188,11.892371508292854,128
A,4,static_baseline_A_event_llm-only_r04_a01,83,static-083,1800.3081250062678,11.670712598390496,11.879762493481394,128
A,4,static_baseline_A_event_llm-only_r04_a01,84,static-084,1801.5065000072354,11.668584645587371,11.91926239989698,128
A,4,static_baseline_A_event_llm-only_r04_a01,85,static-085,1800.4476250061998,11.674389433102888,11.9296086995746,128
A,4,static_baseline_A_event_llm-only_r04_a01,86,static-086,1800.5622919881716,11.667787070926023,11.8591295031365,128
A,4,static_baseline_A_event_llm-only_r04_a01,87,static-087,1800.6197920039995,11.692966866067714,11.94619989983039,128
A,4,static_baseline_A_event_llm-only_r04_a01,88,static-088,1801.6703330067685,11.666037070892171,11.903070495463906,128
A,4,static_baseline_A_event_llm-only_r04_a01,89,static-089,1801.424749995931,11.678279196938837,11.923266405938191,128
A,4,static_baseline_A_event_llm-only_r04_a01,90,static-090,1801.2450000096578,11.6612139132972,11.802966799587011,128
A,4,static_baseline_A_event_llm-only_r04_a01,91,static-091,1800.2968750079162,11.694086614173955,11.902499991992954,128
A,4,static_baseline_A_event_llm-only_r04_a01,92,static-092,1823.3889999974053,11.81413287397265,12.518395500956103,128
A,4,static_baseline_A_event_llm-only_r04_a01,93,static-093,1800.8844579890138,11.679323165430908,11.912596302863676,128
A,4,static_baseline_A_event_llm-only_r04_a01,94,static-094,1801.1407909943955,11.673319881885519,11.995132992160507,128
A,4,static_baseline_A_event_llm-only_r04_a01,95,static-095,1801.4045000018086,11.672226377871937,11.926087706524413,128
A,4,static_baseline_A_event_llm-only_r04_a01,96,static-096,1801.9732079992536,11.671749015698964,11.905246092646848,128
A,4,static_baseline_A_event_llm-only_r04_a01,97,static-097,1800.5287499981932,11.70716273225294,11.957953602541238,128
A,4,static_baseline_A_event_llm-only_r04_a01,98,static-098,1800.9867090004263,11.670797566908933,11.836600097012706,128
A,4,static_baseline_A_event_llm-only_r04_a01,99,static-099,1802.2005410020938,11.657439637814619,11.860582906228956,128
A,4,static_baseline_A_event_llm-only_r04_a01,100,static-100,1802.0539169956464,11.677577756010693,11.837016897334252,128
A,4,static_baseline_A_event_llm-only_r04_a01,101,static-101,1800.3520409984048,11.667164370182014,11.8353917991044,128
A,4,static_baseline_A_event_llm-only_r04_a01,102,static-102,1801.5113750007004,11.65233858275286,11.820103594800457,128
A,4,static_baseline_A_event_llm-only_r04_a01,103,static-103,1800.8059999992838,11.663397637747712,11.92034210107522,128
A,4,static_baseline_A_event_llm-only_r04_a01,104,static-104,1800.0714589870768,11.681089566962786,11.968707900086883,128
A,4,static_baseline_A_event_llm-only_r04_a01,105,static-105,1801.1656669987133,11.672803472455291,11.850016907555982,128
A,4,static_baseline_A_event_llm-only_r04_a01,106,static-106,1800.4183749872027,11.670175527646867,11.825728896656074,128
A,4,static_baseline_A_event_llm-only_r04_a01,107,static-107,1800.5822080012877,11.671219488232778,11.840957998356316,128
A,4,static_baseline_A_event_llm-only_r04_a01,108,static-108,1801.1477919935714,11.66895012599031,11.859850103792269,128
A,4,static_baseline_A_event_llm-only_r04_a01,109,static-109,1800.605166994501,11.671312661396017,12.080657995829824,128
A,4,static_baseline_A_event_llm-only_r04_a01,110,static-110,1815.9431249951012,12.237659779489114,13.959396193968132,128
A,4,static_baseline_A_event_llm-only_r04_a01,111,static-111,1799.6347909938777,11.678023299217907,11.961170395079535,128
A,4,static_baseline_A_event_llm-only_r04_a01,112,static-112,1801.4597500005038,11.679355645649443,12.035608194128145,128
A,4,static_baseline_A_event_llm-only_r04_a01,113,static-113,1799.7064169903751,11.677585960655495,11.822533106897026,128
A,4,static_baseline_A_event_llm-only_r04_a01,114,static-114,1802.0738749910379,11.693897968530289,11.987546298769303,128
A,4,static_baseline_A_event_llm-only_r04_a01,115,static-115,1799.7874159918865,11.669541015789301,11.80205429554917,128
A,4,static_baseline_A_event_llm-only_r04_a01,116,static-116,1801.8017499998678,11.674361874067085,11.89901669276878,128
A,4,static_baseline_A_event_llm-only_r04_a01,117,static-117,1798.9646670030197,11.680941929189144,11.943187496217433,128
A,4,static_baseline_A_event_llm-only_r04_a01,118,static-118,1802.239416007069,11.66535007084929,11.96512860187795,128
A,4,static_baseline_A_event_llm-only_r04_a01,119,static-119,1799.2172090016538,11.670440614157481,11.858317010046449,128
A,4,static_baseline_A_event_llm-only_r04_a01,120,static-120,1800.6751250068191,11.686885173251031,11.90792060806416,128
A,4,static_baseline_A_event_llm-only_r04_a01,121,static-121,1798.790792003274,11.684502291288704,11.910329297825228,128
A,4,static_baseline_A_event_llm-only_r04_a01,122,static-122,1801.7166670033475,11.670874015796622,11.94648759701522,128
A,4,static_baseline_A_event_llm-only_r04_a01,123,static-123,1799.6157919988036,11.664262464600908,11.876187691814264,128
A,4,static_baseline_A_event_llm-only_r04_a01,124,static-124,1801.1842080013594,11.693896000011362,12.037383795541245,128
A,4,static_baseline_A_event_llm-only_r04_a01,125,static-125,1799.3867080076598,11.67147440937124,11.919220598065294,128
A,4,static_baseline_A_event_llm-only_r04_a01,126,static-126,1803.0751250043977,11.675175196879843,11.944500105164478,128
A,4,static_baseline_A_event_llm-only_r04_a01,127,static-127,1799.236666993238,11.663388448843447,11.87662480660947,128
A,4,static_baseline_A_event_llm-only_r04_a01,128,static-128,1801.3910000008764,12.039015425151897,13.50211240205681,128
A,4,static_baseline_A_event_llm-only_r04_a01,129,static-129,1806.0236669989536,11.677372370049996,12.031320804089772,128
A,4,static_baseline_A_event_llm-only_r04_a01,130,static-130,1800.3664580028271,11.693662401553661,12.007366292527877,128
A,4,static_baseline_A_event_llm-only_r04_a01,131,static-131,1801.1356669885572,11.68014041737536,11.8998163001379,128
A,4,static_baseline_A_event_llm-only_r04_a01,132,static-132,1799.7832499968354,11.668767716587103,11.869316795491613,128
A,4,static_baseline_A_event_llm-only_r04_a01,133,static-133,1801.430250008707,11.675340220410979,11.991474998649208,128
A,4,static_baseline_A_event_llm-only_r04_a01,134,static-134,1798.2247500040103,11.672165354358135,11.891595501219854,128
A,4,static_baseline_A_event_llm-only_r04_a01,135,static-135,1800.9222500113538,11.686311023539908,11.862320406362414,128
A,4,static_baseline_A_event_llm-only_r04_a01,136,static-136,1798.4588330000406,11.67111023623445,11.905703696538694,128
A,4,static_baseline_A_event_llm-only_r04_a01,137,static-137,1801.721791998716,11.674722110280605,11.959724794724025,128
A,4,static_baseline_A_event_llm-only_r04_a01,138,static-138,1798.1216670013964,11.669609582695127,11.880662399926223,128
A,4,static_baseline_A_event_llm-only_r04_a01,139,static-139,1801.228541007731,11.670897637794571,11.945195599400904,128
A,4,static_baseline_A_event_llm-only_r04_a01,140,static-140,1799.3455420073587,11.66399704717745,11.853979602165055,128
A,4,static_baseline_A_event_llm-only_r04_a01,141,static-141,1801.3343750062631,11.664767385809682,11.886733994469978,128
A,4,static_baseline_A_event_llm-only_r04_a01,142,static-142,1798.4585000085644,11.671702433070424,11.972987499029841,128
A,4,static_baseline_A_event_llm-only_r04_a01,143,static-143,1802.2601249977015,11.656624015799254,11.811029403179418,128
A,4,static_baseline_A_event_llm-only_r04_a01,144,static-144,1798.697791993618,11.67421718895725,11.983979294018352,128
A,4,static_baseline_A_event_llm-only_r04_a01,145,static-145,1802.067166994675,11.686985236230512,11.971082995296456,128
A,4,static_baseline_A_event_llm-only_r04_a01,146,static-146,1798.775959003251,11.820753937079315,12.771149902255274,128
A,4,static_baseline_A_event_llm-only_r04_a01,147,static-147,1824.1090000083204,11.669464566901611,11.801758801448159,128
A,4,static_baseline_A_event_llm-only_r04_a01,148,static-148,1801.1001660051988,11.701294622021017,12.056858898722567,128
A,4,static_baseline_A_event_llm-only_r04_a01,149,static-149,1801.0502499964787,11.681223425218528,11.952312404173426,128
A,4,static_baseline_A_event_llm-only_r04_a01,150,static-150,1801.5779579873197,11.674349409492327,12.04456619307166,128
A,4,static_baseline_A_event_llm-only_r04_a01,151,static-151,1799.7276249952847,11.682696188923785,11.866041999019217,128
A,4,static_baseline_A_event_llm-only_r04_a01,152,static-152,1799.391792010283,11.666336283477309,11.927775105868932,128
A,4,static_baseline_A_event_llm-only_r04_a01,153,static-153,1798.2816250005271,11.677154196851601,11.846612593217287,128
A,4,static_baseline_A_event_llm-only_r04_a01,154,static-154,1800.431416995707,11.674905181051173,11.86194119945867,128
A,4,static_baseline_A_event_llm-only_r04_a01,155,static-155,1799.0368750033667,11.675139763768337,11.865762592060491,128
A,4,static_baseline_A_event_llm-only_r04_a01,156,static-156,1800.8307499985676,11.668298889742614,11.953703791368753,128
A,4,static_baseline_A_event_llm-only_r04_a01,157,static-157,1800.8493749948684,11.674687007852778,12.083641102071851,128
A,4,static_baseline_A_event_llm-only_r04_a01,158,static-158,1801.0699170117732,11.65425360620326,11.833712601219304,128
A,4,static_baseline_A_event_llm-only_r04_a01,159,static-159,1798.7881669978378,11.688999338630095,12.032675006776115,128
A,4,static_baseline_A_event_llm-only_r04_a01,160,static-160,1802.3117909906432,11.676122047264665,11.877837301290128,128
A,4,static_baseline_A_event_llm-only_r04_a01,161,static-161,1799.0904170001158,11.68625721261987,11.93221249995986,128
A,4,static_baseline_A_event_llm-only_r04_a01,162,static-162,1801.2870000093244,11.671488842464925,11.831191800592933,128
A,4,static_baseline_A_event_llm-only_r04_a01,163,static-163,1800.4211250081426,11.68213844873143,11.949270605691709,128
A,4,static_baseline_A_event_llm-only_r04_a01,164,static-164,1801.9290829979582,11.66694980322321,11.834991902287584,128
A,4,static_baseline_A_event_llm-only_r04_a01,165,static-165,1823.0840829928638,13.184930118145495,14.898137500858866,128
A,4,static_baseline_A_event_llm-only_r04_a01,166,static-166,1795.3742910030996,11.684423559010726,11.955270598991774,128
A,4,static_baseline_A_event_llm-only_r04_a01,167,static-167,1798.18445899582,11.672992126005115,11.949758797709363,128
A,4,static_baseline_A_event_llm-only_r04_a01,168,static-168,1799.0518330043415,11.673131889817634,11.795262494706549,128
A,4,static_baseline_A_event_llm-only_r04_a01,169,static-169,1802.7228330029175,11.67237139366545,11.869237694190813,128
A,4,static_baseline_A_event_llm-only_r04_a01,170,static-170,1799.1677090030862,11.67032644097642,11.964999896008521,128
A,4,static_baseline_A_event_llm-only_r04_a01,171,static-171,1800.6942499923753,11.67264632288528,11.841808189637959,128
A,4,static_baseline_A_event_llm-only_r04_a01,172,static-172,1798.7202499934938,11.686515417334983,11.865662505442742,128
A,4,static_baseline_A_event_llm-only_r04_a01,173,static-173,1800.6395419943146,11.666625984266078,11.865271306305658,128
A,4,static_baseline_A_event_llm-only_r04_a01,174,static-174,1799.8334580042865,11.66518340157675,11.91949629865121,128
A,4,static_baseline_A_event_llm-only_r04_a01,175,static-175,1801.3810420088703,11.694180118020872,11.974958701466674,128
A,4,static_baseline_A_event_llm-only_r04_a01,176,static-176,1799.0081669995561,11.677663055098227,11.928987607825547,128
A,4,static_baseline_A_event_llm-only_r04_a01,177,static-177,1801.3519160012947,11.675786094531036,11.950137498206457,128
A,4,static_baseline_A_event_llm-only_r04_a01,178,static-178,1799.9073749961099,11.676975393687984,11.941696501162369,128
A,4,static_baseline_A_event_llm-only_r04_a01,179,static-179,1800.831083994126,11.673315283480306,11.96115810453193,128
A,4,static_baseline_A_event_llm-only_r04_a01,180,static-180,1799.814875004813,11.65294914169963,11.884662492957432,128
A,4,static_baseline_A_event_llm-only_r04_a01,181,static-181,1801.2818329880247,11.65942913395679,11.839266102469992,128
A,4,static_baseline_A_event_llm-only_r04_a01,182,static-182,1799.534459001734,11.685299535495536,11.944091200712137,128
A,4,static_baseline_A_event_llm-only_r04_a01,183,static-183,1815.8853749919217,11.937961283444213,13.258407899411395,128
A,4,static_baseline_A_event_llm-only_r04_a01,184,static-184,1801.1562500032596,11.67687434644904,12.005337391747162,128
A,4,static_baseline_A_event_llm-only_r04_a01,185,static-185,1799.1938329942059,11.680220472388058,11.870758100121748,128
A,4,static_baseline_A_event_llm-only_r04_a01,186,static-186,1801.9364169886103,11.689845803143331,11.872100101027172,128
A,4,static_baseline_A_event_llm-only_r04_a01,187,static-187,1798.9093329961179,11.67499376382994,12.021682994964067,128
A,4,static_baseline_A_event_llm-only_r04_a01,188,static-188,1801.7529159988044,11.668258535448373,11.833537303027697,128
A,4,static_baseline_A_event_llm-only_r04_a01,189,static-189,1798.7663749954663,11.686767055125959,12.023012599092906,128
A,4,static_baseline_A_event_llm-only_r04_a01,190,static-190,1800.4637499980163,11.690429795334504,11.95883739128476,128
A,4,static_baseline_A_event_llm-only_r04_a01,191,static-191,1800.054374994943,11.670705055113054,11.861562696867622,128
A,4,static_baseline_A_event_llm-only_r04_a01,192,static-192,1801.8359170091571,11.674857936940692,11.852367011306342,128
A,4,static_baseline_A_event_llm-only_r04_a01,193,static-193,1799.4282919971738,11.657809708602029,11.862350202864036,128
A,4,static_baseline_A_event_llm-only_r04_a01,194,static-194,1803.09870900237,11.649866795234242,11.864254299143795,128
A,4,static_baseline_A_event_llm-only_r04_a01,195,static-195,1799.1310420038644,11.673241795277164,11.892675093258731,128
A,4,static_baseline_A_event_llm-only_r04_a01,196,static-196,1801.8923750059912,11.668663716569771,12.031303794356063,128
A,4,static_baseline_A_event_llm-only_r04_a01,197,static-197,1800.0434580026194,11.670525590467495,11.850049998611212,128
A,4,static_baseline_A_event_llm-only_r04_a01,198,static-198,1800.8884580049198,11.66721686615891,12.086387602903415,128
A,4,static_baseline_A_event_llm-only_r04_a01,199,static-199,1799.0765830036253,11.68936187393164,12.06030830508098,128
A,4,static_baseline_A_event_llm-only_r04_a01,200,static-200,1803.2576249970589,11.6832614882059,11.94402499240823,128
A,4,static_baseline_A_event_llm-only_r04_a01,201,static-201,1801.8359580019023,12.052446519671829,13.475758695858529,128
A,4,static_baseline_A_event_llm-only_r04_a01,202,static-202,1802.6095410023117,11.678303149620467,11.91161240421934,128
A,4,static_baseline_A_event_llm-only_r04_a01,203,static-203,1800.6709170003887,11.690019031548433,11.9925961989793,128
A,4,static_baseline_A_event_llm-only_r04_a01,204,static-204,1798.3743750082795,11.6577995354383,11.973308799497316,128
A,4,static_baseline_A_event_llm-only_r04_a01,205,static-205,1801.4928329939721,11.671208992176945,11.888628496672027,128
A,4,static_baseline_A_event_llm-only_r04_a01,206,static-206,1800.0665409927024,11.68515485829186,11.918404600874053,128
A,4,static_baseline_A_event_llm-only_r04_a01,207,static-207,1800.1570830092533,11.666835629927567,11.828370695002377,128
A,4,static_baseline_A_event_llm-only_r04_a01,208,static-208,1798.8633749919245,11.664688322848024,11.934024904621765,128
A,4,static_baseline_A_event_llm-only_r04_a01,209,static-209,1801.4257080067182,11.670841866147184,11.902475096576381,128
A,4,static_baseline_A_event_llm-only_r04_a01,210,static-210,1799.8587920010323,11.674976700849971,11.876558301446494,128
A,4,static_baseline_A_event_llm-only_r04_a01,211,static-211,1801.602040999569,11.66843011811207,11.857995596074034,128
A,4,static_baseline_A_event_llm-only_r04_a01,212,static-212,1799.9509579967707,11.678452433020933,11.964491796970833,128
A,4,static_baseline_A_event_llm-only_r04_a01,213,static-213,1801.226042007329,11.657425196814776,11.820008703216445,128
A,4,static_baseline_A_event_llm-only_r04_a01,214,static-214,1799.790374992881,11.664667976405985,11.935196389094926,128
A,4,static_baseline_A_event_llm-only_r04_a01,215,static-215,1802.6367499987828,11.672157480397013,11.8591037025908,128
A,4,static_baseline_A_event_llm-only_r04_a01,216,static-216,1798.5934999887832,11.671019685051338,12.063016802130733,128
A,4,static_baseline_A_event_llm-only_r04_a01,217,static-217,1801.0901670058956,11.662111873944715,11.840304400539026,128
A,4,static_baseline_A_event_llm-only_r04_a01,218,static-218,1797.9549589945236,11.659042645744451,12.024237601144705,128
A,4,static_baseline_A_event_llm-only_r04_a01,219,static-219,1801.645458996063,11.891362527600768,12.832837596943133,128
A,4,static_baseline_A_event_llm-only_r04_a01,220,static-220,1811.1470000003465,11.68959120478239,11.945920599100646,128
A,4,static_baseline_A_event_llm-only_r04_a01,221,static-221,1799.7101250075502,11.687730645598645,11.960295704193413,128
A,4,static_baseline_A_event_llm-only_r04_a01,222,static-222,1801.8913330015494,11.6665534803224,11.842103794333525,128
A,4,static_baseline_A_event_llm-only_r04_a01,223,static-223,1799.7877910092939,11.662762795206467,11.858224798925221,128
A,4,static_baseline_A_event_llm-only_r04_a01,224,static-224,1799.852166994242,11.682696189038367,11.888270496274345,128
A,4,static_baseline_A_event_llm-only_r04_a01,225,static-225,1798.6354999884497,11.671443897671631,11.853016406530514,128
A,4,static_baseline_A_event_llm-only_r04_a01,226,static-226,1800.90483299864,11.664751968571117,11.866754306538496,128
A,4,static_baseline_A_event_llm-only_r04_a01,227,static-227,1798.9627920032945,11.690619094439372,11.992500090855174,128
A,4,static_baseline_A_event_llm-only_r04_a01,228,static-228,1802.3541669972474,11.658667322861463,11.833074897003826,128
A,4,static_baseline_A_event_llm-only_r04_a01,229,static-229,1799.2712920095073,11.669301511774822,11.889020701346453,128
A,4,static_baseline_A_event_llm-only_r04_a01,230,static-230,1799.769916004152,11.699093503906854,12.033966404851526,128
A,4,static_baseline_A_event_llm-only_r04_a01,231,static-231,1800.4601670108968,11.670905834647797,11.897920707997399,128
A,4,static_baseline_A_event_llm-only_r04_a01,232,static-232,1802.255625007092,11.676395992110447,11.806521407561377,128
A,4,static_baseline_A_event_llm-only_r04_a01,233,static-233,1799.442709001596,11.672147960579903,11.968770796374884,128
A,4,static_baseline_A_event_llm-only_r04_a01,234,static-234,1800.2098340075463,11.682430118039125,11.967249798181,128
A,4,static_baseline_A_event_llm-only_r04_a01,235,static-235,1799.0674159955233,11.677841535484323,11.85275010066107,128
A,4,static_baseline_A_event_llm-only_r04_a01,236,static-236,1801.1421249975683,11.66046653541014,11.932253596023656,128
A,4,static_baseline_A_event_llm-only_r04_a01,237,static-237,1798.3528330078116,11.691367126016797,11.88520440045977,128
A,4,static_baseline_A_event_llm-only_r04_a01,238,static-238,1826.244209005381,11.720484905572807,12.04452940437477,128
A,4,static_baseline_A_event_llm-only_r04_a01,239,static-239,1799.4308330089552,11.674855645644245,11.896116903517395,128
A,4,static_baseline_A_event_llm-only_r04_a01,240,static-240,1802.0584170008078,11.672828740080064,11.86683739797445,128
A,4,static_baseline_A_event_llm-only_r04_a01,241,static-241,1798.9524579897989,11.676476047237726,11.948095598199869,128
A,4,static_baseline_A_event_llm-only_r04_a01,242,static-242,1800.506667001173,11.67157677166791,11.864145690924488,128
A,4,static_baseline_A_event_llm-only_r04_a01,243,static-243,1800.683833003859,11.698737204731186,11.935266399814282,128
A,4,static_baseline_A_event_llm-only_r04_a01,244,static-244,1800.598916990566,11.678713252039179,11.817370804783422,128
A,4,static_baseline_A_event_llm-only_r04_a01,245,static-245,1799.055417010095,11.665956031505429,11.998879392922388,128
A,4,static_baseline_A_event_llm-only_r04_a01,246,static-246,1801.7494170053396,11.682802165366203,11.880262498743832,128
A,4,static_baseline_A_event_llm-only_r04_a01,247,static-247,1800.014624997857,11.657506566885198,11.821175093064085,128
A,4,static_baseline_A_event_llm-only_r04_a01,248,static-248,1802.4186660040868,11.671695866146287,11.837462401308585,128
A,4,static_baseline_A_event_llm-only_r04_a01,249,static-249,1800.6965840031626,11.67129002365753,11.954766894632485,128
A,4,static_baseline_A_event_llm-only_r04_a01,250,static-250,1802.9493750073016,11.674514433023461,11.819095502141863,128
A,4,static_baseline_A_event_llm-only_r04_a01,251,static-251,1801.5356250107288,11.683826448783593,11.960233103309292,128
A,4,static_baseline_A_event_llm-only_r04_a01,252,static-252,1800.0889999966603,11.693166007881793,11.980241695709992,128
A,4,static_baseline_A_event_llm-only_r04_a01,253,static-253,1800.8828750025714,11.69341207870583,11.930496299464721,128
A,4,static_baseline_A_event_llm-only_r04_a01,254,static-254,1800.246500002686,11.683928480396583,11.919012399448546,128
A,4,static_baseline_A_event_llm-only_r04_a01,255,static-255,1800.7962080009747,11.67751082682553,11.89246229478158,128
A,4,static_baseline_A_event_llm-only_r04_a01,256,static-256,1825.9324590035249,11.857903543350977,12.729970400687307,128
A,4,static_baseline_A_event_llm-only_r04_a01,257,static-257,1801.5028749941848,11.685760173278377,11.840116909297649,128
A,4,static_baseline_A_event_llm-only_r04_a01,258,static-258,1799.95054200117,11.669981299109361,11.861149992910214,128
A,4,static_baseline_A_event_llm-only_r04_a01,259,static-259,1800.861999989138,11.666454724494486,11.847879500419367,128
A,4,static_baseline_A_event_llm-only_r04_a01,260,static-260,1800.3470410039881,11.681209645586044,11.865158803993836,128
A,4,static_baseline_A_event_llm-only_r04_a01,261,static-261,1801.2440419988707,11.667863511792971,11.940379301086066,128
A,4,static_baseline_A_event_llm-only_r04_a01,262,static-262,1801.2808750063414,11.665768047229124,11.847125002532266,128
A,4,static_baseline_A_event_llm-only_r04_a01,263,static-263,1800.4980420082575,11.674223425197708,11.836991203017533,128
A,4,static_baseline_A_event_llm-only_r04_a01,264,static-264,1800.4529580066446,11.676132874004177,11.94154990662355,128
A,4,static_baseline_A_event_llm-only_r04_a01,265,static-265,1800.2613749995362,11.665362204740367,11.943912498827558,128
A,4,static_baseline_A_event_llm-only_r04_a01,266,static-266,1799.8479580128333,11.668147968506903,11.820099801116157,128
A,4,static_baseline_A_event_llm-only_r04_a01,267,static-267,1801.6023749951273,11.700901574790699,12.003158200241158,128
A,4,static_baseline_A_event_llm-only_r04_a01,268,static-268,1801.049415997113,11.67931791333533,11.959562401170842,128
A,4,static_baseline_A_event_llm-only_r04_a01,269,static-269,1799.8549589974573,11.69655740952695,11.935170604556333,128
A,4,static_baseline_A_event_llm-only_r04_a01,270,static-270,1800.4425410035765,11.657814637805505,11.98551690322347,128
A,4,static_baseline_A_event_llm-only_r04_a01,271,static-271,1800.85191699618,11.667413055080019,11.86430810485035,128
A,4,static_baseline_A_event_llm-only_r04_a01,272,static-272,1799.2181250010617,11.666299866106339,11.854575094184836,128
A,4,static_baseline_A_event_llm-only_r04_a01,273,static-273,1798.5875000013039,11.667305779506774,11.855120697873645,128
A,4,static_baseline_A_event_llm-only_r04_a01,274,static-274,1803.5252080007922,12.039614503897955,13.26945440232521,128
A,4,static_baseline_A_event_llm-only_r04_a01,275,static-275,1803.9196250028908,11.695125330685029,11.866670401650481,128
A,4,static_baseline_A_event_llm-only_r04_a01,276,static-276,1801.2896250002086,11.670767055209323,11.865571307134815,128
A,4,static_baseline_A_event_llm-only_r04_a01,277,static-277,1799.0198749903357,11.670325456716956,11.810703706578352,128
A,4,static_baseline_A_event_llm-only_r04_a01,278,static-278,1801.3523330009775,11.695162732315463,11.996724903292488,128
A,4,static_baseline_A_event_llm-only_r04_a01,279,static-279,1799.6370830078376,11.662682747985347,11.846270492242184,128
A,4,static_baseline_A_event_llm-only_r04_a01,280,static-280,1800.1318330061622,11.654130574801615,11.801516902050935,128
A,4,static_baseline_A_event_llm-only_r04_a01,281,static-281,1799.5189580105944,11.670068897628665,11.905462703725787,128
A,4,static_baseline_A_event_llm-only_r04_a01,282,static-282,1801.282458996866,11.680559378014657,11.831962397263851,128
A,4,static_baseline_A_event_llm-only_r04_a01,283,static-283,1801.0792089917231,11.676752291400696,12.019191194849554,128
A,4,static_baseline_A_event_llm-only_r04_a01,284,static-284,1801.1951249936828,11.672466535462199,11.851907896925695,128
A,4,static_baseline_A_event_llm-only_r04_a01,285,static-285,1800.9772499935934,11.693291338600629,11.994046196923591,128
A,4,static_baseline_A_event_llm-only_r04_a01,286,static-286,1799.7899159963708,11.663676181113289,11.8882705035503,128
A,4,static_baseline_A_event_llm-only_r04_a01,287,static-287,1800.5928329948802,11.662258858257157,12.061958001868332,128
A,4,static_baseline_A_event_llm-only_r04_a01,288,static-288,1800.6762500008335,11.65963681098477,11.918391901417635,128
A,4,static_baseline_A_event_llm-only_r04_a01,289,static-289,1800.1062080002157,11.671660110257259,12.084692101052497,128
A,4,static_baseline_A_event_llm-only_r04_a01,290,static-290,1800.403458008077,11.667925850364497,11.916708695935084,128
A,4,static_baseline_A_event_llm-only_r04_a01,291,static-291,1800.2807500015479,11.654134511839466,11.927867005579172,128
A,4,static_baseline_A_event_llm-only_r04_a01,292,static-292,1802.0106670010136,12.034973755820772,13.701124895305835,128
A,4,static_baseline_A_event_llm-only_r04_a01,293,static-293,1816.8844169995282,11.687892385782293,11.84246679476928,128
A,4,static_baseline_A_event_llm-only_r04_a01,294,static-294,1800.9574169991538,11.677395669385007,11.959066306008026,128
A,4,static_baseline_A_event_llm-only_r04_a01,295,static-295,1801.378707998083,11.676664700787551,11.959412501892073,128
A,4,static_baseline_A_event_llm-only_r04_a01,296,static-296,1800.2243750088383,11.680265094518413,11.8881545990007,128
A,4,static_baseline_A_event_llm-only_r04_a01,297,static-297,1799.593999996432,11.67050360630479,11.97309999988647,128
A,4,static_baseline_A_event_llm-only_r04_a01,298,static-298,1800.8487909974065,11.665879598430058,11.857546304236166,128
A,4,static_baseline_A_event_llm-only_r04_a01,299,static-299,1801.3403749937424,11.67828773226732,11.955166699772233,128
