active_retrieval_worker_mean,active_retrieval_worker_p95,admitted_queries_decode,admitted_queries_prefill,application_goodput_rps,attempt,backlog_slope_tasks_s,baseline_p95_tpot_ms,baseline_p95_ttft_ms,beginning_backlog,cap_binding_fraction,completed_queries_decode,completed_queries_prefill,compressions_delta,context,decode_active_retrieval_worker_mean,decode_active_retrieval_worker_p95,decode_cap,decode_cap_applied_fraction,decode_cap_overshoot_fraction,decode_cap_overshoot_worker_max,decode_cap_overshoot_worker_mean,decode_overlap_fraction,decode_retrieval_qps,decompressions_delta,duration_s,ending_backlog,experiment_rss_after_bytes,experiment_rss_before_bytes,fan_capable,fixed_workers,headroom_after_bytes,headroom_before_bytes,host_model,invalid_reason,joint_slo_pass,llm_request_throughput_rps,llm_requests,memory_free_percent_after,memory_free_percent_before,memory_limit_gb,memory_pressure_clean,model,normalized_p95_tpot,normalized_p95_ttft,observer_memory_audit,observer_mode,observer_reconstruction_audit,observer_subprocess_count_during_block,output_tokens,p95_tpot_ms,p95_ttft_ms,pageins_delta,pageout_soft_flag,pageouts_delta,pages_occupied_by_compressor_delta,pages_stored_in_compressor_delta,peak_mlx_memory_mb,peak_resident_memory_bytes,phase_transition_to_cap_max_ms,phase_transition_to_cap_ms,policy,policy_arg,power_clean,prefill_active_retrieval_worker_mean,prefill_active_retrieval_worker_p95,prefill_cap,prefill_cap_applied_fraction,prefill_retrieval_qps,preload_memory_preflight,prompt_seed,query_seed,queue_nonempty_fraction,raw_19ms_tpot_pass,repeat,resident_memory_bytes,resident_memory_preflight,retrieval_latency_p50_ms,retrieval_latency_p95_ms,retrieval_qps_first_third,retrieval_qps_last_third,retrieval_qps_within_block_ratio,retrieval_qps_within_block_slope_qps_per_s,run_id,run_key,sample_count,scheduler_overhead_ms,sentinel_after,sentinel_after_deviation,sentinel_after_initial_deviation,sentinel_before,sentinel_before_deviation,sentinel_before_initial_deviation,shared_index_load_count,single_faiss_process,smoke,stage,status,swap_used_delta_bytes,swapins_delta,swapouts_delta,timegate_audit,timegate_transitions,total_completed_retrieval_queries,total_retrieval_goodput_qps,tpot_slo_pass,tpot_within_block_drift_ratio,tpot_within_block_slope_ms_per_s,ttft_slo_pass,ttft_within_block_drift_ratio,validity,worker_cap_changes
2.8484780411097383,4.0,119856,439056,0.2789571244898602,1,0.0,12.046228928229537,1799.1402580089925,8,0.2182129619229473,124656,438768,0,2048,0.5724488482820744,1.0,1,0.993565821644576,0.02586539698880453,3.0,2.2487562189054726,0.5142838759490413,720.6812066025033,0,358.4780284169974,8,1377140736,1332396032,True,,7843938304,8172535808,Mac mini,,False,0.2789571244898602,100,87,93,5.5,True,/Users/m1/.cache/huggingface/hub/models--mlx-community--Qwen2.5-1.5B-Instruct-4bit/snapshots/8b403126fc14f14cfc99bb4cfa72ecbc129ea677,1.1765282531781034,1.0380630391904573,"{'api': 'resource.getrusage(RUSAGE_SELF)', 'interval_s': 1.0, 'max_scheduling_delay_ms': 15.332791997934692, 'missed_intervals': 0, 'observed_rate_hz': 0.9999941592520264, 'sample_count': 359, 'subprocess_count': 0}",event,"{'active_never_negative': True, 'admissions_within_cap': True, 'admitted_queries': 573040, 'completed_queries': 573040, 'event_count': 121475, 'max_active_queries': 4, 'query_accounting_exact': True, 'sequence_exact': True, 'started_queries': 573040, 'timestamps_monotonic': True, 'token_events': 12800}",0,128,14.172728678313433,1867.6210041587183,109,True,1,0,0,1540.1904754638672,1377075200,1548.1638339988422,13.957624993054196,phasegate4to1,phasegate,True,3.4956141940628513,4.0,4,1.0,2393.556121691539,"{'compressions_delta': 0, 'decompressions_delta': 0, 'experiment_rss_after_bytes': 54231040, 'experiment_rss_before_bytes': 54165504, 'headroom_after_bytes': 8891006976, 'headroom_before_bytes': 8912437248, 'idle_seconds': 2.0, 'memory_free_percent_after': 93, 'memory_free_percent_before': 93, 'minimum_headroom_gb': 3.0, 'observed_minimum_headroom_gb': 8.2803955078125, 'pageins_delta': 16, 'pageouts_delta': 0, 'pages_occupied_by_compressor_delta': 0, 'pages_stored_in_compressor_delta': 0, 'passed': True, 'swap_used_delta_bytes': 0, 'swapins_delta': 0, 'swapouts_delta': 0}",3710000011,3710500014,1.0,True,0,1377140736,"{'compressions_delta': 0, 'decompressions_delta': 0, 'experiment_rss_after_bytes': 1320714240, 'experiment_rss_before_bytes': 1320714240, 'headroom_after_bytes': 8142487552, 'headroom_before_bytes': 7944617984, 'idle_seconds': 2.0, 'memory_free_percent_after': 93, 'memory_free_percent_before': 90, 'minimum_headroom_gb': 3.0, 'observed_minimum_headroom_gb': 7.3990020751953125, 'pageins_delta': 9, 'pageouts_delta': 0, 'pages_occupied_by_compressor_delta': 0, 'pages_stored_in_compressor_delta': 0, 'passed': True, 'swap_used_delta_bytes': 0, 'swapins_delta': 0, 'swapouts_delta': 0}",12010.327708994737,13803.558483204688,1579.433610846631,1560.468484548374,0.9879924511115785,-0.05290605781871175,748fdb88212549ef876201d6129ede8d,static_m4_calibration_event_phasegate4to1_r00_a01,71224,8.405966116697527,"{'attempts': [{'attempt': 0, 'deviation': -0.000701987847738339, 'median_ms': 1795.3333124969504, 'passed': True, 'ratio': 0.9992980121522617}], 'passed': True, 'reference_ms': 1796.5945000032661}",-0.000701987847738339,-0.000701987847738339,"{'attempts': [{'attempt': 0, 'deviation': 0.0019302953440540893, 'median_ms': 1800.0624580017757, 'passed': True, 'ratio': 1.001930295344054}], 'passed': True, 'reference_ms': 1796.5945000032661}",0.0019302953440540893,0.0019302953440540893,1,True,False,m4_calibration,valid,0,0,0,,[],563728,1572.5594187441993,False,1.006139215598617,0.0006276680150396758,True,1.0096161663579426,"{'active_worker_log_present': True, 'completion_count_sufficient': True, 'decode_admission_zero': True, 'memory_clean': True, 'observer_clean': True, 'policy_cap_applied': True, 'queue_saturated': True, 'sentinel_clean': True, 'steady_duration_sufficient': True, 'token_data_clean': True, 'within_block_drift_clean': True}",201
0.0,0.0,0,0,0.31037216654489636,1,0.0,12.046228928229537,1799.1402580089925,8,1.0,0,0,0,2048,0.0,0.0,0,1.0,0.0,0.0,0.0,0.0,0.0,0,322.19383945800655,8,1332707328,1331871744,True,0,7852670976,8020148224,Mac mini,,True,0.31037216654489636,100,87,93,5.5,True,/Users/m1/.cache/huggingface/hub/models--mlx-community--Qwen2.5-1.5B-Instruct-4bit/snapshots/8b403126fc14f14cfc99bb4cfa72ecbc129ea677,1.0090316006032234,0.9782895018387786,"{'api': 'resource.getrusage(RUSAGE_SELF)', 'interval_s': 1.0, 'max_scheduling_delay_ms': 10.453916998812929, 'missed_intervals': 0, 'observed_rate_hz': 0.9999981851741109, 'sample_count': 323, 'subprocess_count': 0}",event,"{'active_never_negative': True, 'admissions_within_cap': True, 'admitted_queries': 4256, 'completed_queries': 4256, 'event_count': 14217, 'max_active_queries': 4, 'query_accounting_exact': True, 'sequence_exact': True, 'started_queries': 4256, 'timestamps_monotonic': True, 'token_events': 12800}",0,128,12.155025656684302,1760.080026745709,181,True,3,0,0,1540.1904754638672,1332723712,0.0,0.0,fixed0,fixed,True,0.0,0.0,0,1.0,0.0,"{'compressions_delta': 0, 'decompressions_delta': 0, 'experiment_rss_after_bytes': 54132736, 'experiment_rss_before_bytes': 54067200, 'headroom_after_bytes': 8911175680, 'headroom_before_bytes': 8910225408, 'idle_seconds': 2.0, 'memory_free_percent_after': 93, 'memory_free_percent_before': 93, 'minimum_headroom_gb': 3.0, 'observed_minimum_headroom_gb': 8.298294067382812, 'pageins_delta': 4, 'pageouts_delta': 0, 'pages_occupied_by_compressor_delta': 0, 'pages_stored_in_compressor_delta': 0, 'passed': True, 'swap_used_delta_bytes': 0, 'swapins_delta': 0, 'swapouts_delta': 0}",3710000011,3710500014,1.0,True,0,1332707328,"{'compressions_delta': 0, 'decompressions_delta': 0, 'experiment_rss_after_bytes': 1320796160, 'experiment_rss_before_bytes': 1320796160, 'headroom_after_bytes': 8009170944, 'headroom_before_bytes': 7262306304, 'idle_seconds': 2.0, 'memory_free_percent_after': 93, 'memory_free_percent_before': 86, 'minimum_headroom_gb': 3.0, 'observed_minimum_headroom_gb': 6.7635498046875, 'pageins_delta': 4, 'pageouts_delta': 0, 'pages_occupied_by_compressor_delta': 0, 'pages_stored_in_compressor_delta': 0, 'passed': True, 'swap_used_delta_bytes': 0, 'swapins_delta': 0, 'swapouts_delta': 0}",,,0.0,0.0,1.0,0.0,cfdebdafaef444d1ac4202380a957e4d,static_m4_calibration_event_fixed0_r00_a01,300,0.17428898718208075,"{'attempts': [{'attempt': 0, 'deviation': -0.0016941193493470452, 'median_ms': 1793.5508544978802, 'passed': True, 'ratio': 0.998305880650653}], 'passed': True, 'reference_ms': 1796.5945000032661}",-0.0016941193493470452,-0.0016941193493470452,"{'attempts': [{'attempt': 0, 'deviation': -0.0005062010417540286, 'median_ms': 1795.685061995755, 'passed': True, 'ratio': 0.999493798958246}], 'passed': True, 'reference_ms': 1796.5945000032661}",-0.0005062010417540286,-0.0005062010417540286,1,True,False,m4_calibration,valid,0,0,0,,[],0,0.0,True,1.0018766679823832,9.828163583870931e-05,True,1.004072246611338,"{'active_worker_log_present': True, 'completion_count_sufficient': True, 'decode_admission_zero': True, 'memory_clean': True, 'observer_clean': True, 'policy_cap_applied': True, 'queue_saturated': True, 'sentinel_clean': True, 'steady_duration_sufficient': True, 'token_data_clean': True, 'within_block_drift_clean': True}",1
2.816224856489476,4.0,230752,444992,0.2634685359274572,1,0.0,12.046228928229537,1799.1402580089925,8,0.3424067764969431,233936,444752,0,2048,1.5207346577162912,2.0,2,0.9965924966776842,0.01018843493372406,2.0,1.6622073578595318,0.9993184993355368,1220.7076596607128,0,379.5519629999908,8,1384120320,1332445184,True,,7849410560,8109113344,Mac mini,,False,0.2634685359274572,100,87,93,5.5,True,/Users/m1/.cache/huggingface/hub/models--mlx-community--Qwen2.5-1.5B-Instruct-4bit/snapshots/8b403126fc14f14cfc99bb4cfa72ecbc129ea677,1.2885316011155328,1.053129506279299,"{'api': 'resource.getrusage(RUSAGE_SELF)', 'interval_s': 1.0, 'max_scheduling_delay_ms': 10.735125004430301, 'missed_intervals': 0, 'observed_rate_hz': 0.9999735360987773, 'sample_count': 380, 'subprocess_count': 0}",event,"{'active_never_negative': True, 'admissions_within_cap': True, 'admitted_queries': 688512, 'completed_queries': 688512, 'event_count': 143211, 'max_active_queries': 4, 'query_accounting_exact': True, 'sequence_exact': True, 'started_queries': 688512, 'timestamps_monotonic': True, 'token_events': 12800}",0,128,15.521946648295852,1894.7276916442206,68,False,0,0,0,1540.1904754638672,1384054784,2011.9178329914575,933.2040829904145,phasegate4to2,phasegate,True,3.496290204351635,4.0,4,1.0,2395.418584264118,"{'compressions_delta': 0, 'decompressions_delta': 0, 'experiment_rss_after_bytes': 54214656, 'experiment_rss_before_bytes': 54149120, 'headroom_after_bytes': 8809431040, 'headroom_before_bytes': 8806809600, 'idle_seconds': 2.0, 'memory_free_percent_after': 92, 'memory_free_percent_before': 92, 'minimum_headroom_gb': 3.0, 'observed_minimum_headroom_gb': 8.201980590820312, 'pageins_delta': 44, 'pageouts_delta': 0, 'pages_occupied_by_compressor_delta': 0, 'pages_stored_in_compressor_delta': 0, 'passed': True, 'swap_used_delta_bytes': 0, 'swapins_delta': 0, 'swapouts_delta': 0}",3710000011,3710500014,1.0,True,0,1384120320,"{'compressions_delta': 0, 'decompressions_delta': 0, 'experiment_rss_after_bytes': 1320812544, 'experiment_rss_before_bytes': 1320812544, 'headroom_after_bytes': 8097644544, 'headroom_before_bytes': 7843610624, 'idle_seconds': 2.0, 'memory_free_percent_after': 93, 'memory_free_percent_before': 89, 'minimum_headroom_gb': 3.0, 'observed_minimum_headroom_gb': 7.304931640625, 'pageins_delta': 4, 'pageouts_delta': 0, 'pages_occupied_by_compressor_delta': 0, 'pages_stored_in_compressor_delta': 0, 'passed': True, 'swap_used_delta_bytes': 0, 'swapins_delta': 0, 'swapouts_delta': 0}",6860.993916496227,14518.007433052117,1793.9039918151486,1783.2600106816371,0.9940665826141891,-0.028044304688410817,d7ced2e124c949ccac1a6f2c379e985d,static_m4_calibration_event_phasegate4to2_r00_a01,85708,9.628162864828482,"{'attempts': [{'attempt': 0, 'deviation': -0.0006334785032949819, 'median_ms': 1795.456396008376, 'passed': True, 'ratio': 0.999366521496705}], 'passed': True, 'reference_ms': 1796.5945000032661}",-0.0006334785032949819,-0.0006334785032949819,"{'attempts': [{'attempt': 0, 'deviation': -0.006441573766840514, 'median_ms': 1785.0216040023952, 'passed': True, 'ratio': 0.9935584262331595}], 'passed': True, 'reference_ms': 1796.5945000032661}",-0.006441573766840514,-0.006441573766840514,1,True,False,m4_calibration,valid,0,0,0,,[],679168,1789.3939860877929,False,1.0042993158958229,0.00027176645873171613,True,0.9996145064693596,"{'active_worker_log_present': True, 'completion_count_sufficient': True, 'decode_admission_zero': True, 'memory_clean': True, 'observer_clean': True, 'policy_cap_applied': True, 'queue_saturated': True, 'sentinel_clean': True, 'steady_duration_sufficient': True, 'token_data_clean': True, 'within_block_drift_clean': True}",201
1.2266692622153008,2.0,119104,280736,0.28304338011542673,1,0.0,12.046228928229537,1799.1402580089925,8,0.9898968269417948,120720,283552,0,2048,0.5209521935864647,1.0,1,0.993442192930684,0.013115614138632041,1.0,1.0,0.5078365794478327,705.1678245274741,0,353.3027338749962,8,1361002496,1332428800,True,,7859781632,8019623936,Mac mini,,False,0.28304338011542673,100,87,93,5.5,True,/Users/m1/.cache/huggingface/hub/models--mlx-community--Qwen2.5-1.5B-Instruct-4bit/snapshots/8b403126fc14f14cfc99bb4cfa72ecbc129ea677,1.2184472094949872,1.0140314577093203,"{'api': 'resource.getrusage(RUSAGE_SELF)', 'interval_s': 1.0, 'max_scheduling_delay_ms': 17.680125005426817, 'missed_intervals': 0, 'observed_rate_hz': 0.9999716182531763, 'sample_count': 354, 'subprocess_count': 0}",event,"{'active_never_negative': True, 'admissions_within_cap': True, 'admitted_queries': 413584, 'completed_queries': 413584, 'event_count': 91559, 'max_active_queries': 4, 'query_accounting_exact': True, 'sequence_exact': True, 'started_queries': 413584, 'timestamps_monotonic': True, 'token_events': 12800}",0,128,14.67769402253907,1824.3848184523813,160,True,24,0,0,1540.1904754638672,1360986112,1696.275540991337,4.806458004168235,phasegate2to1,phasegate,True,1.5145216560867367,2.0,2,0.9971911690354475,1580.1389997081437,"{'compressions_delta': 0, 'decompressions_delta': 0, 'experiment_rss_after_bytes': 54280192, 'experiment_rss_before_bytes': 54214656, 'headroom_after_bytes': 8904425472, 'headroom_before_bytes': 8926314496, 'idle_seconds': 2.0, 'memory_free_percent_after': 93, 'memory_free_percent_before': 93, 'minimum_headroom_gb': 3.0, 'observed_minimum_headroom_gb': 8.292892456054688, 'pageins_delta': 9, 'pageouts_delta': 0, 'pages_occupied_by_compressor_delta': 0, 'pages_stored_in_compressor_delta': 0, 'passed': True, 'swap_used_delta_bytes': 0, 'swapins_delta': 0, 'swapouts_delta': 0}",3710000011,3710500014,1.0,True,0,1361002496,"{'compressions_delta': 0, 'decompressions_delta': 0, 'experiment_rss_after_bytes': 1320779776, 'experiment_rss_before_bytes': 1320779776, 'headroom_after_bytes': 8013742080, 'headroom_before_bytes': 7817347072, 'idle_seconds': 2.0, 'memory_free_percent_after': 93, 'memory_free_percent_before': 90, 'minimum_headroom_gb': 3.0, 'observed_minimum_headroom_gb': 7.2804718017578125, 'pageins_delta': 4, 'pageouts_delta': 0, 'pages_occupied_by_compressor_delta': 0, 'pages_stored_in_compressor_delta': 0, 'passed': True, 'swap_used_delta_bytes': 0, 'swapins_delta': 0, 'swapouts_delta': 0}",5632.101499999408,10398.9151827991,1149.0328753397741,1138.9690181630792,0.9912414541022432,-0.02848589593062699,50e695cc1afe4bfabc06eef15d4e1aa2,static_m4_calibration_event_phasegate2to1_r00_a01,51370,12.618496097275056,"{'attempts': [{'attempt': 0, 'deviation': -0.0006000819904992127, 'median_ms': 1795.5163959995843, 'passed': True, 'ratio': 0.9993999180095008}], 'passed': True, 'reference_ms': 1796.5945000032661}",-0.0006000819904992127,-0.0006000819904992127,"{'attempts': [{'attempt': 0, 'deviation': -5.613648920987924e-05, 'median_ms': 1796.4936454955023, 'passed': True, 'ratio': 0.9999438635107901}], 'passed': True, 'reference_ms': 1796.5945000032661}",-5.613648920987924e-05,-5.613648920987924e-05,1,True,False,m4_calibration,valid,0,0,0,,[],404736,1145.5784549439736,False,0.9994219385435107,-0.00035786661934579175,True,1.0004177539794483,"{'active_worker_log_present': True, 'completion_count_sufficient': True, 'decode_admission_zero': True, 'memory_clean': True, 'observer_clean': True, 'policy_cap_applied': True, 'queue_saturated': True, 'sentinel_clean': True, 'steady_duration_sufficient': True, 'token_data_clean': True, 'within_block_drift_clean': True}",301
3.497061249742215,4.0,471008,453968,0.2313368581028482,1,0.0,12.046228928229537,1799.1402580089925,8,0.0,470992,453984,0,2048,3.4968328237698687,4.0,4,1.0,0.0,0.0,0.0,1.0,1946.0449273671009,0,432.27007066700025,8,1399652352,1332969472,True,4,7848804352,8102313984,Mac mini,,False,0.2313368581028482,100,87,93,5.5,True,/Users/m1/.cache/huggingface/hub/models--mlx-community--Qwen2.5-1.5B-Instruct-4bit/snapshots/8b403126fc14f14cfc99bb4cfa72ecbc129ea677,1.6673340351737977,1.071536375950142,"{'api': 'resource.getrusage(RUSAGE_SELF)', 'interval_s': 1.0, 'max_scheduling_delay_ms': 11.366708000423387, 'missed_intervals': 0, 'observed_rate_hz': 0.9999861020450186, 'sample_count': 433, 'subprocess_count': 0}",event,"{'active_never_negative': True, 'admissions_within_cap': True, 'admitted_queries': 934464, 'completed_queries': 934464, 'event_count': 189311, 'max_active_queries': 4, 'query_accounting_exact': True, 'sequence_exact': True, 'started_queries': 934464, 'timestamps_monotonic': True, 'token_events': 12800}",0,128,20.085087487532288,1927.8442318929592,174,False,0,0,0,1540.1904754638672,1399586816,2504.6016669948585,1210.7633749983506,fixed4,fixed,True,3.4964166184793846,4.0,4,1.0,2411.943352840022,"{'compressions_delta': 0, 'decompressions_delta': 0, 'experiment_rss_after_bytes': 54427648, 'experiment_rss_before_bytes': 54362112, 'headroom_after_bytes': 8778399744, 'headroom_before_bytes': 8923709440, 'idle_seconds': 2.0, 'memory_free_percent_after': 92, 'memory_free_percent_before': 93, 'minimum_headroom_gb': 3.0, 'observed_minimum_headroom_gb': 8.175521850585938, 'pageins_delta': 75, 'pageouts_delta': 0, 'pages_occupied_by_compressor_delta': 0, 'pages_stored_in_compressor_delta': 0, 'passed': True, 'swap_used_delta_bytes': 0, 'swapins_delta': 0, 'swapouts_delta': 0}",3710000011,3710500014,1.0,False,0,1399652352,"{'compressions_delta': 0, 'decompressions_delta': 0, 'experiment_rss_after_bytes': 1321107456, 'experiment_rss_before_bytes': 1321107456, 'headroom_after_bytes': 8085192704, 'headroom_before_bytes': 7336738816, 'idle_seconds': 2.0, 'memory_free_percent_after': 93, 'memory_free_percent_before': 86, 'minimum_headroom_gb': 3.0, 'observed_minimum_headroom_gb': 6.8328704833984375, 'pageins_delta': 4, 'pageouts_delta': 0, 'pages_occupied_by_compressor_delta': 0, 'pages_stored_in_compressor_delta': 0, 'passed': True, 'swap_used_delta_bytes': 0, 'swapins_delta': 0, 'swapouts_delta': 0}",7639.578271002392,7788.543233946257,2142.8923953851804,2138.346530378955,0.9978786312294471,-0.010516306511030436,98cd2da51d60433c9eeadafd99c1b3fc,static_m4_calibration_event_fixed4_r00_a01,116376,0.38036706973798573,"{'attempts': [{'attempt': 0, 'deviation': -9.059974343650357e-05, 'median_ms': 1796.4317290025065, 'passed': True, 'ratio': 0.9999094002565635}], 'passed': True, 'reference_ms': 1796.5945000032661}",-9.059974343650357e-05,-9.059974343650357e-05,"{'attempts': [{'attempt': 0, 'deviation': -0.000345109040786884, 'median_ms': 1795.9744789986871, 'passed': True, 'ratio': 0.9996548909592131}], 'passed': True, 'reference_ms': 1796.5945000032661}",-0.000345109040786884,-0.000345109040786884,1,True,False,m4_calibration,valid,0,0,0,,[],925152,2140.217569475662,False,1.0021525910371516,0.0004396521424997074,True,1.01244609845459,"{'active_worker_log_present': True, 'completion_count_sufficient': True, 'decode_admission_zero': True, 'memory_clean': True, 'observer_clean': True, 'policy_cap_applied': True, 'queue_saturated': True, 'sentinel_clean': True, 'steady_duration_sufficient': True, 'token_data_clean': True, 'within_block_drift_clean': True}",1
1.5162346672587002,2.0,0,276032,0.280945914425282,1,0.0,12.046228928229537,1799.1402580089925,8,0.9834323139257368,3200,279184,0,2048,1.2413793103448276,2.0,0,0.7536945812807881,0.7487684729064039,2.0,1.6578947368421053,0.7487684729064039,1979.9599737600986,0,355.94039587500447,8,1360019456,1332428800,True,,7869497344,8045445120,Mac mini,policy_cap_applied,False,0.280945914425282,100,87,93,5.5,True,/Users/m1/.cache/huggingface/hub/models--mlx-community--Qwen2.5-1.5B-Instruct-4bit/snapshots/8b403126fc14f14cfc99bb4cfa72ecbc129ea677,1.2605142705203807,1.0013794808254324,"{'api': 'resource.getrusage(RUSAGE_SELF)', 'interval_s': 1.0, 'max_scheduling_delay_ms': 23.033082994516008, 'missed_intervals': 0, 'observed_rate_hz': 0.9999717104256984, 'sample_count': 356, 'subprocess_count': 0}",event,"{'active_never_negative': True, 'admissions_within_cap': True, 'admitted_queries': 291792, 'completed_queries': 291792, 'event_count': 68634, 'max_active_queries': 4, 'query_accounting_exact': True, 'sequence_exact': True, 'started_queries': 291792, 'timestamps_monotonic': True, 'token_events': 12800}",0,128,15.184443469988762,1801.6221374971792,222,True,13,0,0,1540.1904754638672,1360019456,26.81658299115952,0.10747899796115234,phasegate2to0,phasegate,True,1.5170563215437756,2.0,2,0.9971453855156861,1576.503988206577,"{'compressions_delta': 0, 'decompressions_delta': 0, 'experiment_rss_after_bytes': 54525952, 'experiment_rss_before_bytes': 54460416, 'headroom_after_bytes': 8913567744, 'headroom_before_bytes': 8913879040, 'idle_seconds': 2.0, 'memory_free_percent_after': 93, 'memory_free_percent_before': 93, 'minimum_headroom_gb': 3.0, 'observed_minimum_headroom_gb': 8.301406860351562, 'pageins_delta': 4, 'pageouts_delta': 0, 'pages_occupied_by_compressor_delta': 0, 'pages_stored_in_compressor_delta': 0, 'passed': True, 'swap_used_delta_bytes': 0, 'swapins_delta': 0, 'swapouts_delta': 0}",3710000011,3710500014,1.0,True,0,1360019456,"{'compressions_delta': 0, 'decompressions_delta': 0, 'experiment_rss_after_bytes': 1320681472, 'experiment_rss_before_bytes': 1320681472, 'headroom_after_bytes': 8028520448, 'headroom_before_bytes': 7264911360, 'idle_seconds': 2.0, 'memory_free_percent_after': 93, 'memory_free_percent_before': 86, 'minimum_headroom_gb': 3.0, 'observed_minimum_headroom_gb': 6.7659759521484375, 'pageins_delta': 4, 'pageouts_delta': 0, 'pages_occupied_by_compressor_delta': 0, 'pages_stored_in_compressor_delta': 0, 'passed': True, 'swap_used_delta_bytes': 0, 'swapins_delta': 0, 'swapouts_delta': 0}",10549.527437506185,10635.80264199918,797.0645243341639,785.7672358989801,0.9858263815660079,-0.03173948019634286,4182b0a97eb74af98999aee946b67b79,static_m4_calibration_event_phasegate2to0_r00_a01,36034,17.05113600473851,"{'attempts': [{'attempt': 0, 'deviation': -0.001911799799937941, 'median_ms': 1793.1597709975904, 'passed': True, 'ratio': 0.9980882002000621}], 'passed': True, 'reference_ms': 1796.5945000032661}",-0.001911799799937941,-0.001911799799937941,"{'attempts': [{'attempt': 0, 'deviation': -0.00033996013283044135, 'median_ms': 1795.9837294984027, 'passed': True, 'ratio': 0.9996600398671696}], 'passed': True, 'reference_ms': 1796.5945000032661}",-0.00033996013283044135,-0.00033996013283044135,1,True,False,m4_calibration,invalid,0,0,0,,[],282512,793.7059217611527,False,1.0002020330090655,-0.00035176810169747235,True,1.0028414234205958,"{'active_worker_log_present': True, 'completion_count_sufficient': True, 'decode_admission_zero': True, 'memory_clean': True, 'observer_clean': True, 'policy_cap_applied': False, 'queue_saturated': True, 'sentinel_clean': True, 'steady_duration_sufficient': True, 'token_data_clean': True, 'within_block_drift_clean': True}",301
3.462954986000431,4.0,0,433600,0.27676744817032184,4,0.0,12.046228928229537,1799.1402580089925,8,0.010768899418479432,6400,433600,0,2048,2.3333333333333335,4.0,0,0.9977034320263546,0.8333333333333334,4.0,2.8,0.8333333333333334,2784.135834124291,0,361.3141670420009,8,1376190464,1333526528,True,,7862894592,8047509504,Mac mini,,False,0.27676744817032184,100,87,93,5.5,True,/Users/m1/.cache/huggingface/hub/models--mlx-community--Qwen2.5-1.5B-Instruct-4bit/snapshots/8b403126fc14f14cfc99bb4cfa72ecbc129ea677,1.2566950820292642,1.027329459565633,"{'api': 'resource.getrusage(RUSAGE_SELF)', 'interval_s': 1.0, 'max_scheduling_delay_ms': 18.878750008298084, 'missed_intervals': 0, 'observed_rate_hz': 0.9999919869063286, 'sample_count': 362, 'subprocess_count': 0}",event,"{'active_never_negative': True, 'admissions_within_cap': True, 'admitted_queries': 449360, 'completed_queries': 449360, 'event_count': 98198, 'max_active_queries': 4, 'query_accounting_exact': True, 'sequence_exact': True, 'started_queries': 449360, 'timestamps_monotonic': True, 'token_events': 12800}",0,128,15.138436651104712,1848.309788943152,210,True,23,0,0,1540.1904754638672,1376108544,30.66908399341628,9.015916504722554,phasegate4to0,phasegate,True,3.4951573849878934,4.0,4,1.0,2391.4512483014764,"{'compressions_delta': 0, 'decompressions_delta': 0, 'experiment_rss_after_bytes': 54509568, 'experiment_rss_before_bytes': 54444032, 'headroom_after_bytes': 8927920128, 'headroom_before_bytes': 8926314496, 'idle_seconds': 2.0, 'memory_free_percent_after': 93, 'memory_free_percent_before': 93, 'minimum_headroom_gb': 3.0, 'observed_minimum_headroom_gb': 8.313278198242188, 'pageins_delta': 6, 'pageouts_delta': 0, 'pages_occupied_by_compressor_delta': 0, 'pages_stored_in_compressor_delta': 0, 'passed': True, 'swap_used_delta_bytes': 0, 'swapins_delta': 0, 'swapouts_delta': 0}",3710000011,3710500014,1.0,True,0,1376190464,"{'compressions_delta': 0, 'decompressions_delta': 0, 'experiment_rss_after_bytes': 1321811968, 'experiment_rss_before_bytes': 1321811968, 'headroom_after_bytes': 8037629952, 'headroom_before_bytes': 7811743744, 'idle_seconds': 2.0, 'memory_free_percent_after': 93, 'memory_free_percent_before': 89, 'minimum_headroom_gb': 3.0, 'observed_minimum_headroom_gb': 7.2752532958984375, 'pageins_delta': 4, 'pageouts_delta': 0, 'pages_occupied_by_compressor_delta': 0, 'pages_stored_in_compressor_delta': 0, 'passed': True, 'swap_used_delta_bytes': 0, 'swapins_delta': 0, 'swapouts_delta': 0}",13933.39572900004,14022.616512499371,1226.0249802629776,1204.535976592815,0.9824726216707645,-0.05947499173436948,23824528fe214d3d86475208108b7e2d,static_m4_calibration_event_phasegate4to0_r00_a04,55716,10.793339009978808,"{'attempts': [{'attempt': 0, 'deviation': -0.00045465630090302245, 'median_ms': 1795.777666993672, 'passed': True, 'ratio': 0.999545343699097}], 'passed': True, 'reference_ms': 1796.5945000032661}",-0.00045465630090302245,-0.00045465630090302245,"{'attempts': [{'attempt': 0, 'deviation': -0.06640340906280906, 'median_ms': 1677.2945004995563, 'passed': False, 'ratio': 0.9335965909371909}, {'attempt': 1, 'deviation': -0.06568831809704012, 'median_ms': 1678.579228995659, 'passed': False, 'ratio': 0.9343116819029599}, {'attempt': 'post_conditioning', 'deviation': -6.935566005117355e-05, 'median_ms': 1796.469896005874, 'passed': True, 'ratio': 0.9999306443399488}], 'in_process_conditioning': {'duration_s': 120.24767675000476, 'median_ms': 1796.4682500023628, 'rolling_values_ms': [1796.7636669927742, 1796.4682500023628, 1796.1730840033852, 1796.4333339914447, 1796.6617080091964]}, 'passed': True, 'reference_ms': 1796.5945000032661}",-6.935566005117355e-05,-0.06640340906280906,1,True,False,m4_calibration,valid,0,0,0,,[],440128,1218.131034283074,False,1.0042141168058591,0.00028501893122989707,True,0.9969125540217997,"{'active_worker_log_present': True, 'completion_count_sufficient': True, 'decode_admission_zero': True, 'memory_clean': True, 'observer_clean': True, 'policy_cap_applied': True, 'queue_saturated': True, 'sentinel_clean': True, 'steady_duration_sufficient': True, 'token_data_clean': True, 'within_block_drift_clean': True}",201
0.5023771336922901,1.0,119328,156528,0.28461727106804735,1,0.0,12.046228928229537,1799.1402580089925,8,1.0,119328,156528,0,2048,0.5013266118333776,1.0,1,1.0,0.0,0.0,0.0,0.5013266118333776,697.7773383266044,0,351.3490225830028,8,1352597504,1333559296,True,1,7867645952,8182677504,Mac mini,,False,0.28461727106804735,100,87,93,5.5,True,/Users/m1/.cache/huggingface/hub/models--mlx-community--Qwen2.5-1.5B-Instruct-4bit/snapshots/8b403126fc14f14cfc99bb4cfa72ecbc129ea677,1.2129418512245924,1.0070035679247658,"{'api': 'resource.getrusage(RUSAGE_SELF)', 'interval_s': 1.0, 'max_scheduling_delay_ms': 10.50079200649634, 'missed_intervals': 0, 'observed_rate_hz': 0.9999714215204452, 'sample_count': 352, 'subprocess_count': 0}",event,"{'active_never_negative': True, 'admissions_within_cap': True, 'admitted_queries': 281792, 'completed_queries': 281792, 'event_count': 66458, 'max_active_queries': 4, 'query_accounting_exact': True, 'sequence_exact': True, 'started_queries': 281792, 'timestamps_monotonic': True, 'token_events': 12800}",0,128,14.611375216481973,1811.740659012139,203,True,5,0,0,1540.1904754638672,1352581120,1720.2391250029905,2.9525204954552464,fixed1,fixed,True,0.5006585612968592,1.0,1,1.0,881.6264904184807,"{'compressions_delta': 0, 'decompressions_delta': 0, 'experiment_rss_after_bytes': 54706176, 'experiment_rss_before_bytes': 54640640, 'headroom_after_bytes': 8801746944, 'headroom_before_bytes': 8943566848, 'idle_seconds': 2.0, 'memory_free_percent_after': 92, 'memory_free_percent_before': 93, 'minimum_headroom_gb': 3.0, 'observed_minimum_headroom_gb': 8.197265625, 'pageins_delta': 4, 'pageouts_delta': 0, 'pages_occupied_by_compressor_delta': 0, 'pages_stored_in_compressor_delta': 0, 'passed': True, 'swap_used_delta_bytes': 0, 'swapins_delta': 0, 'swapouts_delta': 0}",3710000011,3710500014,1.0,True,0,1352597504,"{'compressions_delta': 0, 'decompressions_delta': 0, 'experiment_rss_after_bytes': 1322254336, 'experiment_rss_before_bytes': 1322254336, 'headroom_after_bytes': 8171683840, 'headroom_before_bytes': 7864074240, 'idle_seconds': 2.0, 'memory_free_percent_after': 93, 'memory_free_percent_before': 89, 'minimum_headroom_gb': 3.0, 'observed_minimum_headroom_gb': 7.3239898681640625, 'pageins_delta': 4, 'pageouts_delta': 0, 'pages_occupied_by_compressor_delta': 0, 'pages_stored_in_compressor_delta': 0, 'passed': True, 'swap_used_delta_bytes': 0, 'swapins_delta': 0, 'swapouts_delta': 0}",5218.634500008193,5397.491437697317,786.8922261333026,783.6615165970726,0.9958943430511376,-0.009195347609302032,3f0f75fa808b461d8a9fa18cd03ff6fc,static_m4_calibration_event_fixed1_r00_a01,34916,0.2195110428147018,"{'attempts': [{'attempt': 0, 'deviation': 0.0007041218813810257, 'median_ms': 1797.8595215026871, 'passed': True, 'ratio': 1.000704121881381}], 'passed': True, 'reference_ms': 1796.5945000032661}",0.0007041218813810257,0.0007041218813810257,"{'attempts': [{'attempt': 0, 'deviation': -0.0002710800924797807, 'median_ms': 1796.1074790000566, 'passed': True, 'ratio': 0.9997289199075202}], 'passed': True, 'reference_ms': 1796.5945000032661}",-0.0002710800924797807,-0.0002710800924797807,1,True,False,m4_calibration,valid,0,0,0,,[],275904,785.2704355675853,False,1.0073838037642155,0.0006634882871870125,True,1.0062663619593593,"{'active_worker_log_present': True, 'completion_count_sufficient': True, 'decode_admission_zero': True, 'memory_clean': True, 'observer_clean': True, 'policy_cap_applied': True, 'queue_saturated': True, 'sentinel_clean': True, 'steady_duration_sufficient': True, 'token_data_clean': True, 'within_block_drift_clean': True}",1
1.4995059746194461,2.0,231280,282464,0.268285784222834,1,0.0,12.046228928229537,1799.1402580089925,8,1.0,231280,282464,0,2048,1.4990729295426453,2.0,2,1.0,0.0,0.0,0.0,0.9996566405713501,1210.9730470721488,0,372.73685704100353,8,1367212032,1333624832,True,2,7869841408,8061829120,Mac mini,,False,0.268285784222834,100,87,93,5.5,True,/Users/m1/.cache/huggingface/hub/models--mlx-community--Qwen2.5-1.5B-Instruct-4bit/snapshots/8b403126fc14f14cfc99bb4cfa72ecbc129ea677,1.3254141688987098,1.0153238851834383,"{'api': 'resource.getrusage(RUSAGE_SELF)', 'interval_s': 1.0, 'max_scheduling_delay_ms': 10.720332997152582, 'missed_intervals': 0, 'observed_rate_hz': 0.9999730272732662, 'sample_count': 373, 'subprocess_count': 0}",event,"{'active_never_negative': True, 'admissions_within_cap': True, 'admitted_queries': 521632, 'completed_queries': 521632, 'event_count': 111603, 'max_active_queries': 4, 'query_accounting_exact': True, 'sequence_exact': True, 'started_queries': 521632, 'timestamps_monotonic': True, 'token_events': 12800}",0,128,15.966242503272948,1826.710076751624,226,True,11,0,0,1540.1904754638672,1367179264,1999.389208998764,949.968312997953,fixed2,fixed,True,1.4984527091655881,2.0,2,1.0,1572.4004939221313,"{'compressions_delta': 0, 'decompressions_delta': 0, 'experiment_rss_after_bytes': 54738944, 'experiment_rss_before_bytes': 54673408, 'headroom_after_bytes': 8931377152, 'headroom_before_bytes': 8952922112, 'idle_seconds': 2.0, 'memory_free_percent_after': 93, 'memory_free_percent_before': 93, 'minimum_headroom_gb': 3.0, 'observed_minimum_headroom_gb': 8.3179931640625, 'pageins_delta': 22, 'pageouts_delta': 0, 'pages_occupied_by_compressor_delta': 0, 'pages_stored_in_compressor_delta': 0, 'passed': True, 'swap_used_delta_bytes': 0, 'swapins_delta': 0, 'swapouts_delta': 0}",3710000011,3710500014,1.0,True,0,1367212032,"{'compressions_delta': 0, 'decompressions_delta': 0, 'experiment_rss_after_bytes': 1322205184, 'experiment_rss_before_bytes': 1322205184, 'headroom_after_bytes': 8056406016, 'headroom_before_bytes': 7287668736, 'idle_seconds': 2.0, 'memory_free_percent_after': 93, 'memory_free_percent_before': 86, 'minimum_headroom_gb': 3.0, 'observed_minimum_headroom_gb': 6.78717041015625, 'pageins_delta': 4, 'pageouts_delta': 0, 'pages_occupied_by_compressor_delta': 0, 'pages_stored_in_compressor_delta': 0, 'passed': True, 'swap_used_delta_bytes': 0, 'swapins_delta': 0, 'swapouts_delta': 0}",5943.609875503171,6128.059187249164,1378.2023847428504,1378.4820574537387,1.0002029257197522,0.0007503239766267971,d422c52e8d634f59bc476fe5929a9378,static_m4_calibration_event_fixed2_r00_a01,64774,0.247325879172422,"{'attempts': [{'attempt': 0, 'deviation': -0.00022852263259121042, 'median_ms': 1796.1839374984265, 'passed': True, 'ratio': 0.9997714773674088}], 'passed': True, 'reference_ms': 1796.5945000032661}",-0.00022852263259121042,-0.00022852263259121042,"{'attempts': [{'attempt': 0, 'deviation': -0.0003026094655584899, 'median_ms': 1796.0508335017948, 'passed': True, 'ratio': 0.9996973905344415}], 'passed': True, 'reference_ms': 1796.5945000032661}",-0.0003026094655584899,-0.0003026094655584899,1,True,False,m4_calibration,valid,0,0,0,,[],513840,1378.5596736506102,False,0.9978154594496665,-6.254100704255818e-05,True,0.9993027847914692,"{'active_worker_log_present': True, 'completion_count_sufficient': True, 'decode_admission_zero': True, 'memory_clean': True, 'observer_clean': True, 'policy_cap_applied': True, 'queue_saturated': True, 'sentinel_clean': True, 'steady_duration_sufficient': True, 'token_data_clean': True, 'within_block_drift_clean': True}",1
3.4969526407569194,4.0,469792,450784,0.23200389656867582,1,0.0,12.046228928229537,1799.1402580089925,8,0.0,469776,450800,0,2048,3.4973492098443404,4.0,4,1.0,0.0,0.0,0.0,1.0,1943.1690335717528,0,431.0272434170038,8,1398964224,1333641216,True,4,7863943168,7954726912,Mac mini,,False,0.23200389656867582,100,87,92,5.5,True,/Users/m1/.cache/huggingface/hub/models--mlx-community--Qwen2.5-1.5B-Instruct-4bit/snapshots/8b403126fc14f14cfc99bb4cfa72ecbc129ea677,1.6896260393726232,1.0655336301950014,"{'api': 'resource.getrusage(RUSAGE_SELF)', 'interval_s': 1.0, 'max_scheduling_delay_ms': 16.57658400654327, 'missed_intervals': 0, 'observed_rate_hz': 0.999976657252585, 'sample_count': 432, 'subprocess_count': 0}",event,"{'active_never_negative': True, 'admissions_within_cap': True, 'admitted_queries': 930112, 'completed_queries': 930112, 'event_count': 188487, 'max_active_queries': 4, 'query_accounting_exact': True, 'sequence_exact': True, 'started_queries': 930112, 'timestamps_monotonic': True, 'token_events': 12800}",0,128,20.353622073380393,1917.0444503462932,220,True,1,0,0,1540.1904754638672,1398964224,2496.504750000895,1208.9581464970252,fixed4,fixed,True,3.4956511000158783,4.0,4,1.0,2406.9045634282666,"{'compressions_delta': 0, 'decompressions_delta': 0, 'experiment_rss_after_bytes': 54362112, 'experiment_rss_before_bytes': 54296576, 'headroom_after_bytes': 8932982784, 'headroom_before_bytes': 8928870400, 'idle_seconds': 2.0, 'memory_free_percent_after': 93, 'memory_free_percent_before': 93, 'minimum_headroom_gb': 3.0, 'observed_minimum_headroom_gb': 8.315658569335938, 'pageins_delta': 4, 'pageouts_delta': 0, 'pages_occupied_by_compressor_delta': 0, 'pages_stored_in_compressor_delta': 0, 'passed': True, 'swap_used_delta_bytes': 0, 'swapins_delta': 0, 'swapouts_delta': 0}",3710010018,3710510021,1.0,False,1,1398964224,"{'compressions_delta': 0, 'decompressions_delta': 0, 'experiment_rss_after_bytes': 1321877504, 'experiment_rss_before_bytes': 1321877504, 'headroom_after_bytes': 8037285888, 'headroom_before_bytes': 7803633664, 'idle_seconds': 2.0, 'memory_free_percent_after': 93, 'memory_free_percent_before': 89, 'minimum_headroom_gb': 3.0, 'observed_minimum_headroom_gb': 7.2677001953125, 'pageins_delta': 4, 'pageouts_delta': 0, 'pages_occupied_by_compressor_delta': 0, 'pages_stored_in_compressor_delta': 0, 'passed': True, 'swap_used_delta_bytes': 0, 'swapins_delta': 0, 'swapouts_delta': 0}",7663.557937499718,7789.373781240283,2138.4686734572792,2134.8463766893688,0.9983061258680707,-0.008403902548664603,ce7d38230ff2486b8f0fb39ae5566b6d,static_m4_calibration_event_fixed4_r01_a01,115838,0.4002867790404707,"{'attempts': [{'attempt': 0, 'deviation': -0.0004084349603101778, 'median_ms': 1795.8607079999638, 'passed': True, 'ratio': 0.9995915650396898}], 'passed': True, 'reference_ms': 1796.5945000032661}",-0.0004084349603101778,-0.0004084349603101778,"{'attempts': [{'attempt': 0, 'deviation': -0.001233375143815607, 'median_ms': 1794.3786250034464, 'passed': True, 'ratio': 0.9987666248561844}], 'passed': True, 'reference_ms': 1796.5945000032661}",-0.001233375143815607,-0.001233375143815607,1,True,False,m4_calibration,valid,0,0,0,,[],920880,2136.477482721622,False,0.9996729033302669,0.0003230958280631093,True,1.0119667303376672,"{'active_worker_log_present': True, 'completion_count_sufficient': True, 'decode_admission_zero': True, 'memory_clean': True, 'observer_clean': True, 'policy_cap_applied': True, 'queue_saturated': True, 'sentinel_clean': True, 'steady_duration_sufficient': True, 'token_data_clean': True, 'within_block_drift_clean': True}",1
1.5161200667037242,2.0,0,275584,0.28101200728639525,1,0.0,12.046228928229537,1799.1402580089925,8,0.9833796553640911,3200,278752,0,2048,1.2376237623762376,2.0,0,0.99602704683344,0.7425742574257426,2.0,1.6666666666666667,0.7425742574257426,2036.065940680724,0,355.8566801669949,8,1360297984,1333706752,True,,7880015872,8047017984,Mac mini,,False,0.28101200728639525,100,87,93,5.5,True,/Users/m1/.cache/huggingface/hub/models--mlx-community--Qwen2.5-1.5B-Instruct-4bit/snapshots/8b403126fc14f14cfc99bb4cfa72ecbc129ea677,1.265299634933467,0.9988854364160287,"{'api': 'resource.getrusage(RUSAGE_SELF)', 'interval_s': 1.0, 'max_scheduling_delay_ms': 14.289958999142982, 'missed_intervals': 0, 'observed_rate_hz': 0.9999717084286328, 'sample_count': 356, 'subprocess_count': 0}",event,"{'active_never_negative': True, 'admissions_within_cap': True, 'admitted_queries': 291264, 'completed_queries': 291264, 'event_count': 68535, 'max_active_queries': 4, 'query_accounting_exact': True, 'sequence_exact': True, 'started_queries': 291264, 'timestamps_monotonic': True, 'token_events': 12800}",0,128,15.242089065213802,1797.135001794959,178,False,0,0,0,1540.1904754638672,1360199680,25.203124998370185,0.5228750014794059,phasegate2to0,phasegate,True,1.5168963348390416,2.0,2,0.9999610944866342,1578.638800975109,"{'compressions_delta': 0, 'decompressions_delta': 0, 'experiment_rss_after_bytes': 54345728, 'experiment_rss_before_bytes': 54280192, 'headroom_after_bytes': 8923414528, 'headroom_before_bytes': 8923873280, 'idle_seconds': 2.0, 'memory_free_percent_after': 93, 'memory_free_percent_before': 93, 'minimum_headroom_gb': 3.0, 'observed_minimum_headroom_gb': 8.310577392578125, 'pageins_delta': 4, 'pageouts_delta': 0, 'pages_occupied_by_compressor_delta': 0, 'pages_stored_in_compressor_delta': 0, 'passed': True, 'swap_used_delta_bytes': 0, 'swapins_delta': 0, 'swapouts_delta': 0}",3710010018,3710510021,1.0,True,1,1360297984,"{'compressions_delta': 0, 'decompressions_delta': 0, 'experiment_rss_after_bytes': 1321910272, 'experiment_rss_before_bytes': 1321910272, 'headroom_after_bytes': 8030863360, 'headroom_before_bytes': 7287324672, 'idle_seconds': 2.0, 'memory_free_percent_after': 93, 'memory_free_percent_before': 87, 'minimum_headroom_gb': 3.0, 'observed_minimum_headroom_gb': 6.7868499755859375, 'pageins_delta': 4, 'pageouts_delta': 0, 'pages_occupied_by_compressor_delta': 0, 'pages_stored_in_compressor_delta': 0, 'passed': True, 'swap_used_delta_bytes': 0, 'swapins_delta': 0, 'swapouts_delta': 0}",10552.092687496042,10673.065078852233,797.7365630768545,783.5312024704375,0.9821929177326069,-0.03992078115691986,f156b50ddb5c4263aa52bfd360a64c63,static_m4_calibration_event_phasegate2to0_r01_a01,35980,17.130086227552965,"{'attempts': [{'attempt': 0, 'deviation': -0.001511319892072982, 'median_ms': 1793.8792709974223, 'passed': True, 'ratio': 0.998488680107927}], 'passed': True, 'reference_ms': 1796.5945000032661}",-0.001511319892072982,-0.001511319892072982,"{'attempts': [{'attempt': 0, 'deviation': -0.000544722807269471, 'median_ms': 1795.6158540036995, 'passed': True, 'ratio': 0.9994552771927305}], 'passed': True, 'reference_ms': 1796.5945000032661}",-0.000544722807269471,-0.000544722807269471,1,True,False,m4_calibration,valid,0,0,0,,[],282080,792.6786701534637,False,1.003814542532591,0.0004807311888894719,True,1.003045672653714,"{'active_worker_log_present': True, 'completion_count_sufficient': True, 'decode_admission_zero': True, 'memory_clean': True, 'observer_clean': True, 'policy_cap_applied': True, 'queue_saturated': True, 'sentinel_clean': True, 'steady_duration_sufficient': True, 'token_data_clean': True, 'within_block_drift_clean': True}",301
1.2260532668795265,2.0,119088,280800,0.2830197426151936,1,0.0,12.046228928229537,1799.1402580089925,8,0.9901098045323573,120704,283616,0,2048,0.5210861153013707,1.0,1,0.9999638192202999,0.013117334557617892,1.0,1.0,0.5079687807437528,704.935600025404,0,353.33224133400654,8,1367654400,1333919744,True,,7878541312,8066711552,Mac mini,,False,0.2830197426151936,100,87,93,5.5,True,/Users/m1/.cache/huggingface/hub/models--mlx-community--Qwen2.5-1.5B-Instruct-4bit/snapshots/8b403126fc14f14cfc99bb4cfa72ecbc129ea677,1.1572319530437214,1.016123042525933,"{'api': 'resource.getrusage(RUSAGE_SELF)', 'interval_s': 1.0, 'max_scheduling_delay_ms': 10.6981670105597, 'missed_intervals': 0, 'observed_rate_hz': 0.9999715853201464, 'sample_count': 354, 'subprocess_count': 0}",event,"{'active_never_negative': True, 'admissions_within_cap': True, 'admitted_queries': 413408, 'completed_queries': 413408, 'event_count': 91526, 'max_active_queries': 4, 'query_accounting_exact': True, 'sequence_exact': True, 'started_queries': 413408, 'timestamps_monotonic': True, 'token_events': 12800}",0,128,13.940281029426842,1828.1478728989896,44,False,0,0,0,1540.1904754638672,1367588864,1614.5635419961764,5.536374999792315,phasegate2to1,phasegate,True,1.514349901713002,2.0,2,0.9999747619151685,1579.7803188066887,"{'compressions_delta': 0, 'decompressions_delta': 0, 'experiment_rss_after_bytes': 54771712, 'experiment_rss_before_bytes': 54706176, 'headroom_after_bytes': 8957067264, 'headroom_before_bytes': 8962801664, 'idle_seconds': 2.0, 'memory_free_percent_after': 93, 'memory_free_percent_before': 93, 'minimum_headroom_gb': 3.0, 'observed_minimum_headroom_gb': 8.3419189453125, 'pageins_delta': 69, 'pageouts_delta': 0, 'pages_occupied_by_compressor_delta': 0, 'pages_stored_in_compressor_delta': 0, 'passed': True, 'swap_used_delta_bytes': 0, 'swapins_delta': 0, 'swapouts_delta': 0}",3710010018,3710510021,1.0,True,1,1367654400,"{'compressions_delta': 0, 'decompressions_delta': 0, 'experiment_rss_after_bytes': 1322172416, 'experiment_rss_before_bytes': 1322172416, 'headroom_after_bytes': 8051703808, 'headroom_before_bytes': 7821688832, 'idle_seconds': 2.0, 'memory_free_percent_after': 93, 'memory_free_percent_before': 89, 'minimum_headroom_gb': 3.0, 'observed_minimum_headroom_gb': 7.284515380859375, 'pageins_delta': 4, 'pageouts_delta': 0, 'pages_occupied_by_compressor_delta': 0, 'pages_stored_in_compressor_delta': 0, 'passed': True, 'swap_used_delta_bytes': 0, 'swapins_delta': 0, 'swapouts_delta': 0}",5628.514125011861,10408.46349139465,1147.1708113699742,1139.6476588476276,0.9934419944721551,-0.021292129526283822,78e9680f049b4bcc8934987dbd50cbe7,static_m4_calibration_event_phasegate2to1_r01_a01,51364,12.991663941647857,"{'attempts': [{'attempt': 0, 'deviation': 0.00020203752311598322, 'median_ms': 1796.9574795060907, 'passed': True, 'ratio': 1.000202037523116}], 'passed': True, 'reference_ms': 1796.5945000032661}",0.00020203752311598322,0.00020203752311598322,"{'attempts': [{'attempt': 0, 'deviation': -0.00347509301342952, 'median_ms': 1790.351167008339, 'passed': True, 'ratio': 0.9965249069865705}], 'passed': True, 'reference_ms': 1796.5945000032661}",-0.00347509301342952,-0.00347509301342952,1,True,False,m4_calibration,valid,0,0,0,,[],404688,1145.3469359945748,False,0.9959669410677293,-0.00025141628526526195,True,0.9993903938689709,"{'active_worker_log_present': True, 'completion_count_sufficient': True, 'decode_admission_zero': True, 'memory_clean': True, 'observer_clean': True, 'policy_cap_applied': True, 'queue_saturated': True, 'sentinel_clean': True, 'steady_duration_sufficient': True, 'token_data_clean': True, 'within_block_drift_clean': True}",301
3.464132897055122,4.0,0,432896,0.2773084745882372,1,0.0,12.046228928229537,1799.1402580089925,8,0.010859012620905398,6400,432848,0,2048,2.3311258278145695,4.0,0,0.9977101249086546,0.8344370860927153,4.0,2.7936507936507935,0.8344370860927153,2751.696670029811,0,360.6092462499946,8,1369997312,1333624832,True,,7878213632,8174829568,Mac mini,,False,0.2773084745882372,100,87,93,5.5,True,/Users/m1/.cache/huggingface/hub/models--mlx-community--Qwen2.5-1.5B-Instruct-4bit/snapshots/8b403126fc14f14cfc99bb4cfa72ecbc129ea677,1.2709135130761358,1.02379769878876,"{'api': 'resource.getrusage(RUSAGE_SELF)', 'interval_s': 1.0, 'max_scheduling_delay_ms': 12.583582996740006, 'missed_intervals': 0, 'observed_rate_hz': 0.9999721228854893, 'sample_count': 361, 'subprocess_count': 0}",event,"{'active_never_negative': True, 'admissions_within_cap': True, 'admitted_queries': 448624, 'completed_queries': 448624, 'event_count': 98060, 'max_active_queries': 4, 'query_accounting_exact': True, 'sequence_exact': True, 'started_queries': 448624, 'timestamps_monotonic': True, 'token_events': 12800}",0,128,15.309715126495574,1841.9556559478224,171,True,2,0,0,1540.1904754638672,1369980928,32.03495898924302,8.67381250282051,phasegate4to0,phasegate,True,3.496536263574723,4.0,4,1.0,2392.2251918794927,"{'compressions_delta': 0, 'decompressions_delta': 0, 'experiment_rss_after_bytes': 54460416, 'experiment_rss_before_bytes': 54394880, 'headroom_after_bytes': 8948695040, 'headroom_before_bytes': 8962375680, 'idle_seconds': 2.0, 'memory_free_percent_after': 93, 'memory_free_percent_before': 93, 'minimum_headroom_gb': 3.0, 'observed_minimum_headroom_gb': 8.334121704101562, 'pageins_delta': 18, 'pageouts_delta': 0, 'pages_occupied_by_compressor_delta': 0, 'pages_stored_in_compressor_delta': 0, 'passed': True, 'swap_used_delta_bytes': 0, 'swapins_delta': 0, 'swapouts_delta': 0}",3710010018,3710510021,1.0,True,1,1369997312,"{'compressions_delta': 0, 'decompressions_delta': 0, 'experiment_rss_after_bytes': 1321910272, 'experiment_rss_before_bytes': 1321910272, 'headroom_after_bytes': 8162148352, 'headroom_before_bytes': 7852523520, 'idle_seconds': 2.0, 'memory_free_percent_after': 93, 'memory_free_percent_before': 89, 'minimum_headroom_gb': 3.0, 'observed_minimum_headroom_gb': 7.313232421875, 'pageins_delta': 4, 'pageouts_delta': 0, 'pages_occupied_by_compressor_delta': 0, 'pages_stored_in_compressor_delta': 0, 'passed': True, 'swap_used_delta_bytes': 0, 'swapins_delta': 0, 'swapouts_delta': 0}",13891.914062995056,14047.415670497867,1225.2376081179757,1206.1064718163889,0.9843857745021611,-0.05305529021115197,4feb27f431ef44b2add25fc624cbb3cf,static_m4_calibration_event_phasegate4to0_r01_a01,55622,11.17750296543818,"{'attempts': [{'attempt': 0, 'deviation': -0.000971641348407104, 'median_ms': 1794.8488545007422, 'passed': True, 'ratio': 0.9990283586515929}], 'passed': True, 'reference_ms': 1796.5945000032661}",-0.000971641348407104,-0.000971641348407104,"{'attempts': [{'attempt': 0, 'deviation': 0.0032765696436145575, 'median_ms': 1802.4811670038616, 'passed': True, 'ratio': 1.0032765696436146}], 'passed': True, 'reference_ms': 1796.5945000032661}",0.0032765696436145575,0.0032765696436145575,1,True,False,m4_calibration,valid,0,0,0,,[],439376,1218.4268833068131,False,1.002456300541785,0.0002874017494730682,True,1.0024263888613543,"{'active_worker_log_present': True, 'completion_count_sufficient': True, 'decode_admission_zero': True, 'memory_clean': True, 'observer_clean': True, 'policy_cap_applied': True, 'queue_saturated': True, 'sentinel_clean': True, 'steady_duration_sufficient': True, 'token_data_clean': True, 'within_block_drift_clean': True}",201
2.8488737853170814,4.0,119824,439072,0.2791971160313681,1,0.0,12.046228928229537,1799.1402580089925,8,0.218039094534629,124608,438672,0,2048,0.5721646164745282,1.0,1,0.9999700098687525,0.02569717266696722,3.0,2.245614035087719,0.5144586848715141,721.0072771758912,0,358.169888791992,8,1377583104,1333952512,True,,7893123072,8057602048,Mac mini,,False,0.2791971160313681,100,87,93,5.5,True,/Users/m1/.cache/huggingface/hub/models--mlx-community--Qwen2.5-1.5B-Instruct-4bit/snapshots/8b403126fc14f14cfc99bb4cfa72ecbc129ea677,1.1698513280840532,1.0357611341643969,"{'api': 'resource.getrusage(RUSAGE_SELF)', 'interval_s': 1.0, 'max_scheduling_delay_ms': 10.527749996981584, 'missed_intervals': 0, 'observed_rate_hz': 0.9999720182411043, 'sample_count': 359, 'subprocess_count': 0}",event,"{'active_never_negative': True, 'admissions_within_cap': True, 'admitted_queries': 572944, 'completed_queries': 572944, 'event_count': 121457, 'max_active_queries': 4, 'query_accounting_exact': True, 'sequence_exact': True, 'started_queries': 572944, 'timestamps_monotonic': True, 'token_events': 12800}",0,128,14.092296910093864,1863.4795541562198,161,False,0,0,0,1540.1904754638672,1377550336,1729.1437910025707,10.970312505378388,phasegate4to1,phasegate,True,3.4957594867891704,4.0,4,1.0,2399.4176749559506,"{'compressions_delta': 0, 'decompressions_delta': 0, 'experiment_rss_after_bytes': 54771712, 'experiment_rss_before_bytes': 54706176, 'headroom_after_bytes': 8951250944, 'headroom_before_bytes': 8945549312, 'idle_seconds': 2.0, 'memory_free_percent_after': 93, 'memory_free_percent_before': 93, 'minimum_headroom_gb': 3.0, 'observed_minimum_headroom_gb': 8.331192016601562, 'pageins_delta': 4, 'pageouts_delta': 0, 'pages_occupied_by_compressor_delta': 0, 'pages_stored_in_compressor_delta': 0, 'passed': True, 'swap_used_delta_bytes': 0, 'swapins_delta': 0, 'swapouts_delta': 0}",3710010018,3710510021,1.0,True,1,1377583104,"{'compressions_delta': 0, 'decompressions_delta': 0, 'experiment_rss_after_bytes': 1322172416, 'experiment_rss_before_bytes': 1322172416, 'headroom_after_bytes': 8051556352, 'headroom_before_bytes': 7303872512, 'idle_seconds': 2.0, 'memory_free_percent_after': 93, 'memory_free_percent_before': 87, 'minimum_headroom_gb': 3.0, 'observed_minimum_headroom_gb': 6.8022613525390625, 'pageins_delta': 4, 'pageouts_delta': 0, 'pages_occupied_by_compressor_delta': 0, 'pages_stored_in_compressor_delta': 0, 'passed': True, 'swap_used_delta_bytes': 0, 'swapins_delta': 0, 'swapouts_delta': 0}",12006.441416000598,13790.223049596534,1580.418452499325,1561.8624915045289,0.9882588304600904,-0.0518091907120363,bf5d91e7a75b4b108f0c427e57cad0c5,static_m4_calibration_event_phasegate4to1_r01_a01,71212,8.36954302212689,"{'attempts': [{'attempt': 0, 'deviation': -0.0003678832385244357, 'median_ms': 1795.9335630002897, 'passed': True, 'ratio': 0.9996321167614756}], 'passed': True, 'reference_ms': 1796.5945000032661}",-0.0003678832385244357,-0.0003678832385244357,"{'attempts': [{'attempt': 0, 'deviation': -0.0016864893589777497, 'median_ms': 1793.5645624966128, 'passed': True, 'ratio': 0.9983135106410223}], 'passed': True, 'reference_ms': 1796.5945000032661}",-0.0016864893589777497,-0.0016864893589777497,1,True,False,m4_calibration,valid,0,0,0,,[],563648,1573.6889605684858,False,1.003341171240363,0.00027224860108063774,True,1.005969077468704,"{'active_worker_log_present': True, 'completion_count_sufficient': True, 'decode_admission_zero': True, 'memory_clean': True, 'observer_clean': True, 'policy_cap_applied': True, 'queue_saturated': True, 'sentinel_clean': True, 'steady_duration_sufficient': True, 'token_data_clean': True, 'within_block_drift_clean': True}",201
2.812688715680079,4.0,231120,442608,0.26411513378992524,1,0.0,12.046228928229537,1799.1402580089925,8,0.3440886641855675,234304,442224,0,2048,1.5208666371892112,2.0,2,0.9999722548955012,0.010169722118295296,2.0,1.6622073578595318,0.9995238257202136,1222.1069494288183,0,378.62275654199766,8,1377845248,1333673984,True,,7882047488,8074395648,Mac mini,,False,0.26411513378992524,100,87,93,5.5,True,/Users/m1/.cache/huggingface/hub/models--mlx-community--Qwen2.5-1.5B-Instruct-4bit/snapshots/8b403126fc14f14cfc99bb4cfa72ecbc129ea677,1.3844009361828085,1.0471431143913523,"{'api': 'resource.getrusage(RUSAGE_SELF)', 'interval_s': 1.0, 'max_scheduling_delay_ms': 10.674167002434842, 'missed_intervals': 0, 'observed_rate_hz': 0.9999946887398768, 'sample_count': 379, 'subprocess_count': 0}",event,"{'active_never_negative': True, 'admissions_within_cap': True, 'admitted_queries': 686336, 'completed_queries': 686336, 'event_count': 142799, 'max_active_queries': 4, 'query_accounting_exact': True, 'sequence_exact': True, 'started_queries': 686336, 'timestamps_monotonic': True, 'token_events': 12800}",0,128,16.6768106057134,1883.9573329983978,169,True,116,0,0,1540.1904754638672,1377746944,2012.4133750068722,935.2419170027133,phasegate4to2,phasegate,True,3.4960624258333635,4.0,4,1.0,2396.3437302009775,"{'compressions_delta': 0, 'decompressions_delta': 0, 'experiment_rss_after_bytes': 54444032, 'experiment_rss_before_bytes': 54378496, 'headroom_after_bytes': 8944336896, 'headroom_before_bytes': 8954314752, 'idle_seconds': 2.0, 'memory_free_percent_after': 93, 'memory_free_percent_before': 93, 'minimum_headroom_gb': 3.0, 'observed_minimum_headroom_gb': 8.330062866210938, 'pageins_delta': 4, 'pageouts_delta': 0, 'pages_occupied_by_compressor_delta': 0, 'pages_stored_in_compressor_delta': 0, 'passed': True, 'swap_used_delta_bytes': 0, 'swapins_delta': 0, 'swapouts_delta': 0}",3710010018,3710510021,1.0,True,1,1377845248,"{'compressions_delta': 0, 'decompressions_delta': 0, 'experiment_rss_after_bytes': 1321959424, 'experiment_rss_before_bytes': 1321959424, 'headroom_after_bytes': 8062533632, 'headroom_before_bytes': 7312113664, 'idle_seconds': 2.0, 'memory_free_percent_after': 93, 'memory_free_percent_before': 87, 'minimum_headroom_gb': 3.0, 'observed_minimum_headroom_gb': 6.8099365234375, 'pageins_delta': 4, 'pageouts_delta': 0, 'pages_occupied_by_compressor_delta': 0, 'pages_stored_in_compressor_delta': 0, 'passed': True, 'swap_used_delta_bytes': 0, 'swapins_delta': 0, 'swapouts_delta': 0}",6849.481021003157,14529.884985701938,1793.7978323512898,1782.7796858753745,0.9938576431093838,-0.029100735693710654,690a6080990e4ee6a7db664d136b4180,static_m4_calibration_event_phasegate4to2_r01_a01,85446,9.572838040185161,"{'attempts': [{'attempt': 0, 'deviation': -0.00044339693869321906, 'median_ms': 1795.7978955018916, 'passed': True, 'ratio': 0.9995566030613068}], 'passed': True, 'reference_ms': 1796.5945000032661}",-0.00044339693869321906,-0.00044339693869321906,"{'attempts': [{'attempt': 0, 'deviation': -0.0008752089063694957, 'median_ms': 1795.0221044957289, 'passed': True, 'ratio': 0.9991247910936305}], 'passed': True, 'reference_ms': 1796.5945000032661}",-0.0008752089063694957,-0.0008752089063694957,1,True,False,m4_calibration,valid,0,0,0,,[],677088,1788.2918770755289,False,0.9967261087825312,-2.783040831493106e-05,True,1.0128568574286398,"{'active_worker_log_present': True, 'completion_count_sufficient': True, 'decode_admission_zero': True, 'memory_clean': True, 'observer_clean': True, 'policy_cap_applied': True, 'queue_saturated': True, 'sentinel_clean': True, 'steady_duration_sufficient': True, 'token_data_clean': True, 'within_block_drift_clean': True}",201
1.4993665801507847,2.0,230656,282672,0.26868985057879435,1,0.0,12.046228928229537,1799.1402580089925,8,1.0,230656,282672,0,2048,1.4986915501687212,2.0,2,1.0,0.0,0.0,0.0,0.9993113421940638,1211.0554088808208,0,372.17632070800755,8,1373519872,1333592064,True,2,7892500480,8056733696,Mac mini,,False,0.26868985057879435,100,88,93,5.5,True,/Users/m1/.cache/huggingface/hub/models--mlx-community--Qwen2.5-1.5B-Instruct-4bit/snapshots/8b403126fc14f14cfc99bb4cfa72ecbc129ea677,1.2938122496738838,1.0156083823744955,"{'api': 'resource.getrusage(RUSAGE_SELF)', 'interval_s': 1.0, 'max_scheduling_delay_ms': 10.817917005624622, 'missed_intervals': 0, 'observed_rate_hz': 0.9999730386973509, 'sample_count': 373, 'subprocess_count': 0}",event,"{'active_never_negative': True, 'admissions_within_cap': True, 'admitted_queries': 521280, 'completed_queries': 521280, 'event_count': 111537, 'max_active_queries': 4, 'query_accounting_exact': True, 'sequence_exact': True, 'started_queries': 521280, 'timestamps_monotonic': True, 'token_events': 12800}",0,128,15.585558549719275,1827.2219271013455,125,True,11,0,0,1540.1904754638672,1373503488,2005.2529999957187,948.3374584960984,fixed2,fixed,True,1.4985102316168204,2.0,2,1.0,1573.9481213794356,"{'compressions_delta': 0, 'decompressions_delta': 0, 'experiment_rss_after_bytes': 54460416, 'experiment_rss_before_bytes': 54394880, 'headroom_after_bytes': 8933883904, 'headroom_before_bytes': 8937521152, 'idle_seconds': 2.0, 'memory_free_percent_after': 93, 'memory_free_percent_before': 93, 'minimum_headroom_gb': 3.0, 'observed_minimum_headroom_gb': 8.320327758789062, 'pageins_delta': 4, 'pageouts_delta': 0, 'pages_occupied_by_compressor_delta': 0, 'pages_stored_in_compressor_delta': 0, 'passed': True, 'swap_used_delta_bytes': 0, 'swapins_delta': 0, 'swapouts_delta': 0}",3710010018,3710510021,1.0,True,1,1373519872,"{'compressions_delta': 0, 'decompressions_delta': 0, 'experiment_rss_after_bytes': 1322139648, 'experiment_rss_before_bytes': 1322139648, 'headroom_after_bytes': 8044199936, 'headroom_before_bytes': 7293272064, 'idle_seconds': 2.0, 'memory_free_percent_after': 93, 'memory_free_percent_before': 87, 'minimum_headroom_gb': 3.0, 'observed_minimum_headroom_gb': 6.792388916015625, 'pageins_delta': 4, 'pageouts_delta': 0, 'pages_occupied_by_compressor_delta': 0, 'pages_stored_in_compressor_delta': 0, 'passed': True, 'swap_used_delta_bytes': 0, 'swapins_delta': 0, 'swapouts_delta': 0}",5933.312624991231,6124.599197995849,1380.8614437737433,1378.0702681991888,0.9979786707876162,-0.007499631241721202,026300085a9d472996110017ff53b120,static_m4_calibration_event_fixed2_r01_a01,64728,0.24620698241051286,"{'attempts': [{'attempt': 0, 'deviation': -0.00023735879299846552, 'median_ms': 1796.1680625012377, 'passed': True, 'ratio': 0.9997626412070015}], 'passed': True, 'reference_ms': 1796.5945000032661}",-0.00023735879299846552,-0.00023735879299846552,"{'attempts': [{'attempt': 0, 'deviation': -0.00016826974743233691, 'median_ms': 1796.2921875005122, 'passed': True, 'ratio': 0.9998317302525677}], 'passed': True, 'reference_ms': 1796.5945000032661}",-0.00016826974743233691,-0.00016826974743233691,1,True,False,m4_calibration,valid,0,0,0,,[],513472,1379.647149563947,False,0.9998913831241213,-0.00017879969967037784,True,1.0009374766864543,"{'active_worker_log_present': True, 'completion_count_sufficient': True, 'decode_admission_zero': True, 'memory_clean': True, 'observer_clean': True, 'policy_cap_applied': True, 'queue_saturated': True, 'sentinel_clean': True, 'steady_duration_sufficient': True, 'token_data_clean': True, 'within_block_drift_clean': True}",1
0.0,0.0,0,0,0.3107197724525798,1,0.0,12.046228928229537,1799.1402580089925,8,1.0,0,0,0,2048,0.0,0.0,0,0.0,0.0,0.0,0.0,0.0,0.0,0,321.83339737499773,8,1334001664,1333051392,True,0,7972536320,8327151616,Mac mini,policy_cap_applied,True,0.3107197724525798,100,87,93,5.5,True,/Users/m1/.cache/huggingface/hub/models--mlx-community--Qwen2.5-1.5B-Instruct-4bit/snapshots/8b403126fc14f14cfc99bb4cfa72ecbc129ea677,0.9960632508663352,0.9797854295200299,"{'api': 'resource.getrusage(RUSAGE_SELF)', 'interval_s': 1.0, 'max_scheduling_delay_ms': 10.250499995891005, 'missed_intervals': 0, 'observed_rate_hz': 0.9999687794015376, 'sample_count': 322, 'subprocess_count': 0}",event,"{'active_never_negative': True, 'admissions_within_cap': True, 'admitted_queries': 4192, 'completed_queries': 4192, 'event_count': 14205, 'max_active_queries': 4, 'query_accounting_exact': True, 'sequence_exact': True, 'started_queries': 4192, 'timestamps_monotonic': True, 'token_events': 12800}",0,128,11.998805946932402,1762.7714104601182,118,True,4,0,0,1540.1904754638672,1334001664,0.0,0.0,fixed0,fixed,True,0.0,0.0,0,0.0,0.0,"{'compressions_delta': 0, 'decompressions_delta': 0, 'experiment_rss_after_bytes': 54624256, 'experiment_rss_before_bytes': 54558720, 'headroom_after_bytes': 8955396096, 'headroom_before_bytes': 8955887616, 'idle_seconds': 2.0, 'memory_free_percent_after': 93, 'memory_free_percent_before': 93, 'minimum_headroom_gb': 3.0, 'observed_minimum_headroom_gb': 8.340362548828125, 'pageins_delta': 4, 'pageouts_delta': 0, 'pages_occupied_by_compressor_delta': 0, 'pages_stored_in_compressor_delta': 0, 'passed': True, 'swap_used_delta_bytes': 0, 'swapins_delta': 0, 'swapouts_delta': 0}",3710010018,3710510021,1.0,True,1,1334001664,"{'compressions_delta': 0, 'decompressions_delta': 0, 'experiment_rss_after_bytes': 1322024960, 'experiment_rss_before_bytes': 1322024960, 'headroom_after_bytes': 8331296768, 'headroom_before_bytes': 7630798848, 'idle_seconds': 2.0, 'memory_free_percent_after': 93, 'memory_free_percent_before': 88, 'minimum_headroom_gb': 3.0, 'observed_minimum_headroom_gb': 7.1067352294921875, 'pageins_delta': 4, 'pageouts_delta': 0, 'pages_occupied_by_compressor_delta': 0, 'pages_stored_in_compressor_delta': 0, 'passed': True, 'swap_used_delta_bytes': 0, 'swapins_delta': 0, 'swapouts_delta': 0}",,,0.0,0.0,1.0,0.0,5a123c0dcf834ef398e8776500f7888c,static_m4_calibration_event_fixed0_r01_a01,300,0.1924209063872695,"{'attempts': [{'attempt': 0, 'deviation': -0.0031623254440554804, 'median_ms': 1790.9130835032556, 'passed': True, 'ratio': 0.9968376745559445}], 'passed': True, 'reference_ms': 1796.5945000032661}",-0.0031623254440554804,-0.0031623254440554804,"{'attempts': [{'attempt': 0, 'deviation': 0.006460521279470388, 'median_ms': 1808.2014370011166, 'passed': True, 'ratio': 1.0064605212794704}], 'passed': True, 'reference_ms': 1796.5945000032661}",0.006460521279470388,0.006460521279470388,1,True,False,m4_calibration,invalid,0,0,0,,[],0,0.0,True,1.002569192857182,9.418275886809903e-05,True,1.006253661883987,"{'active_worker_log_present': True, 'completion_count_sufficient': True, 'decode_admission_zero': True, 'memory_clean': True, 'observer_clean': True, 'policy_cap_applied': False, 'queue_saturated': True, 'sentinel_clean': True, 'steady_duration_sufficient': True, 'token_data_clean': True, 'within_block_drift_clean': True}",1
0.502319587628866,1.0,119280,156592,0.28396164721522393,1,0.0,12.046228928229537,1799.1402580089925,8,1.0,119296,156576,0,2048,0.5012273601804551,1.0,1,1.0,0.0,0.0,0.0,0.5012273601804551,696.8716089866782,0,352.1602335409989,8,1352204288,1334181888,True,1,7869399040,8032944128,Mac mini,,False,0.28396164721522393,100,87,93,5.5,True,/Users/m1/.cache/huggingface/hub/models--mlx-community--Qwen2.5-1.5B-Instruct-4bit/snapshots/8b403126fc14f14cfc99bb4cfa72ecbc129ea677,1.2346157549705161,1.0078722588917062,"{'api': 'resource.getrusage(RUSAGE_SELF)', 'interval_s': 1.0, 'max_scheduling_delay_ms': 10.131791001185775, 'missed_intervals': 0, 'observed_rate_hz': 0.9999715134762444, 'sample_count': 353, 'subprocess_count': 0}",event,"{'active_never_negative': True, 'admissions_within_cap': True, 'admitted_queries': 281584, 'completed_queries': 281584, 'event_count': 66419, 'max_active_queries': 4, 'query_accounting_exact': True, 'sequence_exact': True, 'started_queries': 281584, 'timestamps_monotonic': True, 'token_events': 12800}",0,128,14.87246402277378,1813.3035559025302,234,True,19,0,0,1540.1904754638672,1352171520,1626.975917009986,3.5508744986145757,fixed1,fixed,True,0.5006837173968093,1.0,1,1.0,878.6272016128514,"{'compressions_delta': 0, 'decompressions_delta': 0, 'experiment_rss_after_bytes': 54493184, 'experiment_rss_before_bytes': 54427648, 'headroom_after_bytes': 8918237184, 'headroom_before_bytes': 8805318656, 'idle_seconds': 2.0, 'memory_free_percent_after': 93, 'memory_free_percent_before': 92, 'minimum_headroom_gb': 3.0, 'observed_minimum_headroom_gb': 8.200592041015625, 'pageins_delta': 4, 'pageouts_delta': 0, 'pages_occupied_by_compressor_delta': 0, 'pages_stored_in_compressor_delta': 0, 'passed': True, 'swap_used_delta_bytes': 0, 'swapins_delta': 0, 'swapouts_delta': 0}",3710010018,3710510021,1.0,True,1,1352204288,"{'compressions_delta': 0, 'decompressions_delta': 0, 'experiment_rss_after_bytes': 1322844160, 'experiment_rss_before_bytes': 1322827776, 'headroom_after_bytes': 8026423296, 'headroom_before_bytes': 7833419776, 'idle_seconds': 2.0, 'memory_free_percent_after': 93, 'memory_free_percent_before': 90, 'minimum_headroom_gb': 3.0, 'observed_minimum_headroom_gb': 7.295440673828125, 'pageins_delta': 6, 'pageouts_delta': 0, 'pages_occupied_by_compressor_delta': 0, 'pages_stored_in_compressor_delta': 0, 'passed': True, 'swap_used_delta_bytes': 0, 'swapins_delta': 0, 'swapouts_delta': 0}",5225.272707990371,5407.499296398601,784.7357234712169,782.4412001451205,0.9970760559797803,-0.006515583566337276,6c1905ebaa5448a1ba42a5f3d78147ea,static_m4_calibration_event_fixed1_r01_a01,34920,0.28478809690568596,"{'attempts': [{'attempt': 0, 'deviation': -0.0001270228184443445, 'median_ms': 1796.3662915062741, 'passed': True, 'ratio': 0.9998729771815557}], 'passed': True, 'reference_ms': 1796.5945000032661}",-0.0001270228184443445,-0.0001270228184443445,"{'attempts': [{'attempt': 0, 'deviation': -0.06657077459782368, 'median_ms': 1676.993812499859, 'passed': False, 'ratio': 0.9334292254021763}, {'attempt': 1, 'deviation': -0.0663665106434912, 'median_ms': 1677.3607919967617, 'passed': False, 'ratio': 0.9336334893565088}, {'attempt': 'post_conditioning', 'deviation': 7.408710835776766e-05, 'median_ms': 1796.727604494663, 'passed': True, 'ratio': 1.0000740871083578}], 'in_process_conditioning': {'duration_s': 120.42169983300846, 'median_ms': 1797.0210420025978, 'rolling_values_ms': [1796.2681659992086, 1797.0210420025978, 1797.0318330044392, 1797.2707500011893, 1796.651832992211]}, 'passed': True, 'reference_ms': 1796.5945000032661}",7.408710835776766e-05,-0.06657077459782368,1,True,False,m4_calibration,valid,0,0,0,,[],275920,783.506976996246,False,1.0008350154982384,0.00019238646757476706,True,1.0016975573096878,"{'active_worker_log_present': True, 'completion_count_sufficient': True, 'decode_admission_zero': True, 'memory_clean': True, 'observer_clean': True, 'policy_cap_applied': True, 'queue_saturated': True, 'sentinel_clean': True, 'steady_duration_sufficient': True, 'token_data_clean': True, 'within_block_drift_clean': True}",1
3.4624119591778064,4.0,0,433136,0.27714022131764426,1,0.0,12.046228928229537,1799.1402580089925,8,0.01079847635475061,6384,433136,0,2048,2.324459234608985,4.0,0,0.9999702923532825,0.8336106489184693,4.0,2.788423153692615,0.8336106489184693,2692.1674150296935,0,360.82817399999476,8,1369915392,1334689792,True,,7879065600,8047198208,Mac mini,,False,0.27714022131764426,100,87,93,5.5,True,/Users/m1/.cache/huggingface/hub/models--mlx-community--Qwen2.5-1.5B-Instruct-4bit/snapshots/8b403126fc14f14cfc99bb4cfa72ecbc129ea677,1.250998339745619,1.0262157356668604,"{'api': 'resource.getrusage(RUSAGE_SELF)', 'interval_s': 1.0, 'max_scheduling_delay_ms': 11.566125001991168, 'missed_intervals': 0, 'observed_rate_hz': 0.9999948195879437, 'sample_count': 361, 'subprocess_count': 0}",event,"{'active_never_negative': True, 'admissions_within_cap': True, 'admitted_queries': 448912, 'completed_queries': 448912, 'event_count': 98114, 'max_active_queries': 4, 'query_accounting_exact': True, 'sequence_exact': True, 'started_queries': 448912, 'timestamps_monotonic': True, 'token_events': 12800}",0,128,15.0698123894108,1846.3060434405634,126,True,2,0,0,1540.1904754638672,1369866240,31.236374998115934,7.6021669956389815,phasegate4to0,phasegate,True,3.494766416923755,4.0,4,1.0,2387.709458270533,"{'compressions_delta': 0, 'decompressions_delta': 0, 'experiment_rss_after_bytes': 54624256, 'experiment_rss_before_bytes': 54558720, 'headroom_after_bytes': 8927379456, 'headroom_before_bytes': 8948531200, 'idle_seconds': 2.0, 'memory_free_percent_after': 93, 'memory_free_percent_before': 93, 'minimum_headroom_gb': 3.0, 'observed_minimum_headroom_gb': 8.31427001953125, 'pageins_delta': 75, 'pageouts_delta': 0, 'pages_occupied_by_compressor_delta': 0, 'pages_stored_in_compressor_delta': 0, 'passed': True, 'swap_used_delta_bytes': 0, 'swapins_delta': 0, 'swapouts_delta': 0}",3710020025,3710520028,1.0,True,2,1369915392,"{'compressions_delta': 0, 'decompressions_delta': 0, 'experiment_rss_after_bytes': 1323089920, 'experiment_rss_before_bytes': 1323089920, 'headroom_after_bytes': 8027422720, 'headroom_before_bytes': 7800635392, 'idle_seconds': 2.0, 'memory_free_percent_after': 93, 'memory_free_percent_before': 89, 'minimum_headroom_gb': 3.0, 'observed_minimum_headroom_gb': 7.2649078369140625, 'pageins_delta': 4, 'pageouts_delta': 0, 'pages_occupied_by_compressor_delta': 0, 'pages_stored_in_compressor_delta': 0, 'passed': True, 'swap_used_delta_bytes': 0, 'swapins_delta': 0, 'swapouts_delta': 0}",13921.229645995481,14005.012550444371,1222.3526923545767,1209.1510974546002,0.9891998479795985,-0.0365871824037419,5cd731184e334d9ab29ffe2811f94942,static_m4_calibration_event_phasegate4to0_r02_a01,55656,10.8687840111088,"{'attempts': [{'attempt': 0, 'deviation': -0.0005733881511991168, 'median_ms': 1795.5643540044548, 'passed': True, 'ratio': 0.9994266118488009}], 'passed': True, 'reference_ms': 1796.5945000032661}",-0.0005733881511991168,-0.0005733881511991168,"{'attempts': [{'attempt': 0, 'deviation': -0.0004312790140965639, 'median_ms': 1795.8196664985735, 'passed': True, 'ratio': 0.9995687209859034}], 'passed': True, 'reference_ms': 1796.5945000032661}",-0.0004312790140965639,-0.0004312790140965639,1,True,False,m4_calibration,valid,0,0,0,,[],439648,1218.4414402185967,False,0.9972306917909418,-0.00035493172536194294,True,0.9985109057952852,"{'active_worker_log_present': True, 'completion_count_sufficient': True, 'decode_admission_zero': True, 'memory_clean': True, 'observer_clean': True, 'policy_cap_applied': True, 'queue_saturated': True, 'sentinel_clean': True, 'steady_duration_sufficient': True, 'token_data_clean': True, 'within_block_drift_clean': True}",201
3.4968977192650774,4.0,470656,454272,0.23091085005879186,1,0.0,12.046228928229537,1799.1402580089925,8,0.0,470640,454288,0,2048,3.4965600013523335,4.0,4,1.0,0.0,0.0,0.0,1.0,1942.3061860856374,0,433.06756687500456,8,1399422976,1334788096,True,4,7900446720,8335392768,Mac mini,,False,0.23091085005879186,100,87,93,5.5,True,/Users/m1/.cache/huggingface/hub/models--mlx-community--Qwen2.5-1.5B-Instruct-4bit/snapshots/8b403126fc14f14cfc99bb4cfa72ecbc129ea677,1.6666511050867594,1.0739739343526928,"{'api': 'resource.getrusage(RUSAGE_SELF)', 'interval_s': 1.0, 'max_scheduling_delay_ms': 11.481458001071587, 'missed_intervals': 0, 'observed_rate_hz': 0.9999768080829111, 'sample_count': 434, 'subprocess_count': 0}",event,"{'active_never_negative': True, 'admissions_within_cap': True, 'admitted_queries': 934288, 'completed_queries': 934288, 'event_count': 189278, 'max_active_queries': 4, 'query_accounting_exact': True, 'sequence_exact': True, 'started_queries': 934288, 'timestamps_monotonic': True, 'token_events': 12800}",0,128,20.076860755361846,1932.2297413462366,215,True,3,0,0,1540.1904754638672,1399390208,2483.4741660015425,1214.0354584989836,fixed4,fixed,True,3.4963664699599,4.0,4,1.0,2406.103243387116,"{'compressions_delta': 0, 'decompressions_delta': 0, 'experiment_rss_after_bytes': 54493184, 'experiment_rss_before_bytes': 54427648, 'headroom_after_bytes': 8953561088, 'headroom_before_bytes': 8978202624, 'idle_seconds': 2.0, 'memory_free_percent_after': 93, 'memory_free_percent_before': 93, 'minimum_headroom_gb': 3.0, 'observed_minimum_headroom_gb': 8.338653564453125, 'pageins_delta': 4, 'pageouts_delta': 0, 'pages_occupied_by_compressor_delta': 0, 'pages_stored_in_compressor_delta': 0, 'passed': True, 'swap_used_delta_bytes': 0, 'swapins_delta': 0, 'swapouts_delta': 0}",3710020025,3710520028,1.0,False,2,1399422976,"{'compressions_delta': 0, 'decompressions_delta': 0, 'experiment_rss_after_bytes': 1323122688, 'experiment_rss_before_bytes': 1323122688, 'headroom_after_bytes': 8337047552, 'headroom_before_bytes': 7197229056, 'idle_seconds': 2.0, 'memory_free_percent_after': 93, 'memory_free_percent_before': 86, 'minimum_headroom_gb': 3.0, 'observed_minimum_headroom_gb': 6.70294189453125, 'pageins_delta': 9, 'pageouts_delta': 0, 'pages_occupied_by_compressor_delta': 0, 'pages_stored_in_compressor_delta': 0, 'passed': True, 'swap_used_delta_bytes': 0, 'swapins_delta': 0, 'swapouts_delta': 0}",7664.332770495093,7793.305135700211,2137.746966208331,2134.784628760449,0.9986142712422433,-0.006840383444139522,258473441f37448b9359c128b648e1f0,static_m4_calibration_event_fixed4_r02_a01,116366,0.4302959714550525,"{'attempts': [{'attempt': 0, 'deviation': -0.00025569209159181927, 'median_ms': 1796.135124997818, 'passed': True, 'ratio': 0.9997443079084082}], 'passed': True, 'reference_ms': 1796.5945000032661}",-0.00025569209159181927,-0.00025569209159181927,"{'attempts': [{'attempt': 0, 'deviation': 0.006844639397421304, 'median_ms': 1808.8915414991789, 'passed': True, 'ratio': 1.0068446393974213}], 'passed': True, 'reference_ms': 1796.5945000032661}",0.006844639397421304,0.006844639397421304,1,True,False,m4_calibration,valid,0,0,0,,[],925072,2136.091618855867,False,1.002507264414589,0.00026618436543252727,True,1.0106785909080842,"{'active_worker_log_present': True, 'completion_count_sufficient': True, 'decode_admission_zero': True, 'memory_clean': True, 'observer_clean': True, 'policy_cap_applied': True, 'queue_saturated': True, 'sentinel_clean': True, 'steady_duration_sufficient': True, 'token_data_clean': True, 'within_block_drift_clean': True}",1
2.8168258034466698,4.0,231040,446000,0.2632481761034088,1,0.0,12.046228928229537,1799.1402580089925,8,0.34222170470423846,234240,445728,0,2048,1.521537938074175,2.0,2,0.9999724054912417,0.010343654304185096,2.0,1.6578947368421053,0.9996257230350459,1220.3616966023649,0,379.86967841599835,8,1384644608,1334820864,True,,7757348864,8077541376,Mac mini,,False,0.2632481761034088,100,87,93,5.5,True,/Users/m1/.cache/huggingface/hub/models--mlx-community--Qwen2.5-1.5B-Instruct-4bit/snapshots/8b403126fc14f14cfc99bb4cfa72ecbc129ea677,1.3518231435091892,1.0541926666944772,"{'api': 'resource.getrusage(RUSAGE_SELF)', 'interval_s': 1.0, 'max_scheduling_delay_ms': 10.654541998519562, 'missed_intervals': 0, 'observed_rate_hz': 0.9999997952955627, 'sample_count': 380, 'subprocess_count': 0}",event,"{'active_never_negative': True, 'admissions_within_cap': True, 'admitted_queries': 689280, 'completed_queries': 689280, 'event_count': 143359, 'max_active_queries': 4, 'query_accounting_exact': True, 'sequence_exact': True, 'started_queries': 689280, 'timestamps_monotonic': True, 'token_events': 12800}",0,128,16.284371057190583,1896.6404663478897,133,True,17,0,0,1540.1904754638672,1384497152,2009.4391250022454,933.2409794951673,phasegate4to2,phasegate,True,3.496235504014273,4.0,4,1.0,2400.1389057239257,"{'compressions_delta': 0, 'decompressions_delta': 0, 'experiment_rss_after_bytes': 54542336, 'experiment_rss_before_bytes': 54476800, 'headroom_after_bytes': 8954494976, 'headroom_before_bytes': 8981037056, 'idle_seconds': 2.0, 'memory_free_percent_after': 93, 'memory_free_percent_before': 93, 'minimum_headroom_gb': 3.0, 'observed_minimum_headroom_gb': 8.339523315429688, 'pageins_delta': 4, 'pageouts_delta': 0, 'pages_occupied_by_compressor_delta': 0, 'pages_stored_in_compressor_delta': 0, 'passed': True, 'swap_used_delta_bytes': 0, 'swapins_delta': 0, 'swapouts_delta': 0}",3710020025,3710520028,1.0,True,2,1384644608,"{'compressions_delta': 0, 'decompressions_delta': 0, 'experiment_rss_after_bytes': 1323122688, 'experiment_rss_before_bytes': 1323122688, 'headroom_after_bytes': 8061632512, 'headroom_before_bytes': 7860158464, 'idle_seconds': 2.0, 'memory_free_percent_after': 93, 'memory_free_percent_before': 90, 'minimum_headroom_gb': 3.0, 'observed_minimum_headroom_gb': 7.320343017578125, 'pageins_delta': 4, 'pageouts_delta': 0, 'pages_occupied_by_compressor_delta': 0, 'pages_stored_in_compressor_delta': 0, 'passed': True, 'swap_used_delta_bytes': 0, 'swapins_delta': 0, 'swapouts_delta': 0}",6856.019916500372,14533.432422242186,1796.6403136548581,1785.6650471469618,0.9938912277407549,-0.028892963263825903,a69dc9ef40804f40b244e7f438f3e135,static_m4_calibration_event_phasegate4to2_r02_a01,85880,9.65075709973462,"{'attempts': [{'attempt': 0, 'deviation': -0.00020240849846375752, 'median_ms': 1796.2308540081722, 'passed': True, 'ratio': 0.9997975915015362}], 'passed': True, 'reference_ms': 1796.5945000032661}",-0.00020240849846375752,-0.00020240849846375752,"{'attempts': [{'attempt': 0, 'deviation': -0.0004470841951939031, 'median_ms': 1795.7912709971424, 'passed': True, 'ratio': 0.9995529158048061}], 'passed': True, 'reference_ms': 1796.5945000032661}",-0.0004470841951939031,-0.0004470841951939031,1,True,False,m4_calibration,valid,0,0,0,,[],680576,1791.6039069975354,False,0.9991816459952848,1.195477940960037e-05,True,1.0114419197741475,"{'active_worker_log_present': True, 'completion_count_sufficient': True, 'decode_admission_zero': True, 'memory_clean': True, 'observer_clean': True, 'policy_cap_applied': True, 'queue_saturated': True, 'sentinel_clean': True, 'steady_duration_sufficient': True, 'token_data_clean': True, 'within_block_drift_clean': True}",201
2.8500364329353736,4.0,119808,440224,0.27846874698501334,1,0.0,12.046228928229537,1799.1402580089925,8,0.21761672551986996,124608,439952,0,2048,0.5724404378622022,1.0,1,0.9999682332763533,0.025756600128783,3.0,2.25,0.5144880875724405,720.4015431898551,0,359.1067259170086,8,1377288192,1334738944,True,,7880392704,8076034048,Mac mini,,False,0.27846874698501334,100,87,93,5.5,True,/Users/m1/.cache/huggingface/hub/models--mlx-community--Qwen2.5-1.5B-Instruct-4bit/snapshots/8b403126fc14f14cfc99bb4cfa72ecbc129ea677,1.1723856491778992,1.0417892219059348,"{'api': 'resource.getrusage(RUSAGE_SELF)', 'interval_s': 1.0, 'max_scheduling_delay_ms': 10.622041998431087, 'missed_intervals': 0, 'observed_rate_hz': 0.9999720670504292, 'sample_count': 360, 'subprocess_count': 0}",event,"{'active_never_negative': True, 'admissions_within_cap': True, 'admitted_queries': 574128, 'completed_queries': 574128, 'event_count': 121679, 'max_active_queries': 4, 'query_accounting_exact': True, 'sequence_exact': True, 'started_queries': 574128, 'timestamps_monotonic': True, 'token_events': 12800}",0,128,14.122825922167975,1874.324929490831,129,True,14,0,0,1540.1904754638672,1377288192,1708.118041002308,12.64587500190828,phasegate4to1,phasegate,True,3.4954546276047784,4.0,4,1.0,2392.535460422875,"{'compressions_delta': 0, 'decompressions_delta': 0, 'experiment_rss_after_bytes': 54591488, 'experiment_rss_before_bytes': 54525952, 'headroom_after_bytes': 8972484608, 'headroom_before_bytes': 8992817152, 'idle_seconds': 2.0, 'memory_free_percent_after': 93, 'memory_free_percent_before': 93, 'minimum_headroom_gb': 3.0, 'observed_minimum_headroom_gb': 8.356277465820312, 'pageins_delta': 4, 'pageouts_delta': 0, 'pages_occupied_by_compressor_delta': 0, 'pages_stored_in_compressor_delta': 0, 'passed': True, 'swap_used_delta_bytes': 0, 'swapins_delta': 0, 'swapouts_delta': 0}",3710020025,3710520028,1.0,True,2,1377288192,"{'compressions_delta': 0, 'decompressions_delta': 0, 'experiment_rss_after_bytes': 1322991616, 'experiment_rss_before_bytes': 1322991616, 'headroom_after_bytes': 8066039808, 'headroom_before_bytes': 7871528960, 'idle_seconds': 2.0, 'memory_free_percent_after': 93, 'memory_free_percent_before': 90, 'minimum_headroom_gb': 3.0, 'observed_minimum_headroom_gb': 7.3309326171875, 'pageins_delta': 4, 'pageouts_delta': 0, 'pages_occupied_by_compressor_delta': 0, 'pages_stored_in_compressor_delta': 0, 'passed': True, 'swap_used_delta_bytes': 0, 'swapins_delta': 0, 'swapouts_delta': 0}",12018.8530000014,13786.794899991946,1579.0016825996995,1561.4724510238752,0.9888985352143743,-0.048814806644728696,6670ed97ba554326a39e3ffd9e5d206f,static_m4_calibration_event_phasegate4to1_r02_a01,71364,8.462788013275713,"{'attempts': [{'attempt': 0, 'deviation': -0.0005171011084145194, 'median_ms': 1795.665478995943, 'passed': True, 'ratio': 0.9994828988915855}], 'passed': True, 'reference_ms': 1796.5945000032661}",-0.0005171011084145194,-0.0005171011084145194,"{'attempts': [{'attempt': 0, 'deviation': -0.00031529541147945483, 'median_ms': 1796.0280420011259, 'passed': True, 'ratio': 0.9996847045885205}], 'passed': True, 'reference_ms': 1796.5945000032661}",-0.00031529541147945483,-0.00031529541147945483,1,True,False,m4_calibration,valid,0,0,0,,[],564864,1572.9697029694257,False,1.003653466625549,0.00012023951037397083,True,1.0083280846591856,"{'active_worker_log_present': True, 'completion_count_sufficient': True, 'decode_admission_zero': True, 'memory_clean': True, 'observer_clean': True, 'policy_cap_applied': True, 'queue_saturated': True, 'sentinel_clean': True, 'steady_duration_sufficient': True, 'token_data_clean': True, 'within_block_drift_clean': True}",201
0.0,0.0,0,0,0.3103398497347086,1,0.0,12.046228928229537,1799.1402580089925,8,1.0,0,0,0,2048,0.0,0.0,0,1.0,0.0,0.0,0.0,0.0,0.0,0,322.22739066698705,8,1334919168,1334116352,True,0,7887224832,8067514368,Mac mini,,True,0.3103398497347086,100,87,93,5.5,True,/Users/m1/.cache/huggingface/hub/models--mlx-community--Qwen2.5-1.5B-Instruct-4bit/snapshots/8b403126fc14f14cfc99bb4cfa72ecbc129ea677,1.0209239860491062,0.9786510057043729,"{'api': 'resource.getrusage(RUSAGE_SELF)', 'interval_s': 1.0, 'max_scheduling_delay_ms': 10.53308299742639, 'missed_intervals': 0, 'observed_rate_hz': 0.9999689079294736, 'sample_count': 323, 'subprocess_count': 0}",event,"{'active_never_negative': True, 'admissions_within_cap': True, 'admitted_queries': 4224, 'completed_queries': 4224, 'event_count': 14211, 'max_active_queries': 4, 'query_accounting_exact': True, 'sequence_exact': True, 'started_queries': 4224, 'timestamps_monotonic': True, 'token_events': 12800}",0,128,12.298284054268152,1760.7304229037254,118,False,0,0,0,1540.1904754638672,1334919168,0.0,0.0,fixed0,fixed,True,0.0,0.0,0,1.0,0.0,"{'compressions_delta': 0, 'decompressions_delta': 0, 'experiment_rss_after_bytes': 54657024, 'experiment_rss_before_bytes': 54591488, 'headroom_after_bytes': 8966684672, 'headroom_before_bytes': 8982904832, 'idle_seconds': 2.0, 'memory_free_percent_after': 93, 'memory_free_percent_before': 93, 'minimum_headroom_gb': 3.0, 'observed_minimum_headroom_gb': 8.350875854492188, 'pageins_delta': 4, 'pageouts_delta': 0, 'pages_occupied_by_compressor_delta': 0, 'pages_stored_in_compressor_delta': 0, 'passed': True, 'swap_used_delta_bytes': 0, 'swapins_delta': 0, 'swapouts_delta': 0}",3710020025,3710520028,1.0,True,2,1334919168,"{'compressions_delta': 0, 'decompressions_delta': 0, 'experiment_rss_after_bytes': 1323073536, 'experiment_rss_before_bytes': 1323073536, 'headroom_after_bytes': 8060354560, 'headroom_before_bytes': 7301562368, 'idle_seconds': 2.0, 'memory_free_percent_after': 93, 'memory_free_percent_before': 86, 'minimum_headroom_gb': 3.0, 'observed_minimum_headroom_gb': 6.80010986328125, 'pageins_delta': 4, 'pageouts_delta': 0, 'pages_occupied_by_compressor_delta': 0, 'pages_stored_in_compressor_delta': 0, 'passed': True, 'swap_used_delta_bytes': 0, 'swapins_delta': 0, 'swapouts_delta': 0}",,,0.0,0.0,1.0,0.0,927d52af4c5a48d0b22279e8f9699238,static_m4_calibration_event_fixed0_r02_a01,300,0.18341190298087895,"{'attempts': [{'attempt': 0, 'deviation': -0.00416832596121719, 'median_ms': 1789.1057085071225, 'passed': True, 'ratio': 0.9958316740387828}], 'passed': True, 'reference_ms': 1796.5945000032661}",-0.00416832596121719,-0.00416832596121719,"{'attempts': [{'attempt': 0, 'deviation': -0.00036568017905458383, 'median_ms': 1795.9375210048165, 'passed': True, 'ratio': 0.9996343198209454}], 'passed': True, 'reference_ms': 1796.5945000032661}",-0.00036568017905458383,-0.00036568017905458383,1,True,False,m4_calibration,valid,0,0,0,,[],0,0.0,True,0.9971561110837068,0.00019346598579594263,True,1.003015268677007,"{'active_worker_log_present': True, 'completion_count_sufficient': True, 'decode_admission_zero': True, 'memory_clean': True, 'observer_clean': True, 'policy_cap_applied': True, 'queue_saturated': True, 'sentinel_clean': True, 'steady_duration_sufficient': True, 'token_data_clean': True, 'within_block_drift_clean': True}",1
0.5023779509511804,1.0,119424,156320,0.28410979391733937,1,0.0,12.046228928229537,1799.1402580089925,8,1.0,119424,156320,0,2048,0.5013920190905475,1.0,1,1.0,0.0,0.0,0.0,0.5013920190905475,696.7676453097622,0,351.976602499999,8,1352515584,1334624256,True,1,7881375744,8061190144,Mac mini,,False,0.28410979391733937,100,87,93,5.5,True,/Users/m1/.cache/huggingface/hub/models--mlx-community--Qwen2.5-1.5B-Instruct-4bit/snapshots/8b403126fc14f14cfc99bb4cfa72ecbc129ea677,1.2470664459197383,1.008446952583734,"{'api': 'resource.getrusage(RUSAGE_SELF)', 'interval_s': 1.0, 'max_scheduling_delay_ms': 13.814167003147304, 'missed_intervals': 0, 'observed_rate_hz': 0.9999714319643093, 'sample_count': 352, 'subprocess_count': 0}",event,"{'active_never_negative': True, 'admissions_within_cap': True, 'admitted_queries': 281888, 'completed_queries': 281888, 'event_count': 66476, 'max_active_queries': 4, 'query_accounting_exact': True, 'sequence_exact': True, 'started_queries': 281888, 'timestamps_monotonic': True, 'token_events': 12800}",0,128,15.022447896262747,1814.3375104598817,38,False,0,0,0,1540.1904754638672,1352450048,1616.6570000059437,3.683792005176656,fixed1,fixed,True,0.5006086427267195,1.0,1,1.0,878.3379594453737,"{'compressions_delta': 0, 'decompressions_delta': 0, 'experiment_rss_after_bytes': 54902784, 'experiment_rss_before_bytes': 54837248, 'headroom_after_bytes': 8961081344, 'headroom_before_bytes': 8992227328, 'idle_seconds': 2.0, 'memory_free_percent_after': 93, 'memory_free_percent_before': 93, 'minimum_headroom_gb': 3.0, 'observed_minimum_headroom_gb': 8.345657348632812, 'pageins_delta': 28, 'pageouts_delta': 0, 'pages_occupied_by_compressor_delta': 0, 'pages_stored_in_compressor_delta': 0, 'passed': True, 'swap_used_delta_bytes': 0, 'swapins_delta': 0, 'swapouts_delta': 0}",3710020025,3710520028,1.0,True,2,1352515584,"{'compressions_delta': 0, 'decompressions_delta': 0, 'experiment_rss_after_bytes': 1323237376, 'experiment_rss_before_bytes': 1323237376, 'headroom_after_bytes': 8056881152, 'headroom_before_bytes': 7832141824, 'idle_seconds': 2.0, 'memory_free_percent_after': 93, 'memory_free_percent_before': 89, 'minimum_headroom_gb': 3.0, 'observed_minimum_headroom_gb': 7.29425048828125, 'pageins_delta': 6, 'pageouts_delta': 0, 'pages_occupied_by_compressor_delta': 0, 'pages_stored_in_compressor_delta': 0, 'passed': True, 'swap_used_delta_bytes': 0, 'swapins_delta': 0, 'swapouts_delta': 0}",5220.187792001525,5409.875553887105,784.4535384265965,782.2937008740735,0.9972466979282736,-0.006136327603697968,a3ec79f8715d488b831f58aeec1f49c4,static_m4_calibration_event_fixed1_r02_a01,34904,0.21107382781337947,"{'attempts': [{'attempt': 0, 'deviation': 8.148528064588767e-05, 'median_ms': 1796.7408960103057, 'passed': True, 'ratio': 1.0000814852806459}], 'passed': True, 'reference_ms': 1796.5945000032661}",8.148528064588767e-05,8.148528064588767e-05,"{'attempts': [{'attempt': 0, 'deviation': -0.006196700481452488, 'median_ms': 1785.461542000121, 'passed': True, 'ratio': 0.9938032995185475}], 'passed': True, 'reference_ms': 1796.5945000032661}",-0.006196700481452488,-0.006196700481452488,1,True,False,m4_calibration,valid,0,0,0,,[],275792,783.5520828405087,False,0.9995801112268754,9.090302062045847e-05,True,1.0003775546980398,"{'active_worker_log_present': True, 'completion_count_sufficient': True, 'decode_admission_zero': True, 'memory_clean': True, 'observer_clean': True, 'policy_cap_applied': True, 'queue_saturated': True, 'sentinel_clean': True, 'steady_duration_sufficient': True, 'token_data_clean': True, 'within_block_drift_clean': True}",1
1.226772449733598,2.0,119616,280576,0.2827266848655659,1,0.0,12.046228928229537,1799.1402580089925,8,0.9898494924746237,121216,283552,0,2048,0.5209666884389288,1.0,1,0.9999649872575733,0.013063357282821686,1.0,1.0,0.5079033311561071,706.0396048792146,0,353.69848462499795,8,1361199104,1334820864,True,,7873642496,8079179776,Mac mini,,False,0.2827266848655659,100,87,93,5.5,True,/Users/m1/.cache/huggingface/hub/models--mlx-community--Qwen2.5-1.5B-Instruct-4bit/snapshots/8b403126fc14f14cfc99bb4cfa72ecbc129ea677,1.2249710411243362,1.0150124485882692,"{'api': 'resource.getrusage(RUSAGE_SELF)', 'interval_s': 1.0, 'max_scheduling_delay_ms': 10.68100001430139, 'missed_intervals': 0, 'observed_rate_hz': 0.9999715996026375, 'sample_count': 354, 'subprocess_count': 0}",event,"{'active_never_negative': True, 'admissions_within_cap': True, 'admitted_queries': 413936, 'completed_queries': 413936, 'event_count': 91627, 'max_active_queries': 4, 'query_accounting_exact': True, 'sequence_exact': True, 'started_queries': 413936, 'timestamps_monotonic': True, 'token_events': 12800}",0,128,14.756281591835432,1826.149758635438,30,False,0,0,0,1540.1904754638672,1361166336,1720.4329590022098,5.14066600590013,phasegate2to1,phasegate,True,1.5155644209698265,2.0,2,0.9999760406631935,1580.0443218794335,"{'compressions_delta': 0, 'decompressions_delta': 0, 'experiment_rss_after_bytes': 54771712, 'experiment_rss_before_bytes': 54706176, 'headroom_after_bytes': 8958443520, 'headroom_before_bytes': 8993538048, 'idle_seconds': 2.0, 'memory_free_percent_after': 93, 'memory_free_percent_before': 93, 'minimum_headroom_gb': 3.0, 'observed_minimum_headroom_gb': 8.34320068359375, 'pageins_delta': 16, 'pageouts_delta': 0, 'pages_occupied_by_compressor_delta': 0, 'pages_stored_in_compressor_delta': 0, 'passed': True, 'swap_used_delta_bytes': 0, 'swapins_delta': 0, 'swapouts_delta': 0}",3710020025,3710520028,1.0,True,2,1361199104,"{'compressions_delta': 0, 'decompressions_delta': 0, 'experiment_rss_after_bytes': 1323139072, 'experiment_rss_before_bytes': 1323139072, 'headroom_after_bytes': 8068546560, 'headroom_before_bytes': 7304986624, 'idle_seconds': 2.0, 'memory_free_percent_after': 93, 'memory_free_percent_before': 86, 'minimum_headroom_gb': 3.0, 'observed_minimum_headroom_gb': 6.8032989501953125, 'pageins_delta': 4, 'pageouts_delta': 0, 'pages_occupied_by_compressor_delta': 0, 'pages_stored_in_compressor_delta': 0, 'passed': True, 'swap_used_delta_bytes': 0, 'swapins_delta': 0, 'swapouts_delta': 0}",5633.004958013771,10452.988991199527,1148.0436892326181,1139.2848117079418,0.9923706060955476,-0.024763805309310882,2eae7c9a54054d0aac1bc50f28f99441,static_m4_calibration_event_phasegate2to1_r02_a01,51426,12.54378879093565,"{'attempts': [{'attempt': 0, 'deviation': -0.00048373937177326187, 'median_ms': 1795.7254165085033, 'passed': True, 'ratio': 0.9995162606282267}], 'passed': True, 'reference_ms': 1796.5945000032661}",-0.00048373937177326187,-0.00048373937177326187,"{'attempts': [{'attempt': 0, 'deviation': -0.0010999051332932774, 'median_ms': 1794.618416490266, 'passed': True, 'ratio': 0.9989000948667067}], 'passed': True, 'reference_ms': 1796.5945000032661}",-0.0010999051332932774,-0.0010999051332932774,1,True,False,m4_calibration,valid,0,0,0,,[],405184,1145.5632908056946,False,0.9979185024148323,-0.00027641566050929896,True,0.9997316841210567,"{'active_worker_log_present': True, 'completion_count_sufficient': True, 'decode_admission_zero': True, 'memory_clean': True, 'observer_clean': True, 'policy_cap_applied': True, 'queue_saturated': True, 'sentinel_clean': True, 'steady_duration_sufficient': True, 'token_data_clean': True, 'within_block_drift_clean': True}",301
1.516668515642334,2.0,0,276176,0.2805395429439387,1,0.0,12.046228928229537,1799.1402580089925,8,0.9833869536276902,3200,279360,0,2048,1.2487562189054726,2.0,0,0.9999655344063006,0.7512437810945274,2.0,1.6622516556291391,0.7512437810945274,1799.3883832772306,0,356.4559881669993,8,1360396288,1334624256,True,,7886766080,8065335296,Mac mini,,False,0.2805395429439387,100,87,93,5.5,True,/Users/m1/.cache/huggingface/hub/models--mlx-community--Qwen2.5-1.5B-Instruct-4bit/snapshots/8b403126fc14f14cfc99bb4cfa72ecbc129ea677,1.2576685479586032,1.002170959556715,"{'api': 'resource.getrusage(RUSAGE_SELF)', 'interval_s': 1.0, 'max_scheduling_delay_ms': 20.39012499153614, 'missed_intervals': 0, 'observed_rate_hz': 0.9999938783156221, 'sample_count': 357, 'subprocess_count': 0}",event,"{'active_never_negative': True, 'admissions_within_cap': True, 'admitted_queries': 291936, 'completed_queries': 291936, 'event_count': 68661, 'max_active_queries': 4, 'query_accounting_exact': True, 'sequence_exact': True, 'started_queries': 291936, 'timestamps_monotonic': True, 'token_events': 12800}",0,128,15.150163244543362,1803.0461187459878,157,False,0,0,0,1540.1904754638672,1360347136,26.90754199284129,0.5326460086507723,phasegate2to0,phasegate,True,1.5172443303380403,2.0,2,0.9999625503383393,1577.1180172233894,"{'compressions_delta': 0, 'decompressions_delta': 0, 'experiment_rss_after_bytes': 54509568, 'experiment_rss_before_bytes': 54444032, 'headroom_after_bytes': 8952315904, 'headroom_before_bytes': 8979267584, 'idle_seconds': 2.0, 'memory_free_percent_after': 93, 'memory_free_percent_before': 93, 'minimum_headroom_gb': 3.0, 'observed_minimum_headroom_gb': 8.337493896484375, 'pageins_delta': 16, 'pageouts_delta': 0, 'pages_occupied_by_compressor_delta': 0, 'pages_stored_in_compressor_delta': 0, 'passed': True, 'swap_used_delta_bytes': 0, 'swapins_delta': 0, 'swapouts_delta': 0}",3710020025,3710520028,1.0,True,2,1360396288,"{'compressions_delta': 0, 'decompressions_delta': 0, 'experiment_rss_after_bytes': 1322975232, 'experiment_rss_before_bytes': 1322958848, 'headroom_after_bytes': 8056340480, 'headroom_before_bytes': 7319273472, 'idle_seconds': 2.0, 'memory_free_percent_after': 93, 'memory_free_percent_before': 87, 'minimum_headroom_gb': 3.0, 'observed_minimum_headroom_gb': 6.8166046142578125, 'pageins_delta': 4, 'pageouts_delta': 0, 'pages_occupied_by_compressor_delta': 0, 'pages_stored_in_compressor_delta': 0, 'passed': True, 'swap_used_delta_bytes': 0, 'swapins_delta': 0, 'swapouts_delta': 0}",10555.234375002328,10631.214489346894,797.8138822955427,784.434739691976,0.9832302459251887,-0.03753586860416555,5383e529d08e4b6b9d11df62fd54c0db,static_m4_calibration_event_phasegate2to0_r02_a01,36056,16.849499981617555,"{'attempts': [{'attempt': 0, 'deviation': 0.005224201113339877, 'median_ms': 1805.9802709904034, 'passed': True, 'ratio': 1.0052242011133399}], 'passed': True, 'reference_ms': 1796.5945000032661}",0.005224201113339877,0.005224201113339877,"{'attempts': [{'attempt': 0, 'deviation': -0.0010419599438574734, 'median_ms': 1794.7225204989081, 'passed': True, 'ratio': 0.9989580400561425}], 'passed': True, 'reference_ms': 1796.5945000032661}",-0.0010419599438574734,-0.0010419599438574734,1,True,False,m4_calibration,valid,0,0,0,,[],282688,793.0516231573614,False,1.00740937723355,0.00020022940847935617,True,1.00467563525747,"{'active_worker_log_present': True, 'completion_count_sufficient': True, 'decode_admission_zero': True, 'memory_clean': True, 'observer_clean': True, 'policy_cap_applied': True, 'queue_saturated': True, 'sentinel_clean': True, 'steady_duration_sufficient': True, 'token_data_clean': True, 'within_block_drift_clean': True}",301
1.499551319738837,2.0,230304,282320,0.26857458121961253,1,0.0,12.046228928229537,1799.1402580089925,8,1.0,230304,282320,0,2048,1.4993793103448276,2.0,2,1.0,0.0,0.0,0.0,0.9997931034482759,1208.1629961525027,0,372.33605483398424,8,1367048192,1334607872,True,2,7872184320,8091009024,Mac mini,,False,0.26857458121961253,100,87,93,5.5,True,/Users/m1/.cache/huggingface/hub/models--mlx-community--Qwen2.5-1.5B-Instruct-4bit/snapshots/8b403126fc14f14cfc99bb4cfa72ecbc129ea677,1.3933122865425798,1.015760421074639,"{'api': 'resource.getrusage(RUSAGE_SELF)', 'interval_s': 1.0, 'max_scheduling_delay_ms': 11.787416995503008, 'missed_intervals': 0, 'observed_rate_hz': 0.9999730290661454, 'sample_count': 373, 'subprocess_count': 0}",event,"{'active_never_negative': True, 'admissions_within_cap': True, 'admitted_queries': 519968, 'completed_queries': 519968, 'event_count': 111290, 'max_active_queries': 4, 'query_accounting_exact': True, 'sequence_exact': True, 'started_queries': 519968, 'timestamps_monotonic': True, 'token_events': 12800}",0,128,16.784158772206865,1827.4954660475487,129,False,0,0,0,1540.1904754638672,1366982656,1993.8435420044698,950.9786249836907,fixed2,fixed,True,1.4982830443593784,2.0,2,1.0,1571.8442653653203,"{'compressions_delta': 0, 'decompressions_delta': 0, 'experiment_rss_after_bytes': 54853632, 'experiment_rss_before_bytes': 54788096, 'headroom_after_bytes': 8963670016, 'headroom_before_bytes': 8996028416, 'idle_seconds': 2.0, 'memory_free_percent_after': 93, 'memory_free_percent_before': 93, 'minimum_headroom_gb': 3.0, 'observed_minimum_headroom_gb': 8.348068237304688, 'pageins_delta': 69, 'pageouts_delta': 0, 'pages_occupied_by_compressor_delta': 0, 'pages_stored_in_compressor_delta': 0, 'passed': True, 'swap_used_delta_bytes': 0, 'swapins_delta': 0, 'swapouts_delta': 0}",3710020025,3710520028,1.0,True,2,1367048192,"{'compressions_delta': 0, 'decompressions_delta': 0, 'experiment_rss_after_bytes': 1323106304, 'experiment_rss_before_bytes': 1323106304, 'headroom_after_bytes': 8079671296, 'headroom_before_bytes': 7319552000, 'idle_seconds': 2.0, 'memory_free_percent_after': 93, 'memory_free_percent_before': 86, 'minimum_headroom_gb': 3.0, 'observed_minimum_headroom_gb': 6.816864013671875, 'pageins_delta': 4, 'pageouts_delta': 0, 'pages_occupied_by_compressor_delta': 0, 'pages_stored_in_compressor_delta': 0, 'passed': True, 'swap_used_delta_bytes': 0, 'swapins_delta': 0, 'swapouts_delta': 0}",5954.385916003957,6143.277057813248,1377.694928437087,1375.5328552968772,0.9984306589974441,-0.005806793572368556,6acaf68579364dc6abc7c14e2f5929c2,static_m4_calibration_event_fixed2_r02_a01,64634,0.2330900460947305,"{'attempts': [{'attempt': 0, 'deviation': -0.0003890232283378925, 'median_ms': 1795.8955830108607, 'passed': True, 'ratio': 0.9996109767716621}], 'passed': True, 'reference_ms': 1796.5945000032661}",-0.0003890232283378925,-0.0003890232283378925,"{'attempts': [{'attempt': 0, 'deviation': -0.001461886371998844, 'median_ms': 1793.9680829877034, 'passed': True, 'ratio': 0.9985381136280012}], 'passed': True, 'reference_ms': 1796.5945000032661}",-0.001461886371998844,-0.001461886371998844,1,True,False,m4_calibration,valid,0,0,0,,[],512736,1377.0785647621924,False,0.9943116757707363,-0.00022277262106618675,True,1.0000515559143297,"{'active_worker_log_present': True, 'completion_count_sufficient': True, 'decode_admission_zero': True, 'memory_clean': True, 'observer_clean': True, 'policy_cap_applied': True, 'queue_saturated': True, 'sentinel_clean': True, 'steady_duration_sufficient': True, 'token_data_clean': True, 'within_block_drift_clean': True}",1
