baseline_set,repeat,run_key,request_index,request_id,ttft_ms,mean_tpot_ms,p50_tpot_ms,p95_tpot_ms,p99_tpot_ms,max_gap_ms,above_14ms_diagnostic,token_timestamp_count
A,0,static_r5_baseline_A_event_llm-only_r00_a01,0,static-000,1785.1675409910968,11.527825787426963,11.500166001496837,11.6615668986924,12.266379998181947,12.48291700903792,False,128
A,0,static_r5_baseline_A_event_llm-only_r00_a01,1,static-001,1783.9393329923041,11.5263182440714,11.485916998935863,11.80055800359696,12.32323782343883,12.495917006162927,False,128
A,0,static_r5_baseline_A_event_llm-only_r00_a01,2,static-002,1783.0928750045132,11.526214236147908,11.499624990392476,11.704795397236012,12.167957851488607,12.490291992435232,False,128
A,0,static_r5_baseline_A_event_llm-only_r00_a01,3,static-003,1781.6895419964567,11.52136777956167,11.476833009510301,11.949625008855943,12.307313417841215,12.351457990007475,False,128
A,0,static_r5_baseline_A_event_llm-only_r00_a01,4,static-004,1780.5864170077257,11.524656826701733,11.49479100422468,11.795721504313404,12.301510504912585,12.418124999385327,False,128
A,0,static_r5_baseline_A_event_llm-only_r00_a01,5,static-005,1781.142790990998,11.54062533077388,11.522374988999218,11.677304400654975,11.844266586122103,12.519707990577444,False,128
A,0,static_r5_baseline_A_event_llm-only_r00_a01,6,static-006,1787.3145420016954,11.840782149586694,11.664334000670351,13.123095496848691,13.691025664447805,14.039208006579429,False,128
A,0,static_r5_baseline_A_event_llm-only_r00_a01,7,static-007,1776.9481670111418,11.535496385763473,11.489957993035205,11.780870395887176,12.366755930997897,12.44399999268353,False,128
A,0,static_r5_baseline_A_event_llm-only_r00_a01,8,static-008,1775.5462499917485,11.542771653593958,11.513167002703995,11.721699895861093,12.016263574478216,12.321415997575969,False,128
A,0,static_r5_baseline_A_event_llm-only_r00_a01,9,static-009,1775.7612080022227,11.529529527495212,11.493957994389348,11.790958105120806,12.229103745776229,12.384582994855009,False,128
A,0,static_r5_baseline_A_event_llm-only_r00_a01,10,static-010,1775.149249995593,11.528114826848372,11.489665994304232,11.738004507787991,12.338230159075465,12.353915997664444,False,128
A,0,static_r5_baseline_A_event_llm-only_r00_a01,11,static-011,1774.0247920010006,11.523648944896953,11.48845900024753,11.76662490615854,12.283111416327301,12.452708993805572,False,128
A,0,static_r5_baseline_A_event_llm-only_r00_a01,12,static-012,1774.424250004813,11.521270015784795,11.469916993519291,11.66628729988588,12.387931748235133,12.46941699355375,False,128
A,0,static_r5_baseline_A_event_llm-only_r00_a01,13,static-013,1773.4635419910774,11.511172574837545,11.490624994621612,11.68667879246641,12.111794840893708,12.243290999322198,False,128
A,0,static_r5_baseline_A_event_llm-only_r00_a01,14,static-014,1775.183207995724,11.53729888979496,11.501083004986867,11.708783109497745,12.274207921000198,12.488707987358794,False,128
A,0,static_r5_baseline_A_event_llm-only_r00_a01,15,static-015,1772.1466250077356,11.538962275568968,11.494499995023943,11.852837697369978,12.258121496124659,12.395249999826774,False,128
A,0,static_r5_baseline_A_event_llm-only_r00_a01,16,static-016,1772.8722499887226,11.522222771726394,11.4845839998452,11.806020501535384,12.353314999782015,12.390541000058874,False,128
A,0,static_r5_baseline_A_event_llm-only_r00_a01,17,static-017,1771.8194159970153,11.538760503983184,11.500958004035056,11.775479292555247,12.182684653380418,12.290792001294903,False,128
A,0,static_r5_baseline_A_event_llm-only_r00_a01,18,static-018,1772.683415998472,11.51062762990363,11.483875001431443,11.668278706201816,12.272149074997287,12.445707994629629,False,128
A,0,static_r5_baseline_A_event_llm-only_r00_a01,19,static-019,1772.526040993398,11.526361220460348,11.491124998428859,11.787770803493911,12.414976579020731,12.480417004553601,False,128
A,0,static_r5_baseline_A_event_llm-only_r00_a01,20,static-020,1771.7302499950165,11.526949472466894,11.495875005493872,11.66710819961736,12.257425495481584,12.392791992169805,False,128
A,0,static_r5_baseline_A_event_llm-only_r00_a01,21,static-021,1771.53579100559,11.529424874016678,11.497542000142857,11.801541394379454,12.359668084827717,12.498666008468717,False,128
A,0,static_r5_baseline_A_event_llm-only_r00_a01,22,static-022,1771.4920419966802,11.546403873967572,11.506708004162647,11.948795392527245,12.29818450519815,12.529166997410357,False,128
A,0,static_r5_baseline_A_event_llm-only_r00_a01,23,static-023,1770.7357089966536,11.307140747997286,11.208124997210689,11.573520603997167,12.129906833870336,12.143208994530141,False,128
A,0,static_r5_baseline_A_event_llm-only_r00_a01,24,static-024,1773.8257499877363,11.710175196869358,11.530249990755692,12.838792102411388,13.743796833441591,13.918208991526626,False,128
A,0,static_r5_baseline_A_event_llm-only_r00_a01,25,static-025,1782.6450420106994,11.49718962986972,11.471625010017306,11.651595501461998,12.202781245869117,12.314542007516138,False,128
A,0,static_r5_baseline_A_event_llm-only_r00_a01,26,static-026,1774.6889590052888,11.520236543348558,11.487208001199178,11.672162494505756,12.333604344748892,12.45799999742303,False,128
A,0,static_r5_baseline_A_event_llm-only_r00_a01,27,static-027,1771.8448340019677,11.522421582627631,11.473582999315113,11.931896298483478,12.267104681523051,12.311500002397224,False,128
A,0,static_r5_baseline_A_event_llm-only_r00_a01,28,static-028,1771.611666001263,11.53330544883378,11.491375000332482,11.791266997170169,12.317466914828401,12.427040986949578,False,128
A,0,static_r5_baseline_A_event_llm-only_r00_a01,29,static-029,1771.5575420006644,11.542364173269956,11.505249989568256,11.839533002057577,12.335420496528968,12.440500009688549,False,128
A,0,static_r5_baseline_A_event_llm-only_r00_a01,30,static-030,1771.3597920082975,11.524103669216856,11.49891699606087,11.664200105587952,12.14738499984378,12.372041994240135,False,128
A,0,static_r5_baseline_A_event_llm-only_r00_a01,31,static-031,1772.5026669941144,11.549059055148858,11.517791004735045,11.731558694737032,12.308597919472959,12.455666990717873,False,128
A,0,static_r5_baseline_A_event_llm-only_r00_a01,32,static-032,1771.832500002347,11.527103999942197,11.493957994389348,11.708962604461702,12.388700651645195,12.475040988647379,False,128
A,0,static_r5_baseline_A_event_llm-only_r00_a01,33,static-033,1774.2003329913132,11.511762795363017,11.495166996610351,11.62955010368023,12.239323739486279,12.40883300488349,False,128
A,0,static_r5_baseline_A_event_llm-only_r00_a01,34,static-034,1773.5627500078408,11.52639173227454,11.506166003528051,11.8706251058029,12.210278082930017,12.304709001909941,False,128
A,0,static_r5_baseline_A_event_llm-only_r00_a01,35,static-035,1773.834916006308,11.523265747938261,11.487415991723537,11.73815000365721,12.37125684187049,12.416416997439228,False,128
A,0,static_r5_baseline_A_event_llm-only_r00_a01,36,static-036,1773.3441250020405,11.53122506303324,11.486249990412034,11.814012700051533,12.376004242396448,12.440916005289182,False,128
A,0,static_r5_baseline_A_event_llm-only_r00_a01,37,static-037,1773.9339580002706,11.512882873923774,11.478833010187373,11.61488749930868,12.30226642481284,12.369834003038704,False,128
A,0,static_r5_baseline_A_event_llm-only_r00_a01,38,static-038,1773.2665420044214,11.524355637806094,11.499250002088957,11.697899796126876,12.25092891982058,12.511041990364902,False,128
A,0,static_r5_baseline_A_event_llm-only_r00_a01,39,static-039,1774.9305839970475,11.517336614192537,11.48362499952782,11.692303798918147,12.318738584872335,12.404583001625724,False,128
A,0,static_r5_baseline_A_event_llm-only_r00_a01,40,static-040,1772.3434170038672,11.516270007847398,11.482041998533532,11.658237595111132,12.344284073624292,12.447208995581605,False,128
A,0,static_r5_baseline_A_event_llm-only_r00_a01,41,static-041,1772.4690410104813,11.517034125936908,11.479332999442704,11.702433100435883,12.271836835134309,12.344832997769117,False,128
A,0,static_r5_baseline_A_event_llm-only_r00_a01,42,static-042,1773.4574589994736,11.520379590623147,11.49370901111979,11.721925009624101,12.27407058031531,12.305291995289735,False,128
A,0,static_r5_baseline_A_event_llm-only_r00_a01,43,static-043,1782.8991250135005,11.81692618101663,11.660290998406708,13.13862039387459,13.787777663965242,13.839791005011648,False,128
A,0,static_r5_baseline_A_event_llm-only_r00_a01,44,static-044,1774.7281250049127,11.519856960650197,11.47779200982768,11.751837396877816,12.325227506516967,12.42458300839644,False,128
A,0,static_r5_baseline_A_event_llm-only_r00_a01,45,static-045,1775.4342080006609,11.509539370079466,11.471666002762504,11.687579499266576,12.269459503295366,12.3873749980703,False,128
A,0,static_r5_baseline_A_event_llm-only_r00_a01,46,static-046,1774.5534170098836,11.535204724361936,11.495250000734814,11.789809002948457,12.472211744752713,12.509542008046992,False,128
A,0,static_r5_baseline_A_event_llm-only_r00_a01,47,static-047,1775.2512500010198,11.514192913415087,11.479749999125488,11.64478319697082,12.195038078934886,12.344832997769117,False,128
A,0,static_r5_baseline_A_event_llm-only_r00_a01,48,static-048,1773.1841660133796,11.532851055082975,11.486957999295555,11.919012399448548,12.276465331960935,12.47783399594482,False,128
A,0,static_r5_baseline_A_event_llm-only_r00_a01,49,static-049,1774.7080829867627,11.517882543385916,11.493874990264885,11.645370499172714,12.254708921245765,12.319083005422726,False,128
A,0,static_r5_baseline_A_event_llm-only_r00_a01,50,static-050,1775.5196250072913,11.51744192903843,11.491541998111643,11.70538329897681,12.28112157958094,12.434374992153607,False,128
A,0,static_r5_baseline_A_event_llm-only_r00_a01,51,static-051,1775.0236249994487,11.523443897640677,11.481957990326919,11.701791804807725,12.460989246319514,12.532666005427018,False,128
A,0,static_r5_baseline_A_event_llm-only_r00_a01,52,static-052,1776.3311250018887,11.537407149627665,11.488792006275617,11.833917000330985,12.322649239213204,12.437208002666011,False,128
A,0,static_r5_baseline_A_event_llm-only_r00_a01,53,static-053,1776.957541005686,11.550791338512374,11.501500004669651,11.892058899684343,12.344132658326998,12.4137079983484,False,128
A,0,static_r5_baseline_A_event_llm-only_r00_a01,54,static-054,1775.6049589952454,11.517446850335746,11.482540998258628,11.62015010631876,12.31360423436854,12.398874998325482,False,128
A,0,static_r5_baseline_A_event_llm-only_r00_a01,55,static-055,1775.632124990807,11.496625322867809,11.476250001578592,11.596807996102143,12.28640999586787,12.404624998453073,False,128
A,0,static_r5_baseline_A_event_llm-only_r00_a01,56,static-056,1777.3400000005495,11.544286740226964,11.51837500219699,11.691046497435309,12.033897498331498,12.457541000912897,False,128
A,0,static_r5_baseline_A_event_llm-only_r00_a01,57,static-057,1777.4304579943419,11.512640094582549,11.488249991089106,11.769891898438798,12.19216841564048,12.507374995038845,False,128
A,0,static_r5_baseline_A_event_llm-only_r00_a01,58,static-058,1775.5789999937406,11.517021976348094,11.497582992888056,11.659270495874807,12.150325918628369,12.176083007943816,False,128
A,0,static_r5_baseline_A_event_llm-only_r00_a01,59,static-059,1777.7410410053562,11.536437007813992,11.5138749970356,11.671154393116012,12.082071076438297,12.131833005696535,False,128
A,0,static_r5_baseline_A_event_llm-only_r00_a01,60,static-060,1776.7600410006708,11.536294291337667,11.495832994114608,11.734007905761246,12.384464659262449,12.518582996563055,False,128
A,0,static_r5_baseline_A_event_llm-only_r00_a01,61,static-061,1776.536584002315,11.730067582716652,11.51929200568702,12.902054205187596,13.798657504958099,14.549542000168003,False,128
A,0,static_r5_baseline_A_event_llm-only_r00_a01,62,static-062,1787.7259590022732,11.51560760627035,11.494791993754916,11.655491203418933,12.119977166585157,12.368583003990352,False,128
A,0,static_r5_baseline_A_event_llm-only_r00_a01,63,static-063,1778.6797500011744,11.52996161419121,11.50824999785982,11.66923290293198,12.146012000157496,12.32383301248774,False,128
A,0,static_r5_baseline_A_event_llm-only_r00_a01,64,static-064,1778.7462499982212,11.529638448924443,11.49200000509154,11.793287492764646,12.305472498992458,12.327582997386344,False,128
A,0,static_r5_baseline_A_event_llm-only_r00_a01,65,static-065,1778.7350829894422,11.542588259931287,11.507125003845431,11.787175200879574,12.314027188112957,12.458833996788599,False,128
A,0,static_r5_baseline_A_event_llm-only_r00_a01,66,static-066,1777.622292007436,11.542661417336166,11.51087500329595,11.760191107168794,12.325144236674532,12.51537499774713,False,128
A,0,static_r5_baseline_A_event_llm-only_r00_a01,67,static-067,1779.8781669989694,11.516415677216695,11.483542009955272,11.628262301383074,12.319513583788648,12.488916996517219,False,128
A,0,static_r5_baseline_A_event_llm-only_r00_a01,68,static-068,1779.663499997696,11.542000653479784,11.491750003187917,11.919149999448562,12.443620155681854,12.595708001754247,False,128
A,0,static_r5_baseline_A_event_llm-only_r00_a01,69,static-069,1779.553084008512,11.525445535465503,11.503917005029507,11.70171270496212,11.983734496461693,12.063542002579197,False,128
A,0,static_r5_baseline_A_event_llm-only_r00_a01,70,static-070,1779.3105419987114,11.522868763784672,11.490707998746075,11.659012504969724,12.27575533732306,12.394083008985035,False,128
A,0,static_r5_baseline_A_event_llm-only_r00_a01,71,static-071,1779.9035839998396,11.526468826831854,11.49837500997819,11.73113290569745,11.951039574632887,12.014500010991469,False,128
A,0,static_r5_baseline_A_event_llm-only_r00_a01,72,static-072,1779.045582996332,11.546940944940365,11.501499990117736,11.837428796570746,12.40852792718215,12.476042000344023,False,128
A,0,static_r5_baseline_A_event_llm-only_r00_a01,73,static-073,1779.482583006029,11.522136157466553,11.498791005578823,11.712945405452047,11.968422502977774,12.371167002129368,False,128
A,0,static_r5_baseline_A_event_llm-only_r00_a01,74,static-074,1779.7710840095533,11.528164370046877,11.504082998726517,11.719708806776907,12.098206496739294,12.197083997307345,False,128
A,0,static_r5_baseline_A_event_llm-only_r00_a01,75,static-075,1780.4721249995055,11.526378937016101,11.490375007269904,11.693558805563953,12.436247000587173,12.513834008132108,False,128
A,0,static_r5_baseline_A_event_llm-only_r00_a01,76,static-076,1781.496417010203,11.526511157436596,11.491458004456945,11.76579199527623,12.262753759569023,12.335874998825602,False,128
A,0,static_r5_baseline_A_event_llm-only_r00_a01,77,static-077,1781.212208996294,11.532879259902984,11.499207990709692,11.794562499562744,12.165714990987908,12.468790999264456,False,128
A,0,static_r5_baseline_A_event_llm-only_r00_a01,78,static-078,1781.4341250050347,11.51771784251772,11.500166001496837,11.63972069916781,11.967749833129346,12.212166999233887,False,128
A,0,static_r5_baseline_A_event_llm-only_r00_a01,79,static-079,1779.8158330115257,11.39529724410592,11.437666995334439,11.65921629872173,11.992218265659174,12.286917000892572,False,128
A,0,static_r5_baseline_A_event_llm-only_r00_a01,80,static-080,1792.2860410035355,11.79685433075294,11.647417006315663,13.100692095758859,13.583377156464849,13.943166995886713,False,128
A,0,static_r5_baseline_A_event_llm-only_r00_a01,81,static-081,1783.4522079938324,11.524281173249648,11.507249990245327,11.698796192649752,12.012016077933367,12.092167002265342,False,128
A,0,static_r5_baseline_A_event_llm-only_r00_a01,82,static-082,1783.0634170095436,11.552308070886784,11.528000002726912,11.822295805905014,12.30761076672934,12.431416995241307,False,128
A,0,static_r5_baseline_A_event_llm-only_r00_a01,83,static-083,1781.2711669976125,11.538973425200583,11.513167002703995,11.663299998326693,12.248758002242539,12.29612500173971,False,128
A,0,static_r5_baseline_A_event_llm-only_r00_a01,84,static-084,1783.208167005796,11.541747700745665,11.51366600242909,11.768804404709952,12.287582501303403,12.426417000824586,False,128
A,0,static_r5_baseline_A_event_llm-only_r00_a01,85,static-085,1782.310000009602,11.530543637748874,11.506916998769157,11.684253801649902,12.011007840919774,12.19729200238362,False,128
A,0,static_r5_baseline_A_event_llm-only_r00_a01,86,static-086,1783.6945000017295,11.519708992078291,11.493167010485195,11.659616795077454,12.261264503467828,12.371874996460974,False,128
A,0,static_r5_baseline_A_event_llm-only_r00_a01,87,static-087,1782.7356249908917,11.51797374803023,11.490707998746075,11.606412596302107,12.314228928589726,12.469541994505562,False,128
A,0,static_r5_baseline_A_event_llm-only_r00_a01,88,static-088,1781.9926249940181,11.552170606391453,11.516958998981863,11.755583707417827,12.299655659298878,12.592957995366305,False,128
A,0,static_r5_baseline_A_event_llm-only_r00_a01,89,static-089,1783.1501670007128,11.550229661511331,11.501166998641565,11.888371297391132,12.400905917165801,12.512500004959293,False,128
A,0,static_r5_baseline_A_event_llm-only_r00_a01,90,static-090,1784.757957997499,11.527403543325596,11.502042005304247,11.702770496776793,12.278382160584442,12.383249995764345,False,128
A,0,static_r5_baseline_A_event_llm-only_r00_a01,91,static-091,1782.6215420063818,11.534924212592015,11.499792002723552,11.702178706764244,12.212361074052751,12.34395800565835,False,128
A,0,static_r5_baseline_A_event_llm-only_r00_a01,92,static-092,1783.6840000090888,11.52889566921343,11.50433300063014,11.656083093839698,12.263862834952306,12.301124996156432,False,128
A,0,static_r5_baseline_A_event_llm-only_r00_a01,93,static-093,1782.7008749882225,11.526054787489871,11.491582990856841,11.732208899047691,12.241075419879053,12.343459005933255,False,128
A,0,static_r5_baseline_A_event_llm-only_r00_a01,94,static-094,1785.412459008512,11.530769023541032,11.500332999275997,11.705320805776864,12.26337792002596,12.474584000301547,False,128
A,0,static_r5_baseline_A_event_llm-only_r00_a01,95,static-095,1784.382124998956,11.528022960607535,11.4891660050489,11.79275430040434,12.371058010903653,12.513417008449323,False,128
A,0,static_r5_baseline_A_event_llm-only_r00_a01,96,static-096,1784.5231250103097,11.52498490547424,11.491833996842615,11.760045797564088,12.435686927346978,12.513875000877306,False,128
A,0,static_r5_baseline_A_event_llm-only_r00_a01,97,static-097,1784.087833002559,11.531804795179875,11.49016700219363,11.859266900864895,12.447693911381064,12.55779099301435,False,128
A,0,static_r5_baseline_A_event_llm-only_r00_a01,98,static-098,1784.7345000045607,11.768667976322444,11.627250001765788,12.670421200164126,13.687720918678677,14.166374996420927,False,128
A,0,static_r5_baseline_A_event_llm-only_r00_a01,99,static-099,1790.6155410018982,11.5460728346251,11.50995799980592,11.782408101134932,12.414157841121778,12.501916993642226,False,128
A,0,static_r5_baseline_A_event_llm-only_r00_a01,100,static-100,1783.8975829945412,11.551553811089642,11.506875001941808,11.999087600270284,12.37325215479359,12.461374994018115,False,128
A,0,static_r5_baseline_A_event_llm-only_r00_a01,101,static-101,1786.0928750014864,11.525011488156737,11.502958994242363,11.718962695158552,12.037822090787811,12.460707992431708,False,128
A,0,static_r5_baseline_A_event_llm-only_r00_a01,102,static-102,1785.9211670001969,11.523697834634259,11.511624994454905,11.677971402241383,11.987047496077139,12.007583005470224,False,128
A,0,static_r5_baseline_A_event_llm-only_r00_a01,103,static-103,1786.7697079927893,11.540838259897436,11.514707992319018,11.679474799893796,12.141403081186581,12.453624993213452,False,128
A,0,static_r5_baseline_A_event_llm-only_r00_a01,104,static-104,1786.1162909975974,11.534541669209107,11.503083995194174,11.789625202072783,12.289742506109178,12.38254200143274,False,128
A,0,static_r5_baseline_A_event_llm-only_r00_a01,105,static-105,1786.7186660005245,11.546588582687967,11.51466699957382,11.65065449604299,12.449232657963876,12.584500000230037,False,128
A,0,static_r5_baseline_A_event_llm-only_r00_a01,106,static-106,1786.131333996309,11.53078805515451,11.512333992868662,11.686212405038532,12.020994081685785,12.330833007581532,False,128
A,0,static_r5_baseline_A_event_llm-only_r00_a01,107,static-107,1785.8827080053743,11.522497700717059,11.491165991174057,11.699754296569154,12.266814834147226,12.51425000373274,False,128
A,0,static_r5_baseline_A_event_llm-only_r00_a01,108,static-108,1785.8774589985842,11.541641401640309,11.50716599659063,11.86914170102682,12.24871765647549,12.363292000372894,False,128
A,0,static_r5_baseline_A_event_llm-only_r00_a01,109,static-109,1787.0612919941777,11.549966866182581,11.510458003613167,11.791662404721135,12.216836071456783,12.27124998695217,False,128
A,0,static_r5_baseline_A_event_llm-only_r00_a01,110,static-110,1786.1156669969205,11.53156167713423,11.494334001326934,11.70962510659592,12.295019083248917,12.396499994792975,False,128
A,0,static_r5_baseline_A_event_llm-only_r00_a01,111,static-111,1786.8566670076689,11.540351377907356,11.506458991789259,11.698033096035942,12.291264491796028,12.373125005979091,False,128
A,0,static_r5_baseline_A_event_llm-only_r00_a01,112,static-112,1786.0689999943133,11.53945538589335,11.503082991112024,11.86775870301062,12.302848495601209,12.44395799585618,False,128
A,0,static_r5_baseline_A_event_llm-only_r00_a01,113,static-113,1786.9482910027727,11.536543968515874,11.52154098963365,11.67447049956536,12.066325428022537,12.429374997736886,False,128
A,0,static_r5_baseline_A_event_llm-only_r00_a01,114,static-114,1785.9870420070365,11.532120401586047,11.510625001392327,11.661079489567783,11.989550162979867,12.051915997290052,False,128
A,0,static_r5_baseline_A_event_llm-only_r00_a01,115,static-115,1788.1370000104653,11.551357283464112,11.511874996358529,11.859745699621271,12.218809998885263,12.375790989608504,False,128
A,0,static_r5_baseline_A_event_llm-only_r00_a01,116,static-116,1786.7600830068113,11.549967850327462,11.513207995449193,11.901433009188619,12.454046836937778,12.474917006329633,False,128
A,0,static_r5_baseline_A_event_llm-only_r00_a01,117,static-117,1803.189708996797,11.64944225193027,11.546749999979511,12.075866108352784,13.539624080876818,13.630290995934047,False,128
A,0,static_r5_baseline_A_event_llm-only_r00_a01,118,static-118,1789.0857919992413,11.531214236179146,11.48904100409709,11.86477060691686,12.394074348558206,12.4464170075953,False,128
A,0,static_r5_baseline_A_event_llm-only_r00_a01,119,static-119,1787.2437080077361,11.532837929140857,11.49874999828171,11.662429496936966,12.29110050800955,12.323499991907738,False,128
A,0,static_r5_baseline_A_event_llm-only_r00_a01,120,static-120,1788.096875010524,11.543842188956209,11.522208005771972,11.658846195496153,12.204787998343816,12.356416991678998,False,128
A,0,static_r5_baseline_A_event_llm-only_r00_a01,121,static-121,1789.0223330032313,11.529334976294768,11.493832993437536,11.81265419581905,12.202008265303448,12.368249997962266,False,128
A,0,static_r5_baseline_A_event_llm-only_r00_a01,122,static-122,1788.8769999990473,11.518802165418615,11.486333998618647,11.62639110116288,12.292334500525612,12.344582995865494,False,128
A,0,static_r5_baseline_A_event_llm-only_r00_a01,123,static-123,1787.8034590103198,11.558112204711936,11.524833011208102,11.946124793030322,12.393181734660175,12.45033300074283,False,128
A,0,static_r5_baseline_A_event_llm-only_r00_a01,124,static-124,1787.981542001944,11.548680771695905,11.51541700528469,11.71097879705485,12.299224845482968,12.39858400367666,False,128
A,0,static_r5_baseline_A_event_llm-only_r00_a01,125,static-125,1788.810708996607,11.526077094430097,11.49575000454206,11.742899897217283,12.244421584764495,12.482834004913457,False,128
A,0,static_r5_baseline_A_event_llm-only_r00_a01,126,static-126,1787.468374997843,11.57640452761621,11.520082989591174,11.965641794085968,12.435399081441574,12.459999998100102,False,128
A,0,static_r5_baseline_A_event_llm-only_r00_a01,127,static-127,1787.6287079998292,11.554594488203064,11.521499996888451,11.855624798045026,12.374310574668923,12.439333004294895,False,128
A,0,static_r5_baseline_A_event_llm-only_r00_a01,128,static-128,1790.5924580118153,11.543967850358724,11.503625006298535,11.945949896471573,12.259923912934028,12.453749994165264,False,128
A,0,static_r5_baseline_A_event_llm-only_r00_a01,129,static-129,1788.4712079976453,11.545395015809486,11.514249999891035,11.735783898620866,12.322512501268648,12.545124991447665,False,128
A,0,static_r5_baseline_A_event_llm-only_r00_a01,130,static-130,1789.015250004013,11.541583661359413,11.512666998896748,11.707283300347626,12.21894441609038,12.410666007781401,False,128
A,0,static_r5_baseline_A_event_llm-only_r00_a01,131,static-131,1789.550916000735,11.525957354282095,11.497125000460073,11.845791904488575,12.345503076794555,12.476791001972742,False,128
A,0,static_r5_baseline_A_event_llm-only_r00_a01,132,static-132,1789.3772919924231,11.546777889813574,11.518708997755311,11.754937606747262,12.338016585854346,12.578082998516038,False,128
A,0,static_r5_baseline_A_event_llm-only_r00_a01,133,static-133,1790.2552500017919,11.529752952789185,11.494708000100218,11.781254201196134,12.342941737151705,12.388291987008415,False,128
A,0,static_r5_baseline_A_event_llm-only_r00_a01,134,static-134,1791.3024589943234,11.318280834701888,11.237541999435052,11.611516201810446,11.77066142030526,11.922167002921924,False,128
A,0,static_r5_baseline_A_event_llm-only_r00_a01,135,static-135,1791.893750007148,11.97945570866999,11.746417003450915,13.321191098657435,13.821340915455949,13.919874996645376,False,128
A,0,static_r5_baseline_A_event_llm-only_r00_a01,136,static-136,1793.3129169978201,11.524606299129182,11.497291998239234,11.652308101474773,12.200615000037942,12.480000004870817,False,128
A,0,static_r5_baseline_A_event_llm-only_r00_a01,137,static-137,1790.1267090055626,11.543198818878057,11.501334010972641,11.920620696037076,12.264768577588256,12.4600839917548,False,128
A,0,static_r5_baseline_A_event_llm-only_r00_a01,138,static-138,1791.5704589977395,11.535859574869965,11.497958999825642,11.86795440298738,12.222235759254545,12.297916997340508,False,128
A,0,static_r5_baseline_A_event_llm-only_r00_a01,139,static-139,1789.6629589959048,11.530425196846279,11.494791993754916,11.68736250110669,12.313774418435058,12.51816599688027,False,128
A,0,static_r5_baseline_A_event_llm-only_r00_a01,140,static-140,1792.0946249942062,11.546230314993373,11.52158399054315,11.67623309593182,12.344688743178267,12.459833000320941,False,128
A,0,static_r5_baseline_A_event_llm-only_r00_a01,141,static-141,1789.6744169993326,11.542029196775049,11.508625000715256,11.780237303173635,12.102222000830807,12.582666997332126,False,128
A,0,static_r5_baseline_A_event_llm-only_r00_a01,142,static-142,1790.0933330092812,11.547266732301841,11.508875002618879,11.786803600261917,12.308325505000537,12.416917001246475,False,128
A,0,static_r5_baseline_A_event_llm-only_r00_a01,143,static-143,1790.082750012516,11.551207015689602,11.523332999786362,11.840878696239086,12.29831533273682,12.429291993612424,False,128
A,0,static_r5_baseline_A_event_llm-only_r00_a01,144,static-144,1791.3539159926586,11.519116472464795,11.490834003780037,11.745174805400893,12.326022666820789,12.435249998816289,False,128
A,0,static_r5_baseline_A_event_llm-only_r00_a01,145,static-145,1791.0369169985643,11.559198488225595,11.514500001794659,11.863603701931424,12.345109417801723,12.507874998846091,False,128
A,0,static_r5_baseline_A_event_llm-only_r00_a01,146,static-146,1790.1359170064097,11.546111873976196,11.518957995576784,11.71507480321452,12.162908920727203,12.502540994319133,False,128
A,0,static_r5_baseline_A_event_llm-only_r00_a01,147,static-147,1790.2644590067212,11.544823157394811,11.513584002386779,11.702378799964208,12.356120165786706,12.452999988454394,False,128
A,0,static_r5_baseline_A_event_llm-only_r00_a01,148,static-148,1791.9732089940226,11.548978015762115,11.51912500790786,11.83312049251981,12.371780325192956,12.596625005244277,False,128
A,0,static_r5_baseline_A_event_llm-only_r00_a01,149,static-149,1791.709124998306,11.556562338543205,11.523584005772136,11.855375194863882,12.338381997542456,12.42416599416174,False,128
A,0,static_r5_baseline_A_event_llm-only_r00_a01,150,static-150,1792.0357499970123,11.534491141751138,11.497583996970206,11.792583799979184,12.233409497130195,12.468999993870966,False,128
A,0,static_r5_baseline_A_event_llm-only_r00_a01,151,static-151,1792.9873749963008,11.5390059055337,11.507415998494253,11.762400096631607,12.274511584837455,12.334250001003966,False,128
A,0,static_r5_baseline_A_event_llm-only_r00_a01,152,static-152,1790.9480829985114,11.542199149624238,11.520959000336006,11.68617130315397,11.992362497549038,12.559040987980552,False,128
A,0,static_r5_baseline_A_event_llm-only_r00_a01,153,static-153,1792.3049169912701,11.634744425220818,11.494582999148406,12.389153896947391,13.518628590973092,13.823542001773603,False,128
A,0,static_r5_baseline_A_event_llm-only_r00_a01,154,static-154,1806.0971249942668,11.529440944831027,11.514500001794659,11.680070500005968,12.02360483322991,12.185041996417567,False,128
A,0,static_r5_baseline_A_event_llm-only_r00_a01,155,static-155,1792.5491659989348,11.517368110266192,11.500249995151535,11.607616893888917,11.94329249789007,12.238542010891251,False,128
A,0,static_r5_baseline_A_event_llm-only_r00_a01,156,static-156,1793.0027920083376,11.535033133792082,11.505333008244634,11.813803594850466,12.138060764118563,12.509457999840379,False,128
A,0,static_r5_baseline_A_event_llm-only_r00_a01,157,static-157,1792.821583992918,11.53241862991172,11.48937499965541,11.93087919964455,12.387272999912966,12.458791010431014,False,128
A,0,static_r5_baseline_A_event_llm-only_r00_a01,158,static-158,1791.9730419962434,11.552694551192964,11.508582989335991,11.94308751146309,12.328188583487645,12.447708999388851,False,128
A,0,static_r5_baseline_A_event_llm-only_r00_a01,159,static-159,1792.3694159981096,11.541027559116886,11.50862498616334,11.691383294237312,12.380432819481939,12.501082994276658,False,128
A,0,static_r5_baseline_A_event_llm-only_r00_a01,160,static-160,1793.466624993016,11.53700557486044,11.493791011162102,11.982274903857613,12.39041342283599,12.53033299872186,False,128
A,0,static_r5_baseline_A_event_llm-only_r00_a01,161,static-161,1793.6056249891408,11.544187007931164,11.499917003675364,11.881641908257734,12.434688924695365,12.555624998640269,False,128
A,0,static_r5_baseline_A_event_llm-only_r00_a01,162,static-162,1793.0759169976227,11.552005905523258,11.515292004332878,11.873595703218596,12.356456578127109,12.422749990946613,False,128
A,0,static_r5_baseline_A_event_llm-only_r00_a01,163,static-163,1792.354791003163,11.524156173214493,11.500167005578987,11.696962502901442,12.22811299492605,12.289916994632222,False,128
A,0,static_r5_baseline_A_event_llm-only_r00_a01,164,static-164,1791.9599999877391,11.52703116542942,11.496999999508262,11.697421302960718,12.317772073147353,12.390874995617196,False,128
A,0,static_r5_baseline_A_event_llm-only_r00_a01,165,static-165,1792.0131249993574,11.565895338508843,11.53087499551475,11.784162596450187,12.484457344107796,12.574500011396594,False,128
A,0,static_r5_baseline_A_event_llm-only_r00_a01,166,static-166,1792.520290997345,11.536879598471982,11.503707995871082,11.726520697993692,12.274976999615317,12.499707998358645,False,128
A,0,static_r5_baseline_A_event_llm-only_r00_a01,167,static-167,1795.1989169960143,11.532018700771319,11.498416992253624,11.680650101334322,12.162450577598065,12.314207997405902,False,128
A,0,static_r5_baseline_A_event_llm-only_r00_a01,168,static-168,1791.932457999792,11.544590881900994,11.500749998958781,11.781912393053062,12.217979573179036,12.556667003082111,False,128
A,0,static_r5_baseline_A_event_llm-only_r00_a01,169,static-169,1793.4764999954496,11.541241472385325,11.496042003273033,11.819941698922776,12.440709659422282,12.537540998891927,False,128
A,0,static_r5_baseline_A_event_llm-only_r00_a01,170,static-170,1793.434667008114,11.528764102368719,11.501957997097634,11.670700200193096,12.222288422635756,12.472916991100647,False,128
A,0,static_r5_baseline_A_event_llm-only_r00_a01,171,static-171,1792.8785409894772,11.533289047335751,11.51012499758508,11.730429400631692,12.018581747543067,12.150417009252124,False,128
A,0,static_r5_baseline_A_event_llm-only_r00_a01,172,static-172,1809.31724999391,11.893708000026503,11.696500005200505,13.157595696975477,14.085087493876927,14.154459000565112,False,128
A,0,static_r5_baseline_A_event_llm-only_r00_a01,173,static-173,1793.0414169968572,11.553173881884863,11.52304200513754,11.7322873978992,12.390230416203849,12.544833007268608,False,128
A,0,static_r5_baseline_A_event_llm-only_r00_a01,174,static-174,1792.9602090007393,11.545424866141737,11.513791003380902,11.77621640090365,12.154684996639842,12.319917004788294,False,128
A,0,static_r5_baseline_A_event_llm-only_r00_a01,175,static-175,1794.6639169967966,11.550505905559719,11.516083992319182,11.846354504814371,12.230721422238275,12.400792009430006,False,128
A,0,static_r5_baseline_A_event_llm-only_r00_a01,176,static-176,1793.022750003729,11.541144023594395,11.498334002681077,11.88594199484214,12.351019835914485,12.440417005564086,False,128
A,0,static_r5_baseline_A_event_llm-only_r00_a01,177,static-177,1793.9142910036026,11.563412401587776,11.508499999763444,11.968791903927919,12.51377250358928,12.531792002846487,False,128
A,0,static_r5_baseline_A_event_llm-only_r00_a01,178,static-178,1793.0785420030588,11.536540685053804,11.515165999298915,11.817637496278621,12.19523591455072,12.379541993141174,False,128
A,0,static_r5_baseline_A_event_llm-only_r00_a01,179,static-179,1792.2189160017297,11.56291765354273,11.521958003868349,12.030940994736737,12.461555917398073,12.540542011265643,False,128
A,0,static_r5_baseline_A_event_llm-only_r00_a01,180,static-180,1795.6712919985875,11.56958464558757,11.528875009389594,11.870487600390332,12.46375683491351,12.570041988510638,False,128
A,0,static_r5_baseline_A_event_llm-only_r00_a01,181,static-181,1794.2493339942303,11.572248354305762,11.526917005539872,11.91681690979749,12.455764680635184,12.4991670018062,False,128
A,0,static_r5_baseline_A_event_llm-only_r00_a01,182,static-182,1794.246416000533,11.531505251911058,11.510459007695317,11.691104604688007,12.054931417806074,12.168417000793852,False,128
A,0,static_r5_baseline_A_event_llm-only_r00_a01,183,static-183,1793.8526249927236,11.563307740203083,11.536459001945332,11.850912605586927,12.092871421191376,12.469125009374693,False,128
A,0,static_r5_baseline_A_event_llm-only_r00_a01,184,static-184,1794.8417919978965,11.547729330697448,11.517541002831422,11.798337398795411,12.235976583324373,12.454583993530832,False,128
A,0,static_r5_baseline_A_event_llm-only_r00_a01,185,static-185,1793.8953330012737,11.53427625190023,11.514708996401168,11.667545809177682,12.048714842530899,12.345791998086497,False,128
A,0,static_r5_baseline_A_event_llm-only_r00_a01,186,static-186,1794.873834005557,11.539768039406548,11.505708011100069,11.682137596653774,12.350378416304011,12.461042002541944,False,128
A,0,static_r5_baseline_A_event_llm-only_r00_a01,187,static-187,1795.5888340075035,11.545745732205898,11.511000004247762,11.850282897648865,12.344026417995337,12.447624991182238,False,128
A,0,static_r5_baseline_A_event_llm-only_r00_a01,188,static-188,1794.223917007912,11.550918307066455,11.515291989780962,11.852571296913084,12.29416124144336,12.498124997364357,False,128
A,0,static_r5_baseline_A_event_llm-only_r00_a01,189,static-189,1794.874583996716,11.522215220428212,11.50883400987368,11.62864989892114,12.104600914753973,12.232499997480772,False,128
A,0,static_r5_baseline_A_event_llm-only_r00_a01,190,static-190,1792.7440839994233,11.934882543218418,11.733417006325908,13.345165991631802,13.936797996575478,14.489375011180528,False,128
A,0,static_r5_baseline_A_event_llm-only_r00_a01,191,static-191,1801.3186669995775,11.560385826769776,11.523334003868513,11.768103892973159,12.329256086377425,12.538875002064742,False,128
A,0,static_r5_baseline_A_event_llm-only_r00_a01,192,static-192,1797.0419170014793,11.54829625979407,11.51466699957382,11.867024800449142,12.236675338645,12.322875001700595,False,128
A,0,static_r5_baseline_A_event_llm-only_r00_a01,193,static-193,1794.2936659965198,11.551588582719207,11.529292009072378,11.64089119847631,12.29161707597086,12.566875011543743,False,128
A,0,static_r5_baseline_A_event_llm-only_r00_a01,194,static-194,1796.0979579947889,11.561955708696866,11.541166008100845,11.676520596665796,12.28712766256649,12.45037499757018,False,128
A,0,static_r5_baseline_A_event_llm-only_r00_a01,195,static-195,1796.3304169970797,11.549664692912897,11.519000006956048,11.77657080697827,12.362256078049539,12.43504100420978,False,128
A,0,static_r5_baseline_A_event_llm-only_r00_a01,196,static-196,1795.4239169921493,11.533824472452558,11.509292002301663,11.651741896639578,12.200972659920808,12.46158400317654,False,128
A,0,static_r5_baseline_A_event_llm-only_r00_a01,197,static-197,1796.9249580055475,11.561035432973803,11.529082999913953,11.846087498997802,12.1743414219236,12.425207998603582,False,128
A,0,static_r5_baseline_A_event_llm-only_r00_a01,198,static-198,1795.8374999871012,11.555984574800915,11.517749997437932,11.904716794379052,12.361724419752136,12.562000003526919,False,128
A,0,static_r5_baseline_A_event_llm-only_r00_a01,199,static-199,1795.6626670056721,11.574576771657686,11.529374998644926,12.048654396494383,12.383253581356257,12.505499995313585,False,128
A,0,static_r5_baseline_A_event_llm-only_r00_a01,200,static-200,1796.4268750074552,11.549338259767213,11.513125005876645,11.807946297631132,12.278002070088405,12.376667000353336,False,128
A,0,static_r5_baseline_A_event_llm-only_r00_a01,201,static-201,1796.0582920059096,11.543031496029736,11.512500001117587,11.762558092596008,12.310796082601883,12.416291996487416,False,128
A,0,static_r5_baseline_A_event_llm-only_r00_a01,202,static-202,1795.3882919973694,11.539000653552705,11.498750012833625,11.82960809965152,12.230812005873304,12.501541001256555,False,128
A,0,static_r5_baseline_A_event_llm-only_r00_a01,203,static-203,1796.1266249913024,11.53347572446049,11.508708004839718,11.692353799298871,12.171630920493042,12.235292000696063,False,128
A,0,static_r5_baseline_A_event_llm-only_r00_a01,204,static-204,1794.5278330007568,11.541124669317977,11.514291007188149,11.67850859783357,12.471045158163177,12.58024999697227,False,128
A,0,static_r5_baseline_A_event_llm-only_r00_a01,205,static-205,1795.6141250033397,11.54447933070006,11.51108399790246,11.783491102687547,12.425255158741493,12.460457990528084,False,128
A,0,static_r5_baseline_A_event_llm-only_r00_a01,206,static-206,1797.3443750088336,11.563516409396685,11.524166009621695,11.840804299572483,12.441331581212578,12.533667002571747,False,128
A,0,static_r5_baseline_A_event_llm-only_r00_a01,207,static-207,1797.9461249924498,11.5516391023856,11.52045899652876,11.830441004713064,12.256049996067304,12.357667001197115,False,128
A,0,static_r5_baseline_A_event_llm-only_r00_a01,208,static-208,1795.9044159943005,11.557644685019014,11.510500000440516,11.996616399846971,12.407939841214102,12.56958300655242,False,128
A,0,static_r5_baseline_A_event_llm-only_r00_a01,209,static-209,1816.3505839911522,11.572072834718796,11.518083992996253,11.953037501371,12.496505002200138,13.208792006480508,False,128
A,0,static_r5_baseline_A_event_llm-only_r00_a01,210,static-210,1795.6517910060938,11.558374015781222,11.51537500845734,11.89259999373462,12.399267000437247,12.581375005538575,False,128
A,0,static_r5_baseline_A_event_llm-only_r00_a01,211,static-211,1796.4833750011167,11.53823294480676,11.517916995217092,11.69442140380852,12.234690921031868,12.451707996660843,False,128
A,0,static_r5_baseline_A_event_llm-only_r00_a01,212,static-212,1795.5695419950644,11.537229000039831,11.5079160023015,11.745691300893666,12.274671421619132,12.29225000133738,False,128
A,0,static_r5_baseline_A_event_llm-only_r00_a01,213,static-213,1794.7297079954296,11.566602039438724,11.54470800247509,11.765933204151224,12.217785919492599,12.334541999734938,False,128
A,0,static_r5_baseline_A_event_llm-only_r00_a01,214,static-214,1796.164208004484,11.557838582643674,11.528333998285234,11.77510450797854,12.462612654780969,12.542875003418885,False,128
A,0,static_r5_baseline_A_event_llm-only_r00_a01,215,static-215,1795.9533329994883,11.544306102409541,11.517000006278977,11.72419570357306,12.251134651014581,12.48695800313726,False,128
A,0,static_r5_baseline_A_event_llm-only_r00_a01,216,static-216,1795.8214579994092,11.548563645736454,11.508333001984283,11.82112929964205,12.344883914338425,12.386125003104098,False,128
A,0,static_r5_baseline_A_event_llm-only_r00_a01,217,static-217,1796.6058329911903,11.541574149677626,11.515374993905425,11.644712511042599,12.36634749220684,12.48887499968987,False,128
A,0,static_r5_baseline_A_event_llm-only_r00_a01,218,static-218,1795.986790995812,11.569736220513647,11.533249999047257,11.711154501244891,12.501173004566226,12.572749998071231,False,128
A,0,static_r5_baseline_A_event_llm-only_r00_a01,219,static-219,1796.6618339996785,11.539680771570923,11.508416006108746,11.818329400557557,12.15927000332158,12.404291992424987,False,128
A,0,static_r5_baseline_A_event_llm-only_r00_a01,220,static-220,1797.7369580039522,11.54958005507814,11.510249998536892,11.77846680075163,12.288838920649141,12.433833006070927,False,128
A,0,static_r5_baseline_A_event_llm-only_r00_a01,221,static-221,1794.9768749967916,11.564014763795903,11.528915987582877,11.93509570439346,12.198859083873685,12.21149999764748,False,128
A,0,static_r5_baseline_A_event_llm-only_r00_a01,222,static-222,1796.8262089998461,11.542217519755775,11.50991600297857,11.706733299070038,12.13341766357189,12.597124994499609,False,128
A,0,static_r5_baseline_A_event_llm-only_r00_a01,223,static-223,1798.5507080011303,11.545702755931531,11.524458997882903,11.643366907082964,12.084123166860081,12.464374987757765,False,128
A,0,static_r5_baseline_A_event_llm-only_r00_a01,224,static-224,1795.5980410042685,11.550535110222345,11.520792002556846,11.714146398298908,12.029455917654559,12.333499995293096,False,128
A,0,static_r5_baseline_A_event_llm-only_r00_a01,225,static-225,1797.6728750072652,11.568708661311181,11.531875003129244,11.866321407433134,12.363026254170107,12.454499999876134,False,128
A,0,static_r5_baseline_A_event_llm-only_r00_a01,226,static-226,1797.1701659989776,11.55064665351712,11.52699999511242,11.84015430189902,12.07535708672367,12.430415998096578,False,128
A,0,static_r5_baseline_A_event_llm-only_r00_a01,227,static-227,1808.0947080015903,11.875788055132986,11.671624990412965,13.574866994167678,13.960136998794042,14.082374997087754,False,128
A,0,static_r5_baseline_A_event_llm-only_r00_a01,228,static-228,1796.2350830057403,11.55088025197482,11.512459008372389,11.946004403580444,12.31078734039329,12.472000002162531,False,128
A,0,static_r5_baseline_A_event_llm-only_r00_a01,229,static-229,1796.7910000006668,11.548138448856697,11.51258300524205,11.713429406518117,12.402939840394538,12.507166000432335,False,128
A,0,static_r5_baseline_A_event_llm-only_r00_a01,230,static-230,1798.231749999104,11.538917645647036,11.513041987200268,11.726516102498863,11.939495571423322,12.47408299241215,False,128
A,0,static_r5_baseline_A_event_llm-only_r00_a01,231,static-231,1796.4228329947218,11.56125426765414,11.528874994837679,11.881953800912015,12.133643738925457,12.33691698871553,False,128
A,0,static_r5_baseline_A_event_llm-only_r00_a01,232,static-232,1798.008124998887,11.556590551269373,11.524958012159914,11.906753602670502,12.262449236877728,12.519333002273925,False,128
A,0,static_r5_baseline_A_event_llm-only_r00_a01,233,static-233,1797.4499999982072,11.535800196868404,11.521665990585461,11.674895595933776,11.828006265277509,12.40291701105889,False,128
A,0,static_r5_baseline_A_event_llm-only_r00_a01,234,static-234,1795.97408301197,11.539754590457745,11.529457988217473,11.636496092251036,11.909133577428292,12.54695800889749,False,128
A,0,static_r5_baseline_A_event_llm-only_r00_a01,235,static-235,1797.217333005392,11.552712929116078,11.528290997375734,11.740504496265203,11.931986579147633,12.420332990586758,False,128
A,0,static_r5_baseline_A_event_llm-only_r00_a01,236,static-236,1796.4476669876603,11.584587598459677,11.534207995282486,11.86832040984882,12.474989684124012,12.482292004278861,False,128
A,0,static_r5_baseline_A_event_llm-only_r00_a01,237,static-237,1797.1649579994846,11.537307417331865,11.515000005601905,11.670350005442742,12.147304582176728,12.47504199272953,False,128
A,0,static_r5_baseline_A_event_llm-only_r00_a01,238,static-238,1798.2487499975832,11.572062992124165,11.54099999985192,11.811300201225093,12.315986078465356,12.491415996919386,False,128
A,0,static_r5_baseline_A_event_llm-only_r00_a01,239,static-239,1796.2712500011548,11.540794944918648,11.521583001012914,11.649699804547708,12.229245499183888,12.493332993471995,False,128
A,0,static_r5_baseline_A_event_llm-only_r00_a01,240,static-240,1797.315209012595,11.558719488102795,11.532709002494812,11.838970494864043,12.223797154729255,12.281707997317426,False,128
A,0,static_r5_baseline_A_event_llm-only_r00_a01,241,static-241,1798.3032909978647,11.545836614187271,11.518665996845812,11.69464630074799,12.17233857139945,12.240500000189058,False,128
A,0,static_r5_baseline_A_event_llm-only_r00_a01,242,static-242,1796.6485420038225,11.550004590590536,11.523125009262003,11.777754497597924,12.173413577256722,12.378083993098699,False,128
A,0,static_r5_baseline_A_event_llm-only_r00_a01,243,static-243,1796.927000003052,11.577625984214173,11.537333004525863,11.858049999864306,12.39093642187072,12.448166002286598,False,128
A,0,static_r5_baseline_A_event_llm-only_r00_a01,244,static-244,1797.858082994935,11.43370308662585,11.467999996966682,11.649699998088181,12.074015154212246,12.431041992385872,False,128
A,0,static_r5_baseline_A_event_llm-only_r00_a01,245,static-245,1797.8943750058534,11.805900590499775,11.701167008141056,12.805483800184446,13.47977107070619,13.852167001459748,False,128
A,0,static_r5_baseline_A_event_llm-only_r00_a01,246,static-246,1804.9133750027977,11.58314533854787,11.540167004568502,11.848808605282102,12.373335339361802,12.395790996379219,False,128
A,0,static_r5_baseline_A_event_llm-only_r00_a01,247,static-247,1795.3963750042021,11.562255905541466,11.531541997101158,11.781703599262983,12.127200925897341,12.520250005763955,False,128
A,0,static_r5_baseline_A_event_llm-only_r00_a01,248,static-248,1797.4207910010591,11.544490818921513,11.519416992086917,11.682662290695589,12.194457500008864,12.49837499926798,False,128
A,0,static_r5_baseline_A_event_llm-only_r00_a01,249,static-249,1798.799374999362,11.563822181114384,11.53274999524001,11.931529502908234,12.011999085952993,12.194541006465442,False,128
A,0,static_r5_baseline_A_event_llm-only_r00_a01,250,static-250,1796.4329160022317,11.566937992172353,11.534207995282486,11.908162702457046,12.375361576268915,12.618125008884817,False,128
A,0,static_r5_baseline_A_event_llm-only_r00_a01,251,static-251,1798.1459589937003,11.570302818926587,11.522917004185729,11.845745594473556,12.412697342806496,12.546875004773028,False,128
A,0,static_r5_baseline_A_event_llm-only_r00_a01,252,static-252,1797.728959005326,11.55901738574479,11.524292000103742,11.807603697525336,12.383156742725987,12.401875006617047,False,128
A,0,static_r5_baseline_A_event_llm-only_r00_a01,253,static-253,1796.9462920009391,11.551969488152288,11.520334010128863,11.794841199298387,12.080899574502837,12.30566699814517,False,128
A,0,static_r5_baseline_A_event_llm-only_r00_a01,254,static-254,1798.231000007945,11.59030249604486,11.543166008777916,11.939374999201391,12.521351083996706,12.565666998852976,False,128
A,0,static_r5_baseline_A_event_llm-only_r00_a01,255,static-255,1795.9804590063868,11.572551503928752,11.536416990566067,11.89078360039275,12.370946422452107,12.465332998544909,False,128
A,0,static_r5_baseline_A_event_llm-only_r00_a01,256,static-256,1798.1163750082487,11.548744747988096,11.514583005919121,11.894024990033357,12.298760341363959,12.374333993648179,False,128
A,0,static_r5_baseline_A_event_llm-only_r00_a01,257,static-257,1797.5641250086483,11.540893370062882,11.503792004077695,11.857558299379889,12.34294873982435,12.489542001276277,False,128
A,0,static_r5_baseline_A_event_llm-only_r00_a01,258,static-258,1795.6239170016488,11.56651049608999,11.527583992574364,11.900379500002598,12.396954072464723,12.44362500438001,False,128
A,0,static_r5_baseline_A_event_llm-only_r00_a01,259,static-259,1797.165625001071,11.537005251968338,11.523375011165626,11.654983907646965,11.93454441789072,12.057374988216907,False,128
A,0,static_r5_baseline_A_event_llm-only_r00_a01,260,static-260,1800.1005420082947,11.539706031518703,11.517874998389743,11.621921198093332,12.206839830905665,12.35670798632782,False,128
A,0,static_r5_baseline_A_event_llm-only_r00_a01,261,static-261,1797.406375000719,11.550106960564198,11.529458002769388,11.7472580037429,12.101008584722877,12.163167004473507,False,128
A,0,static_r5_baseline_A_event_llm-only_r00_a01,262,static-262,1798.8994999905117,11.561125984271497,11.524583998834714,11.936162505298853,12.31158342648996,12.352165998890996,False,128
A,0,static_r5_baseline_A_event_llm-only_r00_a01,263,static-263,1797.0314999984112,11.548295598426709,11.51762499648612,11.708124994765967,12.091893587494269,12.535125002614222,False,128
A,0,static_r5_baseline_A_event_llm-only_r00_a01,264,static-264,1822.830042001442,11.625272960688068,11.551042000064626,11.915362303261645,12.856211000471374,13.69991700630635,False,128
A,0,static_r5_baseline_A_event_llm-only_r00_a01,265,static-265,1799.5159160054754,11.554008858176646,11.523624998517334,11.724787492130417,12.304815159295684,12.479915996664204,False,128
A,0,static_r5_baseline_A_event_llm-only_r00_a01,266,static-266,1798.6419999942882,11.533877622005237,11.513416990055703,11.678329196001869,12.112132330366876,12.328708005952649,False,128
A,0,static_r5_baseline_A_event_llm-only_r00_a01,267,static-267,1798.5455419984646,11.563475393735086,11.53445799718611,11.724191898247227,12.181008575425947,12.46924999577459,False,128
A,0,static_r5_baseline_A_event_llm-only_r00_a01,268,static-268,1796.6414999973495,11.550450787373533,11.51037501404062,11.838250087748747,12.439067842788061,12.555124994833022,False,128
A,0,static_r5_baseline_A_event_llm-only_r00_a01,269,static-269,1797.4068750045262,11.56357414165684,11.527125010616146,11.864741895988118,12.406309495563619,12.558332993648946,False,128
A,0,static_r5_baseline_A_event_llm-only_r00_a01,270,static-270,1800.078833999578,11.551058393656497,11.530042000231333,11.681203698390163,12.198705163609699,12.406667010509409,False,128
A,0,static_r5_baseline_A_event_llm-only_r00_a01,271,static-271,1796.8163749901578,11.540181763762586,11.523957989993505,11.670533099095337,12.144353923213203,12.26195800700225,False,128
A,0,static_r5_baseline_A_event_llm-only_r00_a01,272,static-272,1798.922957998002,11.566439629981558,11.52712499606423,11.814491706900297,12.430456083384342,12.547624995931983,False,128
A,0,static_r5_baseline_A_event_llm-only_r00_a01,273,static-273,1798.5556670028018,11.55352395272623,11.516584010678343,11.817924995557403,12.400073918106498,12.487792002502829,False,128
A,0,static_r5_baseline_A_event_llm-only_r00_a01,274,static-274,1797.235209000064,11.544133527580223,11.519416992086917,11.691216996405274,12.052418739767743,12.20341598673258,False,128
A,0,static_r5_baseline_A_event_llm-only_r00_a01,275,static-275,1798.3236250001937,11.54772342514067,11.527041002409533,11.651262597297318,12.22572234139079,12.403166998410597,False,128
A,0,static_r5_baseline_A_event_llm-only_r00_a01,276,static-276,1796.0223339905497,11.540180441027866,11.505541013320908,11.846866298583334,12.21433750120923,12.462958009564318,False,128
A,0,static_r5_baseline_A_event_llm-only_r00_a01,277,static-277,1797.844291999354,11.57703411817646,11.533832992427051,11.756278701068368,12.507885414815973,12.55220799066592,False,128
A,0,static_r5_baseline_A_event_llm-only_r00_a01,278,static-278,1798.4390420024283,11.54618536229392,11.518957995576784,11.722870798257645,12.165119490236973,12.39016700128559,False,128
A,0,static_r5_baseline_A_event_llm-only_r00_a01,279,static-279,1795.2440420049243,11.54982972435019,11.51445800496731,11.841733290930279,12.161267334595323,12.501250006607734,False,128
A,0,static_r5_baseline_A_event_llm-only_r00_a01,280,static-280,1797.8786660096375,11.558743110215328,11.519791994942352,11.800999903061893,12.177218764263671,12.310250007431023,False,128
A,0,static_r5_baseline_A_event_llm-only_r00_a01,281,static-281,1798.7347919988679,11.536594488182267,11.494457998196594,11.810616998991462,12.254082663566805,12.47370800410863,False,128
A,0,static_r5_baseline_A_event_llm-only_r00_a01,282,static-282,1806.9407080038218,11.855955377970933,11.685167002724484,13.29575379786547,13.919616081693675,14.000541996210814,False,128
A,0,static_r5_baseline_A_event_llm-only_r00_a01,283,static-283,1799.1192920017056,11.570143370039387,11.537124999449588,11.800153703370597,12.394303585751912,12.551416002679616,False,128
A,0,static_r5_baseline_A_event_llm-only_r00_a01,284,static-284,1796.8956249969779,11.53389206300508,11.511874996358529,11.69425450352719,12.268080498324705,12.506915998528711,False,128
A,0,static_r5_baseline_A_event_llm-only_r00_a01,285,static-285,1798.486125000636,11.555686685065078,11.52637499035336,11.71590450394433,12.182880000036675,12.425542008713819,False,128
A,0,static_r5_baseline_A_event_llm-only_r00_a01,286,static-286,1798.8451249984792,11.560871063018451,11.529000010341406,11.6804043049342,12.446799847239161,12.525875004939735,False,128
A,0,static_r5_baseline_A_event_llm-only_r00_a01,287,static-287,1798.0554999958258,11.557062007885566,11.513833989738487,11.908408104500264,12.435083577584008,12.540875002741814,False,128
A,0,static_r5_baseline_A_event_llm-only_r00_a01,288,static-288,1798.5648329922697,11.564852362182394,11.536874997545965,11.752675101161003,12.407978420087602,12.550749990623444,False,128
A,0,static_r5_baseline_A_event_llm-only_r00_a01,289,static-289,1795.7279999973252,11.566045929175457,11.5372500004014,11.737425001047086,12.416131425416097,12.458166995202191,False,128
A,0,static_r5_baseline_A_event_llm-only_r00_a01,290,static-290,1799.002624989953,11.54855610234443,11.51183299953118,11.817041903850622,12.328216840978712,12.499375006882474,False,128
A,0,static_r5_baseline_A_event_llm-only_r00_a01,291,static-291,1799.094750007498,11.57514763779216,11.524875008035451,11.926321193459444,12.353658580686897,12.51616700028535,False,128
A,0,static_r5_baseline_A_event_llm-only_r00_a01,292,static-292,1796.786457998678,11.554081692918585,11.524792003910989,11.699495704669971,12.294474838708993,12.4821250064997,False,128
A,0,static_r5_baseline_A_event_llm-only_r00_a01,293,static-293,1799.0236249897862,11.538384842510357,11.517916995217092,11.704204292618668,12.051081000827253,12.344874994596466,False,128
A,0,static_r5_baseline_A_event_llm-only_r00_a01,294,static-294,1798.212917012279,11.538314629863127,11.506499999086373,11.684791995503474,12.252120320918037,12.427875000867061,False,128
A,0,static_r5_baseline_A_event_llm-only_r00_a01,295,static-295,1797.3344170022756,11.5635137795104,11.522916000103578,11.889771198912058,12.397333577100653,12.427583991666324,False,128
A,0,static_r5_baseline_A_event_llm-only_r00_a01,296,static-296,1798.6395839980105,11.532149929140775,11.503500005346723,11.73512489622226,12.333317070442716,12.539458999526687,False,128
A,0,static_r5_baseline_A_event_llm-only_r00_a01,297,static-297,1796.4508750010282,11.548248031424125,11.515416990732774,11.818696395494044,12.300810335436836,12.35558299231343,False,128
A,0,static_r5_baseline_A_event_llm-only_r00_a01,298,static-298,1797.0132080081385,11.572498685059754,11.539500002982095,11.868016204971354,12.31034684489714,12.525375001132488,False,128
A,0,static_r5_baseline_A_event_llm-only_r00_a01,299,static-299,1799.10266699153,11.550373685024642,11.51854199997615,11.80402129975846,12.254698262549935,12.503792007919401,False,128
A,1,static_r5_baseline_A_event_llm-only_r01_a01,0,static-000,1771.6454999899724,11.52281725206724,11.485709008411504,11.765354295494033,12.30436983751133,12.404499997501262,False,128
A,1,static_r5_baseline_A_event_llm-only_r01_a01,1,static-001,1782.3633329971926,11.538914700774805,11.496625011204742,11.841766799625475,12.221487998904195,12.427167006535456,False,128
A,1,static_r5_baseline_A_event_llm-only_r01_a01,2,static-002,1786.9744580093538,11.526799212598542,11.496541992528364,11.869696206122171,12.215955500141717,12.521875003585592,False,128
A,1,static_r5_baseline_A_event_llm-only_r01_a01,3,static-003,1791.061665993766,11.525204401636518,11.499166997964494,11.701671304763295,12.02901749726152,12.084166999557056,False,128
A,1,static_r5_baseline_A_event_llm-only_r01_a01,4,static-004,1791.3063750020228,11.56746391339895,11.516749989823438,12.019049801165236,12.260909337201156,12.327458010986447,False,128
A,1,static_r5_baseline_A_event_llm-only_r01_a01,5,static-005,1791.0578750015702,11.546507873984904,11.507417002576403,11.954362591495737,12.329626084538177,12.468999993870966,False,128
A,1,static_r5_baseline_A_event_llm-only_r01_a01,6,static-006,1791.7208750004647,11.530503936915835,11.505040994961746,11.727812493336387,11.956111414765473,12.572874999023043,False,128
A,1,static_r5_baseline_A_event_llm-only_r01_a01,7,static-007,1794.5006670051953,11.53793142522744,11.500166001496837,11.762321293645071,12.348224090819711,12.447665998479351,False,128
A,1,static_r5_baseline_A_event_llm-only_r01_a01,8,static-008,1792.0922089979285,11.522936346545617,11.50770801177714,11.647033209737856,11.97745577257592,12.035832987749018,False,128
A,1,static_r5_baseline_A_event_llm-only_r01_a01,9,static-009,1793.227542002569,11.55606725981448,11.523000008310191,11.790466104866937,12.199378426594194,12.41595798637718,False,128
A,1,static_r5_baseline_A_event_llm-only_r01_a01,10,static-010,1794.1255839978112,11.543311023654775,11.516457991092466,11.81810420239344,12.204010653658768,12.563957992824726,False,128
A,1,static_r5_baseline_A_event_llm-only_r01_a01,11,static-011,1794.3035419884836,11.544533464626783,11.528000002726912,11.645516792486887,11.951902074797545,12.498458003392443,False,128
A,1,static_r5_baseline_A_event_llm-only_r01_a01,12,static-012,1793.5077089932747,11.564569551209868,11.539750004885718,11.710267106536776,12.267534662387334,12.409082992235199,False,128
A,1,static_r5_baseline_A_event_llm-only_r01_a01,13,static-013,1797.893708004267,11.972720149604744,11.708500009262934,13.535537502320947,13.982741076615639,14.690915995743126,False,128
A,1,static_r5_baseline_A_event_llm-only_r01_a01,14,static-014,1796.8984590115724,11.530503936915835,11.502834007842466,11.706995700660627,12.185554997704457,12.207709005451761,False,128
A,1,static_r5_baseline_A_event_llm-only_r01_a01,15,static-015,1796.0915000003297,11.545679787394782,11.520542000653222,11.739653701079076,12.321279660100116,12.525459009339102,False,128
A,1,static_r5_baseline_A_event_llm-only_r01_a01,16,static-016,1795.2467080031056,11.549547905543283,11.52362501306925,11.652341192530002,12.215121421904767,12.335000006714836,False,128
A,1,static_r5_baseline_A_event_llm-only_r01_a01,17,static-017,1794.9823329981882,11.554754267773943,11.525791007443331,11.855891795130445,12.162639997259248,12.256375004653819,False,128
A,1,static_r5_baseline_A_event_llm-only_r01_a01,18,static-018,1796.7119160020957,11.536833007937283,11.505165995913558,11.8867462981143,12.29927808046341,12.371500008157454,False,128
A,1,static_r5_baseline_A_event_llm-only_r01_a01,19,static-019,1795.7358330022544,11.557735236202126,11.521584005095065,11.781387605878988,12.326392337854486,12.541874995804392,False,128
A,1,static_r5_baseline_A_event_llm-only_r01_a01,20,static-020,1795.8001250080997,11.577212921225495,11.53804200293962,11.867016207543202,12.415700914280023,12.538666996988468,False,128
A,1,static_r5_baseline_A_event_llm-only_r01_a01,21,static-021,1796.9424999901094,11.53080151189489,11.500832988531329,11.665896397607867,12.201419677294323,12.463833001675084,False,128
A,1,static_r5_baseline_A_event_llm-only_r01_a01,22,static-022,1797.0249170030002,11.556799212556816,11.525249996338971,11.879041393694934,12.025850754289422,12.38254200143274,False,128
A,1,static_r5_baseline_A_event_llm-only_r01_a01,23,static-023,1794.4950829987647,11.541504921289858,11.504665992106311,11.88267130200984,12.298114501463713,12.44845800101757,False,128
A,1,static_r5_baseline_A_event_llm-only_r01_a01,24,static-024,1797.5663340039318,11.567828740111523,11.531833006301895,11.93573760538129,12.273915655678138,12.301333001232706,False,128
A,1,static_r5_baseline_A_event_llm-only_r01_a01,25,static-025,1795.8837910118746,11.541664047170372,11.522790999151766,11.7356419985299,12.24379342078464,12.44454200787004,False,128
A,1,static_r5_baseline_A_event_llm-only_r01_a01,26,static-026,1798.220583004877,11.53733529925977,11.519708001287654,11.67370440234663,12.02974183979677,12.107292001019232,False,128
A,1,static_r5_baseline_A_event_llm-only_r01_a01,27,static-027,1797.4503750010626,11.553879590534539,11.515541991684586,11.938866000855342,12.36308715568157,12.529875006293878,False,128
A,1,static_r5_baseline_A_event_llm-only_r01_a01,28,static-028,1795.2230410010088,11.565169952690646,11.537041995325126,11.694446302135475,12.336611585342323,12.518917006673291,False,128
A,1,static_r5_baseline_A_event_llm-only_r01_a01,29,static-029,1797.3001249920344,11.52746128349191,11.505332993692718,11.627057906298432,12.086040161957499,12.223333003930748,False,128
A,1,static_r5_baseline_A_event_llm-only_r01_a01,30,static-030,1798.0503339931602,11.546633858279524,11.515334001160227,11.744025100779254,12.245882160495967,12.455167001462542,False,128
A,1,static_r5_baseline_A_event_llm-only_r01_a01,31,static-031,1795.7231249893084,11.752098102436959,11.546583991730586,12.957028797245584,13.805205917160492,13.931999987107702,False,128
A,1,static_r5_baseline_A_event_llm-only_r01_a01,32,static-032,1811.5058330004103,11.542166015715338,11.508416995638981,11.696262494660914,12.461102656379808,12.513041001511738,False,128
A,1,static_r5_baseline_A_event_llm-only_r01_a01,33,static-033,1796.5969579963712,11.5567936377983,11.522333006723784,11.922624999715481,12.335314075753557,12.53112500126008,False,128
A,1,static_r5_baseline_A_event_llm-only_r01_a01,34,static-034,1797.6145839929814,11.539469811080874,11.505415997817181,11.7394668966881,12.274815157579724,12.312292004935443,False,128
A,1,static_r5_baseline_A_event_llm-only_r01_a01,35,static-035,1796.55866700341,11.549073165350439,11.522375003551133,11.688320591929369,12.311494836758357,12.45516599738039,False,128
A,1,static_r5_baseline_A_event_llm-only_r01_a01,36,static-036,1796.037249994697,11.54863976382588,11.512958008097485,11.79215818992816,12.18065850349376,12.20320799620822,False,128
A,1,static_r5_baseline_A_event_llm-only_r01_a01,37,static-037,1797.6709170034155,11.522496062996394,11.493375001009554,11.77140420040814,12.224417658289893,12.294917003600858,False,128
A,1,static_r5_baseline_A_event_llm-only_r01_a01,38,static-038,1796.647250012029,11.546791007849535,11.51295899762772,11.71992930030683,12.123281734529883,12.293042003875598,False,128
A,1,static_r5_baseline_A_event_llm-only_r01_a01,39,static-039,1795.275832992047,11.552825133892796,11.52379201084841,11.694274797628168,12.261712923063897,12.35616700432729,False,128
A,1,static_r5_baseline_A_event_llm-only_r01_a01,40,static-040,1798.245207988657,11.532381566985709,11.512708006193861,11.746175201551521,12.054138429230079,12.17462500790134,False,128
A,1,static_r5_baseline_A_event_llm-only_r01_a01,41,static-041,1797.480875000474,11.554073488273783,11.514792000525631,11.790220502007287,12.372189583838917,12.44883298932109,False,128
A,1,static_r5_baseline_A_event_llm-only_r01_a01,42,static-042,1797.644833000959,11.550685692868218,11.532874996191822,11.662978706590366,12.211322002403904,12.329874996794388,False,128
A,1,static_r5_baseline_A_event_llm-only_r01_a01,43,static-043,1798.0995420075487,11.525776897585496,11.501125001814216,11.676824804453645,12.12686283746734,12.598084009368904,False,128
A,1,static_r5_baseline_A_event_llm-only_r01_a01,44,static-044,1797.6654160011094,11.545705708709919,11.520207990542985,11.70128300000215,12.167073575546965,12.473458002205007,False,128
A,1,static_r5_baseline_A_event_llm-only_r01_a01,45,static-045,1797.2601250075968,11.556178480331734,11.517874998389743,11.873300095612645,12.331591262482107,12.429584006895311,False,128
A,1,static_r5_baseline_A_event_llm-only_r01_a01,46,static-046,1797.5306250009453,11.540091204673315,11.512291996041313,11.720041897206102,12.226811742875725,12.384166999254376,False,128
A,1,static_r5_baseline_A_event_llm-only_r01_a01,47,static-047,1795.0845000013942,11.528500000002985,11.501665998366661,11.63960439444054,12.264704575063659,12.432874995283782,False,128
A,1,static_r5_baseline_A_event_llm-only_r01_a01,48,static-048,1797.9557079961523,11.535204070900736,11.518917002831586,11.682804302836303,12.007629839936271,12.048332995618694,False,128
A,1,static_r5_baseline_A_event_llm-only_r01_a01,49,static-049,1799.869624999701,11.343617125952388,11.242207998293452,11.66007860301761,12.294197504525073,12.370291005936451,False,128
A,1,static_r5_baseline_A_event_llm-only_r01_a01,50,static-050,1824.9631249927916,11.821923881959846,11.638041003607213,13.016571300977374,14.099233425513376,14.104166999459267,False,128
A,1,static_r5_baseline_A_event_llm-only_r01_a01,51,static-051,1797.5996659952216,11.538747708724745,11.516750004375353,11.659708806837443,12.37197500100592,12.54829199751839,False,128
A,1,static_r5_baseline_A_event_llm-only_r01_a01,52,static-052,1797.0038750063395,11.547750661398952,11.50975000928156,11.869595698954072,12.199520412250422,12.545083009172231,False,128
A,1,static_r5_baseline_A_event_llm-only_r01_a01,53,static-053,1798.7218750058673,11.572682417312263,11.53279199206736,11.83150009601377,12.464684239239432,12.50216699554585,False,128
A,1,static_r5_baseline_A_event_llm-only_r01_a01,54,static-054,1796.789208005066,11.541292976425762,11.509124989970587,11.758041396387853,12.202093764208257,12.411749994498678,False,128
A,1,static_r5_baseline_A_event_llm-only_r01_a01,55,static-055,1795.889791988884,11.534779196913084,11.515125006553717,11.735178602975793,12.034425335587002,12.099832994863391,False,128
A,1,static_r5_baseline_A_event_llm-only_r01_a01,56,static-056,1798.5540420049801,11.535942259768948,11.507792005431838,11.741679406259207,12.091231085942127,12.230125008500181,False,128
A,1,static_r5_baseline_A_event_llm-only_r01_a01,57,static-057,1797.3356250004144,11.554951440954515,11.536042002262548,11.651016092218924,12.05114150478039,12.444666004739702,False,128
A,1,static_r5_baseline_A_event_llm-only_r01_a01,58,static-058,1795.5605829920387,11.562523299275428,11.524457993800752,11.974050191929564,12.373842507658992,12.401625004713424,False,128
A,1,static_r5_baseline_A_event_llm-only_r01_a01,59,static-059,1798.975875004544,11.547473755868621,11.510082986205816,11.830374803685118,11.980108004354406,12.190041001304053,False,128
A,1,static_r5_baseline_A_event_llm-only_r01_a01,60,static-060,1797.9157079971628,11.56672047243516,11.53162500122562,11.811857897555454,12.389663081557956,12.535125002614222,False,128
A,1,static_r5_baseline_A_event_llm-only_r01_a01,61,static-061,1797.880250000162,11.55100918114167,11.50866600801237,11.797225203190465,12.270285914128179,12.408791008056141,False,128
A,1,static_r5_baseline_A_event_llm-only_r01_a01,62,static-062,1797.3867079999764,11.534920606352426,11.511875010910444,11.762433002877513,12.220580420689657,12.267333004274406,False,128
A,1,static_r5_baseline_A_event_llm-only_r01_a01,63,static-063,1799.2547079920769,11.550067582737846,11.527957991347648,11.681658700399566,12.1262409267365,12.454832991352305,False,128
A,1,static_r5_baseline_A_event_llm-only_r01_a01,64,static-064,1798.2784580090083,11.539708992088668,11.502124994876795,11.869241994281762,12.33817934175022,12.520457996288314,False,128
A,1,static_r5_baseline_A_event_llm-only_r01_a01,65,static-065,1796.920291002607,11.552487866101442,11.512625002069399,11.803529402823187,12.33504408301087,12.471416004700586,False,128
A,1,static_r5_baseline_A_event_llm-only_r01_a01,66,static-066,1795.5784580117324,11.541267716477984,11.521375010488555,11.665100099344272,11.983605003624689,12.430792005034164,False,128
A,1,static_r5_baseline_A_event_llm-only_r01_a01,67,static-067,1798.2635410007788,11.545144684940913,11.509167001349851,11.752450096537359,12.122801916557364,12.365875008981675,False,128
A,1,static_r5_baseline_A_event_llm-only_r01_a01,68,static-068,1797.515750004095,11.997517716578633,11.750208999728784,13.281470496440306,14.658882493968122,14.732249997905456,False,128
A,1,static_r5_baseline_A_event_llm-only_r01_a01,69,static-069,1801.4297499903478,11.528416338636115,11.504249996505678,11.63271249824902,12.138943076424765,12.42008300323505,False,128
A,1,static_r5_baseline_A_event_llm-only_r01_a01,70,static-070,1798.413458003779,11.553197181105292,11.519833002239466,11.834016200737096,12.310166078677865,12.451750008040108,False,128
A,1,static_r5_baseline_A_event_llm-only_r01_a01,71,static-071,1796.6367499902844,11.552007543358505,11.528000002726912,11.701937500038182,12.270185157540254,12.31033299700357,False,128
A,1,static_r5_baseline_A_event_llm-only_r01_a01,72,static-072,1798.341083995183,11.554352362208457,11.522832995979115,11.719150101998821,12.335398585128132,12.482291989726946,False,128
A,1,static_r5_baseline_A_event_llm-only_r01_a01,73,static-073,1796.0997089976445,11.563178149554291,11.537667000084184,11.89310450135963,12.251798585057259,12.482999998610467,False,128
A,1,static_r5_baseline_A_event_llm-only_r01_a01,74,static-074,1796.2210830010008,11.546912070846838,11.518415994942188,11.752366898872424,12.195644238090606,12.351750003290363,False,128
A,1,static_r5_baseline_A_event_llm-only_r01_a01,75,static-075,1798.114125005668,11.560041669276764,11.532208998687565,11.76059989229543,12.311302496818824,12.543082993943244,False,128
A,1,static_r5_baseline_A_event_llm-only_r01_a01,76,static-076,1796.0258329985663,11.549155511774167,11.51933400251437,11.759312605136074,12.265732349187601,12.332832993706688,False,128
A,1,static_r5_baseline_A_event_llm-only_r01_a01,77,static-077,1797.9381670011207,11.54995931499898,11.520542000653222,11.749737497302702,12.166626420221291,12.484334001783282,False,128
A,1,static_r5_baseline_A_event_llm-only_r01_a01,78,static-078,1797.0395419979468,11.558452755965359,11.526125003001653,11.801750097947659,12.494962160126306,12.534041001345031,False,128
A,1,static_r5_baseline_A_event_llm-only_r01_a01,79,static-079,1795.9652919962537,11.549785102334416,11.510749987792224,11.953575097140856,12.279316082131118,12.437707991921343,False,128
A,1,static_r5_baseline_A_event_llm-only_r01_a01,80,static-080,1797.3199170082808,11.549214566883624,11.527000009664334,11.75167500769021,11.989434077695478,12.066916999174282,False,128
A,1,static_r5_baseline_A_event_llm-only_r01_a01,81,static-081,1797.949209008948,11.541871062945575,11.531500000273809,11.679521204496268,11.842289084161166,12.273833010112867,False,128
A,1,static_r5_baseline_A_event_llm-only_r01_a01,82,static-082,1796.2009579932783,11.55579363774622,11.522625005454756,11.853191698901353,12.360601261025293,12.494750000769272,False,128
A,1,static_r5_baseline_A_event_llm-only_r01_a01,83,static-083,1799.4220000109635,11.560166338513657,11.520416010171175,11.851521204516756,12.375838000443764,12.407458998495713,False,128
A,1,static_r5_baseline_A_event_llm-only_r01_a01,84,static-084,1797.0307909999974,11.544958661391957,11.523082997882739,11.690200002340134,12.254493261862079,12.456458003725857,False,128
A,1,static_r5_baseline_A_event_llm-only_r01_a01,85,static-085,1796.2498330016388,11.542384519711995,11.520041996845976,11.650395501055755,12.10212857433362,12.301249997108243,False,128
A,1,static_r5_baseline_A_event_llm-only_r01_a01,86,static-086,1797.6130829920294,11.727066606321687,11.568375004571863,12.56885430921102,13.754796579014508,13.960749987745658,False,128
A,1,static_r5_baseline_A_event_llm-only_r01_a01,87,static-087,1815.6873749976512,11.544719818974002,11.520542000653222,11.851641806424595,12.076678911980707,12.366208000457846,False,128
A,1,static_r5_baseline_A_event_llm-only_r01_a01,88,static-088,1798.4199170023203,11.546799535501023,11.520083004143089,11.727966101898346,12.010713158233557,12.22508298815228,False,128
A,1,static_r5_baseline_A_event_llm-only_r01_a01,89,static-089,1796.2918749981327,11.552909779519128,11.525459005497396,11.692358802247327,12.104827502917033,12.486749998060986,False,128
A,1,static_r5_baseline_A_event_llm-only_r01_a01,90,static-090,1797.5554580043536,11.561283141747667,11.521459004143253,11.844733799807726,12.401304498780519,12.537749993498437,False,128
A,1,static_r5_baseline_A_event_llm-only_r01_a01,91,static-091,1797.4763750098646,11.545090220445092,11.516415994265117,11.746296298224479,12.211384080001151,12.304416988627054,False,128
A,1,static_r5_baseline_A_event_llm-only_r01_a01,92,static-092,1796.03524999402,11.54438943309273,11.528624992934056,11.668724799528718,11.997513150854502,12.051917001372203,False,128
A,1,static_r5_baseline_A_event_llm-only_r01_a01,93,static-093,1798.2298339920817,11.542906818886683,11.510957992868498,11.720741099270526,12.3357294141897,12.52441700489726,False,128
A,1,static_r5_baseline_A_event_llm-only_r01_a01,94,static-094,1797.4692920106463,11.54294291336555,11.50695800606627,11.76944560575066,12.422981576528398,12.514582995208912,False,128
A,1,static_r5_baseline_A_event_llm-only_r01_a01,95,static-095,1796.2027089961339,11.517343504008778,11.510083000757731,11.664675203792285,11.82270249701105,12.077166989911348,False,128
A,1,static_r5_baseline_A_event_llm-only_r01_a01,96,static-096,1797.747624994372,11.54357578738787,11.50841599155683,11.81823759834515,12.184881848224904,12.442791994544677,False,128
A,1,static_r5_baseline_A_event_llm-only_r01_a01,97,static-097,1798.4435419930378,11.559272968594358,11.520875006681308,11.875466200581286,12.413426085549872,12.573458006954752,False,128
A,1,static_r5_baseline_A_event_llm-only_r01_a01,98,static-098,1796.2202500057174,11.546856622091553,11.513749996083789,11.77392920217244,12.30888200458139,12.399875005939975,False,128
A,1,static_r5_baseline_A_event_llm-only_r01_a01,99,static-099,1797.6390839903615,11.532136811104817,11.51650000247173,11.63762060314184,12.148351585201453,12.250250001670793,False,128
A,1,static_r5_baseline_A_event_llm-only_r01_a01,100,static-100,1797.3753340047551,11.53777230702392,11.50529200094752,11.67240870418027,12.3463943391107,12.486916995840147,False,128
A,1,static_r5_baseline_A_event_llm-only_r01_a01,101,static-101,1795.8683330070926,11.548961944833184,11.523791996296495,11.715629293757956,11.91196284344187,12.258332993951626,False,128
A,1,static_r5_baseline_A_event_llm-only_r01_a01,102,static-102,1798.417416997836,11.533217188947116,11.510457989061251,11.740178700711112,11.984914502245374,12.033999999403022,False,128
A,1,static_r5_baseline_A_event_llm-only_r01_a01,103,static-103,1797.98929199751,11.529905511745559,11.500500011607073,11.715604204800911,12.287494493939446,12.392333999741822,False,128
A,1,static_r5_baseline_A_event_llm-only_r01_a01,104,static-104,1798.8339170115069,11.345011810955452,11.254458004259504,11.645399902772624,12.091586923634166,12.241292002727278,False,128
A,1,static_r5_baseline_A_event_llm-only_r01_a01,105,static-105,1815.061458008131,11.756287732204663,11.611499998252839,12.762216800183522,13.30286342476029,13.959999996586703,False,128
A,1,static_r5_baseline_A_event_llm-only_r01_a01,106,static-106,1795.814249999239,11.536260496061406,11.520583997480571,11.67188309627818,11.917115156538785,11.935834001633339,False,128
A,1,static_r5_baseline_A_event_llm-only_r01_a01,107,static-107,1797.8561249910854,11.546252952846443,11.532791002537124,11.666128507931717,12.018276919843629,12.287624995224178,False,128
A,1,static_r5_baseline_A_event_llm-only_r01_a01,108,static-108,1796.991084003821,11.546726377866978,11.507875009556301,11.780541903863195,12.218225497053936,12.307124998187646,False,128
A,1,static_r5_baseline_A_event_llm-only_r01_a01,109,static-109,1796.5757080091862,11.550714244069642,11.5168329939479,11.83094630105188,12.413359655765817,12.494791997596622,False,128
A,1,static_r5_baseline_A_event_llm-only_r01_a01,110,static-110,1798.4088330122177,11.532411417317958,11.507542003528215,11.72397139307577,12.239516417321283,12.42416699824389,False,128
A,1,static_r5_baseline_A_event_llm-only_r01_a01,111,static-111,1797.7894170035142,11.54646620474752,11.510291995364241,11.736520503473002,12.195763156050816,12.44849999784492,False,128
A,1,static_r5_baseline_A_event_llm-only_r01_a01,112,static-112,1797.322250000434,11.546441606281684,11.524417001055554,11.742521304404363,12.189141419366933,12.223834011820145,False,128
A,1,static_r5_baseline_A_event_llm-only_r01_a01,113,static-113,1797.920749988407,11.527436354342393,11.513457997352816,11.658666307630483,11.836159498197958,12.282540992600843,False,128
A,1,static_r5_baseline_A_event_llm-only_r01_a01,114,static-114,1797.5312500057044,11.561499015743456,11.528791990713216,11.864162304846104,12.116185336199123,12.335833001998253,False,128
A,1,static_r5_baseline_A_event_llm-only_r01_a01,115,static-115,1798.5574579943204,11.533489503978393,11.500000007799827,11.764195797150023,12.304505503852852,12.392750009894371,False,128
A,1,static_r5_baseline_A_event_llm-only_r01_a01,116,static-116,1796.1458749923622,11.544287732278004,11.519041989231482,11.768554599257186,12.071673419850413,12.366875002044253,False,128
A,1,static_r5_baseline_A_event_llm-only_r01_a01,117,static-117,1796.7133749916684,11.548710299250633,11.51370799925644,11.786070792004466,12.16401157231303,12.448249995941296,False,128
A,1,static_r5_baseline_A_event_llm-only_r01_a01,118,static-118,1797.506250004517,11.523787401557907,11.508124996908009,11.639324793941341,12.095974659605417,12.213666996103711,False,128
A,1,static_r5_baseline_A_event_llm-only_r01_a01,119,static-119,1797.5155419990188,11.53504166144357,11.503207992063835,11.709237506147474,12.188588920980692,12.214458009111695,False,128
A,1,static_r5_baseline_A_event_llm-only_r01_a01,120,static-120,1795.67504201259,11.549701440852964,11.524667002959177,11.821133694320451,12.164732157834804,12.36550000612624,False,128
A,1,static_r5_baseline_A_event_llm-only_r01_a01,121,static-121,1796.6630419978173,11.52810498425374,11.489916985738091,11.692662604036741,12.252234241459519,12.579457994434051,False,128
A,1,static_r5_baseline_A_event_llm-only_r01_a01,122,static-122,1798.1247080024332,11.53584645660484,11.51012499758508,11.718783203104975,12.111141578643583,12.150833004852757,False,128
A,1,static_r5_baseline_A_event_llm-only_r01_a01,123,static-123,1796.409999995376,11.958660433086289,11.72099998802878,13.401541797793467,13.974536425666884,14.519125004881062,False,128
A,1,static_r5_baseline_A_event_llm-only_r01_a01,124,static-124,1802.83104199043,11.53406922833345,11.499542000819929,11.651895599788986,12.309410998714156,12.347416995908134,False,128
A,1,static_r5_baseline_A_event_llm-only_r01_a01,125,static-125,1795.810874988092,11.535031496071419,11.499250002088957,11.783654497412499,12.137651420780458,12.395249999826774,False,128
A,1,static_r5_baseline_A_event_llm-only_r01_a01,126,static-126,1798.608790995786,11.568228023696882,11.527333001140505,11.836620801477693,12.401164501497988,12.480333010898903,False,128
A,1,static_r5_baseline_A_event_llm-only_r01_a01,127,static-127,1797.7267499954905,11.56032644097664,11.518874991452321,11.901412501174491,12.351997504301833,12.425166991306469,False,128
A,1,static_r5_baseline_A_event_llm-only_r01_a01,128,static-128,1796.1218339914922,11.542183070903732,11.521874999743886,11.656579301052261,11.971112334576901,12.369124990073033,False,128
A,1,static_r5_baseline_A_event_llm-only_r01_a01,129,static-129,1798.5631250048755,11.549318244123436,11.512083001434803,11.901025199040303,12.323856920120305,12.43133400566876,False,128
A,1,static_r5_baseline_A_event_llm-only_r01_a01,130,static-130,1797.1047500032,11.547628283458506,11.522333006723784,11.827520697261207,12.084855506545864,12.179249999462627,False,128
A,1,static_r5_baseline_A_event_llm-only_r01_a01,131,static-131,1796.9684169947868,11.539751968477619,11.51820800441783,11.70179209584603,12.034390489861835,12.148249996243976,False,128
A,1,static_r5_baseline_A_event_llm-only_r01_a01,132,static-132,1797.489125005086,11.543580708570602,11.509749994729646,11.718450098123867,12.39687191991834,12.462375001632608,False,128
A,1,static_r5_baseline_A_event_llm-only_r01_a01,133,static-133,1795.7197500072652,11.548733590450322,11.530457995831966,11.660228605614975,12.237359074060805,12.246291997143999,False,128
A,1,static_r5_baseline_A_event_llm-only_r01_a01,134,static-134,1796.6490420076298,11.571422566918246,11.533625001902692,11.828645397326909,12.30244434409542,12.523750003310852,False,128
A,1,static_r5_baseline_A_event_llm-only_r01_a01,135,static-135,1797.137458997895,11.554381559079506,11.523708002641797,11.798771291796584,12.211805344850289,12.46158400317654,False,128
A,1,static_r5_baseline_A_event_llm-only_r01_a01,136,static-136,1795.0195409939624,11.537875984263732,11.509333009598777,11.789495599805376,12.33753281790996,12.40341700031422,False,128
A,1,static_r5_baseline_A_event_llm-only_r01_a01,137,static-137,1797.595708994777,11.552560692937224,11.536958001670428,11.648583906935528,12.092694244347513,12.327125004958361,False,128
A,1,static_r5_baseline_A_event_llm-only_r01_a01,138,static-138,1798.4485420020064,11.5410390393176,11.518207989865914,11.681149796640966,12.102654502668884,12.358249994576909,False,128
A,1,static_r5_baseline_A_event_llm-only_r01_a01,139,static-139,1797.3775829887018,11.537350070943294,11.516582992044277,11.658583304961212,12.060651074862108,12.40795900230296,False,128
A,1,static_r5_baseline_A_event_llm-only_r01_a01,140,static-140,1797.5584999949206,11.541476700772114,11.511333999806084,11.685174805461429,12.073766076355241,12.410042007104494,False,128
A,1,static_r5_baseline_A_event_llm-only_r01_a01,141,static-141,1797.101999996812,11.609807409534934,11.521792010171339,12.0875419001095,12.87874924688367,13.291166993440129,False,128
A,1,static_r5_baseline_A_event_llm-only_r01_a01,142,static-142,1815.7420830102637,11.541737535373514,11.517291990458034,11.74204549897695,12.058125912735704,12.24137500685174,False,128
A,1,static_r5_baseline_A_event_llm-only_r01_a01,143,static-143,1797.9334580013528,11.532973425231845,11.502124994876795,11.790358899452258,11.984420585504267,12.311250000493601,False,128
A,1,static_r5_baseline_A_event_llm-only_r01_a01,144,static-144,1795.540457998868,11.541415354366208,11.508208001032472,11.776203503541181,12.255905327911023,12.495249990024604,False,128
A,1,static_r5_baseline_A_event_llm-only_r01_a01,145,static-145,1797.3800000036135,11.568362858305926,11.534416989888996,11.842987501586322,12.337205164658371,12.479040990001522,False,128
A,1,static_r5_baseline_A_event_llm-only_r01_a01,146,static-146,1799.1826659999788,11.56747440945478,11.529249997693114,11.92871230159653,12.335671840410214,12.498124997364357,False,128
A,1,static_r5_baseline_A_event_llm-only_r01_a01,147,static-147,1797.245916997781,11.53248261411007,11.519500010763295,11.692087397386786,11.850926922634244,11.994584012427367,False,128
A,1,static_r5_baseline_A_event_llm-only_r01_a01,148,static-148,1797.2916250000708,11.544750330788194,11.519624997163191,11.663166694052052,12.131765320373233,12.300749993300997,False,128
A,1,static_r5_baseline_A_event_llm-only_r01_a01,149,static-149,1795.8580830018036,11.559693897638,11.519249994307756,11.906308893230742,12.267118920281064,12.547207996249199,False,128
A,1,static_r5_baseline_A_event_llm-only_r01_a01,150,static-150,1796.1315830034437,11.55733366132032,11.518957995576784,11.903850000817325,12.422937990631908,12.445583997759968,False,128
A,1,static_r5_baseline_A_event_llm-only_r01_a01,151,static-151,1798.178791999817,11.532358267765279,11.517375009134412,11.661704188736621,12.008191573549993,12.106374997529201,False,128
A,1,static_r5_baseline_A_event_llm-only_r01_a01,152,static-152,1796.7998329986585,11.551285102297955,11.527333001140505,11.71116690384224,12.130426922813058,12.257875001523644,False,128
A,1,static_r5_baseline_A_event_llm-only_r01_a01,153,static-153,1797.999707996496,11.537346456797545,11.502291992655955,11.687512598291505,12.254004497663118,12.489082990214229,False,128
A,1,static_r5_baseline_A_event_llm-only_r01_a01,154,static-154,1799.4938750052825,11.546624346368572,11.521124994033016,11.722250103775878,12.29290341521846,12.487709012930281,False,128
A,1,static_r5_baseline_A_event_llm-only_r01_a01,155,static-155,1795.3398329991614,11.534324803162278,11.515833000885323,11.7342623998411,11.975740759517066,12.483790997066535,False,128
A,1,static_r5_baseline_A_event_llm-only_r01_a01,156,static-156,1795.7393329998013,11.554129267712748,11.518915998749435,11.79722060187487,12.285504842584487,12.520709002274089,False,128
A,1,static_r5_baseline_A_event_llm-only_r01_a01,157,static-157,1798.5559579974506,11.558802496008465,11.527000009664334,11.799700194387695,12.254411576432176,12.453208997612819,False,128
A,1,static_r5_baseline_A_event_llm-only_r01_a01,158,static-158,1795.492250006646,11.544477692864813,11.509584001032636,11.8379417079268,12.277127162378747,12.553958003991283,False,128
A,1,static_r5_baseline_A_event_llm-only_r01_a01,159,static-159,1797.5273329939228,11.379009519711019,11.337290998199023,11.594578504445963,12.208653579873497,12.42699999420438,False,128
A,1,static_r5_baseline_A_event_llm-only_r01_a01,160,static-160,1815.6305830052588,11.818658795292988,11.62641600240022,13.391971297096458,13.688710004789755,13.994542008731514,False,128
A,1,static_r5_baseline_A_event_llm-only_r01_a01,161,static-161,1797.2498330054805,11.565042322769203,11.533457989571616,11.835250107105821,12.245672161807306,12.260957999387756,False,128
A,1,static_r5_baseline_A_event_llm-only_r01_a01,162,static-162,1798.6015420028707,11.552981952779128,11.534166987985373,11.683404300129041,12.252499505120793,12.467125008697622,False,128
A,1,static_r5_baseline_A_event_llm-only_r01_a01,163,static-163,1795.7673750061076,11.547852039321574,11.510083000757731,11.904308898374437,12.170853769930545,12.382000000798143,False,128
A,1,static_r5_baseline_A_event_llm-only_r01_a01,164,static-164,1797.6195409864886,11.561620409539021,11.521542008267716,11.859004409052432,12.39500249386765,12.512458008131944,False,128
A,1,static_r5_baseline_A_event_llm-only_r01_a01,165,static-165,1797.103666991461,11.550511811001916,11.514458994497545,11.706570500973612,12.429292651650028,12.52158300485462,False,128
A,1,static_r5_baseline_A_event_llm-only_r01_a01,166,static-166,1796.1972920020344,11.535808070944109,11.510583994095214,11.709783108381089,12.101356422936078,12.289666992728598,False,128
A,1,static_r5_baseline_A_event_llm-only_r01_a01,167,static-167,1798.371541997767,11.538325133825117,11.506750000989996,11.808579196804203,12.226261750038248,12.349749988061376,False,128
A,1,static_r5_baseline_A_event_llm-only_r01_a01,168,static-168,1797.3568750021514,11.541838259834936,11.504250011057593,11.76399580144789,12.239766082493588,12.460583006031811,False,128
A,1,static_r5_baseline_A_event_llm-only_r01_a01,169,static-169,1797.05241699412,11.55220242524263,11.508165989653207,11.907487605640199,12.208822505781427,12.34120900335256,False,128
A,1,static_r5_baseline_A_event_llm-only_r01_a01,170,static-170,1799.1587919968879,11.511534448886312,11.486874995171092,11.672666894446593,12.305471255967857,12.526082995464094,False,128
A,1,static_r5_baseline_A_event_llm-only_r01_a01,171,static-171,1796.6548330005025,11.554998685064996,11.514124998939224,11.993316804000642,12.29804966103984,12.35150000138674,False,128
A,1,static_r5_baseline_A_event_llm-only_r01_a01,172,static-172,1796.3187919958727,11.542063645741674,11.519833002239466,11.716550201526843,12.02339892333839,12.167042004875839,False,128
A,1,static_r5_baseline_A_event_llm-only_r01_a01,173,static-173,1797.0855000021402,11.53915977943322,11.513207995449193,11.647746301605366,12.238652082160115,12.322124995989725,False,128
A,1,static_r5_baseline_A_event_llm-only_r01_a01,174,static-174,1797.0367079979042,11.551388779537767,11.53066600090824,11.75159990089014,12.149994495266583,12.594957996043377,False,128
A,1,static_r5_baseline_A_event_llm-only_r01_a01,175,static-175,1796.5537080017384,11.549477362212373,11.518708008225076,11.732346091594081,12.229663419711867,12.557749985717237,False,128
A,1,static_r5_baseline_A_event_llm-only_r01_a01,176,static-176,1796.7354589927709,11.548144023615214,11.52400000137277,11.726625004666857,12.026337498682551,12.541374991997145,False,128
A,1,static_r5_baseline_A_event_llm-only_r01_a01,177,static-177,1795.9847500023898,11.555728346510886,11.534834004123695,11.784699899726547,12.059781581046991,12.41612501326017,False,128
A,1,static_r5_baseline_A_event_llm-only_r01_a01,178,static-178,1797.282790997997,11.942398622100367,11.709999991580844,13.376221501675897,14.310889331100041,14.55191700370051,False,128
A,1,static_r5_baseline_A_event_llm-only_r01_a01,179,static-179,1801.7675000010058,11.545984251960913,11.519084000610746,11.713895604771096,12.205468420579564,12.418750004144385,False,128
A,1,static_r5_baseline_A_event_llm-only_r01_a01,180,static-180,1796.4869170100428,11.529718173138878,11.509082993143238,11.691232907469384,11.910714084806386,12.338125001406297,False,128
A,1,static_r5_baseline_A_event_llm-only_r01_a01,181,static-181,1798.6629999941215,11.534769354318453,11.508333001984283,11.66264179191785,12.120262336102314,12.207250008941628,False,128
A,1,static_r5_baseline_A_event_llm-only_r01_a01,182,static-182,1795.874499992351,11.544004267729694,11.51670899707824,11.696566797036212,12.295863758190533,12.363332993118092,False,128
A,1,static_r5_baseline_A_event_llm-only_r01_a01,183,static-183,1795.6659579940606,11.547748692994608,11.51404099073261,11.721091900835745,12.347371582582127,12.549166000098921,False,128
A,1,static_r5_baseline_A_event_llm-only_r01_a01,184,static-184,1796.0383749887114,11.535229330733932,11.513666991959326,11.638516804669052,12.177148424671032,12.374749989248812,False,128
A,1,static_r5_baseline_A_event_llm-only_r01_a01,185,static-185,1796.7989169992507,11.549845141703337,11.511499993503094,11.807566900097296,12.51482199964812,12.544165991130285,False,128
A,1,static_r5_baseline_A_event_llm-only_r01_a01,186,static-186,1797.2311670018826,11.568666007928917,11.521874999743886,11.954454510123469,12.490865918807684,12.565500001073815,False,128
A,1,static_r5_baseline_A_event_llm-only_r01_a01,187,static-187,1796.3373329985188,11.552067913296522,11.512041004607454,11.764975095866248,12.407254665740764,12.50345801236108,False,128
A,1,static_r5_baseline_A_event_llm-only_r01_a01,188,static-188,1795.715708998614,11.532454724390588,11.503292000270449,11.824208301550243,12.192764081119092,12.46454099600669,False,128
A,1,static_r5_baseline_A_event_llm-only_r01_a01,189,static-189,1798.172415990848,11.552309716628189,11.519207997480407,11.7833539028652,12.452215494413394,12.584124997374602,False,128
A,1,static_r5_baseline_A_event_llm-only_r01_a01,190,static-190,1796.4330830000108,11.5619465197926,11.538291990291327,11.748791903664824,12.268763258180115,12.328249998972751,False,128
A,1,static_r5_baseline_A_event_llm-only_r01_a01,191,static-191,1795.8713749976596,11.525648944886534,11.503125002491288,11.72676690039225,11.999519996461459,12.411250005243346,False,128
A,1,static_r5_baseline_A_event_llm-only_r01_a01,192,static-192,1796.9893749977928,11.531680118151405,11.493582991533913,11.740183804067781,12.25877966004191,12.550250001368113,False,128
A,1,static_r5_baseline_A_event_llm-only_r01_a01,193,static-193,1796.1325000069337,11.543213913339102,11.51466699957382,11.760453703755045,12.059373588417657,12.47970799158793,False,128
A,1,static_r5_baseline_A_event_llm-only_r01_a01,194,static-194,1795.859042002121,11.538818566927018,11.510999989695847,11.69832129671704,12.21131983969826,12.433625000994653,False,128
A,1,static_r5_baseline_A_event_llm-only_r01_a01,195,static-195,1797.1138330030954,11.528476708688714,11.504666006658226,11.856691801222041,12.025006579351611,12.11916700412985,False,128
A,1,static_r5_baseline_A_event_llm-only_r01_a01,196,static-196,1796.7735409911256,11.550817259827511,11.506499999086373,11.892966195591724,12.353969085379502,12.60945899412036,False,128
A,1,static_r5_baseline_A_event_llm-only_r01_a01,197,static-197,1824.4419999973616,11.565948165398583,11.528499991982244,11.922283099556807,12.302731082891112,12.48808299715165,False,128
A,1,static_r5_baseline_A_event_llm-only_r01_a01,198,static-198,1796.564333999413,11.558660755885443,11.528709001140669,11.724345601396635,12.412655653315595,12.575667002238333,False,128
A,1,static_r5_baseline_A_event_llm-only_r01_a01,199,static-199,1795.5317500018282,11.536641732292749,11.507834002259187,11.668562702834606,12.345476420014164,12.484667007811368,False,128
A,1,static_r5_baseline_A_event_llm-only_r01_a01,200,static-200,1798.8286250038072,11.537311677147239,11.509874995681457,11.670583092200104,12.246988918632269,12.375791993690655,False,128
A,1,static_r5_baseline_A_event_llm-only_r01_a01,201,static-201,1796.732583999983,11.554698157422134,11.522749991854653,11.856550205266103,12.084771590307355,12.339916007476859,False,128
A,1,static_r5_baseline_A_event_llm-only_r01_a01,202,static-202,1796.8144589976873,11.556644354283252,11.52095801080577,11.785616303677669,12.29140750336228,12.497125004301779,False,128
A,1,static_r5_baseline_A_event_llm-only_r01_a01,203,static-203,1797.487292002188,11.52644881886507,11.511749995406717,11.63100440026028,11.921103000931907,11.954041998251341,False,128
A,1,static_r5_baseline_A_event_llm-only_r01_a01,204,static-204,1795.4456669976935,11.540081039415746,11.507874995004386,11.778004390362184,12.237362503947223,12.494500013417564,False,128
A,1,static_r5_baseline_A_event_llm-only_r01_a01,205,static-205,1796.5168340015225,11.55056364561145,11.528875009389594,11.799224896822123,12.260578154819086,12.365125003270805,False,128
A,1,static_r5_baseline_A_event_llm-only_r01_a01,206,static-206,1796.7866249964572,11.545729007930348,11.534541001310572,11.75090389297111,12.00966050470015,12.307041994063184,False,128
A,1,static_r5_baseline_A_event_llm-only_r01_a01,207,static-207,1795.6446669995785,11.538362527549392,11.520165993715636,11.678387495339848,12.137501585530117,12.364792011794634,False,128
A,1,static_r5_baseline_A_event_llm-only_r01_a01,208,static-208,1797.5972919957712,11.542224078773755,11.5138749970356,11.655962407530751,12.242491581419017,12.524041987489909,False,128
A,1,static_r5_baseline_A_event_llm-only_r01_a01,209,static-209,1798.9656250138069,11.545138125922934,11.521499996888451,11.775079590734093,12.167935917095747,12.176999996881932,False,128
A,1,static_r5_baseline_A_event_llm-only_r01_a01,210,static-210,1795.573458992294,11.550120078714741,11.525542009621859,11.685450097138528,12.171811002190225,12.557000009110197,False,128
A,1,static_r5_baseline_A_event_llm-only_r01_a01,211,static-211,1797.7896249940386,11.538216535517154,11.514208003063686,11.66987520409748,11.91442674928112,12.318082997808233,False,128
A,1,static_r5_baseline_A_event_llm-only_r01_a01,212,static-212,1796.9819999998435,11.564172566941698,11.523416003910825,11.84194979723543,12.227223264053464,12.513624998973683,False,128
A,1,static_r5_baseline_A_event_llm-only_r01_a01,213,static-213,1796.0489170072833,11.539283133841552,11.506584007292986,11.743204401864205,12.242792498436755,12.367083007120527,False,128
A,1,static_r5_baseline_A_event_llm-only_r01_a01,214,static-214,1798.1327919987962,11.521409771691157,11.504250011057593,11.807100198348053,12.33250783290714,12.47204199898988,False,128
A,1,static_r5_baseline_A_event_llm-only_r01_a01,215,static-215,1812.97016699682,11.852416661444238,11.659291994874366,13.355691893957555,13.812235009099822,13.92199999827426,False,128
A,1,static_r5_baseline_A_event_llm-only_r01_a01,216,static-216,1797.4578749999637,11.554131566915354,11.512166995089501,11.826316898805088,12.488513581338339,12.548416008939967,False,128
A,1,static_r5_baseline_A_event_llm-only_r01_a01,217,static-217,1798.6715829902096,11.538249669311472,11.503375004394911,11.692379490705207,12.410881076648364,12.49837499926798,False,128
A,1,static_r5_baseline_A_event_llm-only_r01_a01,218,static-218,1796.984041997348,11.537856299189052,11.509791002026759,11.804529298387932,12.163162337674292,12.25391699699685,False,128
A,1,static_r5_baseline_A_event_llm-only_r01_a01,219,static-219,1799.0379169932567,11.555417322812191,11.523875000420958,11.842775096010882,12.296118917292915,12.341625013505109,False,128
A,1,static_r5_baseline_A_event_llm-only_r01_a01,220,static-220,1795.167083007982,11.536149275544151,11.498708990984596,11.693978702533059,12.328522502211852,12.383916997350752,False,128
A,1,static_r5_baseline_A_event_llm-only_r01_a01,221,static-221,1798.402125001303,11.522550519700639,11.504458991112188,11.676637399068568,11.9677073310595,12.083124995115213,False,128
A,1,static_r5_baseline_A_event_llm-only_r01_a01,222,static-222,1798.4316669899272,11.547470803204813,11.517083999933675,11.795062493183648,12.362116737058386,12.456750002456829,False,128
A,1,static_r5_baseline_A_event_llm-only_r01_a01,223,static-223,1794.7862919972977,11.545251637851218,11.506040988024324,11.723037698538974,12.400683415762614,12.577582994708791,False,128
A,1,static_r5_baseline_A_event_llm-only_r01_a01,224,static-224,1795.949917010148,11.573435370072422,11.514375000842847,11.930962497717701,12.494746072916314,12.625832998310216,False,128
A,1,static_r5_baseline_A_event_llm-only_r01_a01,225,static-225,1798.1042080064071,11.549294944903007,11.530084011610597,11.735654599033296,12.257909413601737,12.500750002800487,False,128
A,1,static_r5_baseline_A_event_llm-only_r01_a01,226,static-226,1795.820957995602,11.546670937017852,11.517167004058138,11.6543287949753,12.290035005134996,12.508958010585047,False,128
A,1,static_r5_baseline_A_event_llm-only_r01_a01,227,static-227,1797.75666599744,11.54841306309058,11.525750000146218,11.75552499917103,11.95443800301291,12.549209001008421,False,128
A,1,static_r5_baseline_A_event_llm-only_r01_a01,228,static-228,1797.5636670016684,11.531066267721824,11.508666997542605,11.648670605791267,12.201851502468342,12.464207989978604,False,128
A,1,static_r5_baseline_A_event_llm-only_r01_a01,229,static-229,1795.2878329961095,11.544138125985436,11.513958001160063,11.70973760454217,12.292488579987547,12.429665992385708,False,128
A,1,static_r5_baseline_A_event_llm-only_r01_a01,230,static-230,1797.3508750001201,11.536837267638074,11.505625006975606,11.687087707105093,12.136134079482872,12.47408299241215,False,128
A,1,static_r5_baseline_A_event_llm-only_r01_a01,231,static-231,1796.9411660014885,11.540075464542648,11.50770801177714,11.703933193348348,12.2557294179569,12.483166996389627,False,128
A,1,static_r5_baseline_A_event_llm-only_r01_a01,232,static-232,1796.0289579932578,11.553000661500501,11.519416002556682,11.723624903243035,12.440460327488836,12.562291987705976,False,128
A,1,static_r5_baseline_A_event_llm-only_r01_a01,233,static-233,1797.7852080075536,12.02494225979922,11.740125002688728,14.296733202354517,14.71984465722926,14.848749997327104,True,128
A,1,static_r5_baseline_A_event_llm-only_r01_a01,234,static-234,1806.2638339906698,11.54852919688441,11.50433300063014,11.826762503187636,12.327201997104567,12.500584009103477,False,128
A,1,static_r5_baseline_A_event_llm-only_r01_a01,235,static-235,1796.9096250017174,11.567739826763658,11.520207990542985,11.915929404494817,12.441411075997166,12.473499999032356,False,128
A,1,static_r5_baseline_A_event_llm-only_r01_a01,236,static-236,1796.2706249963958,11.544868441007107,11.528957998962142,11.620966804912314,12.024474077043124,12.52195899724029,False,128
A,1,static_r5_baseline_A_event_llm-only_r01_a01,237,static-237,1796.8525420001242,11.561542322816086,11.526499991305172,11.823087398079222,12.444017179659566,12.57708300545346,False,128
A,1,static_r5_baseline_A_event_llm-only_r01_a01,238,static-238,1796.6068329988047,11.552592850378238,11.506209004437551,11.900529598642605,12.4137565746787,12.431625000317581,False,128
A,1,static_r5_baseline_A_event_llm-only_r01_a01,239,static-239,1795.7062920031603,11.54619291336294,11.52491600078065,11.743474904506002,11.991520503070205,12.239959003636613,False,128
A,1,static_r5_baseline_A_event_llm-only_r01_a01,240,static-240,1796.9341249990975,11.549981299276265,11.524292000103742,11.738437607709784,12.146016079350375,12.420625003869645,False,128
A,1,static_r5_baseline_A_event_llm-only_r01_a01,241,static-241,1796.03604201111,11.543560692926825,11.506875001941808,11.74991259467788,12.153557341371197,12.302041999646463,False,128
A,1,static_r5_baseline_A_event_llm-only_r01_a01,242,static-242,1797.2489579988178,11.55586318902609,11.515374993905425,12.010603709495625,12.21213499782607,12.466957996366546,False,128
A,1,static_r5_baseline_A_event_llm-only_r01_a01,243,static-243,1798.8597500079777,11.555806433004657,11.536624995642342,11.706828798924107,12.144416583760174,12.40549999056384,False,128
A,1,static_r5_baseline_A_event_llm-only_r01_a01,244,static-244,1796.6989999986254,11.536459968559166,11.509417003253475,11.671945395937655,12.105440156301484,12.164083993411623,False,128
A,1,static_r5_baseline_A_event_llm-only_r01_a01,245,static-245,1797.149874997558,11.562733598398118,11.523749999469146,11.850812495686114,12.23335792456055,12.518917006673291,False,128
A,1,static_r5_baseline_A_event_llm-only_r01_a01,246,static-246,1797.6105000125244,11.554044621971832,11.518832994624972,11.77766599575989,12.095000002591403,12.449124988052063,False,128
A,1,static_r5_baseline_A_event_llm-only_r01_a01,247,static-247,1796.4400409982773,11.549727362168102,11.514500001794659,11.683437599276658,12.389689573901704,12.470208006561734,False,128
A,1,static_r5_baseline_A_event_llm-only_r01_a01,248,static-248,1797.6694580138428,11.539343503894152,11.50637499813456,11.757437605410814,12.17063591873739,12.24549999460578,False,128
A,1,static_r5_baseline_A_event_llm-only_r01_a01,249,static-249,1796.0874999989755,11.557723094404889,11.521874999743886,11.868295498425141,12.272948260069825,12.384584013489075,False,128
A,1,static_r5_baseline_A_event_llm-only_r01_a01,250,static-250,1795.9814589994494,11.544190944969015,11.518999992404133,11.77093299338594,12.275273915147407,12.533625005744398,False,128
A,1,static_r5_baseline_A_event_llm-only_r01_a01,251,static-251,1796.2936249969061,11.543031165346056,11.52566701057367,11.691146397788543,12.045430918224156,12.43333400634583,False,128
A,1,static_r5_baseline_A_event_llm-only_r01_a01,252,static-252,1829.0919160062913,11.587089897677904,11.522957996930927,11.98409099743003,12.421075157762969,13.55616599903442,False,128
A,1,static_r5_baseline_A_event_llm-only_r01_a01,253,static-253,1798.548540988122,11.551565944866137,11.518500003148802,11.780392004584426,12.28386841918109,12.418291997164488,False,128
A,1,static_r5_baseline_A_event_llm-only_r01_a01,254,static-254,1797.9849169933004,11.55270275595235,11.511666001752019,11.875941100879572,12.311979238002094,12.510083004599437,False,128
A,1,static_r5_baseline_A_event_llm-only_r01_a01,255,static-255,1796.8840829998953,11.547001314992965,11.530540999956429,11.680108195287175,11.967504996573552,12.30812500580214,False,128
A,1,static_r5_baseline_A_event_llm-only_r01_a01,256,static-256,1797.142082999926,11.547453086534478,11.511792006785981,11.795758093649056,12.203151737048756,12.235791989951394,False,128
A,1,static_r5_baseline_A_event_llm-only_r01_a01,257,static-257,1795.9532079985365,11.531849740202333,11.51279199984856,11.74491260171635,11.986134992912412,12.295291991904378,False,128
A,1,static_r5_baseline_A_event_llm-only_r01_a01,258,static-258,1797.0098329969915,11.53058497641716,11.497833009343594,11.66983750736108,12.25716841436224,12.461124992114492,False,128
A,1,static_r5_baseline_A_event_llm-only_r01_a01,259,static-259,1797.0884579990525,11.543722440902048,11.515416001202539,11.744808100047521,11.983586074202321,12.55874999333173,False,128
A,1,static_r5_baseline_A_event_llm-only_r01_a01,260,static-260,1796.5534160030074,11.555330708666933,11.526292000780813,11.82296240585856,12.17549907771172,12.494916998548433,False,128
A,1,static_r5_baseline_A_event_llm-only_r01_a01,261,static-261,1796.5697920008097,11.526411417234637,11.50995799980592,11.706574900017586,12.024779666680843,12.091291006072424,False,128
A,1,static_r5_baseline_A_event_llm-only_r01_a01,262,static-262,1798.6221669998486,11.531342188992692,11.516415994265117,11.69880800152896,12.073274247231893,12.339084001723677,False,128
A,1,static_r5_baseline_A_event_llm-only_r01_a01,263,static-263,1796.0250420001103,11.545880574835685,11.516250000568107,11.754687398206443,12.35579658008646,12.574708991451189,False,128
A,1,static_r5_baseline_A_event_llm-only_r01_a01,264,static-264,1796.9087090023095,11.547517716517033,11.52058299339842,11.744637305673676,12.202329837309662,12.350750010227785,False,128
A,1,static_r5_baseline_A_event_llm-only_r01_a01,265,static-265,1797.150167010841,11.548605314859255,11.527458002092317,11.722750101762358,12.11253699089866,12.55279099859763,False,128
A,1,static_r5_baseline_A_event_llm-only_r01_a01,266,static-266,1796.0162080125883,11.55414632278656,11.537832993781194,11.650300203473307,12.295775492093524,12.521334007033147,False,128
A,1,static_r5_baseline_A_event_llm-only_r01_a01,267,static-267,1797.2661670064554,11.560595803114945,11.509708987432532,12.073508091270924,12.405165341915563,12.601333000930026,False,128
A,1,static_r5_baseline_A_event_llm-only_r01_a01,268,static-268,1797.8094590071123,11.542283133768631,11.517999999341555,11.715974895923864,12.217349343118256,12.37966600456275,False,128
A,1,static_r5_baseline_A_event_llm-only_r01_a01,269,static-269,1795.6217909959378,11.560364834658111,11.517207996803336,11.73853770160349,12.369009588146582,12.53300000098534,False,128
A,1,static_r5_baseline_A_event_llm-only_r01_a01,270,static-270,1815.333249993273,11.835990811072062,11.67087499925401,12.814079305098856,13.593962074955925,13.77824999508448,False,128
A,1,static_r5_baseline_A_event_llm-only_r01_a01,271,static-271,1797.4298749904847,11.550719157575381,11.511416989378631,11.689692101208493,12.395255665760487,12.533290995634161,False,128
A,1,static_r5_baseline_A_event_llm-only_r01_a01,272,static-272,1797.6961670065066,11.551364826741555,11.52679100050591,11.702346499077976,12.264649998396635,12.510792003013194,False,128
A,1,static_r5_baseline_A_event_llm-only_r01_a01,273,static-273,1796.9102919887519,11.547937330732115,11.523749999469146,11.72782499488676,12.016320655529853,12.265000012121163,False,128
A,1,static_r5_baseline_A_event_llm-only_r01_a01,274,static-274,1795.89437499817,11.540500984314507,11.508708004839718,11.744625205756165,12.179229418397881,12.546792000648566,False,128
A,1,static_r5_baseline_A_event_llm-only_r01_a01,275,static-275,1797.3749169905204,11.560337929198093,11.525624999194406,11.810995604901107,12.481475007371046,12.565958997583948,False,128
A,1,static_r5_baseline_A_event_llm-only_r01_a01,276,static-276,1796.116041005007,11.53413255116444,11.51166700583417,11.738512710144278,11.942226254031993,12.32141700165812,False,128
A,1,static_r5_baseline_A_event_llm-only_r01_a01,277,static-277,1797.3911669978406,11.557149606290288,11.53483398957178,11.80106239480665,12.135795509093441,12.41462500183843,False,128
A,1,static_r5_baseline_A_event_llm-only_r01_a01,278,static-278,1798.5310000076424,11.534561346377627,11.512875003973022,11.666404400602914,12.062205760739744,12.136541001382284,False,128
A,1,static_r5_baseline_A_event_llm-only_r01_a01,279,static-279,1795.6770000018878,11.576953086581295,11.527249997016042,11.905507993651554,12.450029995234217,12.50833400990814,False,128
A,1,static_r5_baseline_A_event_llm-only_r01_a01,280,static-280,1796.276790992124,11.549507874026565,11.521666005137376,11.679550091503188,12.280120758223346,12.531957996543497,False,128
A,1,static_r5_baseline_A_event_llm-only_r01_a01,281,static-281,1797.763209004188,11.539552818871961,11.513958001160063,11.675371196179185,12.136387162609026,12.168333007139154,False,128
A,1,static_r5_baseline_A_event_llm-only_r01_a01,282,static-282,1795.8525829890277,11.548150921337614,11.509040996315889,11.766567091399336,12.268759347207379,12.300417001824826,False,128
A,1,static_r5_baseline_A_event_llm-only_r01_a01,283,static-283,1798.0739170016022,11.54061220471718,11.515999998664483,11.676650006847922,12.313027499476448,12.529749990790151,False,128
A,1,static_r5_baseline_A_event_llm-only_r01_a01,284,static-284,1796.945209003752,11.541888779501328,11.518999992404133,11.756808099744376,12.256945662375074,12.524459001724608,False,128
A,1,static_r5_baseline_A_event_llm-only_r01_a01,285,static-285,1796.6670839959988,11.518641732271952,11.50245800090488,11.62683369620936,11.892181424191222,12.132207994000055,False,128
A,1,static_r5_baseline_A_event_llm-only_r01_a01,286,static-286,1797.007291999762,11.553174543366804,11.516957994899713,11.831833003088832,12.178139836469198,12.482749996706843,False,128
A,1,static_r5_baseline_A_event_llm-only_r01_a01,287,static-287,1796.7660419963067,11.538392716586062,11.513999997987412,11.690891404577997,12.005758754967246,12.578791996929795,False,128
A,1,static_r5_baseline_A_event_llm-only_r01_a01,288,static-288,1796.0460829926888,11.848188976355733,11.670374995446764,13.251645404670853,14.429217078140935,14.782917001866736,False,128
A,1,static_r5_baseline_A_event_llm-only_r01_a01,289,static-289,1807.1734999975888,11.586790354294504,11.536374993738718,12.129258007917086,12.531965581292752,12.579457994434051,False,128
A,1,static_r5_baseline_A_event_llm-only_r01_a01,290,static-290,1797.2087920061313,11.565709314959886,11.51837500219699,11.939757996879052,12.443929839646444,12.503582998760976,False,128
A,1,static_r5_baseline_A_event_llm-only_r01_a01,291,static-291,1797.1454159996938,11.53331562211209,11.513541991007514,11.697666994587053,12.055159078445286,12.189208995550871,False,128
A,1,static_r5_baseline_A_event_llm-only_r01_a01,292,static-292,1796.1125419969903,11.540043637785313,11.514166995766573,11.712703503144438,12.146017007471528,12.299833004362881,False,128
A,1,static_r5_baseline_A_event_llm-only_r01_a01,293,static-293,1797.3557920049643,11.540591535383037,11.499291998916306,11.747499895864166,12.441513917583507,12.533957997220568,False,128
A,1,static_r5_baseline_A_event_llm-only_r01_a01,294,static-294,1797.5236659985967,11.551487204682001,11.52212500164751,11.732132903125603,12.205011919722892,12.282666997634806,False,128
A,1,static_r5_baseline_A_event_llm-only_r01_a01,295,static-295,1795.7997920020716,11.550246063009359,11.524834000738338,11.650821405055467,12.31875423749443,12.483375001465902,False,128
A,1,static_r5_baseline_A_event_llm-only_r01_a01,296,static-296,1797.8083750058431,11.5313254566964,11.491917000967078,11.732933096936904,12.3920262340107,12.466166997910477,False,128
A,1,static_r5_baseline_A_event_llm-only_r01_a01,297,static-297,1796.5835000068182,11.538456692878253,11.503166999318637,11.827124797855504,12.244588162575381,12.36395799787715,False,128
A,1,static_r5_baseline_A_event_llm-only_r01_a01,298,static-298,1795.4035000002477,11.55411252762488,11.508791998494416,11.94087519106688,12.351456745818723,12.517291004769504,False,128
A,1,static_r5_baseline_A_event_llm-only_r01_a01,299,static-299,1796.2883329892065,11.534569559157752,11.51166700583417,11.762354397797024,12.226734411087818,12.327375006861985,False,128
A,2,static_r5_baseline_A_event_llm-only_r02_a01,0,static-000,1774.6209999895655,11.526435039461752,11.48674999421928,11.822071307688018,12.361732336576097,12.44379099807702,False,128
A,2,static_r5_baseline_A_event_llm-only_r02_a01,1,static-001,1783.426750000217,11.916689629947005,11.670540989143774,13.465966902731449,13.999204338761045,14.295542001491413,False,128
A,2,static_r5_baseline_A_event_llm-only_r02_a01,2,static-002,1787.240000005113,11.535138456658716,11.515457998029888,11.690149900096003,12.099729655310512,12.495249990024604,False,128
A,2,static_r5_baseline_A_event_llm-only_r02_a01,3,static-003,1790.4681249929126,11.547650921311574,11.506167007610202,11.852133201318791,12.294638915918767,12.501624994911253,False,128
A,2,static_r5_baseline_A_event_llm-only_r02_a01,4,static-004,1790.3438750072382,11.519209314944355,11.498666994157247,11.720387401874177,12.026907342951745,12.363707995973527,False,128
A,2,static_r5_baseline_A_event_llm-only_r02_a01,5,static-005,1790.28066599858,11.541295275513786,11.50529200094752,11.71834190026857,12.358877832884898,12.48983400000725,False,128
A,2,static_r5_baseline_A_event_llm-only_r02_a01,6,static-006,1791.0916250111768,11.532549212611551,11.491208002553321,11.793195802601984,12.395003582932986,12.436999997589737,False,128
A,2,static_r5_baseline_A_event_llm-only_r02_a01,7,static-007,1792.0134159940062,11.55582021263714,11.519374995259568,11.965904300450347,12.17764873726992,12.384874993585981,False,128
A,2,static_r5_baseline_A_event_llm-only_r02_a01,8,static-008,1793.6947919952217,11.556165023591355,11.520957996253856,11.84490820451174,12.308643421856686,12.489583998103626,False,128
A,2,static_r5_baseline_A_event_llm-only_r02_a01,9,static-009,1791.8799580074847,11.5372788740366,11.516790997120552,11.663903592852876,11.909310001065023,12.073583013261668,False,128
A,2,static_r5_baseline_A_event_llm-only_r02_a01,10,static-010,1792.36929200124,11.552448818844185,11.503957997774705,11.902454298979137,12.249805913015734,12.440457998309284,False,128
A,2,static_r5_baseline_A_event_llm-only_r02_a01,11,static-011,1794.9357090110425,11.537252622037782,11.502209003083408,11.741795799753163,12.279867839824874,12.302791990805417,False,128
A,2,static_r5_baseline_A_event_llm-only_r02_a01,12,static-012,1792.9418749990873,11.544732614117859,11.515125006553717,11.726791701221373,12.287517163495066,12.474874994950369,False,128
A,2,static_r5_baseline_A_event_llm-only_r02_a01,13,static-013,1793.0145409918623,11.532879921270343,11.509249990922399,11.734128788521048,12.200453574187122,12.279542002943344,False,128
A,2,static_r5_baseline_A_event_llm-only_r02_a01,14,static-014,1794.412208997528,11.54358595276002,11.51949999621138,11.713975004386157,12.147603421763051,12.397707992931828,False,128
A,2,static_r5_baseline_A_event_llm-only_r02_a01,15,static-015,1794.8872090055374,11.565795275529362,11.535666999407113,11.744683102006093,12.325766238791402,12.347458003205247,False,128
A,2,static_r5_baseline_A_event_llm-only_r02_a01,16,static-016,1792.6794590021018,11.538872370055481,11.510374999488704,11.709066804905888,12.24484441714594,12.474415998440236,False,128
A,2,static_r5_baseline_A_event_llm-only_r02_a01,17,static-017,1795.629625004949,11.541058070931077,11.523416003910825,11.641362502996344,11.917414844792802,12.551541003631428,False,128
A,2,static_r5_baseline_A_event_llm-only_r02_a01,18,static-018,1794.7201659990242,11.545080385871202,11.526958012836985,11.703354398196097,11.961747496679891,12.237500006449409,False,128
A,2,static_r5_baseline_A_event_llm-only_r02_a01,19,static-019,1794.9156249960652,11.528701118127568,11.448750010458753,12.335391395026818,14.295517654682044,14.394249999895692,False,128
A,2,static_r5_baseline_A_event_llm-only_r02_a01,20,static-020,1809.3530829937663,11.547388779558608,11.519624997163191,11.694199909106828,12.307981999765616,12.530957988929003,False,128
A,2,static_r5_baseline_A_event_llm-only_r02_a01,21,static-021,1795.5186249891995,11.542300858345124,11.526749993208796,11.721858802775387,11.87836858414812,12.441333004971966,False,128
A,2,static_r5_baseline_A_event_llm-only_r02_a01,22,static-022,1795.076499998686,11.54056856696087,11.516416998347268,11.811721402045803,12.182292500510812,12.281667004572228,False,128
A,2,static_r5_baseline_A_event_llm-only_r02_a01,23,static-023,1796.4632910006912,11.55418373232315,11.523332999786362,11.830224897130392,12.196719583298544,12.389124996843748,False,128
A,2,static_r5_baseline_A_event_llm-only_r02_a01,24,static-024,1795.5604999879142,11.593134511870838,11.547290996531956,11.846387496916577,12.474548585014418,12.596667002071626,False,128
A,2,static_r5_baseline_A_event_llm-only_r02_a01,25,static-025,1795.4308330081403,11.556205055108073,11.530000003403984,11.739883196423762,12.279961997119242,12.431625000317581,False,128
A,2,static_r5_baseline_A_event_llm-only_r02_a01,26,static-026,1797.5194579921663,11.562525259888195,11.5368329861667,11.837746096716726,12.290810665290337,12.545999998110346,False,128
A,2,static_r5_baseline_A_event_llm-only_r02_a01,27,static-027,1795.8022080129012,11.558796590451687,11.520625004777685,11.910754401469603,12.197992503643036,12.408041991875507,False,128
A,2,static_r5_baseline_A_event_llm-only_r02_a01,28,static-028,1797.356791998027,11.518971456785863,11.512333992868662,11.622608004836366,11.799656504299492,11.906582993105985,False,128
A,2,static_r5_baseline_A_event_llm-only_r02_a01,29,static-029,1796.7520840029465,11.55242322832731,11.525208989041857,11.650708710658364,12.182879082974978,12.582458002725616,False,128
A,2,static_r5_baseline_A_event_llm-only_r02_a01,30,static-030,1794.1468330100179,11.569383535369145,11.534417004440911,11.759116694156544,12.463333734776825,12.538666996988468,False,128
A,2,static_r5_baseline_A_event_llm-only_r02_a01,31,static-031,1797.3085410048952,11.550206039284216,11.522208005771972,11.732958102948032,12.151457830041181,12.3210420133546,False,128
A,2,static_r5_baseline_A_event_llm-only_r02_a01,32,static-032,1797.6063329988392,11.528395015726188,11.515999998664483,11.672879396064673,11.89134183601709,12.003958006971516,False,128
A,2,static_r5_baseline_A_event_llm-only_r02_a01,33,static-033,1795.1757080008974,11.562490157460369,11.526540998602286,11.742117002722807,12.363500317733267,12.468375003663823,False,128
A,2,static_r5_baseline_A_event_llm-only_r02_a01,34,static-034,1796.1616660031723,11.542189960605391,11.504791997140273,11.871333005547058,12.272570499626454,12.468207991332747,False,128
A,2,static_r5_baseline_A_event_llm-only_r02_a01,35,static-035,1795.0998750020517,11.574520346434516,11.536166988662444,11.90146270819241,12.508202076423913,12.61020899983123,False,128
A,2,static_r5_baseline_A_event_llm-only_r02_a01,36,static-036,1795.4811250092462,11.531518700745279,11.515459002112038,11.653283091436606,12.055854080826975,12.107082991860807,False,128
A,2,static_r5_baseline_A_event_llm-only_r02_a01,37,static-037,1797.114667002461,11.543755251918846,11.516042010043748,11.671895503241103,12.262706996407358,12.524458012194373,False,128
A,2,static_r5_baseline_A_event_llm-only_r02_a01,38,static-038,1814.4297910039313,11.734989834614796,11.586749998969026,13.063007898745122,13.63625423546182,13.94533300481271,False,128
A,2,static_r5_baseline_A_event_llm-only_r02_a01,39,static-039,1797.8485409985296,11.541570866100974,11.513332996401004,11.768533091526477,12.181693426100537,12.43612500547897,False,128
A,2,static_r5_baseline_A_event_llm-only_r02_a01,40,static-040,1797.623417005525,11.55007939373682,11.526209011208266,11.662208003690466,12.19087624340318,12.452916998881847,False,128
A,2,static_r5_baseline_A_event_llm-only_r02_a01,41,static-041,1797.2506660007639,11.549317913439756,11.516917002154514,11.82326260022819,12.146062008105218,12.394541990943253,False,128
A,2,static_r5_baseline_A_event_llm-only_r02_a01,42,static-042,1798.1612080038758,11.553730976407593,11.521375010488555,11.690066792652942,12.542442838894203,12.572249994263984,False,128
A,2,static_r5_baseline_A_event_llm-only_r02_a01,43,static-043,1795.6062500015832,11.53973523629591,11.512541997944936,11.65806239732774,12.19722983514657,12.410124996677041,False,128
A,2,static_r5_baseline_A_event_llm-only_r02_a01,44,static-044,1797.0467499981169,11.553782149535186,11.521416992763989,11.746483096794691,12.327553739305584,12.427792011294514,False,128
A,2,static_r5_baseline_A_event_llm-only_r02_a01,45,static-045,1797.4834159977036,11.590414700706996,11.544458000571467,11.774845700711012,12.572458154754713,12.60700001148507,False,128
A,2,static_r5_baseline_A_event_llm-only_r02_a01,46,static-046,1796.3471250113798,11.540678803104079,11.521666005137376,11.685050005326048,12.146793591673484,12.290625003515743,False,128
A,2,static_r5_baseline_A_event_llm-only_r02_a01,47,static-047,1796.0274159995606,11.558512472442175,11.513582998304628,11.875866797345225,12.150202342600096,12.525541998911649,False,128
A,2,static_r5_baseline_A_event_llm-only_r02_a01,48,static-048,1796.8857910018414,11.556828417334023,11.532499993336387,11.761033996299375,12.230831583437974,12.348042000667192,False,128
A,2,static_r5_baseline_A_event_llm-only_r02_a01,49,static-049,1797.2718749952037,11.536038385825158,11.508541996590793,11.71595360210631,12.128004418627823,12.475292009185068,False,128
A,2,static_r5_baseline_A_event_llm-only_r02_a01,50,static-050,1798.5055830067722,11.552265094497836,11.526417001732625,11.702254397096112,12.277856492146384,12.415874996804632,False,128
A,2,static_r5_baseline_A_event_llm-only_r02_a01,51,static-051,1796.8977499986067,11.542616141744611,11.51933400251437,11.684353699092753,12.082237331487704,12.473791008233093,False,128
A,2,static_r5_baseline_A_event_llm-only_r02_a01,52,static-052,1795.2532079943921,11.53988844882807,11.514624988194555,11.686328689393122,12.250585502479225,12.34904098964762,False,128
A,2,static_r5_baseline_A_event_llm-only_r02_a01,53,static-053,1797.34995799663,11.544534118087984,11.513834004290402,11.775645501620602,12.186422002559993,12.469417008105665,False,128
A,2,static_r5_baseline_A_event_llm-only_r02_a01,54,static-054,1795.5782909994014,11.553074149589062,11.529166993568651,11.7259252074291,12.022020156146027,12.300041998969391,False,128
A,2,static_r5_baseline_A_event_llm-only_r02_a01,55,static-055,1796.5206249937182,11.54074835438395,11.511042001075111,11.672754301980603,12.174410153529607,12.236082999152131,False,128
A,2,static_r5_baseline_A_event_llm-only_r02_a01,56,static-056,1795.6294159957906,11.970527236249966,11.714584004948847,13.573770398215855,14.505870006105395,14.890458987792954,False,128
A,2,static_r5_baseline_A_event_llm-only_r02_a01,57,static-057,1799.0410830097971,11.548841535411665,11.528749993885867,11.71683379507158,12.267684238904621,12.41466699866578,False,128
A,2,static_r5_baseline_A_event_llm-only_r02_a01,58,static-058,1797.4330839933828,11.557755905536267,11.53820900071878,11.719553502916824,11.967047990183346,12.471458001527935,False,128
A,2,static_r5_baseline_A_event_llm-only_r02_a01,59,static-059,1796.243458011304,11.545933732294522,11.519915991812013,11.733133897359949,12.144345004344359,12.334375001955777,False,128
A,2,static_r5_baseline_A_event_llm-only_r02_a01,60,static-060,1797.0389169931877,11.537101047340869,11.51579199358821,11.691374897782225,11.938231254171114,12.241459000506438,False,128
A,2,static_r5_baseline_A_event_llm-only_r02_a01,61,static-061,1798.4082089969888,11.532911740236102,11.513541001477279,11.65796610439429,12.000573741097469,12.321709000389092,False,128
A,2,static_r5_baseline_A_event_llm-only_r02_a01,62,static-062,1795.8303750056075,11.535555771671191,11.501875007525086,11.653757900057826,12.119375911424868,12.389458002871834,False,128
A,2,static_r5_baseline_A_event_llm-only_r02_a01,63,static-063,1798.2827920059208,11.55681397633418,11.514083002111875,11.91531690128613,12.340338922513183,12.435166994691826,False,128
A,2,static_r5_baseline_A_event_llm-only_r02_a01,64,static-064,1796.7666670010658,11.580859251915271,11.533208991750143,12.125317000027277,12.46285284840269,12.59954200941138,False,128
A,2,static_r5_baseline_A_event_llm-only_r02_a01,65,static-065,1795.354583999142,11.551508858275607,11.520959000336006,11.642133090936113,12.478444994485471,12.573625004733913,False,128
A,2,static_r5_baseline_A_event_llm-only_r02_a01,66,static-066,1798.307749995729,11.526991795280061,11.502291992655955,11.669179299497046,12.060160001274198,12.095541998860426,False,128
A,2,static_r5_baseline_A_event_llm-only_r02_a01,67,static-067,1797.805416994379,11.555144023636034,11.51945799938403,11.805133004963862,12.29689534084173,12.320916997850873,False,128
A,2,static_r5_baseline_A_event_llm-only_r02_a01,68,static-068,1795.7171669986565,11.547545275667419,11.529625000548549,11.71597119391663,12.103660508582834,12.221333003253676,False,128
A,2,static_r5_baseline_A_event_llm-only_r02_a01,69,static-069,1798.3939580008155,11.526800196858005,11.496791004901752,11.624091998965014,12.277637149090879,12.363292000372894,False,128
A,2,static_r5_baseline_A_event_llm-only_r02_a01,70,static-070,1797.2371250070864,11.551305448854576,11.519250008859672,11.693458800436929,12.248490000201855,12.412042007781565,False,128
A,2,static_r5_baseline_A_event_llm-only_r02_a01,71,static-071,1796.0109999985434,11.552104661465755,11.515040998347104,11.944003598182462,12.243037501757499,12.405999994371086,False,128
A,2,static_r5_baseline_A_event_llm-only_r02_a01,72,static-072,1798.4132080018753,11.555899275598799,11.520041996845976,11.801191100676077,12.420642996730749,12.533542001619935,False,128
A,2,static_r5_baseline_A_event_llm-only_r02_a01,73,static-073,1797.6002920040628,11.547815944842709,11.519958003191277,11.738675100787075,12.191260507970583,12.453084011212923,False,128
A,2,static_r5_baseline_A_event_llm-only_r02_a01,74,static-074,1795.4486669914331,11.498600063024192,11.46695799252484,12.042066398134919,13.335348925611466,14.342708993353881,False,128
A,2,static_r5_baseline_A_event_llm-only_r02_a01,75,static-075,1817.4502920010127,11.558802165324785,11.531791999004781,11.737333999190014,12.078995654301252,12.512707995483652,False,128
A,2,static_r5_baseline_A_event_llm-only_r02_a01,76,static-076,1796.773915993981,11.565449480315685,11.5278750017751,11.701474993606098,12.457959578023292,12.504124999395572,False,128
A,2,static_r5_baseline_A_event_llm-only_r02_a01,77,static-077,1796.5423749992624,11.543336936949173,11.518582992721349,11.660287609265652,12.185629497398622,12.44175000465475,False,128
A,2,static_r5_baseline_A_event_llm-only_r02_a01,78,static-078,1798.493458001758,11.532429787334912,11.513165998621844,11.664703699352685,11.947369339468422,12.395832993206568,False,128
A,2,static_r5_baseline_A_event_llm-only_r02_a01,79,static-079,1795.2289579989156,11.560254598514902,11.514750003698282,12.024592004308941,12.312332833535038,12.42025000101421,False,128
A,2,static_r5_baseline_A_event_llm-only_r02_a01,80,static-080,1795.9456660028081,11.549109582606828,11.521792010171339,11.72355429007439,12.23113733838545,12.429458001861349,False,128
A,2,static_r5_baseline_A_event_llm-only_r02_a01,81,static-081,1797.2895000129938,11.562872700728697,11.53241700376384,11.829591995046938,12.360125652921852,12.430750008206815,False,128
A,2,static_r5_baseline_A_event_llm-only_r02_a01,82,static-082,1795.3379999962635,11.56180741734744,11.525249996338971,11.824549801531246,12.448641255905386,12.620291992789134,False,128
A,2,static_r5_baseline_A_event_llm-only_r02_a01,83,static-083,1797.066499988432,11.568246724397516,11.529166004038416,11.864404294465203,12.310679993825033,12.458333003451116,False,128
A,2,static_r5_baseline_A_event_llm-only_r02_a01,84,static-084,1797.3653329972876,11.544887141707742,11.528332994203083,11.705795499437954,11.780513917037752,11.855291988467798,False,128
A,2,static_r5_baseline_A_event_llm-only_r02_a01,85,static-085,1796.9459580053808,11.553312661323337,11.514041994814761,11.78379560005851,12.288986580970231,12.591999999131076,False,128
A,2,static_r5_baseline_A_event_llm-only_r02_a01,86,static-086,1796.2930840003537,11.548328740241768,11.51929200568702,11.68998749635648,12.44037292228313,12.546666999696754,False,128
A,2,static_r5_baseline_A_event_llm-only_r02_a01,87,static-087,1795.5127919994993,11.544799866195122,11.519459003466181,11.70470880024368,12.315757490578106,12.401165993651375,False,128
A,2,static_r5_baseline_A_event_llm-only_r02_a01,88,static-088,1797.7056249947054,11.550663716497091,11.524208006449044,11.682558101892937,12.356642160448246,12.580208000144921,False,128
A,2,static_r5_baseline_A_event_llm-only_r02_a01,89,static-089,1797.2768750041723,11.573854007819616,11.549500006367452,11.788645801425446,12.082621570443735,12.340000001131557,False,128
A,2,static_r5_baseline_A_event_llm-only_r02_a01,90,static-090,1795.6633750000037,11.574422566959905,11.542457999894395,11.94899560068734,12.31950467772549,12.33108399901539,False,128
A,2,static_r5_baseline_A_event_llm-only_r02_a01,91,static-091,1797.2129590052646,11.555640747991582,11.526750007760711,11.689579198719002,12.471324584039392,12.538625000161119,False,128
A,2,static_r5_baseline_A_event_llm-only_r02_a01,92,static-092,1797.4854170024628,11.555975716465747,11.525374997290783,11.749029388010966,12.39559715351788,12.562541000079364,False,128
A,2,static_r5_baseline_A_event_llm-only_r02_a01,93,static-093,1812.2612909937743,11.78193668510369,11.61741699615959,12.820220603316557,13.513853920449037,13.771291996818036,False,128
A,2,static_r5_baseline_A_event_llm-only_r02_a01,94,static-094,1797.2880419983994,11.574345472402593,11.542374995769933,11.698187596630305,12.483118161617313,12.61954200163018,False,128
A,2,static_r5_baseline_A_event_llm-only_r02_a01,95,static-095,1796.109749993775,11.556213913443242,11.530540999956429,11.799387697828932,12.146039088547695,12.434916992788203,False,128
A,2,static_r5_baseline_A_event_llm-only_r02_a01,96,static-096,1797.5175419996958,11.55116929139623,11.519082996528596,11.755875191011,12.409181993280072,12.463791004847735,False,128
A,2,static_r5_baseline_A_event_llm-only_r02_a01,97,static-097,1796.1946669965982,11.551387795278304,11.51012499758508,11.728987605602015,12.319357335218228,12.410374998580664,False,128
A,2,static_r5_baseline_A_event_llm-only_r02_a01,98,static-098,1796.5882919961587,11.54107250391018,11.522834000061266,11.630966898519546,12.054956081556156,12.238124996656552,False,128
A,2,static_r5_baseline_A_event_llm-only_r02_a01,99,static-099,1798.5753330140142,11.55798753536046,11.530915988259949,11.758374991768505,12.190408578317145,12.291417006053962,False,128
A,2,static_r5_baseline_A_event_llm-only_r02_a01,100,static-100,1796.0606249980628,11.56552788970156,11.534249992109835,11.757896197377704,12.258055005222559,12.538249997305684,False,128
A,2,static_r5_baseline_A_event_llm-only_r02_a01,101,static-101,1797.1836249926127,11.547203086693331,11.508374998811632,11.935400002403183,12.166916925052647,12.230166990775615,False,128
A,2,static_r5_baseline_A_event_llm-only_r02_a01,102,static-102,1797.5023750041146,11.567370078639186,11.532332995557226,11.89267069712514,12.282315003685651,12.444874999346212,False,128
A,2,static_r5_baseline_A_event_llm-only_r02_a01,103,static-103,1796.110374998534,11.542566929115203,11.526250003953464,11.761212594865354,12.070783759409096,12.231750006321818,False,128
A,2,static_r5_baseline_A_event_llm-only_r02_a01,104,static-104,1796.7698749998817,11.577062338579623,11.541415995452553,11.910900101065636,12.335122497752307,12.52529100747779,False,128
A,2,static_r5_baseline_A_event_llm-only_r02_a01,105,static-105,1796.8517090048408,11.56078674016964,11.520665997522883,11.843174896785058,12.30352124228375,12.454707990400493,False,128
A,2,static_r5_baseline_A_event_llm-only_r02_a01,106,static-106,1796.2268330011284,11.54979986611178,11.53166699805297,11.701524995442014,12.114758163224906,12.453292001737282,False,128
A,2,static_r5_baseline_A_event_llm-only_r02_a01,107,static-107,1798.590291000437,11.54685302364354,11.527082999236882,11.618257903319318,12.27927608299069,12.484874998335727,False,128
A,2,static_r5_baseline_A_event_llm-only_r02_a01,108,static-108,1796.562499992433,11.546238519752757,11.533041004440747,11.691507993964478,11.90697924233973,12.075749997165985,False,128
A,2,static_r5_baseline_A_event_llm-only_r02_a01,109,static-109,1796.2250419950578,11.567076118149625,11.515959005919285,11.930853496596683,12.484336993657053,12.534499997855164,False,128
A,2,static_r5_baseline_A_event_llm-only_r02_a01,110,static-110,1798.5570839955471,11.547627622091145,11.51779199426528,11.728012592357116,12.322766839351969,12.456416006898507,False,128
A,2,static_r5_baseline_A_event_llm-only_r02_a01,111,static-111,1796.6058330057422,12.05708726763443,11.72266599314753,14.110462600365276,14.787521505495533,14.865416000247933,True,128
A,2,static_r5_baseline_A_event_llm-only_r02_a01,112,static-112,1806.5997500088997,11.565691929087812,11.525832989718765,11.832895602856297,12.490070922649466,12.532000007922761,False,128
A,2,static_r5_baseline_A_event_llm-only_r02_a01,113,static-113,1796.0460000031162,11.554794944845705,11.529916009749286,11.763866800174583,12.288013573561328,12.401707994285971,False,128
A,2,static_r5_baseline_A_event_llm-only_r02_a01,114,static-114,1798.8582919933833,11.561736551239008,11.530375006259419,11.903382993477862,12.323661424452437,12.47504199272953,False,128
A,2,static_r5_baseline_A_event_llm-only_r02_a01,115,static-115,1796.6950420086505,11.556826771592618,11.511167002026923,11.891870699764691,12.463680499640759,12.50229199649766,False,128
A,2,static_r5_baseline_A_event_llm-only_r02_a01,116,static-116,1797.4513329972979,11.562892385803377,11.531875003129244,11.726412396819796,12.412582083197776,12.517916999058798,False,128
A,2,static_r5_baseline_A_event_llm-only_r02_a01,117,static-117,1796.3836249982705,11.554587598386822,11.533709010109305,11.763750101090407,12.029255323577672,12.080500004230998,False,128
A,2,static_r5_baseline_A_event_llm-only_r02_a01,118,static-118,1795.2543749997858,11.542763456740731,11.525958005222492,11.697803901915902,11.917518417176325,12.071542005287483,False,128
A,2,static_r5_baseline_A_event_llm-only_r02_a01,119,static-119,1797.6574580097804,11.560371062992411,11.533084005350247,11.810903705190865,12.151399584254248,12.570083999889903,False,128
A,2,static_r5_baseline_A_event_llm-only_r02_a01,120,static-120,1797.2436659911182,11.556318897720038,11.534582998137921,11.703400098485872,12.314181998372076,12.51520900405012,False,128
A,2,static_r5_baseline_A_event_llm-only_r02_a01,121,static-121,1795.9473340015393,11.565354984188563,11.539958999492228,11.807291902368886,12.295601087680552,12.315334010054357,False,128
A,2,static_r5_baseline_A_event_llm-only_r02_a01,122,static-122,1797.7507089963183,11.555420275590581,11.52475000708364,11.764067005424295,12.312745005183388,12.463042003219016,False,128
A,2,static_r5_baseline_A_event_llm-only_r02_a01,123,static-123,1798.7875409889966,11.550364173228273,11.512833007145673,11.85726710100425,12.249906582874244,12.430750008206815,False,128
A,2,static_r5_baseline_A_event_llm-only_r02_a01,124,static-124,1795.4608330037445,11.53729855911128,11.516291997395456,11.740100003953557,12.044378421269355,12.369999996735714,False,128
A,2,static_r5_baseline_A_event_llm-only_r02_a01,125,static-125,1798.2345829950646,11.552747047284441,11.507957999128848,11.901329194370192,12.354992330365349,12.468417000491172,False,128
A,2,static_r5_baseline_A_event_llm-only_r02_a01,126,static-126,1797.4151249945862,11.542218834698918,11.518084007548168,11.705108296882827,12.136957836337388,12.228916006279178,False,128
A,2,static_r5_baseline_A_event_llm-only_r02_a01,127,static-127,1794.8210409958847,11.542278220492056,11.51391699386295,11.75602129951585,12.108858003339265,12.41312499041669,False,128
A,2,static_r5_baseline_A_event_llm-only_r02_a01,128,static-128,1798.750417001429,11.54906299218671,11.515792008140124,11.764262503129428,12.257919583353214,12.38287499290891,False,128
A,2,static_r5_baseline_A_event_llm-only_r02_a01,129,static-129,1795.7171250018291,11.608855314960696,11.516291997395456,12.293387301906478,13.08508283953415,13.72237500618212,False,128
A,2,static_r5_baseline_A_event_llm-only_r02_a01,130,static-130,1826.0922500048764,11.559234905481985,11.531916999956593,11.728554191358853,12.322747345315292,12.577707995660603,False,128
A,2,static_r5_baseline_A_event_llm-only_r02_a01,131,static-131,1796.190667009796,11.541544614102156,11.513875011587515,11.815991804178337,12.179664505529217,12.422707994119264,False,128
A,2,static_r5_baseline_A_event_llm-only_r02_a01,132,static-132,1796.8897499958985,11.539640094499163,11.514500001794659,11.69490449829027,12.170996073982678,12.213542009703815,False,128
A,2,static_r5_baseline_A_event_llm-only_r02_a01,133,static-133,1798.1056660064496,11.552425527529916,11.516958009451628,11.861849798879119,12.295790161879268,12.349249998806044,False,128
A,2,static_r5_baseline_A_event_llm-only_r02_a01,134,static-134,1796.1694590048864,11.55036252760145,11.517375009134412,11.72047950385604,12.355066238669679,12.480958001106046,False,128
A,2,static_r5_baseline_A_event_llm-only_r02_a01,135,static-135,1796.532374995877,11.530991141683437,11.510500000440516,11.639321193797514,12.14242342248326,12.26212500478141,False,128
A,2,static_r5_baseline_A_event_llm-only_r02_a01,136,static-136,1797.9565839923453,11.545715874082072,11.509457995998673,11.767099903954657,12.1654912471422,12.36508299189154,False,128
A,2,static_r5_baseline_A_event_llm-only_r02_a01,137,static-137,1795.1537079934496,11.559198818909275,11.526540998602286,11.830308800563216,12.268750994117,12.420750004821457,False,128
A,2,static_r5_baseline_A_event_llm-only_r02_a01,138,static-138,1797.1006669977214,11.545161417237205,11.514125013491139,11.871445500582919,12.342497504141647,12.574249994941056,False,128
A,2,static_r5_baseline_A_event_llm-only_r02_a01,139,static-139,1797.6010830025189,11.529676834585175,11.509375006426126,11.63440800155513,12.285415160295086,12.462041995604523,False,128
A,2,static_r5_baseline_A_event_llm-only_r02_a01,140,static-140,1795.384874989395,11.5467667322758,11.511208998854272,11.824825002986469,12.534098582109436,12.566582998260856,False,128
A,2,static_r5_baseline_A_event_llm-only_r02_a01,141,static-141,1796.1596660024952,11.543251645653216,11.503165995236486,11.898692008981016,12.358652503753545,12.529833009466529,False,128
A,2,static_r5_baseline_A_event_llm-only_r02_a01,142,static-142,1797.1325409889687,11.538579724509063,11.507959003210999,11.819521401776,12.185139421198983,12.328583005000837,False,128
A,2,static_r5_baseline_A_event_llm-only_r02_a01,143,static-143,1795.955874986248,11.535597110339477,11.504499998409301,11.679612504667602,12.199852338526398,12.481707992265001,False,128
A,2,static_r5_baseline_A_event_llm-only_r02_a01,144,static-144,1797.0683749881573,11.53823884257196,11.517458988237195,11.766737399739213,12.044315310777165,12.243125005625188,False,128
A,2,static_r5_baseline_A_event_llm-only_r02_a01,145,static-145,1798.1643340026494,11.539251637767897,11.519458013935946,11.68803770415252,12.108651264861692,12.261666997801512,False,128
A,2,static_r5_baseline_A_event_llm-only_r02_a01,146,static-146,1794.6766249951907,11.53995899215898,11.519833002239466,11.78339210600825,12.047341579163913,12.06179200380575,False,128
A,2,static_r5_baseline_A_event_llm-only_r02_a01,147,static-147,1796.0789579956327,11.545921590611867,11.51670799299609,11.857749795308335,12.12799766799435,12.258000002475455,False,128
A,2,static_r5_baseline_A_event_llm-only_r02_a01,148,static-148,1820.005041998229,11.830680118025809,11.633625006652437,13.462312606861813,13.71921958052553,13.941915996838361,False,128
A,2,static_r5_baseline_A_event_llm-only_r02_a01,149,static-149,1798.5031250136672,11.542804464496173,11.513334000483155,11.751449895382393,12.375625319255048,12.535457994090393,False,128
A,2,static_r5_baseline_A_event_llm-only_r02_a01,150,static-150,1797.1748750132974,11.541244425163715,11.507874995004386,11.7001704958966,12.390760756388772,12.58850000158418,False,128
A,2,static_r5_baseline_A_event_llm-only_r02_a01,151,static-151,1797.0252499944763,11.566955708728106,11.529124996741302,11.90938400250161,12.408247929706702,12.625083007151261,False,128
A,2,static_r5_baseline_A_event_llm-only_r02_a01,152,static-152,1796.7448749986943,11.55613025196179,11.524041998200119,11.812562504201196,12.327416262996849,12.44962499185931,False,128
A,2,static_r5_baseline_A_event_llm-only_r02_a01,153,static-153,1795.2297499869019,11.539095803255611,11.50883300579153,11.736754499725066,12.340229654801076,12.45483300590422,False,128
A,2,static_r5_baseline_A_event_llm-only_r02_a01,154,static-154,1797.4419579986716,11.537848102335825,11.511916993185878,11.753845597559119,12.203264427080285,12.59504200424999,False,128
A,2,static_r5_baseline_A_event_llm-only_r02_a01,155,static-155,1796.7874169989955,11.54981988187014,11.527666996698827,11.742300000332762,12.197553753503598,12.255875000846572,False,128
A,2,static_r5_baseline_A_event_llm-only_r02_a01,156,static-156,1794.888958989759,11.54581299218932,11.518665996845812,11.822196103457825,12.19226684072055,12.213791997055523,False,128
A,2,static_r5_baseline_A_event_llm-only_r02_a01,157,static-157,1795.9718750062166,11.542414370044245,11.50233400403522,11.876137701619882,12.12986341677606,12.24645899492316,False,128
A,2,static_r5_baseline_A_event_llm-only_r02_a01,158,static-158,1797.267499990994,11.540327102448204,11.515874997712672,11.679104402719531,12.130359587608837,12.58791699365247,False,128
A,2,static_r5_baseline_A_event_llm-only_r02_a01,159,static-159,1794.1461250011344,11.53912270069489,11.51445800496731,11.714854498859495,12.231771577789914,12.392417003866285,False,128
A,2,static_r5_baseline_A_event_llm-only_r02_a01,160,static-160,1796.5361660026247,11.545185700717097,11.513833000208251,11.861770604446065,12.334776839416007,12.469916997360997,False,128
A,2,static_r5_baseline_A_event_llm-only_r02_a01,161,static-161,1797.2267909935908,11.558054464660204,11.51933400251437,11.948429398762524,12.299367493251339,12.317291999352165,False,128
A,2,static_r5_baseline_A_event_llm-only_r02_a01,162,static-162,1795.7867499935674,11.546641732355228,11.514415993588045,11.91712880245177,12.258482920587992,12.4417920014821,False,128
A,2,static_r5_baseline_A_event_llm-only_r02_a01,163,static-163,1796.171374997357,11.544547897605886,11.511624994454905,11.746262498490978,12.240312660869677,12.284000011277385,False,128
A,2,static_r5_baseline_A_event_llm-only_r02_a01,164,static-164,1797.1082080039196,11.537262472423988,11.518792001879774,11.702058002992999,12.00134434067877,12.288750003790483,False,128
A,2,static_r5_baseline_A_event_llm-only_r02_a01,165,static-165,1796.1093329940923,11.54400328347023,11.524041998200119,11.687108103069477,11.968013261503074,12.52849999582395,False,128
A,2,static_r5_baseline_A_event_llm-only_r02_a01,166,static-166,1797.806333997869,11.832166338586028,11.66699999885168,12.973916991904842,13.263894989504479,13.365124992560595,False,128
A,2,static_r5_baseline_A_event_llm-only_r02_a01,167,static-167,1801.0245829937048,11.550609582684949,11.518875006004237,11.838554208225105,12.256705001054796,12.442582999938168,False,128
A,2,static_r5_baseline_A_event_llm-only_r02_a01,168,static-168,1796.0511249984847,11.544903866097874,11.52341598935891,11.70719539950369,12.099118169280699,12.469291003071703,False,128
A,2,static_r5_baseline_A_event_llm-only_r02_a01,169,static-169,1795.7538749906234,11.547763448865814,11.529499999596737,11.822574892721605,12.118421572085936,12.160290993051603,False,128
A,2,static_r5_baseline_A_event_llm-only_r02_a01,170,static-170,1795.334249996813,11.55944062201178,11.529499999596737,11.689233103243168,12.4426962659345,12.573040992720053,False,128
A,2,static_r5_baseline_A_event_llm-only_r02_a01,171,static-171,1797.1482090069912,11.53918274006381,11.520083004143089,11.704224800632801,11.971956916386262,12.114500001189299,False,128
A,2,static_r5_baseline_A_event_llm-only_r02_a01,172,static-172,1796.4382079953793,11.541167000037303,11.508416995638981,11.66875790222548,12.466217923501972,12.54883300862275,False,128
A,2,static_r5_baseline_A_event_llm-only_r02_a01,173,static-173,1795.9436670062132,11.538966204700662,11.523167006089352,11.6616088009323,11.877957341785077,12.253666995093226,False,128
A,2,static_r5_baseline_A_event_llm-only_r02_a01,174,static-174,1796.247417005361,11.557997377955092,11.520333006046712,11.832241897354834,12.337248078838455,12.425916997017339,False,128
A,2,static_r5_baseline_A_event_llm-only_r02_a01,175,static-175,1796.6133750014706,11.560057740205693,11.525915993843228,11.821250004868487,12.506512505642604,12.57558399811387,False,128
A,2,static_r5_baseline_A_event_llm-only_r02_a01,176,static-176,1796.3617079949472,11.536695543327369,11.512500001117587,11.686625106085557,12.052024333679581,12.174041999969631,False,128
A,2,static_r5_baseline_A_event_llm-only_r02_a01,177,static-177,1797.1822499966947,11.546764433073195,11.519624997163191,11.780320791876875,12.11270800238708,12.463958002626896,False,128
A,2,static_r5_baseline_A_event_llm-only_r02_a01,178,static-178,1797.0933340111515,11.544235236186527,11.521624997840263,11.739391299488489,12.208414578926748,12.40120900911279,False,128
A,2,static_r5_baseline_A_event_llm-only_r02_a01,179,static-179,1795.6746660056524,11.53377263772844,11.50079199578613,11.655487702228129,12.357337001012636,12.46062500285916,False,128
A,2,static_r5_baseline_A_event_llm-only_r02_a01,180,static-180,1798.494832997676,11.541057417355294,11.525417008670047,11.676750202605035,12.204035495233255,12.294499989366159,False,128
A,2,static_r5_baseline_A_event_llm-only_r02_a01,181,static-181,1797.0979169913335,11.552114496154227,11.524457993800752,11.734358088870067,12.081557004130445,12.366708993795328,False,128
A,2,static_r5_baseline_A_event_llm-only_r02_a01,182,static-182,1795.3059999999823,11.545027236203941,11.518041006638668,11.657470506906975,12.284602332802024,12.373166988254525,False,128
A,2,static_r5_baseline_A_event_llm-only_r02_a01,183,static-183,1797.1573329996318,11.546817590532033,11.517375009134412,11.949987494153902,12.159216736909002,12.29804199829232,False,128
A,2,static_r5_baseline_A_event_llm-only_r02_a01,184,static-184,1795.7220419921214,11.483269031494158,11.493665995658375,11.6307000949746,12.123335916257929,12.239833013154566,False,128
A,2,static_r5_baseline_A_event_llm-only_r02_a01,185,static-185,1818.8039999949979,11.597856299220181,11.525041001732461,12.02381249750033,13.040630501927804,13.229875010438263,False,128
A,2,static_r5_baseline_A_event_llm-only_r02_a01,186,static-186,1798.8731250079582,11.546002952776131,11.518750005052425,11.680033097218256,12.117171842837706,12.520208998466842,False,128
A,2,static_r5_baseline_A_event_llm-only_r02_a01,187,static-187,1797.1189169911668,11.532884188991876,11.514166995766573,11.712725101097021,11.961871502862778,12.509249994764104,False,128
A,2,static_r5_baseline_A_event_llm-only_r02_a01,188,static-188,1798.7411670037545,11.553345141771036,11.515999998664483,11.783799907425417,12.408705002162606,12.524249992566183,False,128
A,2,static_r5_baseline_A_event_llm-only_r02_a01,189,static-189,1796.1601249990053,11.546217850304032,11.511874996358529,11.731337501259986,12.366885577212088,12.46437500230968,False,128
A,2,static_r5_baseline_A_event_llm-only_r02_a01,190,static-190,1796.10637499718,11.527016078759953,11.511624994454905,11.679387504409533,11.937281924183479,12.2045840107603,False,128
A,2,static_r5_baseline_A_event_llm-only_r02_a01,191,static-191,1796.3913749990752,11.54104298426161,11.523290988407098,11.717304396734107,12.024598003190476,12.487083993619308,False,128
A,2,static_r5_baseline_A_event_llm-only_r02_a01,192,static-192,1796.385374997044,11.546734582740946,11.514708006870933,11.84093320625834,12.202004340942949,12.243709003087133,False,128
A,2,static_r5_baseline_A_event_llm-only_r02_a01,193,static-193,1796.5660840127384,11.54764992903137,11.523499997565523,11.667524807853624,12.194406584312672,12.595666994457133,False,128
A,2,static_r5_baseline_A_event_llm-only_r02_a01,194,static-194,1796.6953330032993,11.546680448814222,11.521584005095065,11.773462493147235,12.195412848668639,12.227999992319383,False,128
A,2,static_r5_baseline_A_event_llm-only_r02_a01,195,static-195,1795.647375009139,11.533470472364915,11.514416997670196,11.663537690765224,11.966124078899156,12.089625000953674,False,128
A,2,static_r5_baseline_A_event_llm-only_r02_a01,196,static-196,1796.4712499961024,11.544011157431354,11.51758299965877,11.677437400794588,12.18656249635387,12.482417005230673,False,128
A,2,static_r5_baseline_A_event_llm-only_r02_a01,197,static-197,1796.985583001515,11.55435301578424,11.520750005729496,11.738591799803544,12.433582834200932,12.504667000030167,False,128
A,2,static_r5_baseline_A_event_llm-only_r02_a01,198,static-198,1795.995500011486,11.561366795208379,11.520000000018626,11.784416403679641,12.388233421079349,12.468082990380935,False,128
A,2,static_r5_baseline_A_event_llm-only_r02_a01,199,static-199,1797.4460830009775,11.528706370108562,11.508583003887907,11.638803903770167,12.236793257761747,12.2632499987958,False,128
A,2,static_r5_baseline_A_event_llm-only_r02_a01,200,static-200,1796.905750001315,11.553909118089267,11.530292002134956,11.795867102046032,12.145749077317305,12.214417001814581,False,128
A,2,static_r5_baseline_A_event_llm-only_r02_a01,201,static-201,1794.6233329857932,11.549180448829842,11.502624998684041,11.919449899869504,12.379603075387422,12.441124999895692,False,128
A,2,static_r5_baseline_A_event_llm-only_r02_a01,202,static-202,1796.8712909932947,11.539197511861914,11.517291000927798,11.730166793859098,12.016949990938883,12.413667005603202,False,128
A,2,static_r5_baseline_A_event_llm-only_r02_a01,203,static-203,1806.7582079966087,11.827146984278372,11.636209004791453,13.017257899628019,13.80307357525453,14.02666699141264,False,128
A,2,static_r5_baseline_A_event_llm-only_r02_a01,204,static-204,1796.6857079882175,11.534597118193554,11.5079160023015,11.691291806346271,12.118367340881377,12.358499996480532,False,128
A,2,static_r5_baseline_A_event_llm-only_r02_a01,205,static-205,1797.8997909958707,11.559160110241859,11.526375004905276,11.71896619925974,12.346679846814368,12.407542002620175,False,128
A,2,static_r5_baseline_A_event_llm-only_r02_a01,206,static-206,1796.0876249999274,11.52110170867701,11.509040996315889,11.614387399458792,11.905336997006088,12.00958299159538,False,128
A,2,static_r5_baseline_A_event_llm-only_r02_a01,207,static-207,1797.3707920027664,11.543835299139968,11.498666994157247,11.9020170008298,12.405818004335742,12.500875003752299,False,128
A,2,static_r5_baseline_A_event_llm-only_r02_a01,208,static-208,1797.5776249950286,11.538826441002724,11.50733299436979,11.71641630353406,12.130322333541699,12.18491600593552,False,128
A,2,static_r5_baseline_A_event_llm-only_r02_a01,209,static-209,1795.4407499928493,11.55241633862565,11.52208300482016,11.722196495975366,12.388369088585023,12.44566700188443,False,128
A,2,static_r5_baseline_A_event_llm-only_r02_a01,210,static-210,1796.8021659908118,11.533484251997397,11.510500000440516,11.609207993024029,12.250626257155089,12.448875000700355,False,128
A,2,static_r5_baseline_A_event_llm-only_r02_a01,211,static-211,1797.45670799457,11.55383005512761,11.518874991452321,11.958558301557787,12.13669141405262,12.505250007961877,False,128
A,2,static_r5_baseline_A_event_llm-only_r02_a01,212,static-212,1794.920166998054,11.566152559079075,11.518999992404133,11.947267000505233,12.233365921711084,12.339790991973132,False,128
A,2,static_r5_baseline_A_event_llm-only_r02_a01,213,static-213,1796.832332998747,11.53798622040694,11.517916995217092,11.78100820397958,12.026119999936782,12.142583000240847,False,128
A,2,static_r5_baseline_A_event_llm-only_r02_a01,214,static-214,1796.2448750040494,11.54029954329782,11.516917002154514,11.707637702056672,11.985436497780029,12.328041993896477,False,128
A,2,static_r5_baseline_A_event_llm-only_r02_a01,215,static-215,1796.3718749961117,11.551481622017326,11.527249997016042,11.77479620091617,12.27998950111214,12.290582992136478,False,128
A,2,static_r5_baseline_A_event_llm-only_r02_a01,216,static-216,1797.6464579987805,11.541700133857661,11.510625001392327,11.807446202146819,12.253060340881348,12.398750011925586,False,128
A,2,static_r5_baseline_A_event_llm-only_r02_a01,217,static-217,1795.5379580089357,11.545895338498466,11.517874998389743,11.77391700184671,12.351577993540557,12.470542002120055,False,128
A,2,static_r5_baseline_A_event_llm-only_r02_a01,218,static-218,1795.3502500022296,11.542598425188856,11.507582996273413,11.707399794249795,12.244330010726117,12.53779100079555,False,128
A,2,static_r5_baseline_A_event_llm-only_r02_a01,219,static-219,1797.17691699625,11.547888118102707,11.517500010086223,11.766278701543342,12.295093763386827,12.545958001282997,False,128
A,2,static_r5_baseline_A_event_llm-only_r02_a01,220,static-220,1796.2459590053186,11.55165649604925,11.519207997480407,11.860671392059883,12.290167834726162,12.396916004945524,False,128
A,2,static_r5_baseline_A_event_llm-only_r02_a01,221,static-221,1796.6783750016475,11.815672574769229,11.652708999463357,13.259825098793952,14.21953999029938,14.585583005100489,False,128
A,2,static_r5_baseline_A_event_llm-only_r02_a01,222,static-222,1803.7868329993216,11.555590220533611,11.517542006913573,11.850500195578205,12.384604494436642,12.521291006123647,False,128
A,2,static_r5_baseline_A_event_llm-only_r02_a01,223,static-223,1796.5233750001062,11.545067913390286,11.518416009494103,11.705950000032317,12.267973915440962,12.424125001416542,False,128
A,2,static_r5_baseline_A_event_llm-only_r02_a01,224,static-224,1797.1444580034586,11.540388448739527,11.518125000293367,11.705595599778462,12.14644373714691,12.27537500381004,False,128
A,2,static_r5_baseline_A_event_llm-only_r02_a01,225,static-225,1795.4540000064299,11.542742787406588,11.512666998896748,11.665554597857408,12.24682192056207,12.435124997864477,False,128
A,2,static_r5_baseline_A_event_llm-only_r02_a01,226,static-226,1795.8338340104092,11.541112204628638,11.504082998726517,11.75379999622237,12.27392125671031,12.332749989582226,False,128
A,2,static_r5_baseline_A_event_llm-only_r02_a01,227,static-227,1797.8902499889955,11.544381889815288,11.520874992129393,11.775907996343447,12.086755498603452,12.215291993925348,False,128
A,2,static_r5_baseline_A_event_llm-only_r02_a01,228,static-228,1796.6742499993416,11.528583007908654,11.512124998262152,11.647037604416255,12.218510916864034,12.297666005906649,False,128
A,2,static_r5_baseline_A_event_llm-only_r02_a01,229,static-229,1796.5683340007672,11.538664370135397,11.504416994284838,11.699508294987027,12.34082950220909,12.46079099655617,False,128
A,2,static_r5_baseline_A_event_llm-only_r02_a01,230,static-230,1796.8775000044843,11.541258204681615,11.509666990605183,11.894804304756686,12.147380758542567,12.193667003884912,False,128
A,2,static_r5_baseline_A_event_llm-only_r02_a01,231,static-231,1795.1312920049531,11.540769031509669,11.513083998579532,11.823074804851782,12.13174766016891,12.210250002681278,False,128
A,2,static_r5_baseline_A_event_llm-only_r02_a01,232,static-232,1796.5295419999165,11.536676834605993,11.51966699399054,11.78847520641284,12.275645665940829,12.4557920062216,False,128
A,2,static_r5_baseline_A_event_llm-only_r02_a01,233,static-233,1796.6075409931364,11.551701448863284,11.514708006870933,11.817733000498263,12.419048911833668,12.5658330071019,False,128
A,2,static_r5_baseline_A_event_llm-only_r02_a01,234,static-234,1795.407333993353,11.550556102334008,11.516958998981863,11.879404495994093,12.306389419245534,12.329916004091501,False,128
A,2,static_r5_baseline_A_event_llm-only_r02_a01,235,static-235,1796.5793339972151,11.539767385830766,11.503750007250346,11.882628696912434,12.234405498893466,12.4494159972528,False,128
A,2,static_r5_baseline_A_event_llm-only_r02_a01,236,static-236,1796.121833001962,11.53385236217204,11.506416005431674,11.811258090892803,12.124938150518574,12.375082995276898,False,128
A,2,static_r5_baseline_A_event_llm-only_r02_a01,237,static-237,1795.009959008894,11.55456397627429,11.517833001562394,11.760683101601899,12.387614504841622,12.499999997089617,False,128
A,2,static_r5_baseline_A_event_llm-only_r02_a01,238,static-238,1796.5750829898752,11.548088252082408,11.512333003338426,11.808970598212907,12.36875399510609,12.517666997155175,False,128
A,2,static_r5_baseline_A_event_llm-only_r02_a01,239,static-239,1795.9070409997366,11.548909125964187,11.531084004673176,11.827350090607068,12.132177654711993,12.323207993176766,False,128
A,2,static_r5_baseline_A_event_llm-only_r02_a01,240,static-240,1822.5208330113674,11.623324149523818,11.536249992786907,11.964378695120104,13.544206584338092,13.951750006526709,False,128
A,2,static_r5_baseline_A_event_llm-only_r02_a01,241,static-241,1798.0797500058543,11.559975393667385,11.528958013514057,11.851625193958169,12.18869199801702,12.430500006303191,False,128
A,2,static_r5_baseline_A_event_llm-only_r02_a01,242,static-242,1796.1102500121342,11.54377985817626,11.505540998768993,11.847654399753083,12.30440292478306,12.473416994907893,False,128
A,2,static_r5_baseline_A_event_llm-only_r02_a01,243,static-243,1798.1610840070061,11.531956692883474,11.502541994559579,11.684595394763164,12.092828759923577,12.501791992690414,False,128
A,2,static_r5_baseline_A_event_llm-only_r02_a01,244,static-244,1797.3015000025043,11.538268370012107,11.516749989823438,11.7143785013468,12.032165571290534,12.425332999555394,False,128
A,2,static_r5_baseline_A_event_llm-only_r02_a01,245,static-245,1795.792667006026,11.543719818921922,11.524250003276393,11.725508104427718,11.957013577048201,11.99691700458061,False,128
A,2,static_r5_baseline_A_event_llm-only_r02_a01,246,static-246,1796.7369999969378,11.542883858370676,11.512166005559266,11.77584199613193,12.213305580371525,12.478457996621728,False,128
A,2,static_r5_baseline_A_event_llm-only_r02_a01,247,static-247,1798.0651249963557,11.531398622007439,11.501291999593377,11.638387601124123,12.339435001194941,12.447083994629793,False,128
A,2,static_r5_baseline_A_event_llm-only_r02_a01,248,static-248,1795.8012909948593,11.55908103937404,11.523583991220221,11.852433304011354,12.437667082122061,12.531917003798299,False,128
A,2,static_r5_baseline_A_event_llm-only_r02_a01,249,static-249,1797.3665000026813,11.558968503913643,11.524625006131828,11.812945493147708,12.404329996788872,12.480999997933395,False,128
A,2,static_r5_baseline_A_event_llm-only_r02_a01,250,static-250,1797.8978750034003,11.53572211026005,11.509542004205287,11.625704202742781,12.330305335635785,12.482374993851408,False,128
A,2,static_r5_baseline_A_event_llm-only_r02_a01,251,static-251,1794.974958000239,11.54503018898233,11.518291998072527,11.705337694729677,12.163169428531546,12.360207998426631,False,128
A,2,static_r5_baseline_A_event_llm-only_r02_a01,252,static-252,1796.826499994495,11.559414370127543,11.516958998981863,11.89200789958704,12.398917658429127,12.488583990489133,False,128
A,2,static_r5_baseline_A_event_llm-only_r02_a01,253,static-253,1797.2212500026217,11.54494258267145,11.515292004332878,11.822662400663829,12.339635005046146,12.486124993301928,False,128
A,2,static_r5_baseline_A_event_llm-only_r02_a01,254,static-254,1796.8844169954536,11.53016108668897,11.5109170001233,11.719316107337363,12.082221272576135,12.457332995836623,False,128
A,2,static_r5_baseline_A_event_llm-only_r02_a01,255,static-255,1797.6101669919444,11.546022637850811,11.526083006174304,11.632895703951363,12.195965919818264,12.264334000064991,False,128
A,2,static_r5_baseline_A_event_llm-only_r02_a01,256,static-256,1795.83766599535,11.54830643307238,11.513417004607618,11.9402498981799,12.119681589247193,12.182791993836872,False,128
A,2,static_r5_baseline_A_event_llm-only_r02_a01,257,static-257,1795.654542002012,11.53668864571955,11.505874994327314,11.756212696491273,12.311714497918729,12.32512500428129,False,128
A,2,static_r5_baseline_A_event_llm-only_r02_a01,258,static-258,1810.865459003253,11.868033787408866,11.668791004922241,13.599899900145827,13.871272507240064,14.059417007956654,False,128
A,2,static_r5_baseline_A_event_llm-only_r02_a01,259,static-259,1796.56679200707,11.544503936957472,11.51183299953118,11.721416906220838,12.209465655323582,12.468417000491172,False,128
A,2,static_r5_baseline_A_event_llm-only_r02_a01,260,static-260,1796.2259170017205,11.5571666613641,11.525166002684273,11.785696398874279,12.316805651353206,12.45466600812506,False,128
A,2,static_r5_baseline_A_event_llm-only_r02_a01,261,static-261,1795.6990829989081,11.54792651178418,11.505124988616444,11.842537403572349,12.46200684166979,12.5318330101436,False,128
A,2,static_r5_baseline_A_event_llm-only_r02_a01,262,static-262,1798.4617500042077,11.532550196871014,11.509709001984447,11.650516200461425,12.106959998782258,12.483291007811204,False,128
A,2,static_r5_baseline_A_event_llm-only_r02_a01,263,static-263,1796.5049170015845,11.547715881863228,11.51779199426528,11.722575202293228,12.256702668964863,12.385750000248663,False,128
A,2,static_r5_baseline_A_event_llm-only_r02_a01,264,static-264,1795.3589579992695,11.564624015820272,11.52975000150036,11.840020700765308,12.387089249095878,12.526958002126776,False,128
A,2,static_r5_baseline_A_event_llm-only_r02_a01,265,static-265,1798.0007500009378,11.546745078796777,11.519416992086917,11.82876260136254,12.322991573309992,12.41187499545049,False,128
A,2,static_r5_baseline_A_event_llm-only_r02_a01,266,static-266,1796.9592080044094,11.5497801810371,11.510208001709543,11.842241801787166,12.279915341059677,12.42083300894592,False,128
A,2,static_r5_baseline_A_event_llm-only_r02_a01,267,static-267,1794.8519999918062,11.577749346528664,11.52133299910929,12.013375207607169,12.383653911820147,12.553084001410753,False,128
A,2,static_r5_baseline_A_event_llm-only_r02_a01,268,static-268,1796.1839579947991,11.540403873998834,11.52379201084841,11.781429400434718,12.102393585955724,12.309207988437265,False,128
A,2,static_r5_baseline_A_event_llm-only_r02_a01,269,static-269,1796.4707909995923,11.54971325987268,11.52508299855981,11.786924905027263,12.214516997919418,12.232166001922451,False,128
A,2,static_r5_baseline_A_event_llm-only_r02_a01,270,static-270,1797.2244579868857,11.543753937090285,11.507874995004386,11.705721203179564,12.30368375137914,12.462790997233242,False,128
A,2,static_r5_baseline_A_event_llm-only_r02_a01,271,static-271,1796.6207919962471,11.550006559109463,11.517374994582497,11.810342004173435,12.314336082781665,12.519500000053085,False,128
A,2,static_r5_baseline_A_event_llm-only_r02_a01,272,static-272,1796.7504169937456,11.527292322808341,11.503625006298535,11.66345009842189,12.248746839468366,12.370750002446584,False,128
A,2,static_r5_baseline_A_event_llm-only_r02_a01,273,static-273,1795.7677499944111,11.540604653533578,11.524250003276393,11.701937692123465,11.951134660921525,12.448333000065759,False,128
A,2,static_r5_baseline_A_event_llm-only_r02_a01,274,static-274,1796.40633300005,11.532676181051052,11.509457995998673,11.676754397922195,12.040415759256575,12.550874991575256,False,128
A,2,static_r5_baseline_A_event_llm-only_r02_a01,275,static-275,1797.2922080080025,11.561121393657862,11.53274999524001,11.70568309025839,12.314398919406813,12.4791670095874,False,128
A,2,static_r5_baseline_A_event_llm-only_r02_a01,276,static-276,1796.309500001371,11.785801842453061,11.577124998439103,12.886475103732664,14.637944493151734,14.889541998854838,False,128
A,2,static_r5_baseline_A_event_llm-only_r02_a01,277,static-277,1808.572624999215,11.547428149593385,11.510374999488704,11.805620603263378,12.35580066568218,12.510082990047522,False,128
A,2,static_r5_baseline_A_event_llm-only_r02_a01,278,static-278,1797.707082994748,11.567405511865275,11.533084005350247,11.91544619796332,12.291964832693338,12.588166995556094,False,128
A,2,static_r5_baseline_A_event_llm-only_r02_a01,279,static-279,1796.0025420034071,11.557143370164411,11.519791994942352,11.733437504153697,12.419127346365713,12.481083002057858,False,128
A,2,static_r5_baseline_A_event_llm-only_r02_a01,280,static-280,1795.7199579977896,11.549421259881305,11.525249996338971,11.73287509882357,12.327912498731166,12.510957996710204,False,128
A,2,static_r5_baseline_A_event_llm-only_r02_a01,281,static-281,1797.195917009958,11.546633858279524,11.519707986735739,11.79525010375073,12.248330915463157,12.328917000559159,False,128
A,2,static_r5_baseline_A_event_llm-only_r02_a01,282,static-282,1797.5509160023648,11.539103023640951,11.51333301095292,11.668212502263486,12.15165408764733,12.392292002914473,False,128
A,2,static_r5_baseline_A_event_llm-only_r02_a01,283,static-283,1795.7029169920133,11.546865810995818,11.511416989378631,11.747592000756411,12.197939834732097,12.419291990227066,False,128
A,2,static_r5_baseline_A_event_llm-only_r02_a01,284,static-284,1798.2657910033595,11.541643700728333,11.517125007230788,11.80369629873894,12.004612503806129,12.517541006673127,False,128
A,2,static_r5_baseline_A_event_llm-only_r02_a01,285,static-285,1797.1643339988077,11.553903212647072,11.517958002514206,11.901812400901688,12.315238917362876,12.352165998890996,False,128
A,2,static_r5_baseline_A_event_llm-only_r02_a01,286,static-286,1794.7805829899153,11.550148291326327,11.510708995047025,11.878762392734641,12.46582092542667,12.539457995444536,False,128
A,2,static_r5_baseline_A_event_llm-only_r02_a01,287,static-287,1796.9493749988033,11.534813322873024,11.510000011185184,11.733621396706438,12.184234578744507,12.3253339988878,False,128
A,2,static_r5_baseline_A_event_llm-only_r02_a01,288,static-288,1797.3875409952598,11.543048889807968,11.498207997647114,11.911799896915907,12.454488496296106,12.524333011242561,False,128
A,2,static_r5_baseline_A_event_llm-only_r02_a01,289,static-289,1795.05220799183,11.544886157448278,11.508875002618879,11.763712503307032,12.343206417572219,12.52308399125468,False,128
A,2,static_r5_baseline_A_event_llm-only_r02_a01,290,static-290,1798.121915999218,11.54251017320835,11.498958003357984,11.81930009915959,12.26918375759851,12.558709000586532,False,128
A,2,static_r5_baseline_A_event_llm-only_r02_a01,291,static-291,1798.2163749984466,11.521772637790964,11.499000000185333,11.632129401550628,12.256379503814967,12.462375001632608,False,128
A,2,static_r5_baseline_A_event_llm-only_r02_a01,292,static-292,1796.4467499987222,11.541078740150638,11.506292008562014,11.86584610113641,12.233800154644996,12.421457999153063,False,128
A,2,static_r5_baseline_A_event_llm-only_r02_a01,293,static-293,1796.7767080117483,11.555797244100392,11.522625005454756,11.796325002796946,12.481200752954464,12.599249996128492,False,128
A,2,static_r5_baseline_A_event_llm-only_r02_a01,294,static-294,1795.2047500002664,11.534463251917073,11.51012499758508,11.753457992745096,12.225242990243714,12.384750007186085,False,128
A,2,static_r5_baseline_A_event_llm-only_r02_a01,295,static-295,1847.6590840000426,11.804080708731538,11.566792003577575,13.544041992281558,14.035153915174305,14.852542008156888,False,128
A,2,static_r5_baseline_A_event_llm-only_r02_a01,296,static-296,1796.3034169952152,11.557397637841673,11.52733298658859,11.85076249821577,12.260859246307518,12.353584010270424,False,128
A,2,static_r5_baseline_A_event_llm-only_r02_a01,297,static-297,1797.7914170041913,11.558514763738623,11.525333000463434,11.748928806628099,12.237065338122193,12.400584004353732,False,128
A,2,static_r5_baseline_A_event_llm-only_r02_a01,298,static-298,1798.7347089947434,11.535897307069495,11.515042002429254,11.69122120627435,12.011928921856452,12.445457992726006,False,128
A,2,static_r5_baseline_A_event_llm-only_r02_a01,299,static-299,1798.4277079958702,11.551572511790276,11.5138749970356,11.696562601719052,12.379014496691525,12.48329199734144,False,128
A,3,static_r5_baseline_A_event_llm-only_r03_a01,0,static-000,1772.3019160039257,11.526419291310342,11.486375005915761,11.795153797720557,12.309737337345723,12.384792004013434,False,128
A,3,static_r5_baseline_A_event_llm-only_r03_a01,1,static-001,1779.6429580048425,11.518139433043306,11.482125002657995,11.676725091820117,12.382583580329083,12.428166999598034,False,128
A,3,static_r5_baseline_A_event_llm-only_r03_a01,2,static-002,1787.1548749972135,11.530947173243447,11.5032500034431,11.72264561173506,12.365084236953406,12.445582993677817,False,128
A,3,static_r5_baseline_A_event_llm-only_r03_a01,3,static-003,1788.3617500046967,11.536067259804105,11.492416000692174,11.736520697013473,12.445554079022259,12.559624999994412,False,128
A,3,static_r5_baseline_A_event_llm-only_r03_a01,4,static-004,1789.8543329938548,11.53380216539775,11.498457999550737,11.773562396410853,12.295086578815244,12.461708989576437,False,128
A,3,static_r5_baseline_A_event_llm-only_r03_a01,5,static-005,1792.130999994697,11.537261811056629,11.492458987049758,11.900129496643785,12.402308572782204,12.576916997204535,False,128
A,3,static_r5_baseline_A_event_llm-only_r03_a01,6,static-006,1792.0572090079077,11.536607937016488,11.499582993565127,11.932137499388768,12.358072838687804,12.54083299136255,False,128
A,3,static_r5_baseline_A_event_llm-only_r03_a01,7,static-007,1789.9515410099411,11.610188653443272,11.514333993545733,12.190462701255456,13.114479830837807,14.127458998700604,False,128
A,3,static_r5_baseline_A_event_llm-only_r03_a01,8,static-008,1817.551000000094,11.533439960665303,11.498416992253624,11.851283095893448,12.35666200693231,12.459915989893489,False,128
A,3,static_r5_baseline_A_event_llm-only_r03_a01,9,static-009,1792.5740830105497,11.53258891333001,11.509500007377937,11.87047510175034,12.193392494809814,12.556249988847412,False,128
A,3,static_r5_baseline_A_event_llm-only_r03_a01,10,static-010,1794.71183399437,11.53540551180284,11.496082996018231,11.648733104811981,12.360792167892214,12.50320799590554,False,128
A,3,static_r5_baseline_A_event_llm-only_r03_a01,11,static-011,1794.7014580131508,11.53670603926862,11.49687499855645,11.651658298796974,12.346102334558964,12.554959001136012,False,128
A,3,static_r5_baseline_A_event_llm-only_r03_a01,12,static-012,1794.357291990309,11.529118763823723,11.50362499174662,11.746028804918751,12.142950912821107,12.538167007733136,False,128
A,3,static_r5_baseline_A_event_llm-only_r03_a01,13,static-013,1792.669249989558,11.53558202367001,11.51241701154504,11.705578601686284,12.098095161782112,12.283542004297487,False,128
A,3,static_r5_baseline_A_event_llm-only_r03_a01,14,static-014,1795.157582993852,11.528240157452625,11.499875006848015,11.630741301632952,12.329366838093847,12.47933300328441,False,128
A,3,static_r5_baseline_A_event_llm-only_r03_a01,15,static-015,1794.7202500072308,11.539716858258215,11.511374992551282,11.771845506154932,12.160426421032753,12.240124997333623,False,128
A,3,static_r5_baseline_A_event_llm-only_r03_a01,16,static-016,1794.242290998227,11.5229248740219,11.501959001179785,11.663516906264704,12.064650001120754,12.317750006332062,False,128
A,3,static_r5_baseline_A_event_llm-only_r03_a01,17,static-017,1795.3336670034332,11.525254590504648,11.499708009068854,11.60643300099764,12.19080983864842,12.45912499143742,False,128
A,3,static_r5_baseline_A_event_llm-only_r03_a01,18,static-018,1795.474667000235,11.552093503927981,11.518875006004237,11.791337600152472,12.179713760560844,12.497249990701675,False,128
A,3,static_r5_baseline_A_event_llm-only_r03_a01,19,static-019,1794.3079579999903,11.536413063038522,11.507749994052574,11.684766196412966,12.239658585458528,12.280124996323138,False,128
A,3,static_r5_baseline_A_event_llm-only_r03_a01,20,static-020,1793.3869999978924,11.540244425226216,11.506082999403588,11.93649569468107,12.182988576532807,12.251209001988173,False,128
A,3,static_r5_baseline_A_event_llm-only_r03_a01,21,static-021,1795.257917008712,11.53665583458817,11.508124996908009,11.745291903207542,12.346847503213212,12.430083006620407,False,128
A,3,static_r5_baseline_A_event_llm-only_r03_a01,22,static-022,1794.2408329981845,11.546334645694385,11.522707995027304,11.7957830967498,12.177641078305896,12.315875006606802,False,128
A,3,static_r5_baseline_A_event_llm-only_r03_a01,23,static-023,1796.9582919904497,11.542350063068374,11.507292001624592,11.707941802160349,12.306507668981792,12.488374995882623,False,128
A,3,static_r5_baseline_A_event_llm-only_r03_a01,24,static-024,1797.4498749972554,11.531032480351723,11.507999995956197,11.687000103120226,12.290307002549524,12.452625000150874,False,128
A,3,static_r5_baseline_A_event_llm-only_r03_a01,25,static-025,1795.111374987755,11.536274283485465,11.525750000146218,11.682670706068166,11.98308442166308,12.02533399919048,False,128
A,3,static_r5_baseline_A_event_llm-only_r03_a01,26,static-026,1809.7851250058739,11.753884842504718,11.6039999993518,12.664241903985383,13.544691422721371,13.83483299287036,False,128
A,3,static_r5_baseline_A_event_llm-only_r03_a01,27,static-027,1794.3484579882352,11.535106960699645,11.514124998939224,11.68736700055888,12.080325004644692,12.452041992219165,False,128
A,3,static_r5_baseline_A_event_llm-only_r03_a01,28,static-028,1796.146291992045,11.53398228350451,11.508875002618879,11.733550099597778,12.124627911834978,12.15391700679902,False,128
A,3,static_r5_baseline_A_event_llm-only_r03_a01,29,static-029,1797.0768750092248,11.537015417225907,11.516833998030052,11.698662489652634,12.068163502262905,12.141250001150183,False,128
A,3,static_r5_baseline_A_event_llm-only_r03_a01,30,static-030,1797.3967090074439,11.523596125913373,11.496832987177186,11.621812495286576,12.255408586061094,12.463958992157131,False,128
A,3,static_r5_baseline_A_event_llm-only_r03_a01,31,static-031,1795.4316250106785,11.539141078732586,11.510416996316053,11.729241894499864,12.377513156097846,12.630957993678749,False,128
A,3,static_r5_baseline_A_event_llm-only_r03_a01,32,static-032,1797.5153750012396,11.52514566919,11.510042008012533,11.666870601766277,11.970965501095634,12.244458994246088,False,128
A,3,static_r5_baseline_A_event_llm-only_r03_a01,33,static-033,1795.6646669917973,11.539945212641078,11.51329101412557,11.796354202670045,12.145564659440424,12.378833009279333,False,128
A,3,static_r5_baseline_A_event_llm-only_r03_a01,34,static-034,1796.817333000945,11.530390094418452,11.50062499800697,11.70653320441488,12.290419999917503,12.450624999473803,False,128
A,3,static_r5_baseline_A_event_llm-only_r03_a01,35,static-035,1796.3073329883628,11.550327102396102,11.510790995089337,11.872829591447953,12.186006577103397,12.38004099286627,False,128
A,3,static_r5_baseline_A_event_llm-only_r03_a01,36,static-036,1795.237875005114,11.535810039348453,11.509874995681457,11.694891103252303,12.198043569806032,12.314791994867846,False,128
A,3,static_r5_baseline_A_event_llm-only_r03_a01,37,static-037,1796.357084007468,11.542478015767337,11.512458004290238,11.743766297877299,12.258847508055624,12.383249995764345,False,128
A,3,static_r5_baseline_A_event_llm-only_r03_a01,38,static-038,1796.275707994937,11.534852692907801,11.503874993650243,11.777300202811603,12.367490314354653,12.458541998057626,False,128
A,3,static_r5_baseline_A_event_llm-only_r03_a01,39,static-039,1795.6321250094334,11.52698195268543,11.508584007970057,11.63521250418853,11.979357341770083,12.532749999081716,False,128
A,3,static_r5_baseline_A_event_llm-only_r03_a01,40,static-040,1796.1546250007814,11.526637464508736,11.494750011479482,11.636445690237451,12.371586243098136,12.512832996435463,False,128
A,3,static_r5_baseline_A_event_llm-only_r03_a01,41,static-041,1797.4276669992832,11.532133527528165,11.4985840045847,11.74385440244805,12.302170345792547,12.43429200258106,False,128
A,3,static_r5_baseline_A_event_llm-only_r03_a01,42,static-042,1795.8424590033246,11.538863842518575,11.489417011034675,11.939525004709136,12.459885583957657,12.566165998578072,False,128
A,3,static_r5_baseline_A_event_llm-only_r03_a01,43,static-043,1796.1563749995548,11.520039700851665,11.502041990752332,11.661449800885748,11.980174337804783,12.18045799760148,False,128
A,3,static_r5_baseline_A_event_llm-only_r03_a01,44,static-044,1797.0559999957914,11.825574472464995,11.642459008726291,13.123783798073418,14.068180999893228,14.201375000993721,False,128
A,3,static_r5_baseline_A_event_llm-only_r03_a01,45,static-045,1800.5898340052227,11.476786417256871,11.480875007691793,11.63887050061021,12.115758750878738,12.255833004019223,False,128
A,3,static_r5_baseline_A_event_llm-only_r03_a01,46,static-046,1798.1090000102995,11.529029858267434,11.504416994284838,11.662429598800372,12.228504994709509,12.446082997485064,False,128
A,3,static_r5_baseline_A_event_llm-only_r03_a01,47,static-047,1797.1677500027,11.517456362132116,11.493790996610187,11.620350205339491,12.135641000932083,12.245958001585677,False,128
A,3,static_r5_baseline_A_event_llm-only_r03_a01,48,static-048,1795.8626670006197,11.535995078752528,11.499915999593213,11.785237699223217,12.297774078906514,12.325792005867697,False,128
A,3,static_r5_baseline_A_event_llm-only_r03_a01,49,static-049,1797.128458012594,11.547781495990664,11.509124989970587,11.902549999649636,12.429597659793217,12.45424999797251,False,128
A,3,static_r5_baseline_A_event_llm-only_r03_a01,50,static-050,1796.53654100548,11.514493110145105,11.500708002131432,11.635020399990026,11.90181250014575,12.005457989289425,False,128
A,3,static_r5_baseline_A_event_llm-only_r03_a01,51,static-051,1795.6708330020774,11.517013779494867,11.489083000924438,11.72564180305926,12.195015157631133,12.363665999146178,False,128
A,3,static_r5_baseline_A_event_llm-only_r03_a01,52,static-052,1796.8220000038855,11.550952755803918,11.526250003953464,11.705900005472358,12.102839658327865,12.454458003048785,False,128
A,3,static_r5_baseline_A_event_llm-only_r03_a01,53,static-053,1795.9977919963421,11.540180771711546,11.51391699386295,11.735229502664879,12.086193424474914,12.358916996163316,False,128
A,3,static_r5_baseline_A_event_llm-only_r03_a01,54,static-054,1795.6357920047594,11.529851700825521,11.513416000525467,11.684616196725983,12.013368914776947,12.367000002996065,False,128
A,3,static_r5_baseline_A_event_llm-only_r03_a01,55,static-055,1796.9965410011355,11.507353023648827,11.501917004352435,11.600725096650422,11.831889994791707,12.171458001830615,False,128
A,3,static_r5_baseline_A_event_llm-only_r03_a01,56,static-056,1796.36841599131,11.523555118157931,11.49858300050255,11.672237506718375,12.341583921515848,12.357833998976275,False,128
A,3,static_r5_baseline_A_event_llm-only_r03_a01,57,static-057,1795.476041996153,11.516892055130205,11.499499989440665,11.63480810355395,11.889648738724645,12.053250000462867,False,128
A,3,static_r5_baseline_A_event_llm-only_r03_a01,58,static-058,1797.4812500033295,11.529565944866182,11.491874989587814,11.752133097616024,12.408033926039932,12.548792001325637,False,128
A,3,static_r5_baseline_A_event_llm-only_r03_a01,59,static-059,1796.5532919915859,11.526359905517205,11.492999998154119,11.837812593148552,12.328882995352615,12.44420898729004,False,128
A,3,static_r5_baseline_A_event_llm-only_r03_a01,60,static-060,1794.9958750104997,11.535363850357033,11.504875001264736,11.684024997521192,12.228329507343005,12.347333002253436,False,128
A,3,static_r5_baseline_A_event_llm-only_r03_a01,61,static-061,1797.5239160005003,11.523639763784265,11.517207996803336,11.622153596545104,11.997270571882837,12.086333008483052,False,128
A,3,static_r5_baseline_A_event_llm-only_r03_a01,62,static-062,1795.5041670065839,11.52150885820275,11.50004199007526,11.664279400429223,12.076512659841683,12.136874996940605,False,128
A,3,static_r5_baseline_A_event_llm-only_r03_a01,63,static-063,1813.991167000495,11.590554133835836,11.523124994710088,11.941187691991216,13.237508417514613,13.745374992140569,False,128
A,3,static_r5_baseline_A_event_llm-only_r03_a01,64,static-064,1797.0482089876896,11.534689299305754,11.501624991069548,11.69930000178283,12.196791419701185,12.481915997341275,False,128
A,3,static_r5_baseline_A_event_llm-only_r03_a01,65,static-065,1796.2652080022963,11.527360236252965,11.513499994180165,11.647624992474448,11.978631585079711,12.24120800907258,False,128
A,3,static_r5_baseline_A_event_llm-only_r03_a01,66,static-066,1797.0117910008412,11.530289700755292,11.509999996633269,11.624741899140645,12.1435890844441,12.337417007074691,False,128
A,3,static_r5_baseline_A_event_llm-only_r03_a01,67,static-067,1797.1970419894205,11.534949803223475,11.489834010717459,11.885487505060151,12.348674424865749,12.5050829956308,False,128
A,3,static_r5_baseline_A_event_llm-only_r03_a01,68,static-068,1795.192917008535,11.542213582603342,11.51729200500995,11.751049899612552,12.182417664444074,12.237167000421323,False,128
A,3,static_r5_baseline_A_event_llm-only_r03_a01,69,static-069,1796.1383749934612,11.540143377987272,11.504624999361113,11.678691300039645,12.319455995166209,12.504500002251007,False,128
A,3,static_r5_baseline_A_event_llm-only_r03_a01,70,static-070,1796.5864580037305,11.551437669275073,11.511374992551282,11.905991207459008,12.40199376072269,12.485583996749483,False,128
A,3,static_r5_baseline_A_event_llm-only_r03_a01,71,static-071,1794.6154579985887,11.541244094480035,11.511042001075111,11.72980800474761,12.344624835823197,12.561041003209539,False,128
A,3,static_r5_baseline_A_event_llm-only_r03_a01,72,static-072,1797.7251669944962,11.542230968475415,11.513499994180165,11.681508000765461,12.241447993728798,12.540083000203595,False,128
A,3,static_r5_baseline_A_event_llm-only_r03_a01,73,static-073,1796.969207993243,11.529482937075095,11.505957998451777,11.782066697196568,11.981050911999773,12.386458009132184,False,128
A,3,static_r5_baseline_A_event_llm-only_r03_a01,74,static-074,1797.9228750045877,11.53032874010639,11.497665997012518,11.821504303952679,12.216520342917647,12.255249996087514,False,128
A,3,static_r5_baseline_A_event_llm-only_r03_a01,75,static-075,1797.341833007522,11.522510503881655,11.490457996842451,11.665671200898942,12.327589998603798,12.34733298770152,False,128
A,3,static_r5_baseline_A_event_llm-only_r03_a01,76,static-076,1797.6193749927916,11.526672244159043,11.504499998409301,11.680416400486138,12.007321837882046,12.180999998236075,False,128
A,3,static_r5_baseline_A_event_llm-only_r03_a01,77,static-077,1797.0884999958798,11.525857283511037,11.513374993228354,11.702478509687353,11.948508744244464,11.974582987022586,False,128
A,3,static_r5_baseline_A_event_llm-only_r03_a01,78,static-078,1795.751041994663,11.54157545671461,11.508166004205123,11.781083200185094,12.307811845093966,12.332917001913302,False,128
A,3,static_r5_baseline_A_event_llm-only_r03_a01,79,static-079,1796.5075829997659,11.54110564572524,11.512500001117587,11.791146195901092,12.259363252669573,12.29670800967142,False,128
A,3,static_r5_baseline_A_event_llm-only_r03_a01,80,static-080,1796.2475420063129,11.532074472418708,11.507875009556301,11.793591102468781,12.04836734366836,12.243290999322198,False,128
A,3,static_r5_baseline_A_event_llm-only_r03_a01,81,static-081,1804.2011250072392,11.819772968411549,11.643999998341314,12.987458100542423,13.886866569519041,13.991832995088771,False,128
A,3,static_r5_baseline_A_event_llm-only_r03_a01,82,static-082,1797.8832090011565,11.533542645739495,11.504833004437387,11.646829389792401,12.255444337206427,12.348000003839843,False,128
A,3,static_r5_baseline_A_event_llm-only_r03_a01,83,static-083,1797.5233330071205,11.53241896850156,11.508459007018246,11.690291897684801,12.237632496689912,12.385333000565879,False,128
A,3,static_r5_baseline_A_event_llm-only_r03_a01,84,static-084,1796.7277089919662,11.529230315024657,11.508459007018246,11.65412920381641,12.05205907463096,12.34791599563323,False,128
A,3,static_r5_baseline_A_event_llm-only_r03_a01,85,static-085,1795.4719590052264,11.542959968439362,11.512166995089501,11.657975004345644,12.397036576876417,12.48404200305231,False,128
A,3,static_r5_baseline_A_event_llm-only_r03_a01,86,static-086,1796.3653750048252,11.537185692852619,11.50545799464453,11.916425196977798,12.323022924247198,12.478083997848444,False,128
A,3,static_r5_baseline_A_event_llm-only_r03_a01,87,static-087,1797.9892090079375,11.527576110248754,11.49933300621342,11.664896199363284,12.328782665426841,12.530082996818237,False,128
A,3,static_r5_baseline_A_event_llm-only_r03_a01,88,static-088,1795.2845419931691,11.525249015746132,11.50700000289362,11.62500359932892,11.945341074024327,12.09504199505318,False,128
A,3,static_r5_baseline_A_event_llm-only_r03_a01,89,static-089,1797.6475420000497,11.543968503934508,11.517999999341555,11.667299995315261,12.151295494113583,12.458416007575579,False,128
A,3,static_r5_baseline_A_event_llm-only_r03_a01,90,static-090,1796.5242079953896,11.566566929104738,11.501958011649549,12.091762405179903,12.383689990092535,12.53562500642147,False,128
A,3,static_r5_baseline_A_event_llm-only_r03_a01,91,static-091,1795.3665840032045,11.541113188888101,11.51124999159947,11.747953704616519,12.35066657187417,12.44995801243931,False,128
A,3,static_r5_baseline_A_event_llm-only_r03_a01,92,static-092,1797.3475410108222,11.53584318104893,11.497583996970206,11.866137698234523,12.334995929559227,12.398499995470047,False,128
A,3,static_r5_baseline_A_event_llm-only_r03_a01,93,static-093,1797.174207997159,11.547280181136063,11.512832992593758,11.8951374955941,12.281706081994344,12.425541994161904,False,128
A,3,static_r5_baseline_A_event_llm-only_r03_a01,94,static-094,1794.45170800318,11.547333330688742,11.513625009683892,11.862929294875356,12.292675913486164,12.420582992490381,False,128
A,3,static_r5_baseline_A_event_llm-only_r03_a01,95,static-095,1798.6342090007383,11.541164370036435,11.518250001245178,11.754758997994939,12.106522344110997,12.286083001527004,False,128
A,3,static_r5_baseline_A_event_llm-only_r03_a01,96,static-096,1797.5326669984497,11.529922897617633,11.501582994242199,11.715970598743297,12.16122699843254,12.188749999040738,False,128
A,3,static_r5_baseline_A_event_llm-only_r03_a01,97,static-097,1796.1582919961074,11.554485559096838,11.520000000018626,11.865337404015008,12.227724844415206,12.301291993935592,False,128
A,3,static_r5_baseline_A_event_llm-only_r03_a01,98,static-098,1797.2343330038711,11.554873692936,11.518416999024339,11.804675091116223,12.316029995272402,12.397124999552034,False,128
A,3,static_r5_baseline_A_event_llm-only_r03_a01,99,static-099,1796.3027079968015,11.76038549607528,11.606457992456853,13.076204589742702,13.888225576956756,14.228708008886315,False,128
A,3,static_r5_baseline_A_event_llm-only_r03_a01,100,static-100,1807.0815420069266,11.344291007844731,11.25424999918323,11.596949990780558,11.992168081342243,12.137333003920503,False,128
A,3,static_r5_baseline_A_event_llm-only_r03_a01,101,static-101,1797.7718750044005,11.558085960619277,11.524333007400855,11.809146101586519,12.344296077208128,12.558458998682909,False,128
A,3,static_r5_baseline_A_event_llm-only_r03_a01,102,static-102,1795.560916987597,11.54185236224494,11.502500012284145,11.94622950424673,12.35844141599955,12.462792001315393,False,128
A,3,static_r5_baseline_A_event_llm-only_r03_a01,103,static-103,1796.529165992979,11.528208661493553,11.499499989440665,11.76566240028478,12.053273154015187,12.19537500583101,False,128
A,3,static_r5_baseline_A_event_llm-only_r03_a01,104,static-104,1797.4833750049584,11.544281826721226,11.506416005431674,11.899783305125311,12.428510339232162,12.478457996621728,False,128
A,3,static_r5_baseline_A_event_llm-only_r03_a01,105,static-105,1794.8696660023415,11.548755582748347,11.525040987180546,11.784954399627168,12.098738734202925,12.271709012566134,False,128
A,3,static_r5_baseline_A_event_llm-only_r03_a01,106,static-106,1795.89195799781,11.538417653527155,11.507166011142544,11.725462600588799,12.495457492186688,12.550999992527068,False,128
A,3,static_r5_baseline_A_event_llm-only_r03_a01,107,static-107,1798.1251669989433,11.533986874003565,11.51445800496731,11.677653805236332,12.099926927767227,12.159667006926611,False,128
A,3,static_r5_baseline_A_event_llm-only_r03_a01,108,static-108,1796.533165994333,11.541035433078008,11.518291998072527,11.671824994846247,12.158823744975962,12.221792014315724,False,128
A,3,static_r5_baseline_A_event_llm-only_r03_a01,109,static-109,1796.1068750009872,11.555970472505493,11.507707997225225,11.859966804331632,12.445339997648261,12.591500009875745,False,128
A,3,static_r5_baseline_A_event_llm-only_r03_a01,110,static-110,1797.2464159975061,11.54750590551806,11.522916989633814,11.718337598722428,12.338482913619373,12.472000002162531,False,128
A,3,static_r5_baseline_A_event_llm-only_r03_a01,111,static-111,1795.6872919894522,11.537458330776,11.50245800090488,11.748333007562906,12.227238917839713,12.411375006195158,False,128
A,3,static_r5_baseline_A_event_llm-only_r03_a01,112,static-112,1797.0511669991538,11.546643047298371,11.510249998536892,11.843474903434979,12.382763416098896,12.405417000991292,False,128
A,3,static_r5_baseline_A_event_llm-only_r03_a01,113,static-113,1796.7867090046639,11.53930970861789,11.513959005242214,11.665967090812046,12.355833250912836,12.45220800046809,False,128
A,3,static_r5_baseline_A_event_llm-only_r03_a01,114,static-114,1795.507415998145,11.533153543224023,11.509584001032636,11.673987499671055,12.010325160808861,12.47970899567008,False,128
A,3,static_r5_baseline_A_event_llm-only_r03_a01,115,static-115,1797.1634999994421,11.544609905493731,11.523708992172033,11.677521304227412,12.203977163007947,12.332541999057867,False,128
A,3,static_r5_baseline_A_event_llm-only_r03_a01,116,static-116,1796.7368329991587,11.539261810931626,11.503500005346723,11.807833198690785,12.402929839736315,12.494166003307328,False,128
A,3,static_r5_baseline_A_event_llm-only_r03_a01,117,static-117,1794.9792919971514,11.53262466933362,11.507041010190733,11.683704596362077,12.213459676131606,12.396417005220428,False,128
A,3,static_r5_baseline_A_event_llm-only_r03_a01,118,static-118,1817.9729580006097,11.627557417276998,11.538249993463978,11.984812506125307,13.322305995970964,13.66512500680983,False,128
A,3,static_r5_baseline_A_event_llm-only_r03_a01,119,static-119,1796.5229999972507,11.550481629985986,11.514749989146367,11.832403697189875,12.386729076970369,12.439500002074055,False,128
A,3,static_r5_baseline_A_event_llm-only_r03_a01,120,static-120,1798.7664160027634,11.544662401585208,11.510625001392327,11.859858088428153,12.254685490916017,12.485458995797671,False,128
A,3,static_r5_baseline_A_event_llm-only_r03_a01,121,static-121,1797.4640830070712,11.542498362209377,11.505207992740907,11.684554502426181,12.270200498460326,12.470666988519952,False,128
A,3,static_r5_baseline_A_event_llm-only_r03_a01,122,static-122,1795.7549580023624,11.544437992031774,11.519417006638832,11.768208106514065,12.110278923646547,12.442334002116695,False,128
A,3,static_r5_baseline_A_event_llm-only_r03_a01,123,static-123,1797.5446250056848,11.540498031421535,11.515666003106162,11.694379494292662,12.047533158329315,12.299458001507446,False,128
A,3,static_r5_baseline_A_event_llm-only_r03_a01,124,static-124,1797.653707995778,11.536527559111686,11.510374999488704,11.80075879092328,12.052128080686089,12.214290996780619,False,128
A,3,static_r5_baseline_A_event_llm-only_r03_a01,125,static-125,1795.376291993307,11.539050519643315,11.513999997987412,11.698145802074578,12.196217154851182,12.415958000929095,False,128
A,3,static_r5_baseline_A_event_llm-only_r03_a01,126,static-126,1797.892624992528,11.530752622043003,11.503999994602054,11.707258001843002,12.198594076035079,12.42229099443648,False,128
A,3,static_r5_baseline_A_event_llm-only_r03_a01,127,static-127,1797.1128330100328,11.578499999971635,11.512124998262152,11.946607995196246,12.425147338653915,12.67991699569393,False,128
A,3,static_r5_baseline_A_event_llm-only_r03_a01,128,static-128,1794.6332080027787,11.546608267762647,11.513541991007514,11.852595601521898,12.390983756922651,12.542208991362713,False,128
A,3,static_r5_baseline_A_event_llm-only_r03_a01,129,static-129,1797.8109160030726,11.537751314912255,11.50608400348574,11.742021497047972,12.133192658075131,12.53875000111293,False,128
A,3,static_r5_baseline_A_event_llm-only_r03_a01,130,static-130,1797.172959006275,11.541297566924817,11.509125004522502,11.785617007990366,12.357217076059896,12.399166997056454,False,128
A,3,static_r5_baseline_A_event_llm-only_r03_a01,131,static-131,1796.3144590030424,11.514566929146508,11.495290993480012,11.65509629790904,12.138549334486013,12.219291995279491,False,128
A,3,static_r5_baseline_A_event_llm-only_r03_a01,132,static-132,1796.0971669963328,11.522407480332209,11.494874997879378,11.712391093897166,12.150491997308563,12.35074999567587,False,128
A,3,static_r5_baseline_A_event_llm-only_r03_a01,133,static-133,1797.8443750034785,11.537939299188562,11.499625004944392,11.872879407019353,12.442491748952305,12.648707997868769,False,128
A,3,static_r5_baseline_A_event_llm-only_r03_a01,134,static-134,1795.3977909928653,11.547970472432592,11.520500003825873,11.764812402543612,12.250203417788725,12.422624989994802,False,128
A,3,static_r5_baseline_A_event_llm-only_r03_a01,135,static-135,1796.2676250026561,11.544780842487803,11.512500001117587,11.696503705752548,12.33439674397232,12.539584000478499,False,128
A,3,static_r5_baseline_A_event_llm-only_r03_a01,136,static-136,1800.4960830003256,11.913457023727847,11.66587500483729,13.40196249366272,14.270047492755108,14.704625005833805,False,128
A,3,static_r5_baseline_A_event_llm-only_r03_a01,137,static-137,1799.1069580020849,11.544773621987881,11.504415990202688,11.727716696623245,12.33903065614868,12.413624994223937,False,128
A,3,static_r5_baseline_A_event_llm-only_r03_a01,138,static-138,1796.5248340042308,11.534055440909391,11.502374996780418,11.75024580443278,12.181397165113594,12.270582999917679,False,128
A,3,static_r5_baseline_A_event_llm-only_r03_a01,139,static-139,1797.2441659949254,11.546100393775484,11.503707995871082,11.773166002240032,12.465248002845328,12.505790989962406,False,128
A,3,static_r5_baseline_A_event_llm-only_r03_a01,140,static-140,1797.7025419968413,11.528940944919569,11.50133300689049,11.773462400014976,12.195399999327492,12.318000008235686,False,128
A,3,static_r5_baseline_A_event_llm-only_r03_a01,141,static-141,1795.2219169965247,11.53104494492648,11.514249999891035,11.65307150076842,12.100601571437437,12.436624994734302,False,128
A,3,static_r5_baseline_A_event_llm-only_r03_a01,142,static-142,1795.61262500647,11.53482545664952,11.522917004185729,11.677141900872812,11.904849089332856,12.087125011021271,False,128
A,3,static_r5_baseline_A_event_llm-only_r03_a01,143,static-143,1796.7909160070121,11.540388456645685,11.511541990330443,11.801737401401622,12.290088159497826,12.442958002793603,False,128
A,3,static_r5_baseline_A_event_llm-only_r03_a01,144,static-144,1796.0830419906415,11.539566929188124,11.524292000103742,11.6270750091644,12.009187499643302,12.364207999780774,False,128
A,3,static_r5_baseline_A_event_llm-only_r03_a01,145,static-145,1796.626292009023,11.558414039391783,11.510458003613167,11.901337403105572,12.163889072835445,12.463124992791563,False,128
A,3,static_r5_baseline_A_event_llm-only_r03_a01,146,static-146,1797.5172080041375,11.54387631491615,11.516583996126428,11.87460360233672,12.267294077319093,12.408915994456038,False,128
A,3,static_r5_baseline_A_event_llm-only_r03_a01,147,static-147,1795.3973339899676,11.529239826821025,11.50733399845194,11.68841629405506,12.08749423502013,12.183667000499554,False,128
A,3,static_r5_baseline_A_event_llm-only_r03_a01,148,static-148,1796.040124987485,11.542844157537637,11.52212500164751,11.642000000574626,12.262583417468703,12.564666991238482,False,128
A,3,static_r5_baseline_A_event_llm-only_r03_a01,149,static-149,1796.554707994801,11.571643700801188,11.518957995576784,12.08638379757758,12.496883005660493,12.562834002892487,False,128
A,3,static_r5_baseline_A_event_llm-only_r03_a01,150,static-150,1795.6129160011187,11.544689637728908,11.512582990690134,11.695299902930856,12.339868157869205,12.443750005331822,False,128
A,3,static_r5_baseline_A_event_llm-only_r03_a01,151,static-151,1795.1836660067784,11.529230645708337,11.507959003210999,11.68187499861233,11.929615916160401,12.501208009780385,False,128
A,3,static_r5_baseline_A_event_llm-only_r03_a01,152,static-152,1797.559665996232,11.546178811067517,11.513290999573655,11.861895406036636,12.1568756562192,12.541249991045333,False,128
A,3,static_r5_baseline_A_event_llm-only_r03_a01,153,static-153,1795.8328750100918,11.544709976379371,11.52170798741281,11.739262496121228,12.20334858779097,12.493582995375618,False,128
A,3,static_r5_baseline_A_event_llm-only_r03_a01,154,static-154,1797.5164579984266,11.702693244176514,11.535875004483387,12.95363740937318,13.65431674494175,13.915832998463884,False,128
A,3,static_r5_baseline_A_event_llm-only_r03_a01,155,static-155,1806.9626669894205,11.514779527586386,11.492332996567711,11.698216803779358,12.17991500190692,12.322416005190462,False,128
A,3,static_r5_baseline_A_event_llm-only_r03_a01,156,static-156,1795.9801660035737,11.539516409521731,11.511541000800207,11.661379392899107,12.117339994583745,12.257333990419284,False,128
A,3,static_r5_baseline_A_event_llm-only_r03_a01,157,static-157,1799.1122499952326,11.542633858300364,11.518458006321453,11.708908097352833,12.456306832609698,12.54641699779313,False,128
A,3,static_r5_baseline_A_event_llm-only_r03_a01,158,static-158,1796.9357910042163,11.54658989763111,11.520750005729496,11.715708195697516,12.37291515164543,12.41800001298543,False,128
A,3,static_r5_baseline_A_event_llm-only_r03_a01,159,static-159,1796.8408330052625,11.529893377969064,11.517542006913573,11.700408105389215,11.819075926032383,11.9920420111157,False,128
A,3,static_r5_baseline_A_event_llm-only_r03_a01,160,static-160,1798.1577909959015,11.541174212631066,11.510374999488704,11.697345701395534,12.330749842221849,12.497333009378053,False,128
A,3,static_r5_baseline_A_event_llm-only_r03_a01,161,static-161,1795.7489580003312,11.527982614219452,11.490874996525235,11.669362701650243,12.27136141853407,12.44658300129231,False,128
A,3,static_r5_baseline_A_event_llm-only_r03_a01,162,static-162,1797.4790000007488,11.530052818835522,11.50791700638365,11.670545698143542,11.99132949230261,12.161167003796436,False,128
A,3,static_r5_baseline_A_event_llm-only_r03_a01,163,static-163,1797.9455829918152,11.520594488265631,11.499291998916306,11.634666904865298,12.157073765120002,12.25591599359177,False,128
A,3,static_r5_baseline_A_event_llm-only_r03_a01,164,static-164,1796.7196249956032,11.551392385891939,11.521459004143253,11.80926270026248,12.167387164954562,12.309750003623776,False,128
A,3,static_r5_baseline_A_event_llm-only_r03_a01,165,static-165,1797.8519999887794,11.541559055216581,11.506833994644694,11.884191393619403,11.941952011839021,12.462916987715289,False,128
A,3,static_r5_baseline_A_event_llm-only_r03_a01,166,static-166,1798.4012499946402,11.53306462999074,11.5092089981772,11.740062601165846,12.11528857529629,12.311999991652556,False,128
A,3,static_r5_baseline_A_event_llm-only_r03_a01,167,static-167,1795.2472500037402,11.534756566966173,11.509582996950485,11.70781250402797,12.230045501783025,12.362082998151891,False,128
A,3,static_r5_baseline_A_event_llm-only_r03_a01,168,static-168,1797.0563749986468,11.529135496120013,11.499291998916306,11.764021108683664,12.337350921297912,12.451542002963834,False,128
A,3,static_r5_baseline_A_event_llm-only_r03_a01,169,static-169,1796.1240419972455,11.536420275632285,11.510541997267865,11.71928760013543,12.289941081544384,12.551416992209852,False,128
A,3,static_r5_baseline_A_event_llm-only_r03_a01,170,static-170,1794.9288340023486,11.531214236179146,11.514457990415394,11.63111620262498,12.133351080410646,12.351375000434928,False,128
A,3,static_r5_baseline_A_event_llm-only_r03_a01,171,static-171,1797.5949579995358,11.54407972433718,11.510915996041149,11.865275194577407,12.317029238620307,12.556290996144526,False,128
A,3,static_r5_baseline_A_event_llm-only_r03_a01,172,static-172,1796.3963750080438,11.542596787353611,11.51183299953118,11.870521301170811,12.174810504657215,12.289916994632222,False,128
A,3,static_r5_baseline_A_event_llm-only_r03_a01,173,static-173,1822.1309579967055,11.73072014181365,11.59070900757797,12.611187291622628,13.54570957744727,14.388750001671724,False,128
A,3,static_r5_baseline_A_event_llm-only_r03_a01,174,static-174,1798.1624170060968,11.5202713227697,11.506541006383486,11.641758792393375,12.190159655874593,12.319333996856585,False,128
A,3,static_r5_baseline_A_event_llm-only_r03_a01,175,static-175,1796.4771249971818,11.541819228336038,11.507666000397876,11.77561689983122,12.344842503953258,12.501167002483271,False,128
A,3,static_r5_baseline_A_event_llm-only_r03_a01,176,static-176,1797.5737500091782,11.523890094423674,11.500917011289857,11.639299998932984,12.18876249535242,12.302791001275182,False,128
A,3,static_r5_baseline_A_event_llm-only_r03_a01,177,static-177,1797.30712500168,11.522863842487357,11.5062080003554,11.658175093180034,11.99945466738427,12.015166008495726,False,128
A,3,static_r5_baseline_A_event_llm-only_r03_a01,178,static-178,1795.9818340023048,11.51854067724143,11.49391700164415,11.698637505469376,12.345719995500986,12.386667003738694,False,128
A,3,static_r5_baseline_A_event_llm-only_r03_a01,179,static-179,1796.6886249923846,11.521345472506864,11.493750003864989,11.641850098385476,12.351894999446813,12.435875003575347,False,128
A,3,static_r5_baseline_A_event_llm-only_r03_a01,180,static-180,1796.3384999893606,11.523250653591798,11.508000010508113,11.676495503343176,12.040235155727714,12.138082995079458,False,128
A,3,static_r5_baseline_A_event_llm-only_r03_a01,181,static-181,1794.846333010355,11.528628606277731,11.499542000819929,11.75626679760171,12.238348000391852,12.275040993699804,False,128
A,3,static_r5_baseline_A_event_llm-only_r03_a01,182,static-182,1796.8696250027278,11.56043667711985,11.515459002112038,11.875525198411196,12.425678499566857,12.493959002313204,False,128
A,3,static_r5_baseline_A_event_llm-only_r03_a01,183,static-183,1798.6405830015428,11.54225033065799,11.501083994517103,11.878007893392347,12.294406998844352,12.481792000471614,False,128
A,3,static_r5_baseline_A_event_llm-only_r03_a01,184,static-184,1797.4981250008568,11.532710629903095,11.498541993205436,11.675487596949097,12.398824991541915,12.447250002878718,False,128
A,3,static_r5_baseline_A_event_llm-only_r03_a01,185,static-185,1797.6311660022475,11.52942125987093,11.50775000860449,11.648999906901736,12.161494080792181,12.202707992400974,False,128
A,3,static_r5_baseline_A_event_llm-only_r03_a01,186,static-186,1796.3565829995787,11.548627952712325,11.502374996780418,11.940708197653294,12.446904654498212,12.511791996075772,False,128
A,3,static_r5_baseline_A_event_llm-only_r03_a01,187,static-187,1797.4902089918032,11.535339566991723,11.49029099906329,11.9891205089516,12.385864499083254,12.477249998482876,False,128
A,3,static_r5_baseline_A_event_llm-only_r03_a01,188,static-188,1798.4492079995107,11.532877952751418,11.51199999731034,11.616553507337812,12.287372999999205,12.556584013509564,False,128
A,3,static_r5_baseline_A_event_llm-only_r03_a01,189,static-189,1796.6274579957826,11.537767716524867,11.515500009409152,11.708250100491568,12.147772006283047,12.512874993262812,False,128
A,3,static_r5_baseline_A_event_llm-only_r03_a01,190,static-190,1795.5895000050077,11.54360662988574,11.509084011777304,11.699508302262984,12.34510142065119,12.425833992892876,False,128
A,3,static_r5_baseline_A_event_llm-only_r03_a01,191,static-191,1797.8249169973424,11.957508527539032,11.69891700556036,13.466212501225526,13.972005347313823,14.653458012617193,False,128
A,3,static_r5_baseline_A_event_llm-only_r03_a01,192,static-192,1799.5483749982668,11.525670275588036,11.51370900333859,11.655379600415472,11.860633581818547,12.555624998640269,False,128
A,3,static_r5_baseline_A_event_llm-only_r03_a01,193,static-193,1796.9144999951823,11.541009842561133,11.511707998579368,11.6793455046718,12.36997700325446,12.483291007811204,False,128
A,3,static_r5_baseline_A_event_llm-only_r03_a01,194,static-194,1796.3369170029182,11.53683562991741,11.508791998494416,11.717546192812733,12.15683282498503,12.326333002420142,False,128
A,3,static_r5_baseline_A_event_llm-only_r03_a01,195,static-195,1797.5035830022534,11.54085892121084,11.510749987792224,11.755254304443952,12.343466591264585,12.551416992209852,False,128
A,3,static_r5_baseline_A_event_llm-only_r03_a01,196,static-196,1796.974708995549,11.523229984257656,11.50041600340046,11.727308099216314,12.041159684886225,12.126250003348105,False,128
A,3,static_r5_baseline_A_event_llm-only_r03_a01,197,static-197,1795.5203750025248,11.539734582720126,11.518667000927962,11.741191100736614,12.144178923044818,12.308958001085557,False,128
A,3,static_r5_baseline_A_event_llm-only_r03_a01,198,static-198,1795.6879999983357,11.54482021252258,11.512083990965039,11.741758904827293,12.285949242359491,12.567958008730784,False,128
A,3,static_r5_baseline_A_event_llm-only_r03_a01,199,static-199,1796.2799579981947,11.535233598455465,11.5062080003554,11.765283098793589,12.097435501636937,12.432375006028451,False,128
A,3,static_r5_baseline_A_event_llm-only_r03_a01,200,static-200,1796.3865420024376,11.557537724431715,11.516375001519918,11.898003608803265,12.214995573740453,12.808375002350658,False,128
A,3,static_r5_baseline_A_event_llm-only_r03_a01,201,static-201,1794.8301669966895,11.539744747977696,11.513125005876645,11.762617000204045,12.284480005328076,12.518500006990507,False,128
A,3,static_r5_baseline_A_event_llm-only_r03_a01,202,static-202,1797.3802920023445,11.54528608658868,11.505957998451777,11.890382901765404,12.23749216645956,12.49537500552833,False,128
A,3,static_r5_baseline_A_event_llm-only_r03_a01,203,static-203,1794.469417000073,11.532069881805072,11.501959001179785,11.677054199390113,12.17585358506767,12.473374998080544,False,128
A,3,static_r5_baseline_A_event_llm-only_r03_a01,204,static-204,1796.192499998142,11.529357283464156,11.506833005114459,11.633583098591771,12.093937335012015,12.138167003286071,False,128
A,3,static_r5_baseline_A_event_llm-only_r03_a01,205,static-205,1796.9027920044027,11.549862527460828,11.525542009621859,11.786266896524465,12.238485999987459,12.447708999388851,False,128
A,3,static_r5_baseline_A_event_llm-only_r03_a01,206,static-206,1795.8056250063237,11.565054133768179,11.518166997120716,11.953887491836209,12.514981419371907,12.586750002810732,False,128
A,3,static_r5_baseline_A_event_llm-only_r03_a01,207,static-207,1797.1424579882296,11.537979992187223,11.507415998494253,11.791887403524013,12.334039505221881,12.466707994462922,False,128
A,3,static_r5_baseline_A_event_llm-only_r03_a01,208,static-208,1797.3638330004178,11.534751314985177,11.509749994729646,11.810441297711803,12.283241418772377,12.368541996693239,False,128
A,3,static_r5_baseline_A_event_llm-only_r03_a01,209,static-209,1796.0169589932775,11.651323818923414,11.51579199358821,12.48024639498908,12.977459076792002,13.30608299758751,False,128
A,3,static_r5_baseline_A_event_llm-only_r03_a01,210,static-210,1814.6081669983687,11.328759511765899,11.23758299218025,11.592354603635613,12.038640415121336,12.2292500018375,False,128
A,3,static_r5_baseline_A_event_llm-only_r03_a01,211,static-211,1798.3738750044722,11.530209645628013,11.50079199578613,11.649874996510334,12.305916417972185,12.47575000161305,False,128
A,3,static_r5_baseline_A_event_llm-only_r03_a01,212,static-212,1795.0632919964846,11.540404527574616,11.497083003632724,11.705192006775178,12.385593760118354,12.486916995840147,False,128
A,3,static_r5_baseline_A_event_llm-only_r03_a01,213,static-213,1797.419666996575,11.54516567716716,11.508124996908009,11.813054495723918,12.287941575050354,12.498500000219792,False,128
A,3,static_r5_baseline_A_event_llm-only_r03_a01,214,static-214,1797.1938339906046,11.538537401581316,11.507916991831735,11.805166910926346,12.27470483048819,12.296624990995042,False,128
A,3,static_r5_baseline_A_event_llm-only_r03_a01,215,static-215,1795.3326669958187,11.537292976332022,11.512000011862256,11.693987698527053,12.140975155925844,12.323957998887636,False,128
A,3,static_r5_baseline_A_event_llm-only_r03_a01,216,static-216,1797.1089589991607,11.538970795314297,11.50437499745749,11.737920595624018,12.355271074629854,12.395958008710295,False,128
A,3,static_r5_baseline_A_event_llm-only_r03_a01,217,static-217,1795.1670839975122,11.534230637833417,11.505542002851143,11.68442070047604,12.309542164730374,12.46549999632407,False,128
A,3,static_r5_baseline_A_event_llm-only_r03_a01,218,static-218,1796.1439579958096,11.52747867715556,11.507540999446064,11.697490999358706,12.005681238952093,12.37516599940136,False,128
A,3,static_r5_baseline_A_event_llm-only_r03_a01,219,static-219,1798.3546250034124,11.531821850368269,11.510750002344139,11.623662704369053,12.149739344313273,12.493457994423807,False,128
A,3,static_r5_baseline_A_event_llm-only_r03_a01,220,static-220,1796.9877080031438,11.547552165369078,11.508374998811632,11.897625101846643,12.290573919599408,12.38716600346379,False,128
A,3,static_r5_baseline_A_event_llm-only_r03_a01,221,static-221,1797.5401250005234,11.544608267658486,11.503292000270449,11.856187299417796,12.332973413576838,12.364791997242719,False,128
A,3,static_r5_baseline_A_event_llm-only_r03_a01,222,static-222,1796.0687080048956,11.535023621995713,11.510249998536892,11.714437302725855,12.32576826150762,12.38179199572187,False,128
A,3,static_r5_baseline_A_event_llm-only_r03_a01,223,static-223,1797.2446250059875,11.540560370107643,11.507582996273413,11.886633203539528,12.24055716098519,12.310083999182098,False,128
A,3,static_r5_baseline_A_event_llm-only_r03_a01,224,static-224,1794.930916003068,11.550115157532007,11.520542000653222,11.78032950265333,12.276757162471768,12.304292002227157,False,128
A,3,static_r5_baseline_A_event_llm-only_r03_a01,225,static-225,1797.6446250104345,11.562699803121857,11.516833998030052,11.947070795577016,12.39522407471668,12.514916990767233,False,128
A,3,static_r5_baseline_A_event_llm-only_r03_a01,226,static-226,1796.2866250018124,11.539603023666992,11.509542004205287,11.655420501483604,12.411026996851433,12.507291990914382,False,128
A,3,static_r5_baseline_A_event_llm-only_r03_a01,227,static-227,1795.3797910013236,11.552527559028322,11.516416998347268,11.936216695175972,12.299662495497614,12.44925000355579,False,128
A,3,static_r5_baseline_A_event_llm-only_r03_a01,228,static-228,1813.6315839947201,11.720606622145892,11.60958300170023,12.51884550147224,13.3323381585069,13.782333000563085,False,128
A,3,static_r5_baseline_A_event_llm-only_r03_a01,229,static-229,1794.819250004366,11.544961614170345,11.521916996571235,11.714091805333737,12.240036088624036,12.428208006895147,False,128
A,3,static_r5_baseline_A_event_llm-only_r03_a01,230,static-230,1797.3664169985568,11.55729986615864,11.523124994710088,11.975049802276768,12.353345496230757,12.533459012047388,False,128
A,3,static_r5_baseline_A_event_llm-only_r03_a01,231,static-231,1796.3622079987545,11.543032480403781,11.5109170001233,11.693050101166591,12.319514661794527,12.529750005342066,False,128
A,3,static_r5_baseline_A_event_llm-only_r03_a01,232,static-232,1795.16754100041,11.545124677203296,11.521417007315904,11.703678796766326,12.124384073831605,12.327625008765608,False,128
A,3,static_r5_baseline_A_event_llm-only_r03_a01,233,static-233,1796.7575420043431,11.526217519724558,11.514083002111875,11.624995704914909,11.829412168590352,12.325791001785547,False,128
A,3,static_r5_baseline_A_event_llm-only_r03_a01,234,static-234,1794.9990409979364,11.53579560625477,11.517416991409846,11.640266900940333,11.991257492627483,12.096749996999279,False,128
A,3,static_r5_baseline_A_event_llm-only_r03_a01,235,static-235,1795.2571249916218,11.530703409528176,11.503040994284675,11.672379396623,12.198744073393755,12.26383300672751,False,128
A,3,static_r5_baseline_A_event_llm-only_r03_a01,236,static-236,1796.7287089995807,11.540600393718204,11.520125000970438,11.678770602156874,12.269877339131197,12.577540997881442,False,128
A,3,static_r5_baseline_A_event_llm-only_r03_a01,237,static-237,1794.8547919950215,11.538476377952932,11.501250002766028,11.86982050712686,12.145261841651516,12.334874991211109,False,128
A,3,static_r5_baseline_A_event_llm-only_r03_a01,238,static-238,1795.1643749984214,11.541557086583072,11.5109170001233,11.87117939989548,12.25496315950295,12.328625001828186,False,128
A,3,static_r5_baseline_A_event_llm-only_r03_a01,239,static-239,1796.8777909991331,11.536750330715293,11.499041997012682,11.6870081925299,12.456200153683312,12.542583994218148,False,128
A,3,static_r5_baseline_A_event_llm-only_r03_a01,240,static-240,1797.4912080098875,11.534298228271357,11.506459006341174,11.667037608276587,12.167452344147023,12.393083001370542,False,128
A,3,static_r5_baseline_A_event_llm-only_r03_a01,241,static-241,1796.3841250020778,11.521601377904789,11.502291992655955,11.655708804028109,12.151619995711371,12.254957997356541,False,128
A,3,static_r5_baseline_A_event_llm-only_r03_a01,242,static-242,1796.9414169929223,11.549663385875911,11.512541997944936,11.91775879706256,12.324824089591857,12.393958997563459,False,128
A,3,static_r5_baseline_A_event_llm-only_r03_a01,243,static-243,1794.8430419928627,11.54489862213762,11.505834001582116,11.720900204090867,12.192490493471269,12.541040996438824,False,128
A,3,static_r5_baseline_A_event_llm-only_r03_a01,244,static-244,1797.6219170086551,11.531249338492392,11.507624993100762,11.694446101319045,12.145953157451004,12.196583993500099,False,128
A,3,static_r5_baseline_A_event_llm-only_r03_a01,245,static-245,1798.1103330093902,11.55421981889586,11.516084006871097,11.830299894791096,12.357139657542575,12.435249998816289,False,128
A,3,static_r5_baseline_A_event_llm-only_r03_a01,246,static-246,1796.0439159942325,11.834344165385922,11.65820800815709,13.004258804721756,13.719467996270396,13.79241699760314,False,128
A,3,static_r5_baseline_A_event_llm-only_r03_a01,247,static-247,1801.686291990336,11.550054456681146,11.511709002661519,11.880646203644572,12.378507342073133,12.516707996837795,False,128
A,3,static_r5_baseline_A_event_llm-only_r03_a01,248,static-248,1795.3435000090394,11.538047244035324,11.506791997817345,11.747487404500134,12.357078580535015,12.550249986816198,False,128
A,3,static_r5_baseline_A_event_llm-only_r03_a01,249,static-249,1798.3116250106832,11.522253614109685,11.487875002785586,11.67865000461461,12.229374495800585,12.524958001449704,False,128
A,3,static_r5_baseline_A_event_llm-only_r03_a01,250,static-250,1797.1218330058036,11.536056102380911,11.495250000734814,11.808608296269085,12.405748577439226,12.547749996883795,False,128
A,3,static_r5_baseline_A_event_llm-only_r03_a01,251,static-251,1794.614875005209,11.538987535402164,11.508709008921869,11.689841192855965,12.20396857126616,12.303916999371722,False,128
A,3,static_r5_baseline_A_event_llm-only_r03_a01,252,static-252,1796.5737500053365,11.520237527493439,11.503916000947356,11.64187039830722,12.00050674495287,12.164083993411623,False,128
A,3,static_r5_baseline_A_event_llm-only_r03_a01,253,static-253,1796.8331669981126,11.528926511825883,11.488499992992729,11.690016296051908,12.356706576538272,12.413374992320314,False,128
A,3,static_r5_baseline_A_event_llm-only_r03_a01,254,static-254,1796.0493749997113,11.5463868109876,11.515666992636397,11.748574899684172,12.136943930236155,12.30066700372845,False,128
A,3,static_r5_baseline_A_event_llm-only_r03_a01,255,static-255,1795.4620419914136,11.524092842591926,11.502249995828606,11.650358102633618,12.19105784111889,12.403540997183882,False,128
A,3,static_r5_baseline_A_event_llm-only_r03_a01,256,static-256,1798.2655829982832,11.538218181143977,11.515207996126264,11.698849996901117,12.365925925259944,12.43741599319037,False,128
A,3,static_r5_baseline_A_event_llm-only_r03_a01,257,static-257,1795.0933749962132,11.539114503956245,11.503999994602054,11.847941098676527,12.328661505889611,12.452708004275337,False,128
A,3,static_r5_baseline_A_event_llm-only_r03_a01,258,static-258,1795.8849999995437,11.543074472533268,11.514208992593922,11.866541698691433,12.15371607337147,12.431167007889599,False,128
A,3,static_r5_baseline_A_event_llm-only_r03_a01,259,static-259,1796.5596249996452,11.543918637843898,11.519667008542456,11.670024997147266,12.204177493986206,12.443833009456284,False,128
A,3,static_r5_baseline_A_event_llm-only_r03_a01,260,static-260,1795.6290419970173,11.537916007874292,11.50512500316836,11.699800204951316,12.277808758080937,12.358874999335967,False,128
A,3,static_r5_baseline_A_event_llm-only_r03_a01,261,static-261,1796.339166990947,11.543196519675451,11.513042001752183,11.786449796636587,12.248076079704333,12.472125003114343,False,128
A,3,static_r5_baseline_A_event_llm-only_r03_a01,262,static-262,1795.9201250050683,11.545354653609088,11.517209000885487,11.686562496470286,12.457355498045217,12.559041992062703,False,128
A,3,static_r5_baseline_A_event_llm-only_r03_a01,263,static-263,1795.2712909900583,11.524865488218342,11.508083989610896,11.637416899611708,12.15483857289655,12.444249994587153,False,128
A,3,static_r5_baseline_A_event_llm-only_r03_a01,264,static-264,1795.8557919919258,11.551277228336833,11.515999998664483,11.783028797071893,12.203643421235029,12.550125000416301,False,128
A,3,static_r5_baseline_A_event_llm-only_r03_a01,265,static-265,1812.3460829956457,11.551792653507597,11.509292002301663,11.83255809592083,12.28533841756871,12.494916998548433,False,128
A,3,static_r5_baseline_A_event_llm-only_r03_a01,266,static-266,1795.8317919983529,11.364291338538788,11.277666999376379,11.654162395279855,12.018853761837816,12.135249999118969,False,128
A,3,static_r5_baseline_A_event_llm-only_r03_a01,267,static-267,1795.9221250057453,11.544217188947094,11.50749999214895,11.827420601912307,12.306950576603413,12.37166598730255,False,128
A,3,static_r5_baseline_A_event_llm-only_r03_a01,268,static-268,1795.9600419999333,11.52782151970543,11.505042013595812,11.668224999448285,12.100782337074634,12.180707999505103,False,128
A,3,static_r5_baseline_A_event_llm-only_r03_a01,269,static-269,1797.3706249904353,11.546164700865937,11.507417002576403,11.744191896286793,12.321771428105421,12.529499988886528,False,128
A,3,static_r5_baseline_A_event_llm-only_r03_a01,270,static-270,1796.021500005736,11.534732283486282,11.50883300579153,11.669521099247504,12.179864841455126,12.403707994963042,False,128
A,3,static_r5_baseline_A_event_llm-only_r03_a01,271,static-271,1797.3410420090659,11.540126637784823,11.531582989846356,11.634995401254855,11.9381605120725,12.24845799151808,False,128
A,3,static_r5_baseline_A_event_llm-only_r03_a01,272,static-272,1795.7563749951078,11.534455055178428,11.50266699551139,11.683812396950088,12.25252485164674,12.37687500542961,False,128
A,3,static_r5_baseline_A_event_llm-only_r03_a01,273,static-273,1795.18483299762,11.532240157546365,11.49874999828171,11.818337395379785,12.357729000214022,12.469499997678213,False,128
A,3,static_r5_baseline_A_event_llm-only_r03_a01,274,static-274,1797.2278329980327,11.532186677195424,11.512124998262152,11.67672499868786,12.232865162950473,12.420333994668908,False,128
A,3,static_r5_baseline_A_event_llm-only_r03_a01,275,static-275,1795.520999992732,11.533066606301242,11.500332999275997,11.703954196127595,12.417176579183433,12.509915992268361,False,128
A,3,static_r5_baseline_A_event_llm-only_r03_a01,276,static-276,1795.719415997155,11.554728677142485,11.51462500274647,11.901492103061173,12.303451086045243,12.367000002996065,False,128
A,3,static_r5_baseline_A_event_llm-only_r03_a01,277,static-277,1797.080875010579,11.539428149520486,11.503667003125884,11.785528903419616,12.184663770603947,12.446291002561338,False,128
A,3,static_r5_baseline_A_event_llm-only_r03_a01,278,static-278,1796.109292001347,11.526603346454955,11.50975000928156,11.684050004987512,12.0645789190894,12.225625003338791,False,128
A,3,static_r5_baseline_A_event_llm-only_r03_a01,279,static-279,1795.792375007295,11.539468826706829,11.516084006871097,11.665795503358822,12.072653164505027,12.275291999685578,False,128
A,3,static_r5_baseline_A_event_llm-only_r03_a01,280,static-280,1796.3241660036147,11.553276905548891,11.521458989591338,11.751900200033559,12.301316264201887,12.490415989304893,False,128
A,3,static_r5_baseline_A_event_llm-only_r03_a01,281,static-281,1794.6786660031648,11.54225328343638,11.503542002174072,11.786428895720745,12.30023891926976,12.530667008832097,False,128
A,3,static_r5_baseline_A_event_llm-only_r03_a01,282,static-282,1796.2436249945313,11.53686187401007,11.503166999318637,11.90447109984234,12.198365757649299,12.248208004166372,False,128
A,3,static_r5_baseline_A_event_llm-only_r03_a01,283,static-283,1807.3345000011614,11.787465881802852,11.640958007774316,12.954787295893764,13.538444343139417,13.848540998878889,False,128
A,3,static_r5_baseline_A_event_llm-only_r03_a01,284,static-284,1796.1299589951523,11.55607644092717,11.518958999658935,11.84163300495129,12.455980915110556,12.555832989164628,False,128
A,3,static_r5_baseline_A_event_llm-only_r03_a01,285,static-285,1797.5057080038823,11.541291999957876,11.519000006956048,11.69512510241475,11.89257108111633,12.39729201188311,False,128
A,3,static_r5_baseline_A_event_llm-only_r03_a01,286,static-286,1795.6307090062182,11.530420929124748,11.518125000293367,11.634246195899323,12.009803158580326,12.045541006955318,False,128
A,3,static_r5_baseline_A_event_llm-only_r03_a01,287,static-287,1796.4846670074621,11.533606622031684,11.513750010635704,11.652287398464978,12.160522501799276,12.40291701105889,False,128
A,3,static_r5_baseline_A_event_llm-only_r03_a01,288,static-288,1798.4426250040997,11.537425850442881,11.505041009513661,11.893029396014752,12.19063040916808,12.297749999561347,False,128
A,3,static_r5_baseline_A_event_llm-only_r03_a01,289,static-289,1794.7940419981023,11.530153866074466,11.51391699386295,11.639845794707071,11.982071926177012,12.424290995113552,False,128
A,3,static_r5_baseline_A_event_llm-only_r03_a01,290,static-290,1797.5977500027511,11.537406173274361,11.520291998749599,11.738316899572963,12.090347003249917,12.187874992378056,False,128
A,3,static_r5_baseline_A_event_llm-only_r03_a01,291,static-291,1797.128584003076,11.545060692890363,11.522917004185729,11.64978320011869,12.284771261620335,12.339708002400585,False,128
A,3,static_r5_baseline_A_event_llm-only_r03_a01,292,static-292,1794.6182919986313,11.559370401572972,11.51608298823703,11.883862302056514,12.266271581174806,12.346292001893744,False,128
A,3,static_r5_baseline_A_event_llm-only_r03_a01,293,static-293,1796.5042920113774,11.518356952665917,11.501999993924983,11.673437496938277,12.003382346301805,12.074915997800417,False,128
A,3,static_r5_baseline_A_event_llm-only_r03_a01,294,static-294,1795.582959006424,11.549330047216252,11.517708990140818,11.859020599513313,12.452640508126933,12.49837499926798,False,128
A,3,static_r5_baseline_A_event_llm-only_r03_a01,295,static-295,1795.7664580026176,11.547565614088716,11.513915989780799,11.742487506126054,12.37005200149724,12.57725000323262,False,128
A,3,static_r5_baseline_A_event_llm-only_r03_a01,296,static-296,1795.5628750059986,11.538599732246682,11.506041992106475,11.794607898627872,12.257025335566139,12.469332999899052,False,128
A,3,static_r5_baseline_A_event_llm-only_r03_a01,297,static-297,1796.9715830113273,11.535198818805158,11.508874988066964,11.633991099370178,12.247378994070457,12.527915998362005,False,128
A,3,static_r5_baseline_A_event_llm-only_r03_a01,298,static-298,1795.4052080021938,11.544283133872792,11.507957999128848,11.900937394239005,12.45761983038392,12.5378329976229,False,128
A,3,static_r5_baseline_A_event_llm-only_r03_a01,299,static-299,1795.977749992744,11.536233598507545,11.505000002216548,11.687853706825988,12.240052350971382,12.465874999179505,False,128
A,4,static_r5_baseline_A_event_llm-only_r04_a01,0,static-000,1766.5033329976723,11.518410763815119,11.48737499897834,11.729458712216001,12.198590653424617,12.304874995606951,False,128
A,4,static_r5_baseline_A_event_llm-only_r04_a01,1,static-001,1780.547000002116,11.50485728344858,11.46383400191553,11.625958204967901,12.395434341742657,12.489708009525202,False,128
A,4,static_r5_baseline_A_event_llm-only_r04_a01,2,static-002,1785.6460839975625,11.52560793701651,11.48841599933803,11.743774902424775,12.325395001971629,12.537332993815653,False,128
A,4,static_r5_baseline_A_event_llm-only_r04_a01,3,static-003,1787.6474170043366,11.53267880314576,11.490208999020979,11.766704302863218,12.313013414095622,12.442042003385723,False,128
A,4,static_r5_baseline_A_event_llm-only_r04_a01,4,static-004,1789.2775000073016,11.50921981105229,11.483082998893224,11.630154290469363,12.240332821966149,12.493125002947636,False,128
A,4,static_r5_baseline_A_event_llm-only_r04_a01,5,static-005,1790.9482909890357,11.534979661461882,11.48825000564102,11.82980819576187,12.189964845601933,12.372334007523023,False,128
A,4,static_r5_baseline_A_event_llm-only_r04_a01,6,static-006,1790.8780829893658,11.545534779622006,11.507999995956197,11.88609540404286,12.453937838145066,12.459959005354904,False,128
A,4,static_r5_baseline_A_event_llm-only_r04_a01,7,static-007,1791.5368340036366,11.508042976355517,11.477916996227577,11.714908794965595,12.238256236887537,12.281208008062094,False,128
A,4,static_r5_baseline_A_event_llm-only_r04_a01,8,static-008,1790.3550420014653,11.503468826779818,11.478542000986636,11.614500099676661,12.11323216353776,12.399958010064438,False,128
A,4,static_r5_baseline_A_event_llm-only_r04_a01,9,static-009,1793.4765410027467,11.522759519692503,11.494750011479482,11.638099807896651,12.198839243501425,12.402082997141406,False,128
A,4,static_r5_baseline_A_event_llm-only_r04_a01,10,static-010,1793.7913749919971,11.538727685060227,11.509457995998673,11.725382905569859,12.352517653489485,12.437750003300607,False,128
A,4,static_r5_baseline_A_event_llm-only_r04_a01,11,static-011,1791.9753750029486,11.52046488971068,11.499083004309796,11.793554406904148,12.120220421638805,12.165249994723126,False,128
A,4,static_r5_baseline_A_event_llm-only_r04_a01,12,static-012,1793.3271670044633,11.519971779500882,11.500542008434422,11.627200002840254,12.095565165800506,12.365375005174428,False,128
A,4,static_r5_baseline_A_event_llm-only_r04_a01,13,static-013,1793.296375006321,11.542975724382348,11.51687499077525,11.750329392089041,11.9856273374171,12.269083003047854,False,128
A,4,static_r5_baseline_A_event_llm-only_r04_a01,14,static-014,1793.4449999884237,11.919365157570331,11.680416006129235,13.281149994872976,13.76363765768474,14.088791998801753,False,128
A,4,static_r5_baseline_A_event_llm-only_r04_a01,15,static-015,1797.6508749998175,11.545951771627797,11.515291000250727,11.785183200845493,12.43849126942223,12.539292001747526,False,128
A,4,static_r5_baseline_A_event_llm-only_r04_a01,16,static-016,1794.7189170081401,11.3318267716764,11.25483401119709,11.566070800472517,12.242546077468432,12.320165988057852,False,128
A,4,static_r5_baseline_A_event_llm-only_r04_a01,17,static-017,1794.148207991384,11.540012141711658,11.503707995871082,11.762704199645668,12.283020762261003,12.455832998966798,False,128
A,4,static_r5_baseline_A_event_llm-only_r04_a01,18,static-018,1796.8757089984138,11.526222763799394,11.50416700693313,11.654437507968396,12.151363764714915,12.559249997138977,False,128
A,4,static_r5_baseline_A_event_llm-only_r04_a01,19,static-019,1795.7151669979794,11.521763779570378,11.481541994726285,11.774204505491069,12.322199498012196,12.524125006166287,False,128
A,4,static_r5_baseline_A_event_llm-only_r04_a01,20,static-020,1795.8300829923246,11.532360236284205,11.507874995004386,11.68089989660075,12.357669507036917,12.471541995182633,False,128
A,4,static_r5_baseline_A_event_llm-only_r04_a01,21,static-021,1795.7578329951502,11.538200787365744,11.492250006995164,11.916862595535347,12.46952641464304,12.526874998002313,False,128
A,4,static_r5_baseline_A_event_llm-only_r04_a01,22,static-022,1795.037666001008,11.535786748034182,11.516833008499816,11.75302500196267,11.916481997468509,12.376166007015854,False,128
A,4,static_r5_baseline_A_event_llm-only_r04_a01,23,static-023,1793.796875004773,11.520217196749135,11.477875013952143,11.846578602853695,12.316855915414633,12.458624987630174,False,128
A,4,static_r5_baseline_A_event_llm-only_r04_a01,24,static-024,1795.9271660074592,11.52552231492229,11.500709006213583,11.670800112187862,12.31847107730573,12.415666002198122,False,128
A,4,static_r5_baseline_A_event_llm-only_r04_a01,25,static-025,1796.208708998165,11.53488844879683,11.500584005261771,11.850157995650079,12.301517995656466,12.355541010037996,False,128
A,4,static_r5_baseline_A_event_llm-only_r04_a01,26,static-026,1792.9927090008277,11.518682409458295,11.500334003358148,11.603545503749046,11.94361358648166,12.350999997579493,False,128
A,4,static_r5_baseline_A_event_llm-only_r04_a01,27,static-027,1796.0888329980662,11.516059708724708,11.494874997879378,11.592095703235827,12.313782847486435,12.471250011003576,False,128
A,4,static_r5_baseline_A_event_llm-only_r04_a01,28,static-028,1795.5867499986198,11.542342842568452,11.504207999678329,11.854408105136827,12.474915917555336,12.535083995317109,False,128
A,4,static_r5_baseline_A_event_llm-only_r04_a01,29,static-029,1794.7867500042776,11.545557417245911,11.504249996505678,12.00298399780877,12.311954076285474,12.484082995797507,False,128
A,4,static_r5_baseline_A_event_llm-only_r04_a01,30,static-030,1796.4864579989808,11.515329070925514,11.496666993480176,11.707149894209579,12.134146074240562,12.423291991581209,False,128
A,4,static_r5_baseline_A_event_llm-only_r04_a01,31,static-031,1796.9408749922877,11.521678803145782,11.495500002638437,11.685599999327678,12.22189892345341,12.292792001971975,False,128
A,4,static_r5_baseline_A_event_llm-only_r04_a01,32,static-032,1794.409333000658,11.598061023584354,11.502916997415014,12.238591206551064,13.028354660782496,13.177957996958867,False,128
A,4,static_r5_baseline_A_event_llm-only_r04_a01,33,static-033,1813.4528329974273,11.531541669282028,11.50716700067278,11.6495251932065,12.065714419004507,12.564582997583784,False,128
A,4,static_r5_baseline_A_event_llm-only_r04_a01,34,static-034,1795.2943749987753,11.542453740193604,11.52137499593664,11.685150103585329,12.251493421790654,12.445583008229733,False,128
A,4,static_r5_baseline_A_event_llm-only_r04_a01,35,static-035,1795.403833995806,11.528150590643557,11.503292000270449,11.671958590159193,12.17375499982154,12.198333992273547,False,128
A,4,static_r5_baseline_A_event_llm-only_r04_a01,36,static-036,1798.048166994704,11.539626637873365,11.507666989928111,11.74582130042836,12.267194654268678,12.377292005112395,False,128
A,4,static_r5_baseline_A_event_llm-only_r04_a01,37,static-037,1795.6275000033202,11.528015748013772,11.499624990392476,11.701370593800675,12.251434994977897,12.307666998822242,False,128
A,4,static_r5_baseline_A_event_llm-only_r04_a01,38,static-038,1794.12920899631,11.513872370128446,11.502958004712127,11.664924894284923,11.873240167915355,11.982791998889297,False,128
A,4,static_r5_baseline_A_event_llm-only_r04_a01,39,static-039,1796.4472500025295,11.53343175590592,11.513833000208251,11.70630879641976,11.984822659287602,12.422500003594905,False,128
A,4,static_r5_baseline_A_event_llm-only_r04_a01,40,static-040,1795.6954170076642,11.553568566950426,11.518874991452321,11.856008603353985,12.34345174045302,12.477791999117471,False,128
A,4,static_r5_baseline_A_event_llm-only_r04_a01,41,static-041,1794.9654580006609,11.544317913408516,11.510540993185714,11.905183094495438,12.254945164895616,12.322624999796972,False,128
A,4,static_r5_baseline_A_event_llm-only_r04_a01,42,static-042,1796.6920409962768,11.53014566922124,11.496084000100382,11.705204505415168,12.390356422984041,12.441791011951864,False,128
A,4,static_r5_baseline_A_event_llm-only_r04_a01,43,static-043,1797.357584000565,11.5367919921611,11.514958998304792,11.658891798288096,11.911736581241712,12.191583999083377,False,128
A,4,static_r5_baseline_A_event_llm-only_r04_a01,44,static-044,1794.3686670041643,11.549400259863482,11.516625003423542,11.823987598472739,12.27771968144225,12.568959005875513,False,128
A,4,static_r5_baseline_A_event_llm-only_r04_a01,45,static-045,1797.2305000002962,11.530249669353156,11.50379198952578,11.69082059932407,11.976577499881387,12.514832997112535,False,128
A,4,static_r5_baseline_A_event_llm-only_r04_a01,46,static-046,1797.3450840072474,11.527357606252098,11.49179101048503,11.64879559801193,12.41918984102085,12.502874989877455,False,128
A,4,static_r5_baseline_A_event_llm-only_r04_a01,47,static-047,1795.8062089892337,11.527425519696722,11.493165991851129,11.865749998833053,12.18817000015406,12.285499993595295,False,128
A,4,static_r5_baseline_A_event_llm-only_r04_a01,48,static-048,1796.5423339919653,11.532794614162068,11.504249996505678,11.713970499113202,12.260392835305538,12.433750001946464,False,128
A,4,static_r5_baseline_A_event_llm-only_r04_a01,49,static-049,1796.5509999921778,11.525790354325876,11.498084000777453,11.733187297068069,12.170367494400125,12.482540987548418,False,128
A,4,static_r5_baseline_A_event_llm-only_r04_a01,50,static-050,1795.805667003151,11.532784118106237,11.497917002998292,11.751479603117332,12.1154859176022,12.38066700170748,False,128
A,4,static_r5_baseline_A_event_llm-only_r04_a01,51,static-051,1815.7465840049554,11.925213251929312,11.704124990501441,13.480567098304164,14.026043012272567,14.289583006757312,False,128
A,4,static_r5_baseline_A_event_llm-only_r04_a01,52,static-052,1795.8318750024773,11.535081039384506,11.50058300117962,11.852132900094146,12.19213299191324,12.574834006954916,False,128
A,4,static_r5_baseline_A_event_llm-only_r04_a01,53,static-053,1797.2201670054346,11.527332015735222,11.51124999159947,11.7888793014572,11.885763928294182,12.584625001181848,False,128
A,4,static_r5_baseline_A_event_llm-only_r04_a01,54,static-054,1795.0969160010573,11.562299873981456,11.5279159945203,11.78306700021494,12.438944341847671,12.519666997832246,False,128
A,4,static_r5_baseline_A_event_llm-only_r04_a01,55,static-055,1797.8371659992263,11.530971133831235,11.513000004924834,11.682703800033778,12.171696581644937,12.277832996915095,False,128
A,4,static_r5_baseline_A_event_llm-only_r04_a01,56,static-056,1798.122374995728,11.533745078692638,11.502916997415014,11.79696250183042,12.268908163241575,12.327083997661248,False,128
A,4,static_r5_baseline_A_event_llm-only_r04_a01,57,static-057,1795.0927920028334,11.520992448772525,11.485874987556599,11.652283204603009,12.264557336457074,12.442416991689242,False,128
A,4,static_r5_baseline_A_event_llm-only_r04_a01,58,static-058,1796.7912090098253,11.538862527575432,11.506875001941808,11.6457330994308,12.243374849786049,12.493582995375618,False,128
A,4,static_r5_baseline_A_event_llm-only_r04_a01,59,static-059,1796.3290420011617,11.519458661438883,11.495458005811088,11.728907997894567,11.957352077879477,12.382999993860722,False,128
A,4,static_r5_baseline_A_event_llm-only_r04_a01,60,static-060,1796.2430000043241,11.556063645668731,11.519708001287654,11.827858300239313,12.162824338884091,12.300583999603987,False,128
A,4,static_r5_baseline_A_event_llm-only_r04_a01,61,static-061,1795.6504999892786,11.53802492918894,11.50174999202136,11.706462506845128,12.243769575143233,12.395167010254227,False,128
A,4,static_r5_baseline_A_event_llm-only_r04_a01,62,static-062,1796.4107500010869,11.532467850447288,11.495250000734814,11.744229393661952,12.254383580002468,12.516667004092596,False,128
A,4,static_r5_baseline_A_event_llm-only_r04_a01,63,static-063,1797.1138340071775,11.529605968476742,11.49891699606087,11.740274996554943,12.274866923398802,12.47654200415127,False,128
A,4,static_r5_baseline_A_event_llm-only_r04_a01,64,static-064,1796.4867090049665,11.527933724367566,11.50995900388807,11.645612603751943,11.914142498280853,12.062958005117252,False,128
A,4,static_r5_baseline_A_event_llm-only_r04_a01,65,static-065,1798.3894999924814,11.53367880319784,11.50549999147188,11.774328599858562,12.369214496284256,12.442584004020318,False,128
A,4,static_r5_baseline_A_event_llm-only_r04_a01,66,static-066,1795.5641670123441,11.535520007761423,11.505166999995708,11.713791398506146,12.209011840750463,12.2475419921102,False,128
A,4,static_r5_baseline_A_event_llm-only_r04_a01,67,static-067,1797.2372919903137,11.535463913451096,11.519416002556682,11.64311600587098,12.251439685351214,12.465624997275881,False,128
A,4,static_r5_baseline_A_event_llm-only_r04_a01,68,static-068,1796.6971249989,11.53042159060669,11.506791997817345,11.691354593494907,11.975784420792479,12.236292008310556,False,128
A,4,static_r5_baseline_A_event_llm-only_r04_a01,69,static-069,1794.8460839979816,11.900611873991112,11.680166993755847,13.118249997205567,14.3577790792915,14.772124995943159,False,128
A,4,static_r5_baseline_A_event_llm-only_r04_a01,70,static-070,1803.445792000275,11.540733921175683,11.51124999159947,11.823183101660106,12.341587498958686,12.433083989890292,False,128
A,4,static_r5_baseline_A_event_llm-only_r04_a01,71,static-071,1795.7495000009658,11.531352031472741,11.500334003358148,11.84833749575773,12.172031252994202,12.400333012919873,False,128
A,4,static_r5_baseline_A_event_llm-only_r04_a01,72,static-072,1796.823457989376,11.532683070867293,11.500709006213583,11.76408749888651,12.206284833082464,12.374625002848916,False,128
A,4,static_r5_baseline_A_event_llm-only_r04_a01,73,static-073,1797.78599999554,11.533257551262096,11.50700000289362,11.679020401788875,12.21630158048356,12.29520799824968,False,128
A,4,static_r5_baseline_A_event_llm-only_r04_a01,74,static-074,1795.4028329986613,11.53976837009023,11.510166004882194,11.698220596008468,12.26990450086305,12.360167005681433,False,128
A,4,static_r5_baseline_A_event_llm-only_r04_a01,75,static-075,1797.2232500032987,11.528933724419646,11.50320800661575,11.686575000931043,12.07435557473218,12.30737500009127,False,128
A,4,static_r5_baseline_A_event_llm-only_r04_a01,76,static-076,1796.570916994824,11.537589566937031,11.508499999763444,11.742329300614074,12.345753922709262,12.449666988686658,False,128
A,4,static_r5_baseline_A_event_llm-only_r04_a01,77,static-077,1795.237291007652,11.53388911022669,11.506541995913722,11.670245697314385,12.166764083085582,12.34304100216832,False,128
A,4,static_r5_baseline_A_event_llm-only_r04_a01,78,static-078,1797.0817080058623,11.534963259849272,11.509582996950485,11.699499993119389,12.156358567881398,12.28641701163724,False,128
A,4,static_r5_baseline_A_event_llm-only_r04_a01,79,static-079,1796.5157089929562,11.537874669320589,11.504250011057593,11.758396503864786,12.261279003869276,12.5934999960009,False,128
A,4,static_r5_baseline_A_event_llm-only_r04_a01,80,static-080,1795.6347500003176,11.543301511743824,11.509666001074947,11.671854399901349,12.38298465934349,12.472666989197023,False,128
A,4,static_r5_baseline_A_event_llm-only_r04_a01,81,static-081,1796.7862499936018,11.540394354410887,11.511958000482991,11.677337507717311,12.182275161612779,12.244957993971184,False,128
A,4,static_r5_baseline_A_event_llm-only_r04_a01,82,static-082,1796.645583002828,11.547688645719528,11.501957997097634,11.904366801900322,12.348927925049793,12.476290998165496,False,128
A,4,static_r5_baseline_A_event_llm-only_r04_a01,83,static-083,1795.7913339923834,11.529959314988604,11.503917005029507,11.804153598495757,12.072937499615364,12.08829099778086,False,128
A,4,static_r5_baseline_A_event_llm-only_r04_a01,84,static-084,1796.4874999888707,11.539985889827422,11.502124994876795,11.766799801262094,12.349125913169699,12.534916008007713,False,128
A,4,static_r5_baseline_A_event_llm-only_r04_a01,85,static-085,1796.9012499961536,11.540871063008076,11.508333001984283,11.814466801297383,12.168355164176317,12.486499996157363,False,128
A,4,static_r5_baseline_A_event_llm-only_r04_a01,86,static-086,1796.5004579891684,11.516767063001208,11.495624989038333,11.669066305330489,12.016230918234214,12.239917006809264,False,128
A,4,static_r5_baseline_A_event_llm-only_r04_a01,87,static-087,1796.6190000006463,11.535290023564054,11.514916986925527,11.60606680350611,12.326791421219239,12.480667006457224,False,128
A,4,static_r5_baseline_A_event_llm-only_r04_a01,88,static-088,1816.3630000053672,11.576389763724265,11.50529200094752,12.156462598068174,12.503468754002823,13.106750004226342,False,128
A,4,static_r5_baseline_A_event_llm-only_r04_a01,89,static-089,1797.515582991764,11.547166669322362,11.509292002301663,11.792483196768444,12.329195423226338,12.50791699567344,False,128
A,4,static_r5_baseline_A_event_llm-only_r04_a01,90,static-090,1796.9304170110263,11.54966567717236,11.515167003381066,11.85568730579689,12.278101999836508,12.37612499971874,False,128
A,4,static_r5_baseline_A_event_llm-only_r04_a01,91,static-091,1795.916249990114,11.53085465354141,11.505166999995708,11.633042003086302,12.106168086465914,12.267458005226217,False,128
A,4,static_r5_baseline_A_event_llm-only_r04_a01,92,static-092,1795.4435419960646,11.528079393736864,11.494541991851293,11.741141897800842,12.296871083090082,12.39575000363402,False,128
A,4,static_r5_baseline_A_event_llm-only_r04_a01,93,static-093,1797.61683299148,11.536124015825537,11.511000004247762,11.73064990871353,12.228907930257265,12.282041992875747,False,128
A,4,static_r5_baseline_A_event_llm-only_r04_a01,94,static-094,1796.3953339931322,11.526323157462555,11.502417008159682,11.669003605493344,12.221093575062694,12.299792011617683,False,128
A,4,static_r5_baseline_A_event_llm-only_r04_a01,95,static-095,1797.0721250021597,11.545481960638426,11.512332988786511,11.689754197141156,12.42855684569804,12.45783299964387,False,128
A,4,static_r5_baseline_A_event_llm-only_r04_a01,96,static-096,1796.1649999924703,11.534623354380056,11.50229100312572,11.784671398345381,12.1605625085067,12.346082992735319,False,128
A,4,static_r5_baseline_A_event_llm-only_r04_a01,97,static-097,1795.3065000037896,11.541027559002304,11.517207996803336,11.773400095989926,12.336980415275319,12.518416013335809,False,128
A,4,static_r5_baseline_A_event_llm-only_r04_a01,98,static-098,1797.0916670019506,11.533232283522741,11.503625006298535,11.788441809767392,12.164309501240496,12.208249987452291,False,128
A,4,static_r5_baseline_A_event_llm-only_r04_a01,99,static-099,1797.2967499954393,11.54549639373211,11.516415994265117,11.733291890413966,12.34837158175651,12.461750011425465,False,128
A,4,static_r5_baseline_A_event_llm-only_r04_a01,100,static-100,1795.999041001778,11.551138456689934,11.5215419937158,11.820825000177136,12.398151570232585,12.41558299807366,False,128
A,4,static_r5_baseline_A_event_llm-only_r04_a01,101,static-101,1795.3645840025274,11.520319881823324,11.497374987811781,11.626466397137847,12.159980923170224,12.387208000291139,False,128
A,4,static_r5_baseline_A_event_llm-only_r04_a01,102,static-102,1797.7137080015382,11.53628970072403,11.50716700067278,11.79557480063522,12.327356077148577,12.447083005099557,False,128
A,4,static_r5_baseline_A_event_llm-only_r04_a01,103,static-103,1795.259457998327,11.552607283471922,11.51591699454002,11.866358098632189,12.424337496049702,12.475709008867852,False,128
A,4,static_r5_baseline_A_event_llm-only_r04_a01,104,static-104,1797.1418750094017,11.547645669215997,11.516999991727062,11.668941703101154,12.432340917584952,12.484541002777405,False,128
A,4,static_r5_baseline_A_event_llm-only_r04_a01,105,static-105,1797.501083012321,11.526653873912924,11.501708999276161,11.653912703332026,12.161364995408801,12.313500003074296,False,128
A,4,static_r5_baseline_A_event_llm-only_r04_a01,106,static-106,1804.733249999117,11.825191598512987,11.655457987217233,13.089733199740294,13.776106740697285,13.878541998565197,False,128
A,4,static_r5_baseline_A_event_llm-only_r04_a01,107,static-107,1797.0040420041187,11.54388287404871,11.518459010403603,11.75236240378581,12.161107661086135,12.52099999692291,False,128
A,4,static_r5_baseline_A_event_llm-only_r04_a01,108,static-108,1796.021624992136,11.53688877958467,11.508625000715256,11.774620600044727,12.144095667463262,12.197957999887876,False,128
A,4,static_r5_baseline_A_event_llm-only_r04_a01,109,static-109,1796.5145839989418,11.537830708672175,11.509832998854108,11.771887600480113,12.152828418475108,12.464832994737662,False,128
A,4,static_r5_baseline_A_event_llm-only_r04_a01,110,static-110,1797.2233750042506,11.538559708636122,11.498207997647114,11.84541229304159,12.416505313303787,12.48716699774377,False,128
A,4,static_r5_baseline_A_event_llm-only_r04_a01,111,static-111,1795.282542007044,11.530272960552843,11.506625000038184,11.802437699225264,12.179301081050653,12.24174999515526,False,128
A,4,static_r5_baseline_A_event_llm-only_r04_a01,112,static-112,1797.4503330042353,11.530477039361974,11.499875006848015,11.825812696770297,12.18782626412576,12.297915993258357,False,128
A,4,static_r5_baseline_A_event_llm-only_r04_a01,113,static-113,1796.262084011687,11.536561346367208,11.50358299491927,11.781158100347962,12.249701078399085,12.510917003965005,False,128
A,4,static_r5_baseline_A_event_llm-only_r04_a01,114,static-114,1795.7002920011291,11.55945340947864,11.518207989865914,11.983812696416862,12.320907659013756,12.348999996902421,False,128
A,4,static_r5_baseline_A_event_llm-only_r04_a01,115,static-115,1796.980707993498,11.577088913470543,11.516458005644381,12.12745810189517,12.444105499307625,12.827083002775908,False,128
A,4,static_r5_baseline_A_event_llm-only_r04_a01,116,static-116,1796.9939589966089,11.535887133905767,11.504792011692189,11.664754500088748,12.300321911752688,12.396042002364993,False,128
A,4,static_r5_baseline_A_event_llm-only_r04_a01,117,static-117,1795.3176250011893,11.532116472454353,11.494541991851293,11.699745706573594,12.286324997839984,12.482459002058022,False,128
A,4,static_r5_baseline_A_event_llm-only_r04_a01,118,static-118,1797.3853329895064,11.549681102431665,11.509749994729646,11.818408301041927,12.385361081978772,12.491749992477708,False,128
A,4,static_r5_baseline_A_event_llm-only_r04_a01,119,static-119,1795.5825410026591,11.534711944835818,11.503083005663939,11.682491199462675,12.384892496629618,12.402457999996841,False,128
A,4,static_r5_baseline_A_event_llm-only_r04_a01,120,static-120,1795.6954999972368,11.534200133810803,11.49908298975788,11.775816803856285,12.295258760859724,12.34770800510887,False,128
A,4,static_r5_baseline_A_event_llm-only_r04_a01,121,static-121,1796.5931249927962,11.535726055204062,11.501999993924983,11.73152069968637,12.191755659296177,12.468792003346607,False,128
A,4,static_r5_baseline_A_event_llm-only_r04_a01,122,static-122,1795.3104999905918,11.538627622080746,11.517999999341555,11.706316303752828,12.203447344654705,12.270833001821302,False,128
A,4,static_r5_baseline_A_event_llm-only_r04_a01,123,static-123,1795.8370830019703,11.548231299242415,11.516458005644381,11.770195694407448,12.350900162418839,12.412500000209548,False,128
A,4,static_r5_baseline_A_event_llm-only_r04_a01,124,static-124,1797.3513749893755,11.759536740151013,11.622292004176416,13.012271102343217,13.65978641726542,14.100541011430323,False,128
A,4,static_r5_baseline_A_event_llm-only_r04_a01,125,static-125,1805.6276249990333,11.540000000029004,11.502415989525616,11.910675198305398,12.201742162869778,12.453666990040801,False,128
A,4,static_r5_baseline_A_event_llm-only_r04_a01,126,static-126,1797.5579589983681,11.425180440882265,11.45633299893234,11.67541250179056,11.953676425328013,12.221083001350053,False,128
A,4,static_r5_baseline_A_event_llm-only_r04_a01,127,static-127,1797.0337920123711,11.532051834565639,11.512249999213964,11.669533196254633,11.904359507607296,12.307708995649591,False,128
A,4,static_r5_baseline_A_event_llm-only_r04_a01,128,static-128,1795.8860000071581,11.538650267725393,11.504042005981319,11.802991904551162,12.353705919231288,12.544083001557738,False,128
A,4,static_r5_baseline_A_event_llm-only_r04_a01,129,static-129,1796.835999994073,11.551504590554075,11.527791997650638,11.713678795786109,12.161793419218156,12.24716700380668,False,128
A,4,static_r5_baseline_A_event_llm-only_r04_a01,130,static-130,1796.4895000040997,11.537169944930374,11.505916001624428,11.692896101158112,12.378294576483313,12.471292007830925,False,128
A,4,static_r5_baseline_A_event_llm-only_r04_a01,131,static-131,1795.9288339916384,11.522330047299638,11.500916996737942,11.672521292348392,12.210067502455786,12.397375001455657,False,128
A,4,static_r5_baseline_A_event_llm-only_r04_a01,132,static-132,1796.8622910120757,11.534289047158667,11.50808300008066,11.663579499872867,12.308206237503327,12.323874994763173,False,128
A,4,static_r5_baseline_A_event_llm-only_r04_a01,133,static-133,1796.9526670058258,11.538425850380381,11.51275000302121,11.692970606964082,12.332347662013488,12.493499991251156,False,128
A,4,static_r5_baseline_A_event_llm-only_r04_a01,134,static-134,1795.8832499862183,11.546260165440204,11.510374999488704,11.83387519122334,12.359067075885832,12.388874994940124,False,128
A,4,static_r5_baseline_A_event_llm-only_r04_a01,135,static-135,1798.25695900945,11.55299343297984,11.520957996253856,11.794650100637227,12.417937494174108,12.57633299974259,False,128
A,4,static_r5_baseline_A_event_llm-only_r04_a01,136,static-136,1796.9284580030944,11.532554464477965,11.501582994242199,11.71692960197106,12.239153418922797,12.529375002486631,False,128
A,4,static_r5_baseline_A_event_llm-only_r04_a01,137,static-137,1796.542291995138,11.531769354391374,11.501792003400624,11.739424802362919,12.08658957737498,12.431124996510334,False,128
A,4,static_r5_baseline_A_event_llm-only_r04_a01,138,static-138,1796.438165998552,11.539920275585404,11.505708011100069,11.839787606731987,12.480809247063007,12.503708989243023,False,128
A,4,static_r5_baseline_A_event_llm-only_r04_a01,139,static-139,1797.6687089976622,11.544874338657728,11.50266699551139,11.75354629958747,12.484113009122666,12.499417003709823,False,128
A,4,static_r5_baseline_A_event_llm-only_r04_a01,140,static-140,1796.4152909989934,11.532491472445237,11.510666998219676,11.678549900534563,12.193934999813791,12.337833002675325,False,128
A,4,static_r5_baseline_A_event_llm-only_r04_a01,141,static-141,1798.1117919989629,11.53932545665472,11.50900000357069,11.899662503856232,12.152150339679793,12.422792002325878,False,128
A,4,static_r5_baseline_A_event_llm-only_r04_a01,142,static-142,1796.3812079979107,11.518661748030311,11.493749989313073,11.698737497499678,12.107679660257416,12.229583007865585,False,128
A,4,static_r5_baseline_A_event_llm-only_r04_a01,143,static-143,1811.8239580071531,11.62453444881317,11.524083005497232,12.092612596461546,13.481572164455429,13.878166006179526,False,128
A,4,static_r5_baseline_A_event_llm-only_r04_a01,144,static-144,1796.6128749976633,11.534363189052174,11.508791008964181,11.825379601214081,12.069695337268058,12.420915998518467,False,128
A,4,static_r5_baseline_A_event_llm-only_r04_a01,145,static-145,1795.7399169972632,11.572908464586362,11.514500001794659,12.26588310819352,12.529383423388936,12.557417008792982,False,128
A,4,static_r5_baseline_A_event_llm-only_r04_a01,146,static-146,1797.4699579935987,11.533241472427008,11.506791997817345,11.619541101390496,12.218319576932117,12.326291995123029,False,128
A,4,static_r5_baseline_A_event_llm-only_r04_a01,147,static-147,1797.5866249907995,11.536675858367271,11.515499994857237,11.686487609404137,12.219006006489508,12.420166996889748,False,128
A,4,static_r5_baseline_A_event_llm-only_r04_a01,148,static-148,1795.7656660000794,11.54082578741652,11.506000009831041,11.829228706483262,12.279793744673952,12.368290990707465,False,128
A,4,static_r5_baseline_A_event_llm-only_r04_a01,149,static-149,1797.4968339985935,11.530678803156182,11.507624993100762,11.653362501238007,12.063936078047846,12.288541998714209,False,128
A,4,static_r5_baseline_A_event_llm-only_r04_a01,150,static-150,1797.5700410024729,11.53374639363578,11.504624999361113,11.885916192841249,12.162347660341766,12.260957999387756,False,128
A,4,static_r5_baseline_A_event_llm-only_r04_a01,151,static-151,1796.9839580036933,11.548194551187766,11.512666009366512,11.815562700212466,12.360929237038363,12.474874994950369,False,128
A,4,static_r5_baseline_A_event_llm-only_r04_a01,152,static-152,1796.8802920076996,11.538542645656152,11.50716700067278,11.907150101615116,12.175536572176496,12.450958005501889,False,128
A,4,static_r5_baseline_A_event_llm-only_r04_a01,153,static-153,1796.407999994699,11.532620078834565,11.510999989695847,11.678558710264042,12.192871502193157,12.269250000827014,False,128
A,4,static_r5_baseline_A_event_llm-only_r04_a01,154,static-154,1795.978957990883,11.535813322925105,11.501291999593377,11.81042500393232,12.259486081020441,12.31091700901743,False,128
A,4,static_r5_baseline_A_event_llm-only_r04_a01,155,static-155,1798.2817080046516,11.528549873999753,11.50587500887923,11.665249994257465,12.119249657262117,12.192499998491257,False,128
A,4,static_r5_baseline_A_event_llm-only_r04_a01,156,static-156,1797.2241670067888,11.545677818875856,11.508665993460454,11.864308595249893,12.497888427169528,12.504124999395572,False,128
A,4,static_r5_baseline_A_event_llm-only_r04_a01,157,static-157,1796.5124159964034,11.535042984292872,11.51783399109263,11.697391401685309,12.043731413723435,12.166750006144866,False,128
A,4,static_r5_baseline_A_event_llm-only_r04_a01,158,static-158,1798.340791996452,11.52455183463336,11.50358299491927,11.706695597968064,12.141122841276227,12.245000005350448,False,128
A,4,static_r5_baseline_A_event_llm-only_r04_a01,159,static-159,1796.6880000021774,11.550091535419474,11.515999998664483,11.715687402465846,12.35610892821569,12.489208995248191,False,128
A,4,static_r5_baseline_A_event_llm-only_r04_a01,160,static-160,1797.552000003634,11.524496716561757,11.49870800145436,11.656725195643958,12.201326081994921,12.247333987033926,False,128
A,4,static_r5_baseline_A_event_llm-only_r04_a01,161,static-161,1803.9210419956362,11.918176511874584,11.663500001304783,13.644237497646827,14.523253928055054,14.899582994985394,False,128
A,4,static_r5_baseline_A_event_llm-only_r04_a01,162,static-162,1799.8367499967571,11.539789370108052,11.516166996443644,11.739841700182296,12.097330343676731,12.177958007669076,False,128
A,4,static_r5_baseline_A_event_llm-only_r04_a01,163,static-163,1795.9232910070568,11.542263779492213,11.520750005729496,11.691741303366143,12.17161250504432,12.427167006535456,False,128
A,4,static_r5_baseline_A_event_llm-only_r04_a01,164,static-164,1795.1935419987421,11.540026905489022,11.511165997944772,11.724162597965915,12.270018421404528,12.512166998931207,False,128
A,4,static_r5_baseline_A_event_llm-only_r04_a01,165,static-165,1796.8004589929478,11.521688645740413,11.507208997500129,11.615254204662051,12.191924080252646,12.307083001360297,False,128
A,4,static_r5_baseline_A_event_llm-only_r04_a01,166,static-166,1796.566500008339,11.53982840945915,11.51704101357609,11.773191893007604,12.082154418749269,12.228667008457705,False,128
A,4,static_r5_baseline_A_event_llm-only_r04_a01,167,static-167,1796.017667002161,11.546156818884073,11.508916009915993,11.898333892168012,12.367033579212148,12.390707997838035,False,128
A,4,static_r5_baseline_A_event_llm-only_r04_a01,168,static-168,1796.8448329920648,11.536067259918685,11.5062080003554,11.849974900542291,12.298873751133213,12.532833003206179,False,128
A,4,static_r5_baseline_A_event_llm-only_r04_a01,169,static-169,1796.5587499929825,11.533157149692776,11.5062080003554,11.857337504625317,12.316748751327394,12.405542001943104,False,128
A,4,static_r5_baseline_A_event_llm-only_r04_a01,170,static-170,1795.0092500104802,11.558539700794297,11.513457997352816,11.92581689247163,12.221921837190164,12.351957993814722,False,128
A,4,static_r5_baseline_A_event_llm-only_r04_a01,171,static-171,1795.8652499946766,11.520892393699201,11.494791993754916,11.67245440010447,12.27964750229148,12.42883299710229,False,128
A,4,static_r5_baseline_A_event_llm-only_r04_a01,172,static-172,1796.9122499926016,11.538334645736068,11.517541992361657,11.74177500361111,12.055550499644596,12.268958002096042,False,128
A,4,static_r5_baseline_A_event_llm-only_r04_a01,173,static-173,1796.704749998753,11.530805118134479,11.501582994242199,11.621295592340175,12.272567837499082,12.44920800672844,False,128
A,4,static_r5_baseline_A_event_llm-only_r04_a01,174,static-174,1798.5510419966886,11.546704724502536,11.50604200665839,11.80585890833754,12.455869832483586,12.537124988739379,False,128
A,4,static_r5_baseline_A_event_llm-only_r04_a01,175,static-175,1798.4835419920273,11.528373031563484,11.497708997922018,11.701121495570987,12.273926422349176,12.404749999404885,False,128
A,4,static_r5_baseline_A_event_llm-only_r04_a01,176,static-176,1795.5634590034606,11.53089566931759,11.493041994981468,11.65844209754141,12.313419076963326,12.378667001030408,False,128
A,4,static_r5_baseline_A_event_llm-only_r04_a01,177,static-177,1797.8329159959685,11.536276905465593,11.507624993100762,11.843862394744061,12.156275341985747,12.253374996362254,False,128
A,4,static_r5_baseline_A_event_llm-only_r04_a01,178,static-178,1797.9913750023115,11.534177818849837,11.495875005493872,11.774124894873239,12.14884358807467,12.389083000016399,False,128
A,4,static_r5_baseline_A_event_llm-only_r04_a01,179,static-179,1795.02850001154,11.715334645673215,11.553624994121492,12.687374996312426,13.476493420312181,13.713082997128367,False,128
A,4,static_r5_baseline_A_event_llm-only_r04_a01,180,static-180,1809.7345419955673,11.526080047208486,11.510333002661355,11.644970602355897,11.895390169229358,12.437500001396984,False,128
A,4,static_r5_baseline_A_event_llm-only_r04_a01,181,static-181,1795.556791999843,11.415444551091678,11.456791995442472,11.704716799431479,12.181422495050356,12.407874994096346,False,128
A,4,static_r5_baseline_A_event_llm-only_r04_a01,182,static-182,1796.637915991596,11.544208661410188,11.518625004100613,11.704304607701488,12.119741075439379,12.421624996932223,False,128
A,4,static_r5_baseline_A_event_llm-only_r04_a01,183,static-183,1797.861416998785,11.539982283473249,11.506583003210835,11.795104395423548,12.236206585657783,12.417915990226902,False,128
A,4,static_r5_baseline_A_event_llm-only_r04_a01,184,static-184,1795.795124999131,11.512480314897088,11.484708011266775,11.68885450460948,12.174407921847887,12.447957997210324,False,128
A,4,static_r5_baseline_A_event_llm-only_r04_a01,185,static-185,1796.6892499971436,11.531237204715895,11.505999995279126,11.690045396971982,12.148592339653986,12.23654201021418,False,128
A,4,static_r5_baseline_A_event_llm-only_r04_a01,186,static-186,1797.1900830016239,11.537262141740309,11.49891699606087,11.851579289941581,12.348566412110811,12.44229098665528,False,128
A,4,static_r5_baseline_A_event_llm-only_r04_a01,187,static-187,1796.01691600692,11.52038517317324,11.491875004139729,11.723758210428059,12.085247000795789,12.151165996328928,False,128
A,4,static_r5_baseline_A_event_llm-only_r04_a01,188,static-188,1796.2950410001213,11.518634842570291,11.50454199523665,11.61897500132909,11.953912340686657,12.327375006861985,False,128
A,4,static_r5_baseline_A_event_llm-only_r04_a01,189,static-189,1797.0993329945486,11.569086291417516,11.526166999829002,12.15459990344243,12.464272159850225,12.546708006993867,False,128
A,4,static_r5_baseline_A_event_llm-only_r04_a01,190,static-190,1796.5645420044893,11.537674535340885,11.513291989103891,11.71799579897197,12.420490421645809,12.521458003902808,False,128
A,4,static_r5_baseline_A_event_llm-only_r04_a01,191,static-191,1795.763916001306,11.532347118133664,11.502207999001257,11.731591302668674,12.264957494335249,12.531415995908901,False,128
A,4,static_r5_baseline_A_event_llm-only_r04_a01,192,static-192,1798.0667919910047,11.533673228324743,11.509832998854108,11.622016900219023,12.305763734912034,12.31837501109112,False,128
A,4,static_r5_baseline_A_event_llm-only_r04_a01,193,static-193,1796.2569590017665,11.544466858219142,11.51595798728522,11.719083893694915,12.193987155042123,12.472415997763164,False,128
A,4,static_r5_baseline_A_event_llm-only_r04_a01,194,static-194,1795.6108329963172,11.545093503907161,11.506708004162647,11.807854507060254,12.315002830000594,12.453083996661007,False,128
A,4,static_r5_baseline_A_event_llm-only_r04_a01,195,static-195,1797.9782079928555,11.52978477954652,11.507417002576403,11.62779990263516,12.425660913286265,12.468417000491172,False,128
A,4,static_r5_baseline_A_event_llm-only_r04_a01,196,static-196,1795.9597500012023,11.542077433051153,11.51108399790246,11.852458197972735,12.252373085939325,12.263875003554858,False,128
A,4,static_r5_baseline_A_event_llm-only_r04_a01,197,static-197,1797.3420829948736,11.544175858299548,11.508416995638981,11.931692107464183,12.22004200273659,12.516292001237161,False,128
A,4,static_r5_baseline_A_event_llm-only_r04_a01,198,static-198,1812.8644579992397,11.68755151186593,11.565834007342346,12.25665880629094,13.772427657095248,13.932166999438778,False,128
A,4,static_r5_baseline_A_event_llm-only_r04_a01,199,static-199,1796.4467080018949,11.529063322860015,11.498833002406172,11.660696503531653,12.286426578648388,12.331624995567836,False,128
A,4,static_r5_baseline_A_event_llm-only_r04_a01,200,static-200,1797.6919170032488,11.542566598431522,11.526082991622388,11.725049902452156,11.998690420587081,12.241290998645127,False,128
A,4,static_r5_baseline_A_event_llm-only_r04_a01,201,static-201,1796.454833005555,11.542750000000352,11.507250004797243,11.844091299280988,12.287288411753252,12.383709006826393,False,128
A,4,static_r5_baseline_A_event_llm-only_r04_a01,202,static-202,1795.5772499990417,11.53834285038087,11.505667003802955,11.741899902699515,12.286774246022105,12.502874989877455,False,128
A,4,static_r5_baseline_A_event_llm-only_r04_a01,203,static-203,1797.6207089959644,11.545676834616392,11.512208002386615,11.761775201011915,12.377888577466363,12.556082991068251,False,128
A,4,static_r5_baseline_A_event_llm-only_r04_a01,204,static-204,1796.7988750024233,11.549354007918621,11.514290992636234,11.781520397926215,12.311329239455517,12.589000005391426,False,128
A,4,static_r5_baseline_A_event_llm-only_r04_a01,205,static-205,1797.2082089981996,11.534128937018691,11.507542003528215,11.689500001375563,12.33391734305769,12.503749996540137,False,128
A,4,static_r5_baseline_A_event_llm-only_r04_a01,206,static-206,1798.0741250066785,11.539858267697557,11.52004201139789,11.65114619943779,12.396898577280806,12.500999990152195,False,128
A,4,static_r5_baseline_A_event_llm-only_r04_a01,207,static-207,1795.2869580039987,11.561816275568026,11.517916005686857,11.95684190461179,12.24563800409669,12.357749990769662,False,128
A,4,static_r5_baseline_A_event_llm-only_r04_a01,208,static-208,1796.1934589984594,11.537398944982863,11.499125001137145,11.756962504296098,12.25657892297022,12.280208000447601,False,128
A,4,static_r5_baseline_A_event_llm-only_r04_a01,209,static-209,1796.6450410021935,11.527062669294653,11.507125003845431,11.665487293794286,12.1962637573597,12.27520800603088,False,128
A,4,static_r5_baseline_A_event_llm-only_r04_a01,210,static-210,1795.7454579882324,11.527372378050202,11.490832999697886,11.761562603351193,12.450234077696223,12.500625001848675,False,128
A,4,static_r5_baseline_A_event_llm-only_r04_a01,211,static-211,1796.2374170019757,11.534198157500299,11.50824999785982,11.697454199020285,12.31609076494351,12.393083001370542,False,128
A,4,static_r5_baseline_A_event_llm-only_r04_a01,212,static-212,1797.6378750026925,11.533012795266622,11.503707995871082,11.751399902277624,12.294657156744504,12.462957995012403,False,128
A,4,static_r5_baseline_A_event_llm-only_r04_a01,213,static-213,1795.9170829999493,11.523472440935942,11.485875002108514,11.946062505012378,12.210966579441447,12.333042002865113,False,128
A,4,static_r5_baseline_A_event_llm-only_r04_a01,214,static-214,1797.9367499938235,11.535130905589698,11.504416004754603,11.75000440707663,12.345266582851762,12.406750000081956,False,128
A,4,static_r5_baseline_A_event_llm-only_r04_a01,215,static-215,1796.5748339920538,11.535234574808769,11.511874996358529,11.693587392801419,12.144760342780499,12.262208008905873,False,128
A,4,static_r5_baseline_A_event_llm-only_r04_a01,216,static-216,1798.3705420047045,11.917536417352343,11.666917009279132,13.406191699323244,14.171888914133886,14.276166999479756,False,128
A,4,static_r5_baseline_A_event_llm-only_r04_a01,217,static-217,1798.8075839966768,11.523013118096246,11.494209000375122,11.731904293992557,12.202817663201131,12.316166001255624,False,128
A,4,static_r5_baseline_A_event_llm-only_r04_a01,218,static-218,1796.2518749991432,11.548123354395653,11.503999994602054,11.869424904580226,12.420080761658028,12.599291992955841,False,128
A,4,static_r5_baseline_A_event_llm-only_r04_a01,219,static-219,1797.7738750050776,11.548085299189436,11.509917007060722,11.854458902962504,12.371961916214786,12.622834008652717,False,128
A,4,static_r5_baseline_A_event_llm-only_r04_a01,220,static-220,1798.1050420057727,11.525311023633979,11.495208003907464,11.646746292535681,12.174136498651933,12.62716700148303,False,128
A,4,static_r5_baseline_A_event_llm-only_r04_a01,221,static-221,1795.4800839943346,11.534099409463963,11.507957999128848,11.758466795436107,12.225191840552725,12.420416998793371,False,128
A,4,static_r5_baseline_A_event_llm-only_r04_a01,222,static-222,1797.1415829961188,11.546834976404106,11.504458001581952,11.755866905150468,12.414849992783275,12.475792012992315,False,128
A,4,static_r5_baseline_A_event_llm-only_r04_a01,223,static-223,1796.5662919887109,11.523667976395851,11.499375003040768,11.73174979921896,12.254561999870928,12.456166004994884,False,128
A,4,static_r5_baseline_A_event_llm-only_r04_a01,224,static-224,1795.5720419995487,11.53675525201261,11.51520801067818,11.729491797450462,12.304774076328611,12.521667013061233,False,128
A,4,static_r5_baseline_A_event_llm-only_r04_a01,225,static-225,1798.1547080125893,11.538511157488657,11.498874999233522,11.856262503715698,12.200450759555679,12.459624995244667,False,128
A,4,static_r5_baseline_A_event_llm-only_r04_a01,226,static-226,1796.939249994466,11.558878275622636,11.50433300063014,12.068728607846424,12.32862250704784,12.420665996614844,False,128
A,4,static_r5_baseline_A_event_llm-only_r04_a01,227,static-227,1795.3459169948474,11.550553803131402,11.51591699454002,11.75917519140057,12.319829993648455,12.45895799365826,False,128
A,4,static_r5_baseline_A_event_llm-only_r04_a01,228,static-228,1796.6376669937745,11.538182740126311,11.519958003191277,11.675616801949218,12.18918765662238,12.204541999381036,False,128
A,4,static_r5_baseline_A_event_llm-only_r04_a01,229,static-229,1796.9381250004517,11.550187007899902,11.501875007525086,12.011279603757428,12.52085591579089,12.54716599942185,False,128
A,4,static_r5_baseline_A_event_llm-only_r04_a01,230,static-230,1795.2730000106385,11.529518047179916,11.498124993522651,11.67551259859465,12.179272921639495,12.429833004716784,False,128
A,4,static_r5_baseline_A_event_llm-only_r04_a01,231,static-231,1797.4637080042157,11.533514763811588,11.505916001624428,11.715142098546494,12.303227837837765,12.492582987761125,False,128
A,4,static_r5_baseline_A_event_llm-only_r04_a01,232,static-232,1797.1917919931002,11.538756236261651,11.52025000192225,11.708933801855892,12.033583578304388,12.334792001638561,False,128
A,4,static_r5_baseline_A_event_llm-only_r04_a01,233,static-233,1797.8596659959294,11.543108929176888,11.51854199997615,11.732637498062104,12.164985423150938,12.332875005085953,False,128
A,4,static_r5_baseline_A_event_llm-only_r04_a01,234,static-234,1797.422750008991,11.746023952668555,11.530000003403984,13.031829398823893,14.632302662357688,14.968041999964043,False,128
A,4,static_r5_baseline_A_event_llm-only_r04_a01,235,static-235,1817.0271249982761,11.529111220431698,11.505750007927418,11.72871259623207,11.996708153164946,12.47000000148546,False,128
A,4,static_r5_baseline_A_event_llm-only_r04_a01,236,static-236,1798.035665997304,11.480123692881463,11.48170800297521,11.65032509888988,12.232335001754107,12.334165992797352,False,128
A,4,static_r5_baseline_A_event_llm-only_r04_a01,237,static-237,1794.7415830130922,11.55095046450747,11.523500012117438,11.816850096511187,12.25719450158067,12.28008299949579,False,128
A,4,static_r5_baseline_A_event_llm-only_r04_a01,238,static-238,1797.17404099938,11.537150267647272,11.511165997944772,11.780900202575138,12.166872509696985,12.309792000451125,False,128
A,4,static_r5_baseline_A_event_llm-only_r04_a01,239,static-239,1796.491707995301,11.530629921325035,11.507083007018082,11.638712401327211,12.4497046644683,12.472916991100647,False,128
A,4,static_r5_baseline_A_event_llm-only_r04_a01,240,static-240,1795.8589170011692,11.532954724416628,11.514541998622008,11.662275102571584,12.048359003383666,12.162625003838912,False,128
A,4,static_r5_baseline_A_event_llm-only_r04_a01,241,static-241,1796.1150000046473,11.547647637734922,11.518915998749435,11.706087503989693,12.194749240588862,12.543792006908916,False,128
A,4,static_r5_baseline_A_event_llm-only_r04_a01,242,static-242,1797.5416669942206,11.531950456757597,11.51275000302121,11.665387693210505,12.307096080330664,12.485665996791795,False,128
A,4,static_r5_baseline_A_event_llm-only_r04_a01,243,static-243,1797.7167920034844,11.514142055158855,11.493625002913177,11.599132895935327,12.057554335333405,12.407292000716552,False,128
A,4,static_r5_baseline_A_event_llm-only_r04_a01,244,static-244,1795.8117919915821,11.54473588978835,11.52245799312368,11.76065009931335,12.05922250635922,12.47316699300427,False,128
A,4,static_r5_baseline_A_event_llm-only_r04_a01,245,static-245,1796.538792012143,11.530674543226226,11.500915992655791,11.704937600006815,12.136335160175802,12.310166988754645,False,128
A,4,static_r5_baseline_A_event_llm-only_r04_a01,246,static-246,1797.6118750084424,11.55059579526089,11.51554100215435,11.740408196055796,12.434902336390222,12.559624999994412,False,128
A,4,static_r5_baseline_A_event_llm-only_r04_a01,247,static-247,1797.6250829960918,11.53637500004073,11.516582992044277,11.69446690910263,11.943509076954797,12.313250001170672,False,128
A,4,static_r5_baseline_A_event_llm-only_r04_a01,248,static-248,1797.2156670002732,11.545684055116313,11.516625003423542,11.753174803743605,12.198460160579998,12.264584001968615,False,128
A,4,static_r5_baseline_A_event_llm-only_r04_a01,249,static-249,1796.6935000004014,11.549487204692422,11.521292006364092,11.659362699720077,12.238109660684131,12.425250009982847,False,128
A,4,static_r5_baseline_A_event_llm-only_r04_a01,250,static-250,1797.0265409967396,11.542096787442153,11.513167002703995,11.705992005590815,12.27610700763762,12.53970799734816,False,128
A,4,static_r5_baseline_A_event_llm-only_r04_a01,251,static-251,1797.0726670027943,11.535984905474217,11.517082995851524,11.681700206827372,11.952052172855474,12.4341250048019,False,128
A,4,static_r5_baseline_A_event_llm-only_r04_a01,252,static-252,1795.3562079928815,11.558520015719617,11.513833000208251,11.961254394554995,12.430980335921047,12.510458996985108,False,128
A,4,static_r5_baseline_A_event_llm-only_r04_a01,253,static-253,1811.4969580055913,11.767047244045282,11.59558299696073,13.27930880797794,13.840691253426485,13.900082994950935,False,128
A,4,static_r5_baseline_A_event_llm-only_r04_a01,254,static-254,1796.900250003091,11.543446850429444,11.520917003508657,11.650137603282928,12.075456421298439,12.230666994582862,False,128
A,4,static_r5_baseline_A_event_llm-only_r04_a01,255,static-255,1797.3415000014938,11.540978669265,11.514166006236337,11.682425094477367,12.373568259354215,12.494499998865649,False,128
A,4,static_r5_baseline_A_event_llm-only_r04_a01,256,static-256,1796.4233749953564,11.542103346460133,11.508124996908009,11.733978799020406,12.309198255243246,12.466957996366546,False,128
A,4,static_r5_baseline_A_event_llm-only_r04_a01,257,static-257,1794.6643329923972,11.544471133846834,11.51391699386295,11.767912498908116,12.190986489295028,12.373999998089857,False,128
A,4,static_r5_baseline_A_event_llm-only_r04_a01,258,static-258,1797.3987500008661,11.534643700822095,11.498834006488323,11.910633105435407,12.263343580125364,12.385166992316954,False,128
A,4,static_r5_baseline_A_event_llm-only_r04_a01,259,static-259,1797.4819160008337,11.54972342513025,11.511417003930546,11.921146295208018,12.306739336927421,12.460250000003725,False,128
A,4,static_r5_baseline_A_event_llm-only_r04_a01,260,static-260,1794.741374993464,11.541343826775835,11.506499999086373,11.658291901403572,12.169091415416913,12.339415989117697,False,128
A,4,static_r5_baseline_A_event_llm-only_r04_a01,261,static-261,1798.3092079957714,11.535557086614334,11.507209012052044,11.657208103861194,12.208648498635737,12.484290986321867,False,128
A,4,static_r5_baseline_A_event_llm-only_r04_a01,262,static-262,1798.9999169949442,11.558206692932899,11.524499990628101,11.884349999309052,12.225847842055371,12.461207996238954,False,128
A,4,static_r5_baseline_A_event_llm-only_r04_a01,263,static-263,1796.4374169969233,11.537621393694366,11.51066600868944,11.67632489814423,12.280798575666267,12.488665990531445,False,128
A,4,static_r5_baseline_A_event_llm-only_r04_a01,264,static-264,1797.8397500119172,11.52880150388457,11.498167004901916,11.777121300110592,12.163480915478429,12.502625002525747,False,128
A,4,static_r5_baseline_A_event_llm-only_r04_a01,265,static-265,1797.0720840094145,11.529317582631117,11.49854200775735,11.733945496962404,12.194949503755197,12.349707991234027,False,128
A,4,static_r5_baseline_A_event_llm-only_r04_a01,266,static-266,1796.340875007445,11.527455055043028,11.492584002553485,11.842250106565187,12.272780421481002,12.429541995516047,False,128
A,4,static_r5_baseline_A_event_llm-only_r04_a01,267,static-267,1796.2269999989076,11.534975393625768,11.514500001794659,11.775371502153574,12.048633425147273,12.321667003561743,False,128
A,4,static_r5_baseline_A_event_llm-only_r04_a01,268,static-268,1797.1805409906665,11.532694559088746,11.5002080128761,11.744583104155026,12.174115426896606,12.541290998342447,False,128
A,4,static_r5_baseline_A_event_llm-only_r04_a01,269,static-269,1797.3425839882111,11.536157480303535,11.51012499758508,11.735883800429292,11.986886423255783,12.31220900081098,False,128
A,4,static_r5_baseline_A_event_llm-only_r04_a01,270,static-270,1797.3745839990443,11.523209968499296,11.503874993650243,11.674949791631661,12.023483583470806,12.220874996273778,False,128
A,4,static_r5_baseline_A_event_llm-only_r04_a01,271,static-271,1796.4185000018915,11.89750065354678,11.700499992002733,13.06165870046243,13.640621576923875,13.86179200198967,False,128
A,4,static_r5_baseline_A_event_llm-only_r04_a01,272,static-272,1799.5772920112358,11.549872370055459,11.495500002638437,12.05931249569403,12.352190659148619,12.567790996399708,False,128
A,4,static_r5_baseline_A_event_llm-only_r04_a01,273,static-273,1797.8917919972446,11.538844157558477,11.51183299953118,11.691546201473102,12.285165421199052,12.371666001854464,False,128
A,4,static_r5_baseline_A_event_llm-only_r04_a01,274,static-274,1796.6723749996163,11.538113188961022,11.503916000947356,11.784712591907008,12.250456077454146,12.533875007648021,False,128
A,4,static_r5_baseline_A_event_llm-only_r04_a01,275,static-275,1797.895666997647,11.552756228397131,11.514000012539327,11.783679404470604,12.3837153398199,12.430874994606711,False,128
A,4,static_r5_baseline_A_event_llm-only_r04_a01,276,static-276,1795.2087500016205,11.51898851965125,11.503375004394911,11.703628905524964,12.13085000636056,12.192042006063275,False,128
A,4,static_r5_baseline_A_event_llm-only_r04_a01,277,static-277,1795.6679170019925,11.543028873935027,11.518125000293367,11.709021301066969,12.06709499558201,12.559459006297402,False,128
A,4,static_r5_baseline_A_event_llm-only_r04_a01,278,static-278,1796.9013749971054,11.538517385822955,11.502374996780418,11.82844190043397,12.39991484413622,12.444207997759804,False,128
A,4,static_r5_baseline_A_event_llm-only_r04_a01,279,static-279,1794.6404589893064,11.522194220524971,11.498374995426275,11.676808197807986,11.966638572339434,12.392167001962662,False,128
A,4,static_r5_baseline_A_event_llm-only_r04_a01,280,static-280,1795.7194579939824,11.523406165326564,11.507584000355564,11.672699889459182,12.014609844191,12.206250001327135,False,128
A,4,static_r5_baseline_A_event_llm-only_r04_a01,281,static-281,1796.1602499999572,11.549608590581828,11.507667004480027,11.894450003455857,12.413471416803077,12.48770800884813,False,128
A,4,static_r5_baseline_A_event_llm-only_r04_a01,282,static-282,1796.775124996202,11.538047566927427,11.498000007122755,11.819008205202406,12.334608152450528,12.42100000672508,False,128
A,4,static_r5_baseline_A_event_llm-only_r04_a01,283,static-283,1794.1983330092626,11.528471133815616,11.508333001984283,11.669528709899168,12.178618421894498,12.507416002335958,False,128
A,4,static_r5_baseline_A_event_llm-only_r04_a01,284,static-284,1795.8744589996058,11.527292645700445,11.497874991619028,11.7295839037979,12.183038764924277,12.250375002622604,False,128
A,4,static_r5_baseline_A_event_llm-only_r04_a01,285,static-285,1797.817834012676,11.542681425188368,11.515249992953613,11.752870699274352,12.113254496653099,12.47358400723897,False,128
A,4,static_r5_baseline_A_event_llm-only_r04_a01,286,static-286,1793.9244159933878,11.552407811088743,11.517124992678873,11.770054296357557,12.320440004987177,12.442917010048404,False,128
A,4,static_r5_baseline_A_event_llm-only_r04_a01,287,static-287,1797.5162919901777,11.531665677151562,11.503000001539476,11.76393300120253,12.041229999740608,12.499707998358645,False,128
A,4,static_r5_baseline_A_event_llm-only_r04_a01,288,static-288,1795.7180420053191,11.538795929188533,11.516375001519918,11.71969120041467,12.343730499560477,12.447041997802444,False,128
A,4,static_r5_baseline_A_event_llm-only_r04_a01,289,static-289,1795.3012499929173,11.615397637883223,11.507582996273413,12.229233696416486,14.198854414280492,14.8076250043232,False,128
A,4,static_r5_baseline_A_event_llm-only_r04_a01,290,static-290,1812.3006670066388,11.536640748033285,11.50508300634101,11.658366907795426,12.392499081324786,12.422958010574803,False,128
A,4,static_r5_baseline_A_event_llm-only_r04_a01,291,static-291,1795.57562500122,11.516279858348188,11.50133300689049,11.659887598943895,12.165644580963997,12.240541007486172,False,128
A,4,static_r5_baseline_A_event_llm-only_r04_a01,292,static-292,1796.2615829892457,11.556576118175688,11.529499999596737,11.700979500892572,12.305757338472176,12.380250002024695,False,128
A,4,static_r5_baseline_A_event_llm-only_r04_a01,293,static-293,1797.0573339989642,11.554575787387847,11.518541010445915,11.764841902186163,12.429347183206117,12.54920799692627,False,128
A,4,static_r5_baseline_A_event_llm-only_r04_a01,294,static-294,1795.5497080110945,11.540928803059808,11.509124989970587,11.784857996099161,12.29042641876731,12.398083999869414,False,128
A,4,static_r5_baseline_A_event_llm-only_r04_a01,295,static-295,1797.2369999915827,11.531400590640947,11.512874989421107,11.649762700835709,12.252316260710359,12.412791009410284,False,128
A,4,static_r5_baseline_A_event_llm-only_r04_a01,296,static-296,1797.0260000001872,11.531620078667903,11.503916000947356,11.768024996854363,12.25918407435529,12.32458399317693,False,128
A,4,static_r5_baseline_A_event_llm-only_r04_a01,297,static-297,1795.6455829989864,11.547912732266278,11.516750004375353,11.869345403101757,12.306667664088309,12.510332991951145,False,128
A,4,static_r5_baseline_A_event_llm-only_r04_a01,298,static-298,1795.7766659965273,11.536291999926636,11.505250004120171,11.677228796179406,12.302782498009035,12.493040994741023,False,128
A,4,static_r5_baseline_A_event_llm-only_r04_a01,299,static-299,1796.406499997829,11.533374015739605,11.505750007927418,11.773483103024773,12.178696424816733,12.467708991607651,False,128
