active_retrieval_worker_mean,active_retrieval_worker_p95,admitted_queries_decode,admitted_queries_prefill,application_goodput_rps,attempt,backlog_slope_tasks_s,baseline_p95_tpot_ms,baseline_p95_ttft_ms,beginning_backlog,cap_binding_fraction,completed_queries_decode,completed_queries_prefill,compressions_delta,context,decode_active_retrieval_worker_mean,decode_active_retrieval_worker_p95,decode_cap,decode_cap_applied_fraction,decode_cap_overshoot_fraction,decode_cap_overshoot_worker_max,decode_cap_overshoot_worker_mean,decode_overlap_fraction,decode_retrieval_qps,decompressions_delta,duration_s,ending_backlog,experiment_rss_after_bytes,experiment_rss_before_bytes,fan_capable,fixed_workers,gap_fraction_over_2x_isolated_median,gap_fraction_over_3x_isolated_median,headroom_after_bytes,headroom_before_bytes,host_model,inter_token_gap_count,invalid_reason,joint_slo_pass,llm_request_throughput_rps,llm_requests,max_inter_token_gap_ms,measured_physical_footprint_bytes,memory_free_percent_after,memory_free_percent_before,memory_limit_gb,model,normalized_p95_tpot,normalized_p95_ttft,output_tokens,p50_tpot_ms,p50_ttft_ms,p95_first_four_decode_gap_ms,p95_inter_token_gap_ms,p95_tpot_ms,p95_transition_gap_ms,p95_ttft_ms,p99_first_four_decode_gap_ms,p99_inter_token_gap_ms,p99_transition_gap_ms,pageins_delta,pageouts_delta,pages_occupied_by_compressor_delta,pages_stored_in_compressor_delta,peak_mlx_memory_mb,peak_resident_memory_bytes,per_request_max_gap_p50_ms,per_request_max_gap_p95_ms,per_request_max_gap_p99_ms,phase_transition_to_cap_max_ms,phase_transition_to_cap_ms,policy,policy_arg,power_clean,prefill_active_retrieval_worker_mean,prefill_active_retrieval_worker_p95,prefill_cap,prefill_cap_applied_fraction,prefill_latency_p50_ms,prefill_latency_p95_ms,prefill_retrieval_qps,preload_memory_preflight,primary_request_tpot_metric,prompt_seed,query_seed,queue_nonempty_fraction,raw_19ms_tpot_pass,repeat,resident_memory_bytes,resident_memory_preflight,resident_physical_footprint_bytes,retrieval_architecture,retrieval_latency_p50_ms,retrieval_latency_p95_ms,retrieval_qps_first_last_quarter_ratio,retrieval_qps_first_third,retrieval_qps_last_third,retrieval_qps_within_block_ratio,retrieval_qps_within_block_slope_qps_per_s,run_id,run_key,sample_count,scheduler_overhead_ms,sentinel_after,sentinel_after_deviation,sentinel_after_initial_deviation,sentinel_before,sentinel_before_deviation,sentinel_before_initial_deviation,smoke,stage,status,swap_used_delta_bytes,swapins_delta,swapouts_delta,token_log_flush_ms,token_timestamp_count,token_timestamp_logging,tokens_per_request,total_completed_retrieval_queries,total_generated_tokens,total_retrieval_goodput_qps,tpot_first_last_quarter_p95_ratio,tpot_slo_pass,tpot_within_block_drift_ratio,tpot_within_block_slope_ms_per_s,ttft_first_last_quarter_p95_ratio,ttft_origin,ttft_slo_pass,ttft_within_block_drift_ratio,ttft_within_block_slope_ms_per_s,validity,wall_clock_with_logging_s,worker_cap_changes,clean_run,hard_failure_flags,hard_validity,soft_flags,validity_mode
0.14136125654450263,0.0,0,0,2.082811726385447,1,0.0,7.601617206666666,350.0649456,16,0.9895287958115183,0,128,0,512,0.0,0.0,0,1.0,0.0,0.0,0.0,0.0,0.0,0,1.440360625012545,16,1401454592,1400881152,True,,0.022222222222222223,0.0,7641710592,7513964544,Mac mini,45,within_block_qps_drift_clean,False,2.082811726385447,3,15.86650000535883,1350077128,84,89,5.5,1.5B,1.2805921198973362,1.0068979825896627,16,7.8818361333333335,343.181,10.03977065,10.274766397196798,9.734571093333333,15.8280997,352.4796875,10.29075413,13.606054991250868,16.17208634,33,0,0,0,1529.1847534179688,1401536512,9.835375,15.2417497,15.72231634,5.989375000353903,5.522082996321842,fixed0,fixed0,True,0.1450381679389313,0.0,0,1.0,328.10924999648705,340.10460029530805,133.02956517431855,"{'compressions_delta': 0, 'decompressions_delta': 0, 'experiment_rss_after_bytes': 51462144, 'experiment_rss_before_bytes': 51396608, 'headroom_after_bytes': 8912306176, 'headroom_before_bytes': 8909799424, 'idle_seconds': 1.0, 'memory_free_percent_after': 89, 'memory_free_percent_before': 89, 'minimum_headroom_gb': 5.5, 'observed_minimum_headroom_gb': 8.297897338867188, 'pageins_delta': 13, 'pageouts_delta': 0, 'pages_occupied_by_compressor_delta': 0, 'pages_stored_in_compressor_delta': 0, 'passed': True, 'swap_used_delta_bytes': 0, 'swapins_delta': 0, 'swapouts_delta': 0}",mean,850263001,850268001,1.0,True,0,1401454592,"{'compressions_delta': 0, 'decompressions_delta': 0, 'experiment_rss_after_bytes': 1369587712, 'experiment_rss_before_bytes': 1369587712, 'headroom_after_bytes': 7495434240, 'headroom_before_bytes': 7478476800, 'idle_seconds': 1.0, 'memory_free_percent_after': 89, 'memory_free_percent_before': 82, 'minimum_headroom_gb': 5.5, 'observed_minimum_headroom_gb': 6.964874267578125, 'pageins_delta': 5, 'pageouts_delta': 0, 'pages_occupied_by_compressor_delta': 0, 'pages_stored_in_compressor_delta': 0, 'passed': True, 'swap_used_delta_bytes': 0, 'swapins_delta': 0, 'swapouts_delta': 0}",1318537664,single_index_process_thread_pool,,,0.0,177.1725531897528,140.6104876310371,0.79363583749026,-25.706472012186033,43c8cbb85bea486a8bd097e442bd91c0,static_smoke_smoke_fixed0_r00_a01,191,0.26853999588638544,"{'attempts': [{'attempt': 0, 'deviation': 6.529240602071162e-05, 'median_ms': 324.19308298267424, 'passed': True, 'ratio': 1.0000652924060207}], 'passed': True, 'reference_ms': 324.17191701824777}",6.529240602071162e-05,6.529240602071162e-05,"{'attempts': [{'attempt': 0, 'deviation': 0.0005326370789950907, 'median_ms': 324.3445830012206, 'passed': True, 'ratio': 1.000532637078995}], 'passed': True, 'reference_ms': 324.17191701824777}",0.0005326370789950907,0.0005326370789950907,True,smoke,invalid,0,0,0,0.5375829932745546,48,True,16,688,48,477.6581559177292,0.9963675215374096,False,0.9963675215374096,0.017251276563305624,0.9554255980068618,request_arrival,True,0.9554255980068618,-16.413166740616738,"{'active_worker_log_present': True, 'completion_count_sufficient': True, 'decode_admission_zero': True, 'memory_clean': True, 'policy_cap_applied': True, 'queue_saturated': True, 'request_count_exact': True, 'sentinel_clean': True, 'steady_duration_sufficient': True, 'token_count_exact': True, 'token_timestamps_valid': True, 'within_block_drift_clean': True, 'within_block_qps_drift_clean': False}",1.4408982080058195,7,,,,,
1.0,1.0,288,976,2.1119425772218863,1,0.0,7.601617206666666,350.0649456,16,1.0,288,976,0,512,1.0,1.0,1,1.0,0.0,0.0,0.0,1.0,738.1102282520179,0,1.4204931669810321,16,1402634240,1402208256,True,1,0.0,0.0,7636811776,7512752128,Mac mini,45,within_block_qps_drift_clean,False,2.1119425772218863,3,11.441499984357506,1351240344,84,89,5.5,1.5B,1.1133902356870498,1.007290052694725,16,8.412513933333333,335.698625,8.64227935,8.897441206499934,8.463566373333332,12.423086900000001,352.6169375,8.65925587,11.035984995542096,12.66015018,33,0,0,0,1529.1847534179688,1402699776,10.473666,11.3238294,11.39939948,6.1431249778252095,1.634208980249241,fixed1,fixed,True,1.0,1.0,1,1.0,325.8954159973655,340.11076660244726,1024.7445357076465,"{'compressions_delta': 0, 'decompressions_delta': 0, 'experiment_rss_after_bytes': 51773440, 'experiment_rss_before_bytes': 51609600, 'headroom_after_bytes': 8897642496, 'headroom_before_bytes': 8891514880, 'idle_seconds': 1.0, 'memory_free_percent_after': 89, 'memory_free_percent_before': 89, 'minimum_headroom_gb': 5.5, 'observed_minimum_headroom_gb': 8.280868530273438, 'pageins_delta': 4, 'pageouts_delta': 0, 'pages_occupied_by_compressor_delta': 0, 'pages_stored_in_compressor_delta': 0, 'passed': True, 'swap_used_delta_bytes': 0, 'swapins_delta': 0, 'swapouts_delta': 0}",mean,850263001,850268001,1.0,True,0,1402634240,"{'compressions_delta': 0, 'decompressions_delta': 0, 'experiment_rss_after_bytes': 1371340800, 'experiment_rss_before_bytes': 1371340800, 'headroom_after_bytes': 7499464704, 'headroom_before_bytes': 7481737216, 'idle_seconds': 1.0, 'memory_free_percent_after': 89, 'memory_free_percent_before': 82, 'minimum_headroom_gb': 5.5, 'observed_minimum_headroom_gb': 6.9679107666015625, 'pageins_delta': 5, 'pageouts_delta': 0, 'pages_occupied_by_compressor_delta': 0, 'pages_stored_in_compressor_delta': 0, 'passed': True, 'swap_used_delta_bytes': 0, 'swapins_delta': 0, 'swapouts_delta': 0}",1320257936,single_index_process_thread_pool,,,0.8809718816634706,982.8752806046526,975.044678209586,0.9920329643551017,-5.540888755964843,db879f0284ca4fc196a6f96d4b44df4e,static_smoke_smoke_fixed1_r00_a01,191,0.0546669471077621,"{'attempts': [{'attempt': 0, 'deviation': 0.0012305691473566416, 'median_ms': 324.5708329777699, 'passed': True, 'ratio': 1.0012305691473566}], 'passed': True, 'reference_ms': 324.17191701824777}",0.0012305691473566416,0.0012305691473566416,"{'attempts': [{'attempt': 0, 'deviation': 0.001260260229700716, 'median_ms': 324.58045799285173, 'passed': True, 'ratio': 1.0012602602297007}], 'passed': True, 'reference_ms': 324.17191701824777}",0.001260260229700716,0.001260260229700716,True,smoke,invalid,0,0,0,0.5746250099036843,48,True,16,1488,48,1047.5235183020554,0.9990265771446886,False,0.9990265771446886,-0.008757338449359236,0.9467260052454641,request_arrival,True,0.9467260052454641,-20.220384696438867,"{'active_worker_log_present': True, 'completion_count_sufficient': True, 'decode_admission_zero': True, 'memory_clean': True, 'policy_cap_applied': True, 'queue_saturated': True, 'request_count_exact': True, 'sentinel_clean': True, 'steady_duration_sufficient': True, 'token_count_exact': True, 'token_timestamps_valid': True, 'within_block_drift_clean': True, 'within_block_qps_drift_clean': False}",1.4210677919909358,1,,,,,
2.0,2.0,624,1888,2.0594030809820314,1,0.0,7.601617206666666,350.0649456,16,1.0,624,1888,0,512,2.0,2.0,2,1.0,0.0,0.0,0.0,1.0,1539.0632833702878,0,1.4567327919939999,16,1395015680,1394442240,True,2,0.0,0.0,7642660864,7521435648,Mac mini,45,within_block_qps_drift_clean,False,2.0594030809820314,3,12.017000000923872,1343523480,84,89,5.5,1.5B,1.200449787447466,1.0104713078132324,16,9.0914972,340.601459,9.1643227,9.749208390712736,9.12535976,12.872582999999999,353.7305834,9.325198140000001,11.641551967477428,13.105383,35,0,0,0,1529.1847534179688,1395097600,11.14475,11.9013881,11.96864482,19.52370800427161,3.097875014645979,fixed2,fixed,True,2.0,2.0,2,1.0,327.52737498958595,340.3862743987702,1978.9333054518006,"{'compressions_delta': 0, 'decompressions_delta': 0, 'experiment_rss_after_bytes': 51544064, 'experiment_rss_before_bytes': 51478528, 'headroom_after_bytes': 8902475776, 'headroom_before_bytes': 8901148672, 'idle_seconds': 1.0, 'memory_free_percent_after': 89, 'memory_free_percent_before': 89, 'minimum_headroom_gb': 5.5, 'observed_minimum_headroom_gb': 8.289840698242188, 'pageins_delta': 4, 'pageouts_delta': 0, 'pages_occupied_by_compressor_delta': 0, 'pages_stored_in_compressor_delta': 0, 'passed': True, 'swap_used_delta_bytes': 0, 'swapins_delta': 0, 'swapouts_delta': 0}",mean,850263001,850268001,1.0,True,0,1395015680,"{'compressions_delta': 0, 'decompressions_delta': 0, 'experiment_rss_after_bytes': 1369833472, 'experiment_rss_before_bytes': 1369833472, 'headroom_after_bytes': 7500791808, 'headroom_before_bytes': 7484276736, 'idle_seconds': 1.0, 'memory_free_percent_after': 89, 'memory_free_percent_before': 82, 'minimum_headroom_gb': 5.5, 'observed_minimum_headroom_gb': 6.97027587890625, 'pageins_delta': 5, 'pageouts_delta': 0, 'pages_occupied_by_compressor_delta': 0, 'pages_stored_in_compressor_delta': 0, 'passed': True, 'swap_used_delta_bytes': 0, 'swapins_delta': 0, 'swapouts_delta': 0}",1319209384,single_index_process_thread_pool,,,0.8797737344557428,1911.6554502812953,1808.665382458246,0.9461251933198033,-71.23650130279074,06bde838a21b4732a8081434f772ed2b,static_smoke_smoke_fixed2_r00_a01,205,0.05866703577339649,"{'attempts': [{'attempt': 0, 'deviation': 0.0008138674614559527, 'median_ms': 324.4357499934267, 'passed': True, 'ratio': 1.000813867461456}], 'passed': True, 'reference_ms': 324.17191701824777}",0.0008138674614559527,0.0008138674614559527,"{'attempts': [{'attempt': 0, 'deviation': 0.0009983128501429572, 'median_ms': 324.4955420086626, 'passed': True, 'ratio': 1.000998312850143}], 'passed': True, 'reference_ms': 324.17191701824777}",0.0009983128501429572,0.0009983128501429572,True,smoke,invalid,0,0,0,0.39962498703971505,48,True,16,2864,48,1966.0434746441792,0.9958785669018753,False,0.9958785669018753,-0.03803134030819758,0.9589291881267563,request_arrival,True,0.9589291881267563,-15.184994975182864,"{'active_worker_log_present': True, 'completion_count_sufficient': True, 'decode_admission_zero': True, 'memory_clean': True, 'policy_cap_applied': True, 'queue_saturated': True, 'request_count_exact': True, 'sentinel_clean': True, 'steady_duration_sufficient': True, 'token_count_exact': True, 'token_timestamps_valid': True, 'within_block_drift_clean': True, 'within_block_qps_drift_clean': False}",1.4571324169810396,1,,,,,
3.994475138121547,4.0,1088,3312,1.9985652526611832,1,0.0,7.601617206666666,350.0649456,16,0.0,1088,3312,0,512,4.0,4.0,4,1.0,0.0,0.0,0.0,1.0,2313.3571244590403,0,1.50107683299575,16,1401552896,1401077760,True,4,0.0,0.0,7662469120,7553482752,Mac mini,45,within_block_qps_drift_clean,False,1.9985652526611832,3,13.056915980996564,1350060720,84,89,5.5,1.5B,1.2963052990914397,1.0298573074264425,16,9.716316666666668,341.124042,9.7659311,10.451908397953957,9.854016666666666,14.2897795,360.51694230000004,9.81035262,11.996901438105857,14.3292895,33,0,0,0,1529.1847534179688,1401634816,10.638042,12.8109048,13.00404816,7.790958014084026,7.523957989178598,fixed4,fixed,True,3.9917355371900825,4.0,4,1.0,327.5459169817623,346.1608041950967,3413.9169462529553,"{'compressions_delta': 0, 'decompressions_delta': 0, 'experiment_rss_after_bytes': 51576832, 'experiment_rss_before_bytes': 51511296, 'headroom_after_bytes': 8920481792, 'headroom_before_bytes': 8920825856, 'idle_seconds': 1.0, 'memory_free_percent_after': 89, 'memory_free_percent_before': 89, 'minimum_headroom_gb': 5.5, 'observed_minimum_headroom_gb': 8.307846069335938, 'pageins_delta': 4, 'pageouts_delta': 0, 'pages_occupied_by_compressor_delta': 0, 'pages_stored_in_compressor_delta': 0, 'passed': True, 'swap_used_delta_bytes': 0, 'swapins_delta': 0, 'swapouts_delta': 0}",mean,850263001,850268001,1.0,True,0,1401552896,"{'compressions_delta': 0, 'decompressions_delta': 0, 'experiment_rss_after_bytes': 1369948160, 'experiment_rss_before_bytes': 1369948160, 'headroom_after_bytes': 7534723072, 'headroom_before_bytes': 7501086720, 'idle_seconds': 1.0, 'memory_free_percent_after': 89, 'memory_free_percent_before': 82, 'minimum_headroom_gb': 5.5, 'observed_minimum_headroom_gb': 6.985931396484375, 'pageins_delta': 5, 'pageouts_delta': 0, 'pages_occupied_by_compressor_delta': 0, 'pages_stored_in_compressor_delta': 0, 'passed': True, 'swap_used_delta_bytes': 0, 'swapins_delta': 0, 'swapouts_delta': 0}",1319389608,single_index_process_thread_pool,,,0.814698765791166,3345.918959466324,3104.8639740485005,0.9279555218347931,-161.33867531357745,3726c54ebf9143878e493fa0d51d441d,static_smoke_smoke_fixed4_r00_a01,181,0.09095796849578619,"{'attempts': [{'attempt': 0, 'deviation': 0.0013689988483962523, 'median_ms': 324.61570799932815, 'passed': True, 'ratio': 1.0013689988483963}], 'passed': True, 'reference_ms': 324.17191701824777}",0.0013689988483962523,0.0013689988483962523,"{'attempts': [{'attempt': 0, 'deviation': 0.0016522868757524733, 'median_ms': 324.7075420222245, 'passed': True, 'ratio': 1.0016522868757525}], 'passed': True, 'reference_ms': 324.17191701824777}",0.0016522868757524733,0.0016522868757524733,True,smoke,invalid,0,0,0,0.49258299986831844,48,True,16,5280,48,3517.4748446836825,0.9715608476777352,False,0.9715608476777352,-0.2861469971479029,0.9405863030799569,request_arrival,True,0.9405863030799569,-21.96099103602447,"{'active_worker_log_present': True, 'completion_count_sufficient': True, 'decode_admission_zero': True, 'memory_clean': True, 'policy_cap_applied': True, 'queue_saturated': True, 'request_count_exact': True, 'sentinel_clean': True, 'steady_duration_sufficient': True, 'token_count_exact': True, 'token_timestamps_valid': True, 'within_block_drift_clean': True, 'within_block_qps_drift_clean': False}",1.5015694159956183,1,,,,,
2.837078651685393,4.0,0,3328,2.0957272313198505,1,0.0,7.601617206666666,350.0649456,16,0.3089887640449438,128,3328,0,512,0.23636363636363636,1.8999999999999915,0,1.0,0.07272727272727272,4.0,3.25,0.07272727272727272,365.88655657869356,0,1.431484000000637,16,1401683968,1401274368,True,,0.0,0.0,7660240896,7548223488,Mac mini,45,within_block_qps_drift_clean,True,2.0957272313198505,3,9.481332992436364,1350306480,84,89,5.5,1.5B,1.0489636011935606,1.0314344424893482,16,7.9595472,347.738917,9.0093939,8.4489414060954,7.9738197600000005,14.832683,361.06904199999997,9.39661238,9.09603994805366,14.835303,31,0,0,0,1529.1847534179688,1401765888,8.613375,9.4054128,9.47581616,24.270499998237938,24.103625008137897,phasegate4to0,phasegate,True,4.0,4.0,4,1.0,333.2453749899287,346.1546006030403,3460.3366836709597,"{'compressions_delta': 0, 'decompressions_delta': 0, 'experiment_rss_after_bytes': 51707904, 'experiment_rss_before_bytes': 51642368, 'headroom_after_bytes': 8926134272, 'headroom_before_bytes': 8926871552, 'idle_seconds': 1.0, 'memory_free_percent_after': 89, 'memory_free_percent_before': 89, 'minimum_headroom_gb': 5.5, 'observed_minimum_headroom_gb': 8.3131103515625, 'pageins_delta': 4, 'pageouts_delta': 0, 'pages_occupied_by_compressor_delta': 0, 'pages_stored_in_compressor_delta': 0, 'passed': True, 'swap_used_delta_bytes': 0, 'swapins_delta': 0, 'swapouts_delta': 0}",mean,850263001,850268001,1.0,True,0,1401683968,"{'compressions_delta': 0, 'decompressions_delta': 0, 'experiment_rss_after_bytes': 1370259456, 'experiment_rss_before_bytes': 1370259456, 'headroom_after_bytes': 7531053056, 'headroom_before_bytes': 7515095040, 'idle_seconds': 1.0, 'memory_free_percent_after': 89, 'memory_free_percent_before': 82, 'minimum_headroom_gb': 5.5, 'observed_minimum_headroom_gb': 6.9989776611328125, 'pageins_delta': 5, 'pageouts_delta': 0, 'pages_occupied_by_compressor_delta': 0, 'pages_stored_in_compressor_delta': 0, 'passed': True, 'swap_used_delta_bytes': 0, 'swapins_delta': 0, 'swapouts_delta': 0}",1319700904,single_index_process_thread_pool,,,0.6632411881103903,2770.3464440965117,2542.692295006666,0.9178246642852316,-160.17806007865846,bb59aa798824452e8ca47ae44f11f905,static_smoke_smoke_phasegate4to0_r00_a01,178,0.23799901828169823,"{'attempts': [{'attempt': 0, 'deviation': 0.0003507644871036941, 'median_ms': 324.2856250144541, 'passed': True, 'ratio': 1.0003507644871037}], 'passed': True, 'reference_ms': 324.17191701824777}",0.0003507644871036941,0.0003507644871036941,"{'attempts': [{'attempt': 0, 'deviation': 0.00020796371590336982, 'median_ms': 324.2393330147024, 'passed': True, 'ratio': 1.0002079637159034}], 'passed': True, 'reference_ms': 324.17191701824777}",0.00020796371590336982,0.00020796371590336982,True,smoke,invalid,0,0,0,0.43454201659187675,48,True,16,4176,48,2917.252305997232,1.0095038402357817,True,1.0095038402357817,0.07959216362823146,0.9533255379799619,request_arrival,True,0.9533255379799619,-17.939377303266706,"{'active_worker_log_present': True, 'completion_count_sufficient': True, 'decode_admission_zero': True, 'memory_clean': True, 'policy_cap_applied': True, 'queue_saturated': True, 'request_count_exact': True, 'sentinel_clean': True, 'steady_duration_sufficient': True, 'token_count_exact': True, 'token_timestamps_valid': True, 'within_block_drift_clean': True, 'within_block_qps_drift_clean': False}",1.431918542017229,7,,,,,
3.0718232044198897,4.0,288,3264,2.090765958407914,1,0.0,7.601617206666666,350.0649456,16,0.3259668508287293,400,3280,0,512,1.1864406779661016,3.0,1,1.0,0.0847457627118644,3.0,2.2,1.0,972.7624496176948,0,1.4348808329959866,16,1401946112,1401290752,True,,0.0,0.0,7666286592,7541800960,Mac mini,45,within_block_qps_drift_clean,False,2.090765958407914,3,9.838416008278728,1350568648,84,89,5.5,1.5B,1.1015175419062868,1.0200457580463322,16,8.2326972,342.72475,8.875316699999999,8.843883615918458,8.3733147,13.2024506,357.0822628,8.99352974,9.47801948292181,13.38025732,33,0,0,0,1529.1847534179688,1401995264,8.754417,9.717567299999999,9.803180659999999,22.010458022123203,20.473790995310992,phasegate4to1,phasegate,True,3.9834710743801653,4.0,4,1.0,331.2443750037346,343.7396753113717,3370.7570711777353,"{'compressions_delta': 0, 'decompressions_delta': 0, 'experiment_rss_after_bytes': 51642368, 'experiment_rss_before_bytes': 51576832, 'headroom_after_bytes': 8926904320, 'headroom_before_bytes': 8923611136, 'idle_seconds': 1.0, 'memory_free_percent_after': 89, 'memory_free_percent_before': 89, 'minimum_headroom_gb': 5.5, 'observed_minimum_headroom_gb': 8.310760498046875, 'pageins_delta': 4, 'pageouts_delta': 0, 'pages_occupied_by_compressor_delta': 0, 'pages_stored_in_compressor_delta': 0, 'passed': True, 'swap_used_delta_bytes': 0, 'swapins_delta': 0, 'swapouts_delta': 0}",mean,850263001,850268001,1.0,True,0,1401946112,"{'compressions_delta': 0, 'decompressions_delta': 0, 'experiment_rss_after_bytes': 1370177536, 'experiment_rss_before_bytes': 1370177536, 'headroom_after_bytes': 7530102784, 'headroom_before_bytes': 7512244224, 'idle_seconds': 1.0, 'memory_free_percent_after': 89, 'memory_free_percent_before': 82, 'minimum_headroom_gb': 5.5, 'observed_minimum_headroom_gb': 6.9963226318359375, 'pageins_delta': 5, 'pageouts_delta': 0, 'pages_occupied_by_compressor_delta': 0, 'pages_stored_in_compressor_delta': 0, 'passed': True, 'swap_used_delta_bytes': 0, 'swapins_delta': 0, 'swapouts_delta': 0}",1319111080,single_index_process_thread_pool,,,0.6809521482315634,3008.09710877089,2689.1437136188806,0.8939683847898335,-223.30699783393973,fee2f61b7ce34911b081903ed87abb60,static_smoke_smoke_phasegate4to1_r00_a01,181,0.3234169853385538,"{'attempts': [{'attempt': 0, 'deviation': 0.00012647607611793177, 'median_ms': 324.21291701029986, 'passed': True, 'ratio': 1.000126476076118}], 'passed': True, 'reference_ms': 324.17191701824777}",0.00012647607611793177,0.00012647607611793177,"{'attempts': [{'attempt': 0, 'deviation': 0.0014085859107666465, 'median_ms': 324.6285410132259, 'passed': True, 'ratio': 1.0014085859107666}], 'passed': True, 'reference_ms': 324.17191701824777}",0.0014085859107666465,0.0014085859107666465,True,smoke,invalid,0,0,0,0.6615419988520443,48,True,16,4448,48,3099.908994332801,0.9813752765218625,False,0.9813752765218625,-0.16582975424481233,0.9555233039932005,request_arrival,True,0.9555233039932005,-16.916674213376066,"{'active_worker_log_present': True, 'completion_count_sufficient': True, 'decode_admission_zero': True, 'memory_clean': True, 'policy_cap_applied': True, 'queue_saturated': True, 'request_count_exact': True, 'sentinel_clean': True, 'steady_duration_sufficient': True, 'token_count_exact': True, 'token_timestamps_valid': True, 'within_block_drift_clean': True, 'within_block_qps_drift_clean': False}",1.4355423749948386,7,,,,,
3.35,4.0,608,3184,2.052039376559735,1,0.0,7.601617206666666,350.0649456,16,0.3277777777777778,624,3184,0,512,2.016949152542373,2.0,2,1.0,0.01694915254237288,1.0,1.0,1.0,1453.2648132098886,0,1.4619602500170004,16,1401634816,1401044992,True,,0.0,0.0,7666139136,7539310592,Mac mini,45,within_block_qps_drift_clean,False,2.052039376559735,3,10.128708992851898,1350240968,84,89,5.5,1.5B,1.1718482656805815,1.016647685160282,16,8.8357944,345.166666,9.022281249999999,9.005083795636892,8.907941939999999,13.7968453,355.89271659999997,9.030256249999999,9.646248559001835,13.80260186,31,0,0,0,1529.1847534179688,1401683968,9.03225,10.0104375,10.0973875,17.760374990757555,15.675125003326684,phasegate4to2,phasegate,True,4.0,4.0,4,1.0,331.1107909830753,342.02726718212944,3297.550464361649,"{'compressions_delta': 0, 'decompressions_delta': 0, 'experiment_rss_after_bytes': 51609600, 'experiment_rss_before_bytes': 51544064, 'headroom_after_bytes': 8929935360, 'headroom_before_bytes': 8929787904, 'idle_seconds': 1.0, 'memory_free_percent_after': 89, 'memory_free_percent_before': 89, 'minimum_headroom_gb': 5.5, 'observed_minimum_headroom_gb': 8.316513061523438, 'pageins_delta': 4, 'pageouts_delta': 0, 'pages_occupied_by_compressor_delta': 0, 'pages_stored_in_compressor_delta': 0, 'passed': True, 'swap_used_delta_bytes': 0, 'swapins_delta': 0, 'swapouts_delta': 0}",mean,850263001,850268001,1.0,True,0,1401634816,"{'compressions_delta': 0, 'decompressions_delta': 0, 'experiment_rss_after_bytes': 1369882624, 'experiment_rss_before_bytes': 1369882624, 'headroom_after_bytes': 7529644032, 'headroom_before_bytes': 7511867392, 'idle_seconds': 1.0, 'memory_free_percent_after': 89, 'memory_free_percent_before': 82, 'minimum_headroom_gb': 5.5, 'observed_minimum_headroom_gb': 6.9959716796875, 'pageins_delta': 5, 'pageouts_delta': 0, 'pages_occupied_by_compressor_delta': 0, 'pages_stored_in_compressor_delta': 0, 'passed': True, 'swap_used_delta_bytes': 0, 'swapins_delta': 0, 'swapouts_delta': 0}",1320487360,single_index_process_thread_pool,,,0.7976911793914896,3032.6363797600875,3021.9858571130844,0.9964880317607198,-7.390422730358506,cd5702b7ac2442c5952a22965af149a3,static_smoke_smoke_phasegate4to2_r00_a01,180,0.2617909631226212,"{'attempts': [{'attempt': 0, 'deviation': 0.0010328870122835454, 'median_ms': 324.506749981083, 'passed': True, 'ratio': 1.0010328870122835}], 'passed': True, 'reference_ms': 324.17191701824777}",0.0010328870122835454,0.0010328870122835454,"{'attempts': [{'attempt': 0, 'deviation': 0.0018597353499762992, 'median_ms': 324.7747909917962, 'passed': True, 'ratio': 1.0018597353499763}], 'passed': True, 'reference_ms': 324.17191701824777}",0.0018597353499762992,0.0018597353499762992,True,smoke,invalid,0,0,0,0.42225001379847527,48,True,16,4736,48,3239.4861624623018,0.9943638344504712,False,0.9943638344504712,-0.051361538341387084,0.9592007185974188,request_arrival,True,0.9592007185974188,-15.086981920833615,"{'active_worker_log_present': True, 'completion_count_sufficient': True, 'decode_admission_zero': True, 'memory_clean': True, 'policy_cap_applied': True, 'queue_saturated': True, 'request_count_exact': True, 'sentinel_clean': True, 'steady_duration_sufficient': True, 'token_count_exact': True, 'token_timestamps_valid': True, 'within_block_drift_clean': True, 'within_block_qps_drift_clean': False}",1.4623825000307988,7,,,,,
0.1746031746031746,0.0,0,0,2.0860900984975546,2,0.0,7.601617206666666,350.0649456,16,0.9788359788359788,0,160,0,512,0.0,0.0,0,1.0,0.0,0.0,0.0,0.0,0.0,0,1.4380970420024823,16,1402290176,1401683968,True,,0.0,0.0,7670628352,7380271104,Mac mini,45,,False,2.0860900984975546,3,13.156999979401007,1350863560,84,89,5.5,1.5B,1.253760005828093,1.0286383413306837,16,7.952311133333334,337.120875,8.890991549999999,10.31079221284017,9.530603633333332,14.621020799999998,360.09022500000003,9.14113111,12.891093033831568,15.046104159999999,93,2,0,0,1529.1847534179688,1402355712,8.90075,12.7086878,13.047171160000001,6.306291004875675,4.4343339977785945,fixed0,fixed0,True,0.12878787878787878,0.0,0,1.0,327.6880419871304,345.4001166886883,167.109964840317,"{'compressions_delta': 0, 'decompressions_delta': 0, 'experiment_rss_after_bytes': 51920896, 'experiment_rss_before_bytes': 51855360, 'headroom_after_bytes': 8759787520, 'headroom_before_bytes': 8758067200, 'idle_seconds': 1.0, 'memory_free_percent_after': 89, 'memory_free_percent_before': 89, 'minimum_headroom_gb': 5.5, 'observed_minimum_headroom_gb': 8.156585693359375, 'pageins_delta': 4, 'pageouts_delta': 0, 'pages_occupied_by_compressor_delta': 0, 'pages_stored_in_compressor_delta': 0, 'passed': True, 'swap_used_delta_bytes': 0, 'swapins_delta': 0, 'swapouts_delta': 0}",mean,850263001,850268001,1.0,True,0,1402290176,"{'compressions_delta': 0, 'decompressions_delta': 0, 'experiment_rss_after_bytes': 1370406912, 'experiment_rss_before_bytes': 1370406912, 'headroom_after_bytes': 7367426048, 'headroom_before_bytes': 7352958976, 'idle_seconds': 1.0, 'memory_free_percent_after': 89, 'memory_free_percent_before': 82, 'minimum_headroom_gb': 5.5, 'observed_minimum_headroom_gb': 6.8479766845703125, 'pageins_delta': 5, 'pageouts_delta': 0, 'pages_occupied_by_compressor_delta': 0, 'pages_stored_in_compressor_delta': 0, 'passed': True, 'swap_used_delta_bytes': 0, 'swapins_delta': 0, 'swapouts_delta': 0}",1319832000,single_index_process_thread_pool,,,0.0,201.60799894041065,138.97518289405005,0.6893336753723099,-43.883312420568544,8eb5b7f76bf9486b91cc5a50eac43c05,static_smoke_smoke_fixed0_r00_a02,189,0.18829401233233511,"{'attempts': [{'attempt': 0, 'deviation': 0.0011886685699415978, 'median_ms': 324.5572499872651, 'passed': True, 'ratio': 1.0011886685699416}], 'passed': True, 'reference_ms': 324.17191701824777}",0.0011886685699415978,0.0011886685699415978,"{'attempts': [{'attempt': 0, 'deviation': 0.000993685640495956, 'median_ms': 324.49404199724086, 'passed': True, 'ratio': 1.000993685640496}], 'passed': True, 'reference_ms': 324.17191701824777}",0.000993685640495956,0.000993685640495956,True,smoke,valid,0,0,0,0.7507090049330145,48,True,16,736,48,511.78743749806665,0.8193216721569192,False,0.8193216721569192,-1.8995098319056511,0.9274326393874956,request_arrival,True,0.9274326393874956,-28.499216731997304,"{'active_worker_log_present': True, 'completion_count_sufficient': True, 'decode_admission_zero': True, 'memory_clean': False, 'policy_cap_applied': True, 'queue_saturated': True, 'request_count_exact': True, 'sentinel_clean': True, 'steady_duration_sufficient': True, 'token_count_exact': True, 'token_timestamps_valid': True, 'within_block_drift_clean': True, 'within_block_qps_drift_clean': False}",1.4388477510074154,7,False,[],"{'active_worker_log_present': True, 'decode_admission_zero': True, 'memory_hard_clean': True, 'policy_cap_applied': True, 'request_count_exact': True, 'token_count_exact': True, 'token_timestamps_valid': True}","['memory_clean', 'within_block_qps_drift_clean']",hard_failures_only
1.0,1.0,304,1024,2.116493507104522,2,0.0,7.601617206666666,350.0649456,16,1.0,304,1024,0,512,1.0,1.0,1,1.0,0.0,0.0,0.0,1.0,797.4376188508262,0,1.4174387920065783,16,1382973440,1382481920,True,1,0.0,0.0,7650525184,7527219200,Mac mini,45,,False,2.116493507104522,3,9.622541983844712,1359121072,84,89,5.5,1.5B,1.1140388152194434,1.0110148029628934,16,8.297816666666668,335.749167,8.66657295,8.699758385773748,8.468496626666667,12.378484,353.920842,8.70278099,9.390221559442582,12.603864,53,0,0,0,1529.1847534179688,1383071744,8.693333,9.522158300000001,9.59583166,7.364749995758757,4.220583010464907,fixed1,fixed,True,1.0,1.0,1,1.0,325.86187502602115,341.44421219825745,1053.251560567353,"{'compressions_delta': 0, 'decompressions_delta': 0, 'experiment_rss_after_bytes': 51822592, 'experiment_rss_before_bytes': 51757056, 'headroom_after_bytes': 8904900608, 'headroom_before_bytes': 8906014720, 'idle_seconds': 1.0, 'memory_free_percent_after': 89, 'memory_free_percent_before': 89, 'minimum_headroom_gb': 5.5, 'observed_minimum_headroom_gb': 8.2933349609375, 'pageins_delta': 4, 'pageouts_delta': 0, 'pages_occupied_by_compressor_delta': 0, 'pages_stored_in_compressor_delta': 0, 'passed': True, 'swap_used_delta_bytes': 0, 'swapins_delta': 0, 'swapouts_delta': 0}",mean,850263001,850268001,1.0,True,0,1382973440,"{'compressions_delta': 0, 'decompressions_delta': 0, 'experiment_rss_after_bytes': 1370439680, 'experiment_rss_before_bytes': 1370439680, 'headroom_after_bytes': 7502839808, 'headroom_before_bytes': 7484588032, 'idle_seconds': 1.0, 'memory_free_percent_after': 89, 'memory_free_percent_before': 82, 'minimum_headroom_gb': 5.5, 'observed_minimum_headroom_gb': 6.9705657958984375, 'pageins_delta': 5, 'pageouts_delta': 0, 'pages_occupied_by_compressor_delta': 0, 'pages_stored_in_compressor_delta': 0, 'passed': True, 'swap_used_delta_bytes': 0, 'swapins_delta': 0, 'swapouts_delta': 0}",1319897536,single_index_process_thread_pool,,,0.8718160895248555,1023.8924802364693,982.9397814869307,0.9600029304443367,-29.065094489417998,75d6691160f74a4195986e3c4ee386d3,static_smoke_smoke_fixed1_r00_a02,195,0.22575102047994733,"{'attempts': [{'attempt': 0, 'deviation': -6.413892543200017e-05, 'median_ms': 324.151124979835, 'passed': True, 'ratio': 0.999935861074568}], 'passed': True, 'reference_ms': 324.17191701824777}",-6.413892543200017e-05,-6.413892543200017e-05,"{'attempts': [{'attempt': 0, 'deviation': 0.0005267266581046037, 'median_ms': 324.34266700875014, 'passed': True, 'ratio': 1.0005267266581046}], 'passed': True, 'reference_ms': 324.17191701824777}",0.0005267266581046037,0.0005267266581046037,True,smoke,valid,0,0,0,0.5462499975692481,48,True,16,1488,48,1049.780779523843,0.977655932850779,False,0.977655932850779,-0.20388507374143675,0.9432748364662905,request_arrival,True,0.9432748364662905,-21.732674212601392,"{'active_worker_log_present': True, 'completion_count_sufficient': True, 'decode_admission_zero': True, 'memory_clean': True, 'policy_cap_applied': True, 'queue_saturated': True, 'request_count_exact': True, 'sentinel_clean': True, 'steady_duration_sufficient': True, 'token_count_exact': True, 'token_timestamps_valid': True, 'within_block_drift_clean': True, 'within_block_qps_drift_clean': False}",1.4179850420041475,1,False,[],"{'active_worker_log_present': True, 'decode_admission_zero': True, 'memory_hard_clean': True, 'policy_cap_applied': True, 'request_count_exact': True, 'token_count_exact': True, 'token_timestamps_valid': True}",['within_block_qps_drift_clean'],hard_failures_only
2.0,2.0,608,1888,2.0610701374654856,2,0.0,7.601617206666666,350.0649456,16,1.0,608,1888,0,512,2.0,2.0,2,1.0,0.0,0.0,0.0,1.0,1482.8861438914814,0,1.4555545420153067,16,1401946112,1401470976,True,2,0.0,0.0,7640875008,7500398592,Mac mini,45,,False,2.0610701374654856,3,11.760749999666587,1350453936,84,89,5.5,1.5B,1.1980824525969882,1.0122088319716636,16,9.040641666666666,336.779791,10.716200149999999,10.817033197963607,9.107364186666667,12.7451625,354.33882969999996,11.456573630000001,11.714018480852246,12.973032499999999,37,0,0,0,1529.1847534179688,1402028032,11.641667,11.735229200000001,11.743545840000001,7.1732499927747995,7.0429579936899245,fixed2,fixed,True,2.0,2.0,2,1.0,326.6588340047747,341.48442060977686,1963.3929829397036,"{'compressions_delta': 0, 'decompressions_delta': 0, 'experiment_rss_after_bytes': 51789824, 'experiment_rss_before_bytes': 51724288, 'headroom_after_bytes': 8869740544, 'headroom_before_bytes': 8870445056, 'idle_seconds': 1.0, 'memory_free_percent_after': 89, 'memory_free_percent_before': 89, 'minimum_headroom_gb': 5.5, 'observed_minimum_headroom_gb': 8.260589599609375, 'pageins_delta': 4, 'pageouts_delta': 0, 'pages_occupied_by_compressor_delta': 0, 'pages_stored_in_compressor_delta': 0, 'passed': True, 'swap_used_delta_bytes': 0, 'swapins_delta': 0, 'swapouts_delta': 0}",mean,850263001,850268001,1.0,True,0,1401946112,"{'compressions_delta': 0, 'decompressions_delta': 0, 'experiment_rss_after_bytes': 1370488832, 'experiment_rss_before_bytes': 1370472448, 'headroom_after_bytes': 7490813952, 'headroom_before_bytes': 7427391488, 'idle_seconds': 1.0, 'memory_free_percent_after': 87, 'memory_free_percent_before': 82, 'minimum_headroom_gb': 5.5, 'observed_minimum_headroom_gb': 6.91729736328125, 'pageins_delta': 5, 'pageouts_delta': 0, 'pages_occupied_by_compressor_delta': 0, 'pages_stored_in_compressor_delta': 0, 'passed': True, 'swap_used_delta_bytes': 0, 'swapins_delta': 0, 'swapouts_delta': 0}",1319422376,single_index_process_thread_pool,,,0.8714751055335328,1863.5390061349149,1826.744191972128,0.9802554097114922,-25.623007716178513,7bd7cdec99d14d9499bf64f3b1b97627,static_smoke_smoke_fixed2_r00_a02,196,0.06629098788835108,"{'attempts': [{'attempt': 0, 'deviation': 0.0007492166161675584, 'median_ms': 324.4147920049727, 'passed': True, 'ratio': 1.0007492166161676}], 'passed': True, 'reference_ms': 324.17191701824777}",0.0007492166161675584,0.0007492166161675584,"{'attempts': [{'attempt': 0, 'deviation': 0.0011352000581879018, 'median_ms': 324.5399169973098, 'passed': True, 'ratio': 1.001135200058188}], 'passed': True, 'reference_ms': 324.17191701824777}",0.0011352000581879018,0.0011352000581879018,True,smoke,valid,0,0,0,0.5894170026294887,48,True,16,2896,48,1989.6197060333488,1.0090035867160483,False,1.0090035867160483,0.08510112783691381,0.944031518451913,request_arrival,True,0.944031518451913,-20.852530748095166,"{'active_worker_log_present': True, 'completion_count_sufficient': True, 'decode_admission_zero': True, 'memory_clean': True, 'policy_cap_applied': True, 'queue_saturated': True, 'request_count_exact': True, 'sentinel_clean': True, 'steady_duration_sufficient': True, 'token_count_exact': True, 'token_timestamps_valid': True, 'within_block_drift_clean': True, 'within_block_qps_drift_clean': False}",1.4561439590179361,1,False,[],"{'active_worker_log_present': True, 'decode_admission_zero': True, 'memory_hard_clean': True, 'policy_cap_applied': True, 'request_count_exact': True, 'token_count_exact': True, 'token_timestamps_valid': True}",['within_block_qps_drift_clean'],hard_failures_only
4.0,4.0,1072,3344,2.0003530623258663,2,0.0,7.601617206666666,350.0649456,16,0.0,1072,3344,0,512,4.0,4.0,4,1.0,0.0,0.0,0.0,1.0,2293.1225186009065,0,1.4997352499922272,16,1402093568,1401569280,True,4,0.0,0.0,7647150080,7509655552,Mac mini,45,,False,2.0003530623258663,3,13.645208004163578,1350601416,84,89,5.5,1.5B,1.3027618173119253,1.0256458728954208,16,9.848116666666666,338.365542,9.63408995,12.211141403531654,9.903096646666667,13.6035417,359.0426667,9.684817989999999,13.423228439642118,13.83430834,33,0,0,0,1529.1847534179688,1402159104,13.144542,13.587754200000001,13.62715084,6.8696250091306865,4.295291000744328,fixed4,fixed,True,4.0,4.0,4,1.0,327.2713750193361,345.31138720340095,3465.4693228335805,"{'compressions_delta': 0, 'decompressions_delta': 0, 'experiment_rss_after_bytes': 51871744, 'experiment_rss_before_bytes': 51806208, 'headroom_after_bytes': 8878915584, 'headroom_before_bytes': 8874917888, 'idle_seconds': 1.0, 'memory_free_percent_after': 89, 'memory_free_percent_before': 89, 'minimum_headroom_gb': 5.5, 'observed_minimum_headroom_gb': 8.265411376953125, 'pageins_delta': 4, 'pageouts_delta': 0, 'pages_occupied_by_compressor_delta': 0, 'pages_stored_in_compressor_delta': 0, 'passed': True, 'swap_used_delta_bytes': 0, 'swapins_delta': 0, 'swapouts_delta': 0}",mean,850263001,850268001,1.0,True,0,1402093568,"{'compressions_delta': 0, 'decompressions_delta': 0, 'experiment_rss_after_bytes': 1370308608, 'experiment_rss_before_bytes': 1370308608, 'headroom_after_bytes': 7500005376, 'headroom_before_bytes': 7438647296, 'idle_seconds': 1.0, 'memory_free_percent_after': 87, 'memory_free_percent_before': 82, 'minimum_headroom_gb': 5.5, 'observed_minimum_headroom_gb': 6.9277801513671875, 'pageins_delta': 5, 'pageouts_delta': 0, 'pages_occupied_by_compressor_delta': 0, 'pages_stored_in_compressor_delta': 0, 'passed': True, 'swap_used_delta_bytes': 0, 'swapins_delta': 0, 'swapouts_delta': 0}",1319668160,single_index_process_thread_pool,,,0.8483144596574925,3306.537250655369,3060.3737053566747,0.9255524657253131,-165.27708922481824,d8e842f7f7664412830a987e0a9f0cbc,static_smoke_smoke_fixed4_r00_a02,181,0.08812604937702417,"{'attempts': [{'attempt': 0, 'deviation': 0.00038110018266612755, 'median_ms': 324.29545899503864, 'passed': True, 'ratio': 1.0003811001826661}], 'passed': True, 'reference_ms': 324.17191701824777}",0.00038110018266612755,0.00038110018266612755,"{'attempts': [{'attempt': 0, 'deviation': 0.0012620618248888604, 'median_ms': 324.5810420194175, 'passed': True, 'ratio': 1.0012620618248889}], 'passed': True, 'reference_ms': 324.17191701824777}",0.0012620618248888604,0.0012620618248888604,True,smoke,valid,0,0,0,0.692041008733213,48,True,16,5296,48,3531.2899393592625,0.9947037250777223,False,0.9947037250777223,-0.05296111902602013,0.9357694277655989,request_arrival,True,0.9357694277655989,-23.603749055380668,"{'active_worker_log_present': True, 'completion_count_sufficient': True, 'decode_admission_zero': True, 'memory_clean': True, 'policy_cap_applied': True, 'queue_saturated': True, 'request_count_exact': True, 'sentinel_clean': True, 'steady_duration_sufficient': True, 'token_count_exact': True, 'token_timestamps_valid': True, 'within_block_drift_clean': True, 'within_block_qps_drift_clean': False}",1.5004272910009604,1,False,[],"{'active_worker_log_present': True, 'decode_admission_zero': True, 'memory_hard_clean': True, 'policy_cap_applied': True, 'request_count_exact': True, 'token_count_exact': True, 'token_timestamps_valid': True}",['within_block_qps_drift_clean'],hard_failures_only
2.8258426966292136,4.0,0,3200,2.1122050866962905,2,0.0,7.601617206666666,350.0649456,16,0.3202247191011236,160,3200,0,512,0.3333333333333333,3.0,0,1.0,0.12280701754385964,4.0,2.7142857142857144,0.12280701754385964,415.8553512999682,0,1.420316624979023,16,1402273792,1401667584,True,,0.0,0.0,7674429440,7434108928,Mac mini,45,,True,2.1122050866962905,3,9.931458014762029,1351125680,84,89,5.5,1.5B,1.0585884846901714,1.0235724736330185,16,7.880419399999999,344.305042,9.126420499999998,8.481849991949275,8.04698444,15.967908900000001,358.3168423,9.762550500000001,9.596342998556795,16.15024898,60,83,0,0,1529.1847534179688,1402339328,9.152208,9.8446455,9.9061955,38.850665994687006,20.488667010795325,phasegate4to0,phasegate,True,4.0,4.0,4,1.0,332.7144169888925,342.4691038875608,3317.144400603112,"{'compressions_delta': 0, 'decompressions_delta': 0, 'experiment_rss_after_bytes': 51855360, 'experiment_rss_before_bytes': 51789824, 'headroom_after_bytes': 8807727104, 'headroom_before_bytes': 8807645184, 'idle_seconds': 1.0, 'memory_free_percent_after': 89, 'memory_free_percent_before': 89, 'minimum_headroom_gb': 5.5, 'observed_minimum_headroom_gb': 8.2027587890625, 'pageins_delta': 4, 'pageouts_delta': 0, 'pages_occupied_by_compressor_delta': 0, 'pages_stored_in_compressor_delta': 0, 'passed': True, 'swap_used_delta_bytes': 0, 'swapins_delta': 0, 'swapouts_delta': 0}",mean,850263001,850268001,1.0,True,0,1402273792,"{'compressions_delta': 0, 'decompressions_delta': 0, 'experiment_rss_after_bytes': 1370488832, 'experiment_rss_before_bytes': 1370488832, 'headroom_after_bytes': 7425359872, 'headroom_before_bytes': 7358496768, 'idle_seconds': 1.0, 'memory_free_percent_after': 87, 'memory_free_percent_before': 82, 'minimum_headroom_gb': 5.5, 'observed_minimum_headroom_gb': 6.8531341552734375, 'pageins_delta': 5, 'pageouts_delta': 0, 'pages_occupied_by_compressor_delta': 0, 'pages_stored_in_compressor_delta': 0, 'passed': True, 'swap_used_delta_bytes': 0, 'swapins_delta': 0, 'swapouts_delta': 0}",1318980008,single_index_process_thread_pool,,,0.6230328918201317,2805.3045885135825,2568.2906723730525,0.9155122345320391,-168.0742498066346,05ad1398a56a4d6aa41634f0ff08ca0c,static_smoke_smoke_phasegate4to0_r00_a02,178,0.2559560816735029,"{'attempts': [{'attempt': 0, 'deviation': 0.0016752931933332604, 'median_ms': 324.7150000242982, 'passed': True, 'ratio': 1.0016752931933333}], 'passed': True, 'reference_ms': 324.17191701824777}",0.0016752931933332604,0.0016752931933332604,"{'attempts': [{'attempt': 0, 'deviation': 0.0011480543460349324, 'median_ms': 324.5440839964431, 'passed': True, 'ratio': 1.001148054346035}], 'passed': True, 'reference_ms': 324.17191701824777}",0.0011480543460349324,0.0011480543460349324,True,smoke,valid,0,0,0,1.1416670167818666,48,True,16,4160,48,2928.924386885523,1.023485078302643,True,1.023485078302643,0.19761125639572208,0.9478245186285614,request_arrival,True,0.9478245186285614,-20.057154831945713,"{'active_worker_log_present': True, 'completion_count_sufficient': True, 'decode_admission_zero': True, 'memory_clean': False, 'policy_cap_applied': True, 'queue_saturated': True, 'request_count_exact': True, 'sentinel_clean': True, 'steady_duration_sufficient': True, 'token_count_exact': True, 'token_timestamps_valid': True, 'within_block_drift_clean': True, 'within_block_qps_drift_clean': False}",1.4214582919958048,7,False,[],"{'active_worker_log_present': True, 'decode_admission_zero': True, 'memory_hard_clean': True, 'policy_cap_applied': True, 'request_count_exact': True, 'token_count_exact': True, 'token_timestamps_valid': True}","['memory_clean', 'within_block_qps_drift_clean']",hard_failures_only
3.1079545454545454,4.0,304,3248,2.099961308217751,2,0.0,7.601617206666666,350.0649456,16,0.3125,400,3248,0,512,1.1636363636363636,2.299999999999997,1,1.0,0.09090909090909091,3.0,1.8,1.0,1033.1721458350198,0,1.4285977499966975,16,1401651200,1401176064,True,,0.0,0.0,7690272768,7573569536,Mac mini,45,,True,2.099961308217751,3,10.322917019948363,1350306528,84,89,5.5,1.5B,1.0867496370055312,1.0250909401538204,16,8.089247199999999,346.237417,9.682710449999998,8.679083397146314,8.261054739999999,14.551725000000001,358.8484042,10.19180849,9.810793522046882,14.615845,31,0,0,0,1529.1847534179688,1401749504,8.682375,10.155412199999999,10.286348839999999,28.632416971959174,24.99750000424683,phasegate4to1,phasegate,True,3.991596638655462,4.0,4,1.0,331.5182499936782,344.8165752866771,3367.2199268440004,"{'compressions_delta': 0, 'decompressions_delta': 0, 'experiment_rss_after_bytes': 51920896, 'experiment_rss_before_bytes': 51855360, 'headroom_after_bytes': 8966946816, 'headroom_before_bytes': 8967274496, 'idle_seconds': 1.0, 'memory_free_percent_after': 89, 'memory_free_percent_before': 89, 'minimum_headroom_gb': 5.5, 'observed_minimum_headroom_gb': 8.351119995117188, 'pageins_delta': 4, 'pageouts_delta': 0, 'pages_occupied_by_compressor_delta': 0, 'pages_stored_in_compressor_delta': 0, 'passed': True, 'swap_used_delta_bytes': 0, 'swapins_delta': 0, 'swapouts_delta': 0}",mean,850263001,850268001,1.0,True,0,1401651200,"{'compressions_delta': 0, 'decompressions_delta': 0, 'experiment_rss_after_bytes': 1370013696, 'experiment_rss_before_bytes': 1370013696, 'headroom_after_bytes': 7557693440, 'headroom_before_bytes': 7537786880, 'idle_seconds': 1.0, 'memory_free_percent_after': 89, 'memory_free_percent_before': 82, 'minimum_headroom_gb': 5.5, 'observed_minimum_headroom_gb': 7.020111083984375, 'pageins_delta': 5, 'pageouts_delta': 0, 'pages_occupied_by_compressor_delta': 0, 'pages_stored_in_compressor_delta': 0, 'passed': True, 'swap_used_delta_bytes': 0, 'swapins_delta': 0, 'swapouts_delta': 0}",1318521280,single_index_process_thread_pool,,,0.7234216738465371,3003.6844884526026,2772.286946904252,0.922962101233356,-164.17978562913734,a6346b9e65804318aa8851be3ad72ada,static_smoke_smoke_phasegate4to1_r00_a02,176,0.24783500703051686,"{'attempts': [{'attempt': 0, 'deviation': 0.000974661739786109, 'median_ms': 324.48787498287857, 'passed': True, 'ratio': 1.000974661739786}], 'passed': True, 'reference_ms': 324.17191701824777}",0.000974661739786109,0.000974661739786109,"{'attempts': [{'attempt': 0, 'deviation': 0.0010118087885013782, 'median_ms': 324.4999170128722, 'passed': True, 'ratio': 1.0010118087885014}], 'passed': True, 'reference_ms': 324.17191701824777}",0.0010118087885013782,0.0010118087885013782,True,smoke,valid,0,0,0,0.5383329989854246,48,True,16,4432,48,3102.342839340357,1.0235988914600938,True,1.0235988914600938,0.2023528176904183,0.937860218452691,request_arrival,True,0.937860218452691,-23.796979625102505,"{'active_worker_log_present': True, 'completion_count_sufficient': True, 'decode_admission_zero': True, 'memory_clean': True, 'policy_cap_applied': True, 'queue_saturated': True, 'request_count_exact': True, 'sentinel_clean': True, 'steady_duration_sufficient': True, 'token_count_exact': True, 'token_timestamps_valid': True, 'within_block_drift_clean': True, 'within_block_qps_drift_clean': False}",1.429136082995683,7,False,[],"{'active_worker_log_present': True, 'decode_admission_zero': True, 'memory_hard_clean': True, 'policy_cap_applied': True, 'request_count_exact': True, 'token_count_exact': True, 'token_timestamps_valid': True}",['within_block_qps_drift_clean'],hard_failures_only
3.3722222222222222,4.0,560,3248,2.048436882401787,2,0.0,7.601617206666666,350.0649456,16,0.31666666666666665,592,3248,0,512,2.0350877192982457,2.0,2,1.0,0.017543859649122806,2.0,2.0,1.0,1474.8189280075096,0,1.4645313340006396,16,1402208256,1401634816,True,,0.0,0.0,7693533184,7563935744,Mac mini,45,,False,2.048436882401787,3,10.313583014067262,1350748872,84,89,5.5,1.5B,1.1711977470871175,1.0288839963186533,16,8.802694466666667,350.349833,8.992375,8.993158594239503,8.902996946666667,14.245175,360.1762202,9.103475,9.783217996591706,14.284035,31,0,0,0,1529.1847534179688,1402290176,9.13125,10.1825625,10.2760125,15.523750014835969,11.382666998542845,phasegate4to2,phasegate,True,3.9916666666666667,4.0,4,1.0,331.09437499661,345.7420622027712,3358.4593102337503,"{'compressions_delta': 0, 'decompressions_delta': 0, 'experiment_rss_after_bytes': 51707904, 'experiment_rss_before_bytes': 51642368, 'headroom_after_bytes': 8950956032, 'headroom_before_bytes': 8950775808, 'idle_seconds': 1.0, 'memory_free_percent_after': 89, 'memory_free_percent_before': 89, 'minimum_headroom_gb': 5.5, 'observed_minimum_headroom_gb': 8.3360595703125, 'pageins_delta': 4, 'pageouts_delta': 0, 'pages_occupied_by_compressor_delta': 0, 'pages_stored_in_compressor_delta': 0, 'passed': True, 'swap_used_delta_bytes': 0, 'swapins_delta': 0, 'swapouts_delta': 0}",mean,850263001,850268001,1.0,True,0,1402208256,"{'compressions_delta': 0, 'decompressions_delta': 0, 'experiment_rss_after_bytes': 1370472448, 'experiment_rss_before_bytes': 1370472448, 'headroom_after_bytes': 7552335872, 'headroom_before_bytes': 7489863680, 'idle_seconds': 1.0, 'memory_free_percent_after': 87, 'memory_free_percent_before': 82, 'minimum_headroom_gb': 5.5, 'observed_minimum_headroom_gb': 6.9754791259765625, 'pageins_delta': 5, 'pageouts_delta': 0, 'pages_occupied_by_compressor_delta': 0, 'pages_stored_in_compressor_delta': 0, 'passed': True, 'swap_used_delta_bytes': 0, 'swapins_delta': 0, 'swapouts_delta': 0}",1319422400,single_index_process_thread_pool,,,0.7637801180185121,3105.829242030804,2971.741018148798,0.9568269169253073,-92.51681736297812,a4a364b34482418f9da8d14c8dbfb057,static_smoke_smoke_phasegate4to2_r00_a02,180,0.2849999873433262,"{'attempts': [{'attempt': 0, 'deviation': 0.0007579557937820169, 'median_ms': 324.4176250009332, 'passed': True, 'ratio': 1.000757955793782}], 'passed': True, 'reference_ms': 324.17191701824777}",0.0007579557937820169,0.0007579557937820169,"{'attempts': [{'attempt': 0, 'deviation': 0.0011606495316889287, 'median_ms': 324.5481670019217, 'passed': True, 'ratio': 1.001160649531689}], 'passed': True, 'reference_ms': 324.17191701824777}",0.0011606495316889287,0.0011606495316889287,True,smoke,valid,0,0,0,0.5846660060342401,48,True,16,4752,48,3244.7240217244303,0.9874977082295266,False,0.9874977082295266,-0.1145735315277844,0.9697780961477298,request_arrival,True,0.9697780961477298,-11.181767186896852,"{'active_worker_log_present': True, 'completion_count_sufficient': True, 'decode_admission_zero': True, 'memory_clean': True, 'policy_cap_applied': True, 'queue_saturated': True, 'request_count_exact': True, 'sentinel_clean': True, 'steady_duration_sufficient': True, 'token_count_exact': True, 'token_timestamps_valid': True, 'within_block_drift_clean': True, 'within_block_qps_drift_clean': False}",1.4651160000066739,7,False,[],"{'active_worker_log_present': True, 'decode_admission_zero': True, 'memory_hard_clean': True, 'policy_cap_applied': True, 'request_count_exact': True, 'token_count_exact': True, 'token_timestamps_valid': True}",['within_block_qps_drift_clean'],hard_failures_only
3.010735537697074,4.0,181264,466416,0.3849993276010667,1,0.0,8.611428707086615,1355.3789417,16,0.49665664683148275,183440,466432,0,2048,2.0133399209486167,2.0,2,1.0,0.01025197628458498,2.0,1.427710843373494,1.0,1485.6741531796065,0,259.74071337500936,16,1426178048,1402159104,True,,0.0,0.0,7750975488,7609073664,Mac mini,12700,memory_clean,False,0.3849993276010667,100,13.216958992416039,1377864392,84,89,5.5,1.5B,1.127203256745331,1.0065783076420067,128,9.656138122047244,1360.118021,10.60426665,10.612825336284004,9.706830483858267,17.888735099999998,1364.29504135,12.45378408,12.464379226730673,19.49667583,3591,12,0,0,1558.1904792785645,1426046976,12.622125,12.8568316,13.117604580000002,40.03220802405849,18.573145993286744,phasegate4to2,phasegate,True,3.9951100244498776,4.0,4,1.0,1343.937437501154,1347.1581517602317,3489.474951395702,"{'compressions_delta': 0, 'decompressions_delta': 0, 'experiment_rss_after_bytes': 51560448, 'experiment_rss_before_bytes': 51511296, 'headroom_after_bytes': 8760868864, 'headroom_before_bytes': 8806105088, 'idle_seconds': 30.0, 'memory_free_percent_after': 89, 'memory_free_percent_before': 89, 'minimum_headroom_gb': 6.5, 'observed_minimum_headroom_gb': 8.159194946289062, 'pageins_delta': 36, 'pageouts_delta': 0, 'pages_occupied_by_compressor_delta': 0, 'pages_stored_in_compressor_delta': 0, 'passed': True, 'swap_used_delta_bytes': 0, 'swapins_delta': 0, 'swapouts_delta': 0}",mean,850263301,850268301,1.0,True,0,1426178048,"{'compressions_delta': 0, 'decompressions_delta': 0, 'experiment_rss_after_bytes': 1371013120, 'experiment_rss_before_bytes': 1371013120, 'headroom_after_bytes': 7598047232, 'headroom_before_bytes': 7070367744, 'idle_seconds': 30.0, 'memory_free_percent_after': 89, 'memory_free_percent_before': 82, 'minimum_headroom_gb': 6.5, 'observed_minimum_headroom_gb': 6.5847930908203125, 'pageins_delta': 31, 'pageouts_delta': 0, 'pages_occupied_by_compressor_delta': 0, 'pages_stored_in_compressor_delta': 0, 'passed': True, 'swap_used_delta_bytes': 0, 'swapins_delta': 0, 'swapouts_delta': 0}",1315867072,single_index_process_thread_pool,5158.782479498768,9765.701273259765,0.9993653749506421,2540.9059542573445,2519.220100158616,0.9914653062769232,-0.08349399143347348,78be6bba80034d5aa31db91c755a7a7e,static_calibration_phasegate4to2_r00_a01,32602,4.912713833618909,"{'attempts': [{'attempt': 0, 'deviation': 0.001870130376655732, 'median_ms': 1343.155687500257, 'passed': True, 'ratio': 1.0018701303766557}], 'passed': True, 'reference_ms': 1340.6485000159591}",0.001870130376655732,0.001870130376655732,"{'attempts': [{'attempt': 0, 'deviation': 0.0003605840654918868, 'median_ms': 1341.1319165024906, 'passed': True, 'ratio': 1.0003605840654919}], 'passed': True, 'reference_ms': 1340.6485000159591}",0.0003605840654918868,0.0003605840654918868,False,calibration,invalid,0,0,0,9.162916976492852,12800,True,128,657440,12800,2531.139579380453,1.0015270218309333,False,0.9999825726575846,9.065353144872003e-06,1.0007416174071306,request_arrival,True,1.0000491108649299,-0.0035807649159591386,"{'active_worker_log_present': True, 'completion_count_sufficient': True, 'decode_admission_zero': True, 'memory_clean': False, 'policy_cap_applied': True, 'queue_saturated': True, 'request_count_exact': True, 'sentinel_clean': True, 'steady_duration_sufficient': True, 'token_count_exact': True, 'token_timestamps_valid': True, 'within_block_drift_clean': True, 'within_block_qps_drift_clean': True}",259.74987629198586,201,,,,,
0.024651726226529377,0.0,0,0,0.41027576419038575,1,0.0,8.611428707086615,1355.3789417,16,0.9982737734706238,0,5760,0,2048,0.0,0.0,0,1.0,0.0,0.0,0.0,0.0,0.0,0,243.73850158401183,16,1416986624,1405698048,True,,0.0,0.0,7655702528,7768047616,Mac mini,12700,within_block_qps_drift_clean,True,0.41027576419038575,100,11.08658401062712,1368689328,84,89,5.5,1.5B,0.9950150918092445,1.0031248691562875,128,8.459014763779528,1354.3971455,9.215051799999998,9.10492260736646,8.568501525590552,14.319498249999997,1359.61432355,10.268584670000001,10.291896269482095,15.915758510000007,3431,0,0,0,1558.1904792785645,1416822784,10.4071875,10.7116732,10.904089670000001,15.871457988396287,3.8605204899795353,fixed0,fixed0,True,0.0325028873123247,0.0,0,1.0,1341.4319580042502,1345.0112204896868,43.199692864541575,"{'compressions_delta': 0, 'decompressions_delta': 0, 'experiment_rss_after_bytes': 51511296, 'experiment_rss_before_bytes': 51445760, 'headroom_after_bytes': 8830877696, 'headroom_before_bytes': 8775057408, 'idle_seconds': 30.0, 'memory_free_percent_after': 89, 'memory_free_percent_before': 89, 'minimum_headroom_gb': 6.5, 'observed_minimum_headroom_gb': 8.172409057617188, 'pageins_delta': 28, 'pageouts_delta': 0, 'pages_occupied_by_compressor_delta': 0, 'pages_stored_in_compressor_delta': 0, 'passed': True, 'swap_used_delta_bytes': 0, 'swapins_delta': 0, 'swapouts_delta': 0}",mean,850263301,850268301,1.0,True,0,1416986624,"{'compressions_delta': 0, 'decompressions_delta': 0, 'experiment_rss_after_bytes': 1374617600, 'experiment_rss_before_bytes': 1374617600, 'headroom_after_bytes': 7761494016, 'headroom_before_bytes': 7124779008, 'idle_seconds': 30.0, 'memory_free_percent_after': 89, 'memory_free_percent_before': 82, 'minimum_headroom_gb': 6.5, 'observed_minimum_headroom_gb': 6.635467529296875, 'pageins_delta': 12, 'pageouts_delta': 0, 'pages_occupied_by_compressor_delta': 0, 'pages_stored_in_compressor_delta': 0, 'passed': True, 'swap_used_delta_bytes': 0, 'swapins_delta': 0, 'swapouts_delta': 0}",1319176616,single_index_process_thread_pool,,,0.9138147997894006,27.040987276122685,25.970234602751876,0.9604026042970595,-0.0043932439880825435,184fa2a56175419fbe7433f7492edc03,static_calibration_fixed0_r00_a01,33020,3.0751217855140567,"{'attempts': [{'attempt': 0, 'deviation': 0.000527139276784272, 'median_ms': 1341.3552084966796, 'passed': True, 'ratio': 1.0005271392767843}], 'passed': True, 'reference_ms': 1340.6485000159591}",0.000527139276784272,0.000527139276784272,"{'attempts': [{'attempt': 0, 'deviation': 9.35491157820767e-05, 'median_ms': 1340.7739164977102, 'passed': True, 'ratio': 1.000093549115782}], 'passed': True, 'reference_ms': 1340.6485000159591}",9.35491157820767e-05,9.35491157820767e-05,False,calibration,invalid,0,0,0,8.519416995113716,12800,True,128,6912,12800,28.35826082083946,1.0167106535335497,True,1.012943765948536,0.000626631327913915,0.9978909301063887,request_arrival,True,1.0001174752635476,-0.00183125328419028,"{'active_worker_log_present': True, 'completion_count_sufficient': True, 'decode_admission_zero': True, 'memory_clean': True, 'policy_cap_applied': True, 'queue_saturated': True, 'request_count_exact': True, 'sentinel_clean': True, 'steady_duration_sufficient': True, 'token_count_exact': True, 'token_timestamps_valid': True, 'within_block_drift_clean': True, 'within_block_qps_drift_clean': False}",243.74702100100694,201,,,,,
0.02460176458189045,0.0,0,0,0.40456630134147503,2,0.0,8.611428707086615,1355.3789417,16,0.9981631485440694,0,6016,0,2048,0.0,0.0,0,1.0,0.0,0.0,0.0,0.0,0.0,0,247.17827379200025,16,1413578752,1401749504,True,,0.0005511811023622047,0.0,7680393216,7692976128,Mac mini,12700,within_block_qps_drift_clean,False,0.40456630134147503,100,23.327333998167887,1365232304,84,89,5.5,1.5B,1.1363409331854604,1.0094722879004576,128,8.6177698503937,1355.0338754999998,10.1100104,9.861379496578591,9.785518933070867,23.727971149999995,1368.21748125,11.711520829999992,11.116497837647335,33.57395875,3554,0,0,0,1558.1904792785645,1413447680,10.6507915,18.54183575,21.138799910000014,16.31254199310206,4.514145999564789,fixed0,fixed0,True,0.0318919218204972,0.0,0,1.0,1341.4700835128315,1343.79482534423,45.12782295111089,"{'compressions_delta': 0, 'decompressions_delta': 0, 'experiment_rss_after_bytes': 51593216, 'experiment_rss_before_bytes': 51544064, 'headroom_after_bytes': 8821637120, 'headroom_before_bytes': 8765374464, 'idle_seconds': 30.0, 'memory_free_percent_after': 89, 'memory_free_percent_before': 89, 'minimum_headroom_gb': 6.5, 'observed_minimum_headroom_gb': 8.16339111328125, 'pageins_delta': 33, 'pageouts_delta': 0, 'pages_occupied_by_compressor_delta': 0, 'pages_stored_in_compressor_delta': 0, 'passed': True, 'swap_used_delta_bytes': 0, 'swapins_delta': 0, 'swapouts_delta': 0}",mean,850263301,850268301,1.0,True,0,1413578752,"{'compressions_delta': 0, 'decompressions_delta': 0, 'experiment_rss_after_bytes': 1370587136, 'experiment_rss_before_bytes': 1370636288, 'headroom_after_bytes': 7656734720, 'headroom_before_bytes': 7082655744, 'idle_seconds': 30.0, 'memory_free_percent_after': 89, 'memory_free_percent_before': 82, 'minimum_headroom_gb': 6.5, 'observed_minimum_headroom_gb': 6.5962371826171875, 'pageins_delta': 61, 'pageouts_delta': 0, 'pages_occupied_by_compressor_delta': 0, 'pages_stored_in_compressor_delta': 0, 'passed': True, 'swap_used_delta_bytes': 0, 'swapins_delta': 0, 'swapouts_delta': 0}",1315146152,single_index_process_thread_pool,,,0.9203364079882325,26.3497516752447,25.61535137073597,0.9721287580406804,-0.0029712701203471353,afc7471428ee4b36b94883ec661b776b,static_calibration_fixed0_r00_a02,33209,3.0672015564050525,"{'attempts': [{'attempt': 0, 'deviation': 0.001056997772438617, 'median_ms': 1342.0655624940991, 'passed': True, 'ratio': 1.0010569977724386}], 'passed': True, 'reference_ms': 1340.6485000159591}",0.001056997772438617,0.001056997772438617,"{'attempts': [{'attempt': 0, 'deviation': 0.0012508405282041224, 'median_ms': 1342.3254374938551, 'passed': True, 'ratio': 1.0012508405282041}], 'passed': True, 'reference_ms': 1340.6485000159591}",0.0012508405282041224,0.0012508405282041224,False,calibration,invalid,0,0,0,8.416500000748783,12800,True,128,6816,12800,27.57523909943494,1.0233064484280063,False,1.028856117011919,0.0013115890147299763,1.002214715699482,request_arrival,True,1.0001572214162238,0.0024239009297052825,"{'active_worker_log_present': True, 'completion_count_sufficient': True, 'decode_admission_zero': True, 'memory_clean': True, 'policy_cap_applied': True, 'queue_saturated': True, 'request_count_exact': True, 'sentinel_clean': True, 'steady_duration_sufficient': True, 'token_count_exact': True, 'token_timestamps_valid': True, 'within_block_drift_clean': True, 'within_block_qps_drift_clean': False}",247.186690292001,201,,,,,
0.02454413718149982,0.0,0,0,0.4076364277360373,3,0.0,8.611428707086615,1355.3789417,16,0.9987320371935756,0,6000,0,2048,0.0,0.0,0,1.0,0.0,0.0,0.0,0.0,0.0,0,245.316642958991,16,1413185536,1401602048,True,,0.0,0.0,7675854848,7645642752,Mac mini,12700,within_block_qps_drift_clean,True,0.4076364277360373,100,11.286082997685298,1364871856,84,89,5.5,1.5B,1.0091738209541348,1.002209008829844,128,8.61145948031496,1354.7530835,9.1478851,9.210904223436955,8.690428412204724,14.67825145,1358.37298575,10.25651917,10.427024581003934,16.124315,3424,0,0,0,1558.1904792785645,1413087232,10.529,10.9245518,11.160216160000001,15.716249996330589,2.8368545026751235,fixed0,fixed0,True,0.0357851786501985,0.0,0,1.0,1341.5677715092897,1342.8112243520445,44.97479293523116,"{'compressions_delta': 0, 'decompressions_delta': 0, 'experiment_rss_after_bytes': 51593216, 'experiment_rss_before_bytes': 51527680, 'headroom_after_bytes': 8766947328, 'headroom_before_bytes': 8787591168, 'idle_seconds': 30.0, 'memory_free_percent_after': 89, 'memory_free_percent_before': 89, 'minimum_headroom_gb': 6.5, 'observed_minimum_headroom_gb': 8.16485595703125, 'pageins_delta': 36, 'pageouts_delta': 0, 'pages_occupied_by_compressor_delta': 0, 'pages_stored_in_compressor_delta': 0, 'passed': True, 'swap_used_delta_bytes': 0, 'swapins_delta': 0, 'swapouts_delta': 0}",mean,850263301,850268301,1.0,True,0,1413185536,"{'compressions_delta': 0, 'decompressions_delta': 0, 'experiment_rss_after_bytes': 1370341376, 'experiment_rss_before_bytes': 1370341376, 'headroom_after_bytes': 7634927616, 'headroom_before_bytes': 7413661696, 'idle_seconds': 30.0, 'memory_free_percent_after': 89, 'memory_free_percent_before': 84, 'minimum_headroom_gb': 6.5, 'observed_minimum_headroom_gb': 6.904510498046875, 'pageins_delta': 12, 'pageouts_delta': 0, 'pages_occupied_by_compressor_delta': 0, 'pages_stored_in_compressor_delta': 0, 'passed': True, 'swap_used_delta_bytes': 0, 'swapins_delta': 0, 'swapouts_delta': 0}",1315178920,single_index_process_thread_pool,,,0.9110855506256412,26.850436111847365,25.79108048819116,0.9605460552207277,-0.004318509445719963,1a9f0ed1ca7f42f5b0c6197ad7e3b3f8,static_calibration_fixed0_r00_a03,33124,3.3304922108072788,"{'attempts': [{'attempt': 0, 'deviation': 0.0003141050670825152, 'median_ms': 1341.0696045029908, 'passed': True, 'ratio': 1.0003141050670825}], 'passed': True, 'reference_ms': 1340.6485000159591}",0.0003141050670825152,0.0003141050670825152,"{'attempts': [{'attempt': 0, 'deviation': 0.00024670857211228636, 'median_ms': 1340.9792494931025, 'passed': True, 'ratio': 1.0002467085721123}], 'passed': True, 'reference_ms': 1340.6485000159591}",0.00024670857211228636,0.00024670857211228636,False,calibration,invalid,0,0,0,8.418124984018505,12800,True,128,6880,12800,28.045386228239366,1.0264595945519936,True,1.0255196793709735,0.0011226328037649465,0.9976007556443584,request_arrival,True,1.0003011700539899,-0.002676374605069781,"{'active_worker_log_present': True, 'completion_count_sufficient': True, 'decode_admission_zero': True, 'memory_clean': True, 'policy_cap_applied': True, 'queue_saturated': True, 'request_count_exact': True, 'sentinel_clean': True, 'steady_duration_sufficient': True, 'token_count_exact': True, 'token_timestamps_valid': True, 'within_block_drift_clean': True, 'within_block_qps_drift_clean': False}",245.32506108397502,201,,,,,
0.023534715960324616,0.0,0,0,0.40701102657410804,4,0.0,8.611428707086615,1355.3789417,16,0.9983168019236549,0,5792,0,2048,0.0,0.0,0,1.0,0.0,0.0,0.0,0.0,0.0,0,245.69358929098235,16,1413464064,1402077184,True,,0.0,0.0,7696941056,7774846976,Mac mini,12700,memory_clean,True,0.40701102657410804,100,11.532750009791926,1365101208,84,89,5.5,1.5B,1.0268475293593398,1.0030112916575795,128,8.63954412992126,1354.6962294999998,9.331629499999998,9.290387490182184,8.842624292125985,14.9393146,1359.460383,10.451095089999999,10.492176158877555,15.635597580000004,3526,4,0,0,1558.1904792785645,1413365760,10.6278335,11.203487500000001,11.483257830000001,15.52237500436604,4.147771003772505,fixed0,fixed0,True,0.030957879687671837,0.0,0,1.0,1341.4358334994176,1345.1528961450094,43.44149026210016,"{'compressions_delta': 0, 'decompressions_delta': 0, 'experiment_rss_after_bytes': 51675136, 'experiment_rss_before_bytes': 51625984, 'headroom_after_bytes': 8803483648, 'headroom_before_bytes': 8785526784, 'idle_seconds': 30.0, 'memory_free_percent_after': 89, 'memory_free_percent_before': 89, 'minimum_headroom_gb': 6.5, 'observed_minimum_headroom_gb': 8.182159423828125, 'pageins_delta': 28, 'pageouts_delta': 0, 'pages_occupied_by_compressor_delta': 0, 'pages_stored_in_compressor_delta': 0, 'passed': True, 'swap_used_delta_bytes': 0, 'swapins_delta': 0, 'swapouts_delta': 0}",mean,850263301,850268301,1.0,True,0,1413464064,"{'compressions_delta': 0, 'decompressions_delta': 0, 'experiment_rss_after_bytes': 1370980352, 'experiment_rss_before_bytes': 1370980352, 'headroom_after_bytes': 7759134720, 'headroom_before_bytes': 7098826752, 'idle_seconds': 30.0, 'memory_free_percent_after': 89, 'memory_free_percent_before': 82, 'minimum_headroom_gb': 6.5, 'observed_minimum_headroom_gb': 6.611297607421875, 'pageins_delta': 18, 'pageouts_delta': 0, 'pages_occupied_by_compressor_delta': 0, 'pages_stored_in_compressor_delta': 0, 'passed': True, 'swap_used_delta_bytes': 0, 'swapins_delta': 0, 'swapouts_delta': 0}",1315539368,single_index_process_thread_pool,,,0.9519900901934077,26.683657359920677,25.703196998763648,0.9632561478386505,-0.003990767089121268,60f2e4645af348768f5aebf9cf44bc55,static_calibration_fixed0_r00_a04,33270,3.256397758377716,"{'attempts': [{'attempt': 0, 'deviation': 0.0006641371505524685, 'median_ms': 1341.5388744906522, 'passed': True, 'ratio': 1.0006641371505525}], 'passed': True, 'reference_ms': 1340.6485000159591}",0.0006641371505524685,0.0006641371505524685,"{'attempts': [{'attempt': 0, 'deviation': 0.00034283779696364647, 'median_ms': 1341.1081249942072, 'passed': True, 'ratio': 1.0003428377969636}], 'passed': True, 'reference_ms': 1340.6485000159591}",0.00034283779696364647,0.00034283779696364647,False,calibration,invalid,0,0,0,8.427499997196719,12800,True,128,6896,12800,28.06748039255049,1.0105260555018483,True,1.0276765892842652,0.0011314110955780656,0.9988001188581035,request_arrival,True,1.0000289461212057,-0.002907008693242907,"{'active_worker_log_present': True, 'completion_count_sufficient': True, 'decode_admission_zero': True, 'memory_clean': False, 'policy_cap_applied': True, 'queue_saturated': True, 'request_count_exact': True, 'sentinel_clean': True, 'steady_duration_sufficient': True, 'token_count_exact': True, 'token_timestamps_valid': True, 'within_block_drift_clean': True, 'within_block_qps_drift_clean': True}",245.70201679097954,201,,,,,
0.023993738146129994,0.0,0,0,0.40376114590657664,5,0.0,8.611428707086615,1355.3789417,16,0.9982238010657194,0,5872,0,2048,0.0,0.0,0,1.0,0.0,0.0,0.0,0.0,0.0,4,247.6711813749862,16,1413251072,1401765888,True,,0.0007086614173228347,0.0,7700938752,7745945600,Mac mini,12700,"memory_clean,within_block_drift_clean",False,0.40376114590657664,100,22.468791983556002,1364921032,84,89,5.5,1.5B,1.1269679298950914,1.0103484081967569,128,8.62934153543307,1354.852979,10.21293125,9.884085398516616,9.704803983464567,26.831987499999997,1369.40495625,11.755771329999998,11.237627147929745,31.053345250000007,3740,1,-2,-4,1558.1904792785645,1413087232,10.661687,18.0316402,22.21552491,17.387333005899563,4.8511459899600595,fixed0,fixed0,True,0.03119459219858156,0.0,0,1.0,1341.5651460090885,1343.1751937590889,44.05349201462604,"{'compressions_delta': 0, 'decompressions_delta': 0, 'experiment_rss_after_bytes': 51691520, 'experiment_rss_before_bytes': 51642368, 'headroom_after_bytes': 8766799872, 'headroom_before_bytes': 8757739520, 'idle_seconds': 30.0, 'memory_free_percent_after': 89, 'memory_free_percent_before': 89, 'minimum_headroom_gb': 6.5, 'observed_minimum_headroom_gb': 8.156280517578125, 'pageins_delta': 9, 'pageouts_delta': 0, 'pages_occupied_by_compressor_delta': 0, 'pages_stored_in_compressor_delta': 0, 'passed': True, 'swap_used_delta_bytes': 0, 'swapins_delta': 0, 'swapouts_delta': 0}",mean,850263301,850268301,1.0,True,0,1413251072,"{'compressions_delta': 0, 'decompressions_delta': 0, 'experiment_rss_after_bytes': 1370537984, 'experiment_rss_before_bytes': 1370537984, 'headroom_after_bytes': 7737999360, 'headroom_before_bytes': 7057047552, 'idle_seconds': 30.0, 'memory_free_percent_after': 89, 'memory_free_percent_before': 83, 'minimum_headroom_gb': 6.5, 'observed_minimum_headroom_gb': 6.5723876953125, 'pageins_delta': 7, 'pageouts_delta': 0, 'pages_occupied_by_compressor_delta': 0, 'pages_stored_in_compressor_delta': 0, 'passed': True, 'swap_used_delta_bytes': 0, 'swapins_delta': 0, 'swapouts_delta': 0}",1315064280,single_index_process_thread_pool,,,0.9590941710856205,26.54912386400371,25.445074425895463,0.958414844732215,-0.004457912288498845,ef2fbd49d50d4a069f7e8b9229afe89b,static_calibration_fixed0_r00_a05,33217,3.38513680617325,"{'attempts': [{'attempt': 0, 'deviation': 0.0005647143796019272, 'median_ms': 1341.4055835019099, 'passed': True, 'ratio': 1.000564714379602}], 'passed': True, 'reference_ms': 1340.6485000159591}",0.0005647143796019272,0.0005647143796019272,"{'attempts': [{'attempt': 0, 'deviation': -6.464426791530364e-06, 'median_ms': 1340.6398334918777, 'passed': True, 'ratio': 0.9999935355732085}], 'passed': True, 'reference_ms': 1340.6485000159591}",-6.464426791530364e-06,-6.464426791530364e-06,False,calibration,invalid,0,0,0,8.45104199834168,12800,True,128,6880,12800,27.778766838372473,1.0354933089345293,False,1.0296152678897759,0.001853958644931223,0.9947404629822652,request_arrival,True,1.0004857979012782,0.0063401500043202205,"{'active_worker_log_present': True, 'completion_count_sufficient': True, 'decode_admission_zero': True, 'memory_clean': False, 'policy_cap_applied': True, 'queue_saturated': True, 'request_count_exact': True, 'sentinel_clean': True, 'steady_duration_sufficient': True, 'token_count_exact': True, 'token_timestamps_valid': True, 'within_block_drift_clean': False, 'within_block_qps_drift_clean': True}",247.67963241698453,201,,,,,
3.9948704103671706,4.0,346720,483344,0.3615241437633591,1,0.0,8.611428707086615,1355.3789417,16,0.0,346688,483376,0,2048,3.995944949619071,4.0,4,1.0,0.0,0.0,0.0,1.0,2561.0030106958334,0,276.60669895799947,16,1426767872,1402257408,True,4,7.874015748031496e-05,0.0,7852851200,7811940352,Mac mini,12700,,False,0.3615241437633591,100,19.548166979802772,1378470624,84,89,5.5,1.5B,1.2637950096970463,1.20234148783957,128,10.530635665354332,1361.027771,12.547519349999995,12.203203846001996,10.883080626377952,20.09124375,1629.6283333499998,14.501264999999998,14.161242406989915,21.23329834000001,3511,0,0,0,1558.1904792785645,1426620416,14.6021875,16.2613298,16.804530660000015,21.862249996047467,3.8987079897196963,fixed4,fixed,True,3.9938235294117646,4.0,4,1.0,1343.9768960088259,1610.6629250076367,3489.2832368732156,"{'compressions_delta': 0, 'decompressions_delta': 0, 'experiment_rss_after_bytes': 51855360, 'experiment_rss_before_bytes': 51806208, 'headroom_after_bytes': 8945860608, 'headroom_before_bytes': 8966471680, 'idle_seconds': 30.0, 'memory_free_percent_after': 89, 'memory_free_percent_before': 89, 'minimum_headroom_gb': 6.5, 'observed_minimum_headroom_gb': 8.33148193359375, 'pageins_delta': 76, 'pageouts_delta': 0, 'pages_occupied_by_compressor_delta': 0, 'pages_stored_in_compressor_delta': 0, 'passed': True, 'swap_used_delta_bytes': 0, 'swapins_delta': 0, 'swapouts_delta': 0}",mean,850263301,850268301,1.0,True,0,1426767872,"{'compressions_delta': 0, 'decompressions_delta': 27, 'experiment_rss_after_bytes': 1371078656, 'experiment_rss_before_bytes': 1371078656, 'headroom_after_bytes': 7791247360, 'headroom_before_bytes': 7574585344, 'idle_seconds': 30.0, 'memory_free_percent_after': 89, 'memory_free_percent_before': 85, 'minimum_headroom_gb': 6.5, 'observed_minimum_headroom_gb': 7.05438232421875, 'pageins_delta': 29, 'pageouts_delta': 0, 'pages_occupied_by_compressor_delta': -7, 'pages_stored_in_compressor_delta': -27, 'passed': True, 'swap_used_delta_bytes': 0, 'swapins_delta': 0, 'swapouts_delta': 0}",1315654080,single_index_process_thread_pool,5403.316353986156,5560.153941962926,1.0042926177256284,3032.0533146741373,3052.87289067797,1.0068664940365901,0.07527094106064451,57e6456652e54e33895cc97225051f1c,static_calibration_fixed4_r00_a01,33336,0.8366538386326283,"{'attempts': [{'attempt': 0, 'deviation': 0.02081638772405614, 'median_ms': 1368.5559589939658, 'passed': True, 'ratio': 1.0208163877240561}], 'passed': True, 'reference_ms': 1340.6485000159591}",0.02081638772405614,0.02081638772405614,"{'attempts': [{'attempt': 0, 'deviation': 0.00022903989072919906, 'median_ms': 1340.9555620019091, 'passed': True, 'ratio': 1.0002290398907292}], 'passed': True, 'reference_ms': 1340.6485000159591}",0.00022903989072919906,0.00022903989072919906,False,calibration,valid,0,0,0,8.433000009972602,12800,True,128,840192,12800,3037.4969339682425,1.0390970206328976,False,1.020398465506398,0.0012956272858396605,1.2287235999746944,request_arrival,False,1.127841398891674,0.8995427564886072,"{'active_worker_log_present': True, 'completion_count_sufficient': True, 'decode_admission_zero': True, 'memory_clean': True, 'policy_cap_applied': True, 'queue_saturated': True, 'request_count_exact': True, 'sentinel_clean': True, 'steady_duration_sufficient': True, 'token_count_exact': True, 'token_timestamps_valid': True, 'within_block_drift_clean': False, 'within_block_qps_drift_clean': True}",276.61513195800944,1,False,[],"{'active_worker_log_present': True, 'decode_admission_zero': True, 'memory_hard_clean': True, 'policy_cap_applied': True, 'request_count_exact': True, 'token_count_exact': True, 'token_timestamps_valid': True}",['within_block_drift_clean'],hard_failures_only
3.9958750243875247,4.0,355424,546224,0.3361562077491446,2,0.0,8.611428707086615,1355.3789417,16,0.0,355440,546192,0,2048,3.9963221994453155,4.0,4,1.0,0.0,0.0,0.0,1.0,2581.753287202577,0,297.4807476249989,16,1428160512,1402093568,True,4,0.0,0.0,7856406528,7833763840,Mac mini,12700,,False,0.3361562077491446,100,16.877417016075924,1379879648,84,89,5.5,1.5B,1.2649992461611024,1.2361200903701484,128,10.750363027559056,1585.3895,11.888660449999998,12.1453020372428,10.893450822834644,21.4574247,1675.4111399,15.04393958,14.382053660810925,25.73858367,3898,0,0,0,1558.1904792785645,1428045824,14.875708,15.6642771,16.144147000000004,24.394458014285192,4.535667016170919,fixed4,fixed,True,3.9954779354436303,4.0,4,1.0,1566.7100209975615,1659.0865645790473,3477.5372067552,"{'compressions_delta': 0, 'decompressions_delta': 0, 'experiment_rss_after_bytes': 51838976, 'experiment_rss_before_bytes': 51789824, 'headroom_after_bytes': 8949399552, 'headroom_before_bytes': 8933064704, 'idle_seconds': 30.0, 'memory_free_percent_after': 89, 'memory_free_percent_before': 89, 'minimum_headroom_gb': 6.5, 'observed_minimum_headroom_gb': 8.319564819335938, 'pageins_delta': 59, 'pageouts_delta': 0, 'pages_occupied_by_compressor_delta': 0, 'pages_stored_in_compressor_delta': 0, 'passed': True, 'swap_used_delta_bytes': 0, 'swapins_delta': 0, 'swapouts_delta': 0}",mean,850263301,850268301,1.0,True,0,1428160512,"{'compressions_delta': 0, 'decompressions_delta': 0, 'experiment_rss_after_bytes': 1370832896, 'experiment_rss_before_bytes': 1370832896, 'headroom_after_bytes': 7811612672, 'headroom_before_bytes': 7221329920, 'idle_seconds': 30.0, 'memory_free_percent_after': 89, 'memory_free_percent_before': 81, 'minimum_headroom_gb': 6.5, 'observed_minimum_headroom_gb': 6.7253875732421875, 'pageins_delta': 19, 'pageouts_delta': 0, 'pages_occupied_by_compressor_delta': 0, 'pages_stored_in_compressor_delta': 0, 'passed': True, 'swap_used_delta_bytes': 0, 'swapins_delta': 0, 'swapouts_delta': 0}",1315670440,single_index_process_thread_pool,5362.106750020757,5557.964499981608,0.9960608015022935,3067.7474141962507,3057.4982622112534,0.9966590626276569,-0.0344545399427827,901e67763af94e8bbc8b07a683695381,static_calibration_fixed4_r00_a02,35879,0.7561611710116267,"{'attempts': [{'attempt': 0, 'deviation': 0.007071826420781635, 'median_ms': 1350.1293334993534, 'passed': True, 'ratio': 1.0070718264207816}], 'passed': True, 'reference_ms': 1340.6485000159591}",0.007071826420781635,0.007071826420781635,"{'attempts': [{'attempt': 0, 'deviation': 0.0001698028867598289, 'median_ms': 1340.876146001392, 'passed': True, 'ratio': 1.0001698028867598}], 'passed': True, 'reference_ms': 1340.6485000159591}",0.0001698028867598289,0.0001698028867598289,False,calibration,valid,0,0,0,8.458291995339096,12800,True,128,911856,12800,3065.2605497330405,0.9813542591477613,False,0.9956645627623063,-0.0002382420609117245,0.961237223113232,request_arrival,False,0.971377840057978,-0.11630524311230939,"{'active_worker_log_present': True, 'completion_count_sufficient': True, 'decode_admission_zero': True, 'memory_clean': True, 'policy_cap_applied': True, 'queue_saturated': True, 'request_count_exact': True, 'sentinel_clean': True, 'steady_duration_sufficient': True, 'token_count_exact': True, 'token_timestamps_valid': True, 'within_block_drift_clean': False, 'within_block_qps_drift_clean': True}",297.48920591699425,1,False,[],"{'active_worker_log_present': True, 'decode_admission_zero': True, 'memory_hard_clean': True, 'policy_cap_applied': True, 'request_count_exact': True, 'token_count_exact': True, 'token_timestamps_valid': True}",['within_block_drift_clean'],hard_failures_only
0.9992070018796992,1.0,84592,137968,0.3970364781699238,1,0.0,8.611428707086615,1355.3789417,16,1.0,84592,137984,0,2048,0.9990963077717532,1.0,1,1.0,0.0,0.0,0.0,0.9990963077717532,728.1664703427765,2,251.8660261670011,16,1420509184,1401733120,True,1,0.0,0.0,7826882560,7775223808,Mac mini,12700,,True,0.3970364781699238,100,12.89895799709484,1372195504,84,89,5.5,1.5B,1.0778609161785646,1.0016584076458948,128,9.075286255905512,1355.1493125,9.96772115,9.888156251690816,9.281922435826772,16.209857999999997,1357.6267125,11.48888226,11.679059065354522,17.454518670000002,3736,0,-1,-2,1558.1904792785645,1420394496,11.828687500000001,12.34436075,12.579868990000001,19.483665993902832,4.692959017120302,fixed1,fixed,True,0.9992959653398321,1.0,1,1.0,1340.1657499925932,1342.7937791668228,1037.495114756496,"{'compressions_delta': 0, 'decompressions_delta': 0, 'experiment_rss_after_bytes': 51937280, 'experiment_rss_before_bytes': 51888128, 'headroom_after_bytes': 8897527808, 'headroom_before_bytes': 8930672640, 'idle_seconds': 30.0, 'memory_free_percent_after': 89, 'memory_free_percent_before': 89, 'minimum_headroom_gb': 6.5, 'observed_minimum_headroom_gb': 8.286468505859375, 'pageins_delta': 79, 'pageouts_delta': 0, 'pages_occupied_by_compressor_delta': 0, 'pages_stored_in_compressor_delta': 0, 'passed': True, 'swap_used_delta_bytes': 0, 'swapins_delta': 0, 'swapouts_delta': 0}",mean,850263301,850268301,1.0,True,0,1420509184,"{'compressions_delta': 0, 'decompressions_delta': 0, 'experiment_rss_after_bytes': 1370931200, 'experiment_rss_before_bytes': 1370947584, 'headroom_after_bytes': 7754858496, 'headroom_before_bytes': 7201685504, 'idle_seconds': 30.0, 'memory_free_percent_after': 89, 'memory_free_percent_before': 82, 'minimum_headroom_gb': 6.5, 'observed_minimum_headroom_gb': 6.70709228515625, 'pageins_delta': 124, 'pageouts_delta': 0, 'pages_occupied_by_compressor_delta': 0, 'pages_stored_in_compressor_delta': 0, 'passed': True, 'swap_used_delta_bytes': 0, 'swapins_delta': 0, 'swapouts_delta': 0}",1315490216,single_index_process_thread_pool,4573.340333008673,4712.62860019342,0.9973083553461763,902.0865124981095,898.2649065809669,0.9957635926663402,-0.015173658960490442,59bf3db1b2504d21bb6e9a8ec7594c70,static_calibration_fixed1_r00_a01,34048,0.7590711174998432,"{'attempts': [{'attempt': 0, 'deviation': 0.0003368552506026745, 'median_ms': 1341.1001045024022, 'passed': True, 'ratio': 1.0003368552506027}], 'passed': True, 'reference_ms': 1340.6485000159591}",0.0003368552506026745,0.0003368552506026745,"{'attempts': [{'attempt': 0, 'deviation': 0.0003228538100925604, 'median_ms': 1341.081333492184, 'passed': True, 'ratio': 1.0003228538100926}], 'passed': True, 'reference_ms': 1340.6485000159591}",0.0003228538100925604,0.0003228538100925604,False,calibration,valid,0,0,0,8.51416599471122,12800,True,128,225456,12800,895.1425622227835,1.0309173386278134,True,1.0044461384390138,0.0005774815617645397,0.9991266332031571,request_arrival,True,1.0015095289233003,0.0012877941553917512,"{'active_worker_log_present': True, 'completion_count_sufficient': True, 'decode_admission_zero': True, 'memory_clean': True, 'policy_cap_applied': True, 'queue_saturated': True, 'request_count_exact': True, 'sentinel_clean': True, 'steady_duration_sufficient': True, 'token_count_exact': True, 'token_timestamps_valid': True, 'within_block_drift_clean': False, 'within_block_qps_drift_clean': True}",251.87454033299582,1,False,[],"{'active_worker_log_present': True, 'decode_admission_zero': True, 'memory_hard_clean': True, 'policy_cap_applied': True, 'request_count_exact': True, 'token_count_exact': True, 'token_timestamps_valid': True}",['within_block_drift_clean'],hard_failures_only
0.9994163821529662,1.0,90736,139248,0.39466342970863677,1,0.0,8.611428707086615,1355.3789417,16,1.0,90736,139248,0,2048,0.9994277357410822,1.0,1,1.0,0.0,0.0,0.0,0.9994277357410822,770.283248884378,7,253.38045654198504,16,1421279232,1403273216,True,1,0.0,0.0,7739883520,7804993536,Mac mini,12700,,True,0.39466342970863677,100,13.091957982396707,1373211312,84,89,5.5,1.5B,1.0937027246144568,1.0024576029607055,128,9.178753937007874,1355.7373335,9.82214585,9.978164242056662,9.41834303976378,16.947069099999997,1358.7099249999999,11.979710829999998,12.070722595963161,17.80306875,7460,0,-4,-7,1558.1904792785645,1421180928,12.1596875,12.79734105,13.0435375,19.113499991362914,3.7947499949950725,fixed1,fixed,True,0.9994041492876875,1.0,1,1.0,1340.4374164965702,1343.3682333459728,1046.8298740567534,"{'compressions_delta': 0, 'decompressions_delta': 0, 'experiment_rss_after_bytes': 51888128, 'experiment_rss_before_bytes': 51838976, 'headroom_after_bytes': 8890630144, 'headroom_before_bytes': 8829108224, 'idle_seconds': 30.0, 'memory_free_percent_after': 89, 'memory_free_percent_before': 89, 'minimum_headroom_gb': 6.5, 'observed_minimum_headroom_gb': 8.222747802734375, 'pageins_delta': 38, 'pageouts_delta': 0, 'pages_occupied_by_compressor_delta': 0, 'pages_stored_in_compressor_delta': 0, 'passed': True, 'swap_used_delta_bytes': 0, 'swapins_delta': 0, 'swapouts_delta': 0}",mean,850273301,850278301,1.0,True,1,1421279232,"{'compressions_delta': 0, 'decompressions_delta': 0, 'experiment_rss_after_bytes': 1372274688, 'experiment_rss_before_bytes': 1372258304, 'headroom_after_bytes': 7797686272, 'headroom_before_bytes': 7178469376, 'idle_seconds': 30.0, 'memory_free_percent_after': 89, 'memory_free_percent_before': 82, 'minimum_headroom_gb': 6.5, 'observed_minimum_headroom_gb': 6.6854705810546875, 'pageins_delta': 12, 'pageouts_delta': 0, 'pages_occupied_by_compressor_delta': 0, 'pages_stored_in_compressor_delta': 0, 'passed': True, 'swap_used_delta_bytes': 0, 'swapins_delta': 0, 'swapouts_delta': 0}",1316833704,single_index_process_thread_pool,4474.814416025765,4619.647183595225,1.0158801639282675,908.3631287598565,925.1778118805563,1.0185109705450683,0.0663643546967415,5a7b53f44552493a87059b64d5bf373d,static_calibration_fixed1_r01_a01,34269,0.7392395636998117,"{'attempts': [{'attempt': 0, 'deviation': 0.00047040330768810534, 'median_ms': 1341.2791455048136, 'passed': True, 'ratio': 1.000470403307688}], 'passed': True, 'reference_ms': 1340.6485000159591}",0.00047040330768810534,0.00047040330768810534,"{'attempts': [{'attempt': 0, 'deviation': 0.0002068185654189314, 'median_ms': 1340.9257710154634, 'passed': True, 'ratio': 1.000206818565419}], 'passed': True, 'reference_ms': 1340.6485000159591}",0.0002068185654189314,0.0002068185654189314,False,calibration,valid,0,0,0,8.395291020860896,12800,True,128,232768,12800,918.6501720641995,1.0395952405572277,True,1.0338354902791271,0.0014574978057465605,1.0001881076331973,request_arrival,True,1.0005810764702185,6.639311486040279e-05,"{'active_worker_log_present': True, 'completion_count_sufficient': True, 'decode_admission_zero': True, 'memory_clean': True, 'policy_cap_applied': True, 'queue_saturated': True, 'request_count_exact': True, 'sentinel_clean': True, 'steady_duration_sufficient': True, 'token_count_exact': True, 'token_timestamps_valid': True, 'within_block_drift_clean': False, 'within_block_qps_drift_clean': True}",253.3888518330059,1,False,[],"{'active_worker_log_present': True, 'decode_admission_zero': True, 'memory_hard_clean': True, 'policy_cap_applied': True, 'request_count_exact': True, 'token_count_exact': True, 'token_timestamps_valid': True}",['within_block_drift_clean'],hard_failures_only
0.999501027296742,1.0,86256,138160,0.3961101260738237,2,0.0,8.611428707086615,1355.3789417,16,1.0,86256,138144,0,2048,0.9993572438616789,1.0,1,1.0,0.0,0.0,0.0,0.9993572438616789,738.6281758815732,1,252.4550457499863,16,1420787712,1402437632,True,1,0.0,0.0,7782039552,7685521408,Mac mini,12700,,True,0.3961101260738237,100,13.260167004773393,1372523184,84,89,5.5,1.5B,1.090251316750922,1.0019405120362141,128,9.098731299212599,1355.3778545,9.782925,9.984969403012654,9.388621487007873,16.7185771,1358.00907085,11.031920749999996,11.791430420125836,17.54183283,3764,0,0,-1,1558.1904792785645,1420673024,11.951708499999999,12.845558,13.21850958,19.03220798703842,3.6435840011108667,fixed1,fixed,True,0.999619916381604,1.0,1,1.0,1340.2453750022687,1342.6321690858458,1038.646542006723,"{'compressions_delta': 0, 'decompressions_delta': 0, 'experiment_rss_after_bytes': 52101120, 'experiment_rss_before_bytes': 52051968, 'headroom_after_bytes': 8852717568, 'headroom_before_bytes': 8841019392, 'idle_seconds': 30.0, 'memory_free_percent_after': 89, 'memory_free_percent_before': 89, 'minimum_headroom_gb': 6.5, 'observed_minimum_headroom_gb': 8.233840942382812, 'pageins_delta': 50, 'pageouts_delta': 0, 'pages_occupied_by_compressor_delta': 0, 'pages_stored_in_compressor_delta': 0, 'passed': True, 'swap_used_delta_bytes': 0, 'swapins_delta': 0, 'swapouts_delta': 0}",mean,850273301,850278301,1.0,True,1,1420787712,"{'compressions_delta': 0, 'decompressions_delta': 0, 'experiment_rss_after_bytes': 1371373568, 'experiment_rss_before_bytes': 1371373568, 'headroom_after_bytes': 7681638400, 'headroom_before_bytes': 7138557952, 'idle_seconds': 30.0, 'memory_free_percent_after': 89, 'memory_free_percent_before': 83, 'minimum_headroom_gb': 6.5, 'observed_minimum_headroom_gb': 6.6483001708984375, 'pageins_delta': 14, 'pageouts_delta': 0, 'pages_occupied_by_compressor_delta': 0, 'pages_stored_in_compressor_delta': 0, 'passed': True, 'swap_used_delta_bytes': 0, 'swapins_delta': 0, 'swapouts_delta': 0}",1315932584,single_index_process_thread_pool,4544.930416974239,4703.112533697276,1.0057681827347773,907.1284407967521,906.8244149266968,0.9996648480453459,-0.0012043283902171,0a02e2d8dc844b5886f87eedcfd2debd,static_calibration_fixed1_r01_a02,34070,0.8087860769592226,"{'attempts': [{'attempt': 0, 'deviation': 0.0003658054155279977, 'median_ms': 1341.1389164975844, 'passed': True, 'ratio': 1.000365805415528}], 'passed': True, 'reference_ms': 1340.6485000159591}",0.0003658054155279977,0.0003658054155279977,"{'attempts': [{'attempt': 0, 'deviation': -9.786906339959156e-05, 'median_ms': 1340.5172920029145, 'passed': True, 'ratio': 0.9999021309366004}], 'passed': True, 'reference_ms': 1340.6485000159591}",-9.786906339959156e-05,-9.786906339959156e-05,False,calibration,valid,0,0,0,8.453540998743847,12800,True,128,227216,12800,900.0255840598992,1.034577928131634,True,1.0172797971189802,0.001079019166527125,1.0002987783054555,request_arrival,True,1.0012722399747656,0.0014987114974789623,"{'active_worker_log_present': True, 'completion_count_sufficient': True, 'decode_admission_zero': True, 'memory_clean': True, 'policy_cap_applied': True, 'queue_saturated': True, 'request_count_exact': True, 'sentinel_clean': True, 'steady_duration_sufficient': True, 'token_count_exact': True, 'token_timestamps_valid': True, 'within_block_drift_clean': False, 'within_block_qps_drift_clean': True}",252.46349929098506,1,False,[],"{'active_worker_log_present': True, 'decode_admission_zero': True, 'memory_hard_clean': True, 'policy_cap_applied': True, 'request_count_exact': True, 'token_count_exact': True, 'token_timestamps_valid': True}",['within_block_drift_clean'],hard_failures_only
2.0449727345138164,3.0,91760,371488,0.39790668468718876,1,0.0,8.611428707086615,1355.3789417,16,0.9983456896023528,94128,373008,0,2048,1.01514479437298,1.0,1,1.0,0.010899182561307902,2.0,1.447674418604651,0.9993663265952728,815.8861143026118,0,251.31520491698757,16,1420263424,1402093568,True,,0.0,0.0,7773077504,7632781312,Mac mini,12700,,True,0.39790668468718876,100,12.979082996025681,1371916976,84,89,5.5,1.5B,1.0533469215206153,1.0057065170573618,128,9.028317094488187,1358.8750415,9.7254524,9.644766633573454,9.070821918503938,17.9929247,1363.1134347500001,11.383817169999999,10.884630432119593,20.165866010000002,3566,30,0,0,1558.1904792785645,1420148736,11.100249999999999,12.0278244,12.940983240000001,39.76879201945849,17.349479006952606,phasegate3to1,phasegate,True,3.0058309037900877,3.0,3,1.0,1343.1699585198658,1346.1761979357107,2795.805119359107,"{'compressions_delta': 0, 'decompressions_delta': 0, 'experiment_rss_after_bytes': 52264960, 'experiment_rss_before_bytes': 52215808, 'headroom_after_bytes': 8777318400, 'headroom_before_bytes': 8843984896, 'idle_seconds': 30.0, 'memory_free_percent_after': 89, 'memory_free_percent_before': 89, 'minimum_headroom_gb': 6.5, 'observed_minimum_headroom_gb': 8.174514770507812, 'pageins_delta': 143, 'pageouts_delta': 0, 'pages_occupied_by_compressor_delta': 0, 'pages_stored_in_compressor_delta': 0, 'passed': True, 'swap_used_delta_bytes': 0, 'swapins_delta': 0, 'swapouts_delta': 0}",mean,850273301,850278301,1.0,True,1,1420263424,"{'compressions_delta': 0, 'decompressions_delta': 0, 'experiment_rss_after_bytes': 1370931200, 'experiment_rss_before_bytes': 1370931200, 'headroom_after_bytes': 7628701696, 'headroom_before_bytes': 7439826944, 'idle_seconds': 30.0, 'memory_free_percent_after': 89, 'memory_free_percent_before': 85, 'minimum_headroom_gb': 6.5, 'observed_minimum_headroom_gb': 6.9288787841796875, 'pageins_delta': 44, 'pageouts_delta': 0, 'pages_occupied_by_compressor_delta': 0, 'pages_stored_in_compressor_delta': 0, 'passed': True, 'swap_used_delta_bytes': 0, 'swapins_delta': 0, 'swapouts_delta': 0}",1315785152,single_index_process_thread_pool,7703.482187513146,9147.505089268088,0.9931168958766852,1895.20563598417,1864.8110347290951,0.9839623729066788,-0.120947298850434,33e9971e6c44438b9839101ef749ce2c,static_calibration_phasegate3to1_r01_a01,32642,5.194003024371341,"{'attempts': [{'attempt': 0, 'deviation': 0.0004288193222237169, 'median_ms': 1341.2233959970763, 'passed': True, 'ratio': 1.0004288193222237}], 'passed': True, 'reference_ms': 1340.6485000159591}",0.0004288193222237169,0.0004288193222237169,"{'attempts': [{'attempt': 0, 'deviation': 0.00010066619504645047, 'median_ms': 1340.7834579993505, 'passed': True, 'ratio': 1.0001006661950465}], 'passed': True, 'reference_ms': 1340.6485000159591}",0.00010066619504645047,0.00010066619504645047,False,calibration,valid,0,0,0,9.174584003631026,12800,True,128,472176,12800,1878.8198674885803,1.004660017019096,True,1.0034010944086458,0.0005355974922149782,1.0005329344287626,request_arrival,True,1.0011603335474102,0.004615570038813885,"{'active_worker_log_present': True, 'completion_count_sufficient': True, 'decode_admission_zero': True, 'memory_clean': False, 'policy_cap_applied': True, 'queue_saturated': True, 'request_count_exact': True, 'sentinel_clean': True, 'steady_duration_sufficient': True, 'token_count_exact': True, 'token_timestamps_valid': True, 'within_block_drift_clean': True, 'within_block_qps_drift_clean': True}",251.3243795009912,301,False,[],"{'active_worker_log_present': True, 'decode_admission_zero': True, 'memory_hard_clean': True, 'policy_cap_applied': True, 'request_count_exact': True, 'token_count_exact': True, 'token_timestamps_valid': True}",['memory_clean'],hard_failures_only
2.043395473112005,3.0,91792,371984,0.3978539993984925,2,0.0,8.611428707086615,1355.3789417,16,0.9984337090384202,94256,373456,0,2048,1.0155982499524443,1.0,1,1.0,0.011096316023080338,2.0,1.4742857142857142,0.9992391097584173,817.2171062103845,0,251.34848499999498,16,1426505728,1402355712,True,,0.0,0.0,7732396032,7557775360,Mac mini,12700,,True,0.3978539993984925,100,13.033499999437481,1378192048,84,89,5.5,1.5B,1.0538386207745825,1.0055469722294563,128,9.03079625984252,1358.9688335,9.78896635,9.717783362430055,9.075056151574804,17.513935749999998,1362.89719105,11.54155325,10.925692905439066,19.521511910000005,3465,1,0,0,1558.1904792785645,1426538496,11.096271,12.155601449999999,12.657535500000002,35.199792007915676,17.27468750323169,phasegate3to1,phasegate,True,3.005794850349483,3.0,3,1.0,1343.2368540088646,1346.2219961555093,2797.832135812768,"{'compressions_delta': 0, 'decompressions_delta': 0, 'experiment_rss_after_bytes': 52314112, 'experiment_rss_before_bytes': 52264960, 'headroom_after_bytes': 8814870528, 'headroom_before_bytes': 8839954432, 'idle_seconds': 30.0, 'memory_free_percent_after': 89, 'memory_free_percent_before': 89, 'minimum_headroom_gb': 6.5, 'observed_minimum_headroom_gb': 8.209487915039062, 'pageins_delta': 49, 'pageouts_delta': 0, 'pages_occupied_by_compressor_delta': 0, 'pages_stored_in_compressor_delta': 0, 'passed': True, 'swap_used_delta_bytes': 0, 'swapins_delta': 0, 'swapouts_delta': 0}",mean,850273301,850278301,1.0,True,1,1426505728,"{'compressions_delta': 0, 'decompressions_delta': 0, 'experiment_rss_after_bytes': 1371144192, 'experiment_rss_before_bytes': 1371144192, 'headroom_after_bytes': 7547125760, 'headroom_before_bytes': 7059701760, 'idle_seconds': 30.0, 'memory_free_percent_after': 89, 'memory_free_percent_before': 82, 'minimum_headroom_gb': 6.5, 'observed_minimum_headroom_gb': 6.574859619140625, 'pageins_delta': 19, 'pageouts_delta': 0, 'pages_occupied_by_compressor_delta': 0, 'pages_stored_in_compressor_delta': 0, 'passed': True, 'swap_used_delta_bytes': 0, 'swapins_delta': 0, 'swapouts_delta': 0}",1315686800,single_index_process_thread_pool,7734.360874994309,9146.28595210961,0.9852740011132386,1896.2064105449504,1861.997840089862,0.9819594690404737,-0.1361022119311751,b401e49fd44d4e30950ae7f0e7d0ca55,static_calibration_phasegate3to1_r01_a02,32561,6.560537847690284,"{'attempts': [{'attempt': 0, 'deviation': 0.00048104852887886906, 'median_ms': 1341.2934170046356, 'passed': True, 'ratio': 1.0004810485288789}], 'passed': True, 'reference_ms': 1340.6485000159591}",0.00048104852887886906,0.00048104852887886906,"{'attempts': [{'attempt': 0, 'deviation': 5.9346633259904635e-05, 'median_ms': 1340.72806299082, 'passed': True, 'ratio': 1.00005934663326}], 'passed': True, 'reference_ms': 1340.6485000159591}",5.9346633259904635e-05,5.9346633259904635e-05,False,calibration,valid,0,0,0,9.20637499075383,12800,True,128,472656,12800,1880.4807993969387,1.005141733907098,True,1.0079774978948044,0.0005545649111631578,1.0014619010797563,request_arrival,True,1.0004250252519542,0.0012333023862246208,"{'active_worker_log_present': True, 'completion_count_sufficient': True, 'decode_admission_zero': True, 'memory_clean': False, 'policy_cap_applied': True, 'queue_saturated': True, 'request_count_exact': True, 'sentinel_clean': True, 'steady_duration_sufficient': True, 'token_count_exact': True, 'token_timestamps_valid': True, 'within_block_drift_clean': True, 'within_block_qps_drift_clean': True}",251.35769137498573,301,False,[],"{'active_worker_log_present': True, 'decode_admission_zero': True, 'memory_hard_clean': True, 'policy_cap_applied': True, 'request_count_exact': True, 'token_count_exact': True, 'token_timestamps_valid': True}",['memory_clean'],hard_failures_only
0.02540983606557377,0.0,0,0,0.40921914249077557,1,0.0,8.611428707086615,1355.3789417,16,0.9982088646023072,0,5808,0,2048,0.0,0.0,0,1.0,0.0,0.0,0.0,0.0,0.0,0,244.36784504100797,16,1413840896,1402437632,True,,0.0003937007874015748,0.0,7717945344,7828357120,Mac mini,12700,,True,0.40921914249077557,100,20.232166978530586,1365527216,84,89,5.5,1.5B,1.0670985895294283,1.0027291793727888,128,8.410237366141732,1354.5692295,9.50642289999999,9.538740233983845,9.189243427165355,14.356572599999998,1359.07801395,10.71991467,10.450231307768263,29.012225000000026,3474,0,0,0,1558.1904792785645,1413709824,10.4271665,15.470543449999994,19.223525000000006,15.433749998919666,2.675916999578476,fixed0,fixed0,True,0.033231960188001106,0.0,0,1.0,1341.5183539909776,1343.6133541268646,43.57332335037564,"{'compressions_delta': 0, 'decompressions_delta': 0, 'experiment_rss_after_bytes': 52346880, 'experiment_rss_before_bytes': 52297728, 'headroom_after_bytes': 8813346816, 'headroom_before_bytes': 8832204800, 'idle_seconds': 30.0, 'memory_free_percent_after': 89, 'memory_free_percent_before': 89, 'minimum_headroom_gb': 6.5, 'observed_minimum_headroom_gb': 8.20806884765625, 'pageins_delta': 59, 'pageouts_delta': 0, 'pages_occupied_by_compressor_delta': 0, 'pages_stored_in_compressor_delta': 0, 'passed': True, 'swap_used_delta_bytes': 0, 'swapins_delta': 0, 'swapouts_delta': 0}",mean,850283301,850288301,1.0,True,2,1413840896,"{'compressions_delta': 0, 'decompressions_delta': 0, 'experiment_rss_after_bytes': 1371291648, 'experiment_rss_before_bytes': 1371275264, 'headroom_after_bytes': 7821770752, 'headroom_before_bytes': 7107690496, 'idle_seconds': 30.0, 'memory_free_percent_after': 89, 'memory_free_percent_before': 82, 'minimum_headroom_gb': 6.5, 'observed_minimum_headroom_gb': 6.6195526123046875, 'pageins_delta': 7, 'pageouts_delta': 0, 'pages_occupied_by_compressor_delta': 0, 'pages_stored_in_compressor_delta': 0, 'passed': True, 'swap_used_delta_bytes': 0, 'swapins_delta': 0, 'swapouts_delta': 0}",1315817896,single_index_process_thread_pool,,,0.9349994722246007,27.18866040591801,25.77082215486184,0.9478518533135396,-0.005802340663863842,68f94071a0ea426b8db1da6f04612a4c,static_calibration_fixed0_r02_a01,32940,2.912375144660473,"{'attempts': [{'attempt': 0, 'deviation': 0.001001287803248374, 'median_ms': 1341.9908750074683, 'passed': True, 'ratio': 1.0010012878032484}], 'passed': True, 'reference_ms': 1340.6485000159591}",0.001001287803248374,0.001001287803248374,"{'attempts': [{'attempt': 0, 'deviation': 0.00015914274078920876, 'median_ms': 1340.8618544926867, 'passed': True, 'ratio': 1.0001591427407892}], 'passed': True, 'reference_ms': 1340.6485000159591}",0.00015914274078920876,0.00015914274078920876,False,calibration,valid,0,0,0,8.460290991934016,12800,True,128,6944,12800,28.416177254559454,1.08524863062908,True,1.0043154047250964,0.000870501272355266,1.0041713020126604,request_arrival,True,1.0004084444104968,0.003827333376040279,"{'active_worker_log_present': True, 'completion_count_sufficient': True, 'decode_admission_zero': True, 'memory_clean': True, 'policy_cap_applied': True, 'queue_saturated': True, 'request_count_exact': True, 'sentinel_clean': True, 'steady_duration_sufficient': True, 'token_count_exact': True, 'token_timestamps_valid': True, 'within_block_drift_clean': False, 'within_block_qps_drift_clean': False}",244.3763053319999,201,False,[],"{'active_worker_log_present': True, 'decode_admission_zero': True, 'memory_hard_clean': True, 'policy_cap_applied': True, 'request_count_exact': True, 'token_count_exact': True, 'token_timestamps_valid': True}","['within_block_drift_clean', 'within_block_qps_drift_clean']",hard_failures_only
0.02539412533033626,0.0,0,0,0.41003858094013257,2,0.0,8.611428707086615,1355.3789417,16,0.9979952006318156,0,5760,0,2048,0.0,0.0,0,1.0,0.0,0.0,0.0,0.0,0.0,0,243.87948999999207,16,1413562368,1402060800,True,,7.874015748031496e-05,0.0,7711490048,7680917504,Mac mini,12700,,True,0.41003858094013257,100,17.56224999553524,1365265096,84,89,5.5,1.5B,0.9988061629187122,1.001708444169197,128,8.456640421259843,1354.6432915,9.182747599999999,9.164460122701712,8.601148064173229,14.331176750000001,1357.69453095,9.933669749999998,10.30918699252652,14.886418750000002,3493,2,0,0,1558.1904792785645,1413595136,10.5002085,10.79050835,11.023656490000034,15.04066601046361,2.6366454985691234,fixed0,fixed0,True,0.03158824828804948,0.0,0,1.0,1341.4878119947389,1344.5961371515295,43.25711832118103,"{'compressions_delta': 0, 'decompressions_delta': 0, 'experiment_rss_after_bytes': 52527104, 'experiment_rss_before_bytes': 52477952, 'headroom_after_bytes': 8759869440, 'headroom_before_bytes': 8775155712, 'idle_seconds': 30.0, 'memory_free_percent_after': 89, 'memory_free_percent_before': 89, 'minimum_headroom_gb': 6.5, 'observed_minimum_headroom_gb': 8.15826416015625, 'pageins_delta': 125, 'pageouts_delta': 0, 'pages_occupied_by_compressor_delta': 0, 'pages_stored_in_compressor_delta': 0, 'passed': True, 'swap_used_delta_bytes': 0, 'swapins_delta': 0, 'swapouts_delta': 0}",mean,850283301,850288301,1.0,True,2,1413562368,"{'compressions_delta': 0, 'decompressions_delta': 0, 'experiment_rss_after_bytes': 1370865664, 'experiment_rss_before_bytes': 1370865664, 'headroom_after_bytes': 7672102912, 'headroom_before_bytes': 7406338048, 'idle_seconds': 30.0, 'memory_free_percent_after': 89, 'memory_free_percent_before': 85, 'minimum_headroom_gb': 6.5, 'observed_minimum_headroom_gb': 6.8976898193359375, 'pageins_delta': 7, 'pageouts_delta': 0, 'pages_occupied_by_compressor_delta': 0, 'pages_stored_in_compressor_delta': 0, 'passed': True, 'swap_used_delta_bytes': 0, 'swapins_delta': 0, 'swapouts_delta': 0}",1315441088,single_index_process_thread_pool,,,0.9116114091495785,26.991518346109384,25.951858176804187,0.9614819679288232,-0.0042630332987829865,8de536c53cac4209878eecdf30fda759,static_calibration_fixed0_r02_a02,32921,2.9552047490142286,"{'attempts': [{'attempt': 0, 'deviation': 0.00041236273918099364, 'median_ms': 1341.2013335037045, 'passed': True, 'ratio': 1.000412362739181}], 'passed': True, 'reference_ms': 1340.6485000159591}",0.00041236273918099364,0.00041236273918099364,"{'attempts': [{'attempt': 0, 'deviation': 0.00034112854607282195, 'median_ms': 1341.1058334895642, 'passed': True, 'ratio': 1.0003411285460728}], 'passed': True, 'reference_ms': 1340.6485000159591}",0.00034112854607282195,0.00034112854607282195,False,calibration,valid,0,0,0,8.428499975707382,12800,True,128,6960,12800,28.538685233433227,1.029305464313289,True,1.0139969054044347,0.000763589046138128,0.9973388772849863,request_arrival,True,1.0000443265785874,-0.002469487914905455,"{'active_worker_log_present': True, 'completion_count_sufficient': True, 'decode_admission_zero': True, 'memory_clean': False, 'policy_cap_applied': True, 'queue_saturated': True, 'request_count_exact': True, 'sentinel_clean': True, 'steady_duration_sufficient': True, 'token_count_exact': True, 'token_timestamps_valid': True, 'within_block_drift_clean': True, 'within_block_qps_drift_clean': False}",243.88791849996778,201,False,[],"{'active_worker_log_present': True, 'decode_admission_zero': True, 'memory_hard_clean': True, 'policy_cap_applied': True, 'request_count_exact': True, 'token_count_exact': True, 'token_timestamps_valid': True}","['memory_clean', 'within_block_qps_drift_clean']",hard_failures_only
1.5391309602949175,2.0,91824,268640,0.39802311676159424,1,0.0,8.611428707086615,1355.3789417,16,0.9983682842811386,93248,271664,0,2048,1.0086923418564813,1.0,1,1.0,0.009326819364253537,1.0,1.0,0.9993655224922277,809.074457603461,0,251.24168870798894,16,1421082624,1402634240,True,,0.0,0.0,7720894464,7651377152,Mac mini,12700,,True,0.39802311676159424,100,12.528791994554922,1372736176,84,89,5.5,1.5B,1.05490993577581,1.0049271723903455,128,9.032652724409449,1358.144125,9.992587149999999,9.76071839540964,9.084281704330708,17.66118545,1362.0571274,11.784859500000001,10.936674507684074,18.612160420000002,3548,1,0,0,1558.1904792785645,1420984320,11.132854,12.23612885,12.425327410000001,36.302791006164625,16.66010399640072,phasegate2to1,phasegate,True,2.015278661959604,2.0,2,1.0,1342.353562489734,1345.8236618636874,2036.6671342915395,"{'compressions_delta': 0, 'decompressions_delta': 0, 'experiment_rss_after_bytes': 52543488, 'experiment_rss_before_bytes': 52494336, 'headroom_after_bytes': 8773943296, 'headroom_before_bytes': 8819310592, 'idle_seconds': 30.0, 'memory_free_percent_after': 89, 'memory_free_percent_before': 89, 'minimum_headroom_gb': 6.5, 'observed_minimum_headroom_gb': 8.171371459960938, 'pageins_delta': 135, 'pageouts_delta': 0, 'pages_occupied_by_compressor_delta': 0, 'pages_stored_in_compressor_delta': 0, 'passed': True, 'swap_used_delta_bytes': 0, 'swapins_delta': 0, 'swapouts_delta': 0}",mean,850283301,850288301,1.0,True,2,1421082624,"{'compressions_delta': 0, 'decompressions_delta': 0, 'experiment_rss_after_bytes': 1371422720, 'experiment_rss_before_bytes': 1371406336, 'headroom_after_bytes': 7639449600, 'headroom_before_bytes': 7074430976, 'idle_seconds': 30.0, 'memory_free_percent_after': 89, 'memory_free_percent_before': 82, 'minimum_headroom_gb': 6.5, 'observed_minimum_headroom_gb': 6.5885772705078125, 'pageins_delta': 11, 'pageouts_delta': 0, 'pages_occupied_by_compressor_delta': 0, 'pages_stored_in_compressor_delta': 0, 'passed': True, 'swap_used_delta_bytes': 0, 'swapins_delta': 0, 'swapouts_delta': 0}",1316260264,single_index_process_thread_pool,4533.788959000958,7715.517258201726,0.9929946678797354,1476.71783616262,1455.2405352296644,0.9854560563927593,-0.0854892709436346,8ba288155eb6453f8e04651666ae800a,static_calibration_phasegate2to1_r02_a01,33094,4.445413971552625,"{'attempts': [{'attempt': 0, 'deviation': 0.00038380044485619713, 'median_ms': 1341.163041506661, 'passed': True, 'ratio': 1.0003838004448562}], 'passed': True, 'reference_ms': 1340.6485000159591}",0.00038380044485619713,0.00038380044485619713,"{'attempts': [{'attempt': 0, 'deviation': 0.00021654667789605675, 'median_ms': 1340.9388129948638, 'passed': True, 'ratio': 1.000216546677896}], 'passed': True, 'reference_ms': 1340.6485000159591}",0.00021654667789605675,0.00021654667789605675,False,calibration,valid,0,0,0,8.506499987561256,12800,True,128,368688,12800,1467.4634687259866,1.0024336947044663,True,1.0036114153085278,0.0004810508422656726,1.0020261618831392,request_arrival,True,1.0007816882624363,0.0016887068566454663,"{'active_worker_log_present': True, 'completion_count_sufficient': True, 'decode_admission_zero': True, 'memory_clean': False, 'policy_cap_applied': True, 'queue_saturated': True, 'request_count_exact': True, 'sentinel_clean': True, 'steady_duration_sufficient': True, 'token_count_exact': True, 'token_timestamps_valid': True, 'within_block_drift_clean': True, 'within_block_qps_drift_clean': True}",251.2501952079765,301,False,[],"{'active_worker_log_present': True, 'decode_admission_zero': True, 'memory_hard_clean': True, 'policy_cap_applied': True, 'request_count_exact': True, 'token_count_exact': True, 'token_timestamps_valid': True}",['memory_clean'],hard_failures_only
2.0446747017587015,3.0,91568,372576,0.3978743728087534,1,0.0,8.611428707086615,1355.3789417,16,0.9985549132947977,94096,374080,0,2048,1.0167672276913307,1.0,1,1.0,0.012130835185773261,2.0,1.455497382198953,0.9991108288345506,816.0725907986258,0,251.33561454099254,16,1420066816,1402175488,True,,0.0,0.0,7713128448,7725465600,Mac mini,12700,,True,0.3978743728087534,100,13.17745799315162,1371703984,84,89,5.5,1.5B,1.0536624239609265,1.0049427599868102,128,9.027177657480316,1358.790542,9.789288949999998,9.71417741238838,9.07353884527559,17.5174729,1362.0782545,11.187884169999998,10.876025517936798,18.53244125,3541,6,0,0,1558.1904792785645,1419984896,11.0255835,12.22439375,12.642539920000003,37.08645899314433,19.22210400516633,phasegate3to1,phasegate,True,3.006454697585465,3.0,3,1.0,1343.2184164994396,1346.1202663602307,2803.136243726921,"{'compressions_delta': 0, 'decompressions_delta': 0, 'experiment_rss_after_bytes': 52543488, 'experiment_rss_before_bytes': 52494336, 'headroom_after_bytes': 8787525632, 'headroom_before_bytes': 8812101632, 'idle_seconds': 30.0, 'memory_free_percent_after': 89, 'memory_free_percent_before': 89, 'minimum_headroom_gb': 6.5, 'observed_minimum_headroom_gb': 8.18402099609375, 'pageins_delta': 41, 'pageouts_delta': 0, 'pages_occupied_by_compressor_delta': 0, 'pages_stored_in_compressor_delta': 0, 'passed': True, 'swap_used_delta_bytes': 0, 'swapins_delta': 0, 'swapouts_delta': 0}",mean,850283301,850288301,1.0,True,2,1420066816,"{'compressions_delta': 0, 'decompressions_delta': 0, 'experiment_rss_after_bytes': 1370963968, 'experiment_rss_before_bytes': 1370963968, 'headroom_after_bytes': 7707688960, 'headroom_before_bytes': 7085064192, 'idle_seconds': 30.0, 'memory_free_percent_after': 89, 'memory_free_percent_before': 83, 'minimum_headroom_gb': 6.5, 'observed_minimum_headroom_gb': 6.598480224609375, 'pageins_delta': 66, 'pageouts_delta': 0, 'pages_occupied_by_compressor_delta': 0, 'pages_stored_in_compressor_delta': 0, 'passed': True, 'swap_used_delta_bytes': 0, 'swapins_delta': 0, 'swapouts_delta': 0}",1315522984,single_index_process_thread_pool,7719.1068539978005,9185.152287509118,0.9865771600993566,1892.766191806184,1868.0206665575213,0.9869262641335277,-0.098462033673218,95159418b3e340c590d89664c63b4ea2,static_calibration_phasegate3to1_r02_a01,32524,5.4276661248877645,"{'attempts': [{'attempt': 0, 'deviation': 0.0004763239406357922, 'median_ms': 1341.287082992494, 'passed': True, 'ratio': 1.0004763239406358}], 'passed': True, 'reference_ms': 1340.6485000159591}",0.0004763239406357922,0.0004763239406357922,"{'attempts': [{'attempt': 0, 'deviation': 0.00021435484103937696, 'median_ms': 1340.9358745120699, 'passed': True, 'ratio': 1.0002143548410394}], 'passed': True, 'reference_ms': 1340.6485000159591}",0.00021435484103937696,0.00021435484103937696,False,calibration,valid,0,0,0,8.470875007333234,12800,True,128,473328,12800,1883.250811328216,1.0014568900421135,True,1.0029768437164486,0.00041942500802648856,0.9992403611139625,request_arrival,True,1.0008509119399593,-0.0002791982780021728,"{'active_worker_log_present': True, 'completion_count_sufficient': True, 'decode_admission_zero': True, 'memory_clean': False, 'policy_cap_applied': True, 'queue_saturated': True, 'request_count_exact': True, 'sentinel_clean': True, 'steady_duration_sufficient': True, 'token_count_exact': True, 'token_timestamps_valid': True, 'within_block_drift_clean': True, 'within_block_qps_drift_clean': True}",251.34408541599987,301,False,[],"{'active_worker_log_present': True, 'decode_admission_zero': True, 'memory_hard_clean': True, 'policy_cap_applied': True, 'request_count_exact': True, 'token_count_exact': True, 'token_timestamps_valid': True}",['memory_clean'],hard_failures_only
2.0442502299908005,3.0,91760,374800,0.39807247832496023,2,0.0,8.611428707086615,1355.3789417,16,0.998129408157007,94160,376288,0,2048,1.0155952833777102,1.0,1,1.0,0.011537973881070116,2.0,1.4230769230769231,0.999175859008495,817.7844118412195,0,251.2105343750154,16,1420967936,1403437056,True,,0.0,0.0,7789789184,7605305344,Mac mini,12700,,True,0.39807247832496023,100,12.695916986558586,1372670664,84,89,5.5,1.5B,1.0527949727234749,1.0052583262368386,128,9.027587437007874,1358.267187,9.829734799999995,9.672710094309878,9.066068850787401,16.85664315,1362.5059663499999,11.33556417,10.882378306414466,19.22155934,3498,25,0,0,1558.1904792785645,1420836864,11.0605625,12.1501973,12.294962080000001,37.953457998810336,18.45322900044266,phasegate3to1,phasegate,True,3.0044113263785395,3.0,3,1.0,1343.2019170140848,1346.167766347935,2819.694368500703,"{'compressions_delta': 0, 'decompressions_delta': 0, 'experiment_rss_after_bytes': 52690944, 'experiment_rss_before_bytes': 52641792, 'headroom_after_bytes': 8774025216, 'headroom_before_bytes': 8799879168, 'idle_seconds': 30.0, 'memory_free_percent_after': 89, 'memory_free_percent_before': 89, 'minimum_headroom_gb': 6.5, 'observed_minimum_headroom_gb': 8.17144775390625, 'pageins_delta': 20, 'pageouts_delta': 0, 'pages_occupied_by_compressor_delta': 0, 'pages_stored_in_compressor_delta': 0, 'passed': True, 'swap_used_delta_bytes': 0, 'swapins_delta': 0, 'swapouts_delta': 0}",mean,850283301,850288301,1.0,True,2,1420967936,"{'compressions_delta': 0, 'decompressions_delta': 0, 'experiment_rss_after_bytes': 1372438528, 'experiment_rss_before_bytes': 1372422144, 'headroom_after_bytes': 7640170496, 'headroom_before_bytes': 7367262208, 'idle_seconds': 30.0, 'memory_free_percent_after': 89, 'memory_free_percent_before': 85, 'minimum_headroom_gb': 6.5, 'observed_minimum_headroom_gb': 6.861297607421875, 'pageins_delta': 15, 'pageouts_delta': 0, 'pages_occupied_by_compressor_delta': 0, 'pages_stored_in_compressor_delta': 0, 'passed': True, 'swap_used_delta_bytes': 0, 'swapins_delta': 0, 'swapouts_delta': 0}",1316981184,single_index_process_thread_pool,7716.576499980874,9003.689170491998,0.9892230718122378,1904.6329732557285,1876.887372143679,0.9854325733610387,-0.11045267199740615,54fc045c03514cd1978403f96877e9db,static_calibration_phasegate3to1_r02_a02,32610,4.379526013508439,"{'attempts': [{'attempt': 0, 'deviation': 0.0003818271393367656, 'median_ms': 1341.1603959975764, 'passed': True, 'ratio': 1.0003818271393368}], 'passed': True, 'reference_ms': 1340.6485000159591}",0.0003818271393367656,0.0003818271393367656,"{'attempts': [{'attempt': 0, 'deviation': 0.0003371659139614902, 'median_ms': 1341.100520992768, 'passed': True, 'ratio': 1.0003371659139615}], 'passed': True, 'reference_ms': 1340.6485000159591}",0.0003371659139614902,0.0003371659139614902,False,calibration,valid,0,0,0,9.287374996347353,12800,True,128,475024,12800,1890.9398094383591,1.0008954262656364,True,1.0036651669449874,0.000536866534632747,0.9985449766499961,request_arrival,True,1.0003982737096881,-0.001451343941673926,"{'active_worker_log_present': True, 'completion_count_sufficient': True, 'decode_admission_zero': True, 'memory_clean': False, 'policy_cap_applied': True, 'queue_saturated': True, 'request_count_exact': True, 'sentinel_clean': True, 'steady_duration_sufficient': True, 'token_count_exact': True, 'token_timestamps_valid': True, 'within_block_drift_clean': True, 'within_block_qps_drift_clean': True}",251.21982175001176,301,False,[],"{'active_worker_log_present': True, 'decode_admission_zero': True, 'memory_hard_clean': True, 'policy_cap_applied': True, 'request_count_exact': True, 'token_count_exact': True, 'token_timestamps_valid': True}",['memory_clean'],hard_failures_only
1.5697907356612322,3.0,0,370704,0.39194674637015736,1,0.0,8.611428707086615,1355.3789417,16,0.9977501772120689,3744,372176,0,2048,0.02574421873003705,0.0,0,1.0,0.013031812955155231,3.0,1.9754901960784315,0.013031812955155231,31.518385675652873,1,255.13670141698094,16,1420967936,1403502592,True,,7.874015748031496e-05,0.0,7788216320,7670333440,Mac mini,12700,,False,0.39194674637015736,100,18.048458005068824,1372670664,84,89,5.5,1.5B,1.110788266604786,1.0061687040374947,128,9.436998519685037,1359.102125,9.13719615,10.716656837030312,9.565473966535434,16.5924649,1363.73987325,10.82857267,13.562587418127807,17.452908420000007,3430,10,-1,-1,1558.1904792785645,1420836864,14.2368955,16.550222899999998,16.859747170000006,36.431083019124344,20.363708506920375,phasegate3to0,phasegate,True,3.0050837320574164,3.0,3,1.0,1343.9069379819557,1347.3598107520957,2791.11659040823,"{'compressions_delta': 0, 'decompressions_delta': 0, 'experiment_rss_after_bytes': 52805632, 'experiment_rss_before_bytes': 52723712, 'headroom_after_bytes': 8834236416, 'headroom_before_bytes': 8887074816, 'idle_seconds': 30.0, 'memory_free_percent_after': 89, 'memory_free_percent_before': 89, 'minimum_headroom_gb': 6.5, 'observed_minimum_headroom_gb': 8.227523803710938, 'pageins_delta': 56, 'pageouts_delta': 0, 'pages_occupied_by_compressor_delta': 0, 'pages_stored_in_compressor_delta': 0, 'passed': True, 'swap_used_delta_bytes': 0, 'swapins_delta': 0, 'swapouts_delta': 0}",mean,850283301,850288301,1.0,True,2,1420967936,"{'compressions_delta': 0, 'decompressions_delta': 0, 'experiment_rss_after_bytes': 1372356608, 'experiment_rss_before_bytes': 1372356608, 'headroom_after_bytes': 7645331456, 'headroom_before_bytes': 7384891392, 'idle_seconds': 30.0, 'memory_free_percent_after': 89, 'memory_free_percent_before': 85, 'minimum_headroom_gb': 6.5, 'observed_minimum_headroom_gb': 6.877716064453125, 'pageins_delta': 93, 'pageouts_delta': 0, 'pages_occupied_by_compressor_delta': 0, 'pages_stored_in_compressor_delta': 0, 'passed': True, 'swap_used_delta_bytes': 0, 'swapins_delta': 0, 'swapouts_delta': 0}",1316915624,single_index_process_thread_pool,8056.176000012783,9394.608832983067,0.9790246323528925,1511.383155094264,1463.6202648148574,0.968397894261017,-0.18721396764642628,78c32ee4c5604f13904a9161308f615e,static_calibration_phasegate3to0_r02_a01,32447,7.169666787376627,"{'attempts': [{'attempt': 0, 'deviation': 0.0006038122549727465, 'median_ms': 1341.4580000098795, 'passed': True, 'ratio': 1.0006038122549727}], 'passed': True, 'reference_ms': 1340.6485000159591}",0.0006038122549727465,0.0006038122549727465,"{'attempts': [{'attempt': 0, 'deviation': 0.00019779008319376068, 'median_ms': 1340.913666994311, 'passed': True, 'ratio': 1.0001977900831938}], 'passed': True, 'reference_ms': 1340.6485000159591}",0.00019779008319376068,0.00019779008319376068,False,calibration,valid,0,0,0,8.416125026997179,12800,True,128,379136,12800,1486.01121631796,1.0000712798426414,False,1.0000504358471685,0.0007412974980554741,0.9994103745857521,request_arrival,True,1.0001098372672612,-0.0012285631983970531,"{'active_worker_log_present': True, 'completion_count_sufficient': True, 'decode_admission_zero': True, 'memory_clean': False, 'policy_cap_applied': True, 'queue_saturated': True, 'request_count_exact': True, 'sentinel_clean': True, 'steady_duration_sufficient': True, 'token_count_exact': True, 'token_timestamps_valid': True, 'within_block_drift_clean': True, 'within_block_qps_drift_clean': True}",255.14511754200794,301,False,[],"{'active_worker_log_present': True, 'decode_admission_zero': True, 'memory_hard_clean': True, 'policy_cap_applied': True, 'request_count_exact': True, 'token_count_exact': True, 'token_timestamps_valid': True}",['memory_clean'],hard_failures_only
3.5037628487518355,4.0,261248,466224,0.37915050231368397,1,0.0,8.611428707086615,1355.3789417,16,0.497858541360744,262512,466240,0,2048,3.0075580680840606,3.0,3,1.0,0.009524394740076195,1.0,1.0,1.0,2060.1421673828627,1421,263.7475076249975,16,1420656640,1402650624,True,,0.0,0.0,7756218368,7654752256,Mac mini,12700,,False,0.37915050231368397,100,13.710708008147776,1372375776,84,89,5.5,1.5B,1.1674742998360146,1.0065943225359466,128,9.966274437007876,1359.9490835,11.00074019999999,10.963110407465136,10.053621700393702,20.177816,1364.3167475999999,12.885450839999999,12.850679500843398,22.180180410000013,34933,90,-279,-1426,1558.1904792785645,1420541952,12.953354000000001,13.2968952,13.437823660000001,40.01887500635348,18.22752050065901,phasegate4to3,phasegate,True,3.9957210098416773,4.0,4,1.0,1343.8939790066797,1344.7675812334637,3489.7410379917173,"{'compressions_delta': 0, 'decompressions_delta': 0, 'experiment_rss_after_bytes': 52985856, 'experiment_rss_before_bytes': 52936704, 'headroom_after_bytes': 8775417856, 'headroom_before_bytes': 8820342784, 'idle_seconds': 30.0, 'memory_free_percent_after': 89, 'memory_free_percent_before': 89, 'minimum_headroom_gb': 6.5, 'observed_minimum_headroom_gb': 8.172744750976562, 'pageins_delta': 30, 'pageouts_delta': 0, 'pages_occupied_by_compressor_delta': 0, 'pages_stored_in_compressor_delta': 0, 'passed': True, 'swap_used_delta_bytes': 0, 'swapins_delta': 0, 'swapouts_delta': 0}",mean,850283301,850288301,1.0,True,2,1420656640,"{'compressions_delta': 0, 'decompressions_delta': 0, 'experiment_rss_after_bytes': 1371406336, 'experiment_rss_before_bytes': 1371373568, 'headroom_after_bytes': 7644135424, 'headroom_before_bytes': 7091240960, 'idle_seconds': 30.0, 'memory_free_percent_after': 89, 'memory_free_percent_before': 82, 'minimum_headroom_gb': 6.5, 'observed_minimum_headroom_gb': 6.6042327880859375, 'pageins_delta': 11, 'pageouts_delta': 0, 'pages_occupied_by_compressor_delta': 0, 'pages_stored_in_compressor_delta': 0, 'passed': True, 'swap_used_delta_bytes': 0, 'swapins_delta': 0, 'swapouts_delta': 0}",1316276696,single_index_process_thread_pool,5269.841500004986,9701.29573752638,1.001350281241839,2803.725094492259,2788.7362886129085,0.9946539673562166,-0.05683263222069546,a4dd67751e204c9d98c648ca00b5feca,static_calibration_phasegate4to3_r02_a01,32688,6.152876449050382,"{'attempts': [{'attempt': 0, 'deviation': 0.00020476731455931763, 'median_ms': 1340.9230210090755, 'passed': True, 'ratio': 1.0002047673145593}], 'passed': True, 'reference_ms': 1340.6485000159591}",0.00020476731455931763,0.00020476731455931763,"{'attempts': [{'attempt': 0, 'deviation': 0.00023019007565627803, 'median_ms': 1340.9571039956063, 'passed': True, 'ratio': 1.0002301900756563}], 'passed': True, 'reference_ms': 1340.6485000159591}",0.00023019007565627803,0.00023019007565627803,False,calibration,valid,0,0,0,9.267790999729186,12800,True,128,737472,12800,2796.1287924227713,0.9966330670259712,False,0.998107007236719,-9.97699786359443e-05,0.997963436024838,request_arrival,True,0.9995284037694611,-0.006757406378035696,"{'active_worker_log_present': True, 'completion_count_sufficient': True, 'decode_admission_zero': True, 'memory_clean': False, 'policy_cap_applied': True, 'queue_saturated': True, 'request_count_exact': True, 'sentinel_clean': True, 'steady_duration_sufficient': True, 'token_count_exact': True, 'token_timestamps_valid': True, 'within_block_drift_clean': True, 'within_block_qps_drift_clean': True}",263.75677541599725,201,False,[],"{'active_worker_log_present': True, 'decode_admission_zero': True, 'memory_hard_clean': True, 'policy_cap_applied': True, 'request_count_exact': True, 'token_count_exact': True, 'token_timestamps_valid': True}",['memory_clean'],hard_failures_only
3.503033459982841,4.0,261968,467072,0.37931027794143996,2,0.0,8.611428707086615,1355.3789417,16,0.49785512930506187,263056,467072,0,2048,3.0059084194977843,3.0,3,1.0,0.007693254554406696,1.0,1.0,1.0,2066.354125977344,248,263.6364101250074,16,1420492800,1402535936,True,,0.0,0.0,7616331776,7894941696,Mac mini,12700,,False,0.37931027794143996,100,14.493124996079132,1372228344,84,89,5.5,1.5B,1.1640915168989026,1.0068788142291085,128,9.960890744094488,1359.3746045,10.85367705,10.93550835212227,10.024491106299212,19.00989135,1364.70234165,13.13436175,12.878469275310636,20.489648660000015,41023,66,-64,-250,1558.1904792785645,1420378112,13.024125,13.34974375,13.436388920000006,41.55758299748413,15.688041996327229,phasegate4to3,phasegate,True,3.9960183767228177,4.0,4,1.0,1343.8575829932233,1345.8111493542674,3499.3132325987913,"{'compressions_delta': 0, 'decompressions_delta': 0, 'experiment_rss_after_bytes': 53035008, 'experiment_rss_before_bytes': 52985856, 'headroom_after_bytes': 8920367104, 'headroom_before_bytes': 8923185152, 'idle_seconds': 30.0, 'memory_free_percent_after': 89, 'memory_free_percent_before': 89, 'minimum_headroom_gb': 6.5, 'observed_minimum_headroom_gb': 8.3077392578125, 'pageins_delta': 181, 'pageouts_delta': 0, 'pages_occupied_by_compressor_delta': 0, 'pages_stored_in_compressor_delta': 0, 'passed': True, 'swap_used_delta_bytes': 0, 'swapins_delta': 0, 'swapouts_delta': 0}",mean,850283301,850288301,1.0,True,2,1420492800,"{'compressions_delta': 0, 'decompressions_delta': 0, 'experiment_rss_after_bytes': 1371258880, 'experiment_rss_before_bytes': 1371209728, 'headroom_after_bytes': 7869775872, 'headroom_before_bytes': 7075643392, 'idle_seconds': 30.0, 'memory_free_percent_after': 89, 'memory_free_percent_before': 82, 'minimum_headroom_gb': 6.5, 'observed_minimum_headroom_gb': 6.5897064208984375, 'pageins_delta': 23, 'pageouts_delta': 0, 'pages_occupied_by_compressor_delta': 0, 'pages_stored_in_compressor_delta': 0, 'passed': True, 'swap_used_delta_bytes': 0, 'swapins_delta': 0, 'swapouts_delta': 0}",1315834352,single_index_process_thread_pool,5253.809999994701,9739.46789590409,0.9938066116442283,2814.3168262866807,2788.428842389609,0.9908013256875455,-0.09820018160034986,6532f1f5d3f74acba0d16f7bb6ac1a26,static_calibration_phasegate4to3_r02_a02,32636,4.680213198298588,"{'attempts': [{'attempt': 0, 'deviation': 0.0013576455619037642, 'median_ms': 1342.4686255020788, 'passed': True, 'ratio': 1.0013576455619038}], 'passed': True, 'reference_ms': 1340.6485000159591}",0.0013576455619037642,0.0013576455619037642,"{'attempts': [{'attempt': 0, 'deviation': -9.17466474311679e-05, 'median_ms': 1340.525500010699, 'passed': True, 'ratio': 0.9999082533525688}], 'passed': True, 'reference_ms': 1340.6485000159591}",-9.17466474311679e-05,-9.17466474311679e-05,False,calibration,valid,0,0,0,8.895875012967736,12800,True,128,739120,12800,2803.558126320771,1.0069428535384,False,0.9990006140009466,4.617668634081433e-05,0.9982932586784696,request_arrival,True,1.000095085402777,-0.003088344161360215,"{'active_worker_log_present': True, 'completion_count_sufficient': True, 'decode_admission_zero': True, 'memory_clean': False, 'policy_cap_applied': True, 'queue_saturated': True, 'request_count_exact': True, 'sentinel_clean': True, 'steady_duration_sufficient': True, 'token_count_exact': True, 'token_timestamps_valid': True, 'within_block_drift_clean': True, 'within_block_qps_drift_clean': True}",263.64530600002035,201,False,[],"{'active_worker_log_present': True, 'decode_admission_zero': True, 'memory_hard_clean': True, 'policy_cap_applied': True, 'request_count_exact': True, 'token_count_exact': True, 'token_timestamps_valid': True}",['memory_clean'],hard_failures_only
3.0132788245781206,4.0,180160,466160,0.3856681784568072,1,0.0,8.611428707086615,1355.3789417,16,0.49595795038883594,182512,466176,0,2048,2.0157421753951037,2.0,2,1.0,0.011713665943600867,2.0,1.470899470899471,1.0,1484.0212681744622,1,259.29025412502233,16,1428996096,1405108224,True,,0.0,0.0,7984971776,7826292736,Mac mini,12700,,False,0.3856681784568072,100,12.971541000297293,1380698824,84,89,5.5,1.5B,1.1241767129934699,1.0056281848310495,128,9.625973590551181,1359.0822285,10.696846449999992,10.566664587531704,9.680767618110236,16.904825,1363.0072649,12.41685059,12.41312626953004,18.08646750000001,3745,25,0,-1,1558.1904792785645,1428815872,12.527125,12.852848250000001,12.959274590000001,45.702667004661635,21.882104003452696,phasegate4to2,phasegate,True,3.9948009052541438,4.0,4,1.0,1343.8851249957224,1347.4671693853452,3488.187764428956,"{'compressions_delta': 0, 'decompressions_delta': 2, 'experiment_rss_after_bytes': 52838400, 'experiment_rss_before_bytes': 52789248, 'headroom_after_bytes': 8576679936, 'headroom_before_bytes': 8690565120, 'idle_seconds': 30.0, 'memory_free_percent_after': 89, 'memory_free_percent_before': 89, 'minimum_headroom_gb': 6.5, 'observed_minimum_headroom_gb': 7.9876556396484375, 'pageins_delta': 298, 'pageouts_delta': 0, 'pages_occupied_by_compressor_delta': 0, 'pages_stored_in_compressor_delta': -2, 'passed': True, 'swap_used_delta_bytes': 0, 'swapins_delta': 0, 'swapouts_delta': 0}",mean,850283301,850288301,1.0,True,2,1428996096,"{'compressions_delta': 0, 'decompressions_delta': 2, 'experiment_rss_after_bytes': 1374011392, 'experiment_rss_before_bytes': 1374027776, 'headroom_after_bytes': 7842988032, 'headroom_before_bytes': 7403143168, 'idle_seconds': 30.0, 'memory_free_percent_after': 89, 'memory_free_percent_before': 84, 'minimum_headroom_gb': 6.5, 'observed_minimum_headroom_gb': 6.89471435546875, 'pageins_delta': 1355, 'pageouts_delta': 0, 'pages_occupied_by_compressor_delta': -1, 'pages_stored_in_compressor_delta': -2, 'passed': True, 'swap_used_delta_bytes': 0, 'swapins_delta': 0, 'swapouts_delta': 0}",1318832576,single_index_process_thread_pool,5178.664103994379,9654.07121911121,0.9971903547625983,2543.3384246461724,2516.5148735590615,0.9894534086273468,-0.1034543162689976,b81efa5a2f0642ce9ccacc6f44aca81f,static_calibration_phasegate4to2_r02_a01,32533,6.008386757457629,"{'attempts': [{'attempt': 0, 'deviation': 0.0005433318160530387, 'median_ms': 1341.3769170001615, 'passed': True, 'ratio': 1.000543331816053}], 'passed': True, 'reference_ms': 1340.6485000159591}",0.0005433318160530387,0.0005433318160530387,"{'attempts': [{'attempt': 0, 'deviation': 0.0002429637440941601, 'median_ms': 1340.9742289950373, 'passed': True, 'ratio': 1.0002429637440942}], 'passed': True, 'reference_ms': 1340.6485000159591}",0.0002429637440941601,0.0002429637440941601,False,calibration,valid,0,0,0,8.64337498205714,12800,True,128,656112,12800,2530.4151990365267,1.0024787885990591,False,1.0003342484200923,9.275236188243008e-05,1.0006974356373197,request_arrival,True,1.0000829988044977,-0.0010446753235240035,"{'active_worker_log_present': True, 'completion_count_sufficient': True, 'decode_admission_zero': True, 'memory_clean': False, 'policy_cap_applied': True, 'queue_saturated': True, 'request_count_exact': True, 'sentinel_clean': True, 'steady_duration_sufficient': True, 'token_count_exact': True, 'token_timestamps_valid': True, 'within_block_drift_clean': True, 'within_block_qps_drift_clean': True}",259.2988975000044,201,False,[],"{'active_worker_log_present': True, 'decode_admission_zero': True, 'memory_hard_clean': True, 'policy_cap_applied': True, 'request_count_exact': True, 'token_count_exact': True, 'token_timestamps_valid': True}",['memory_clean'],hard_failures_only
3.015357626492675,4.0,179968,466800,0.38617804578521625,2,0.0,8.611428707086615,1355.3789417,16,0.4952911485904223,182480,466800,0,2048,2.016653203256074,2.0,2,1.0,0.012241347169576835,2.0,1.4365482233502538,1.0,1485.5919984659888,0,258.94791558300494,16,1426882560,1402486784,True,,0.0,0.0,7942504448,7742504960,Mac mini,12700,,False,0.38617804578521625,100,13.079666998237371,1378601720,84,89,5.5,1.5B,1.1221343651242488,1.0053757516631188,128,9.599211779527558,1359.1915,11.957703849999998,10.532852388860192,9.66318008503937,16.95161075,1362.6651223,12.635833329999999,12.427668670134153,17.499120330000004,3469,24,0,0,1558.1904792785645,1426751488,12.546541999999999,12.9322681,13.04510566,40.099000005284324,21.043125016149133,phasegate4to2,phasegate,True,3.9954128440366974,4.0,4,1.0,1343.8344790047267,1347.1276229378418,3496.6854660112517,"{'compressions_delta': 0, 'decompressions_delta': 0, 'experiment_rss_after_bytes': 53018624, 'experiment_rss_before_bytes': 52969472, 'headroom_after_bytes': 9150070784, 'headroom_before_bytes': 9143910400, 'idle_seconds': 30.0, 'memory_free_percent_after': 89, 'memory_free_percent_before': 89, 'minimum_headroom_gb': 6.5, 'observed_minimum_headroom_gb': 8.51593017578125, 'pageins_delta': 12, 'pageouts_delta': 0, 'pages_occupied_by_compressor_delta': 0, 'pages_stored_in_compressor_delta': 0, 'passed': True, 'swap_used_delta_bytes': 0, 'swapins_delta': 0, 'swapouts_delta': 0}",mean,850283301,850288301,1.0,True,2,1426882560,"{'compressions_delta': 0, 'decompressions_delta': 0, 'experiment_rss_after_bytes': 1371340800, 'experiment_rss_before_bytes': 1371357184, 'headroom_after_bytes': 7729790976, 'headroom_before_bytes': 7296974848, 'idle_seconds': 30.0, 'memory_free_percent_after': 89, 'memory_free_percent_before': 82, 'minimum_headroom_gb': 6.5, 'observed_minimum_headroom_gb': 6.79583740234375, 'pageins_delta': 50, 'pageouts_delta': 0, 'pages_occupied_by_compressor_delta': 0, 'pages_stored_in_compressor_delta': 0, 'passed': True, 'swap_used_delta_bytes': 0, 'swapins_delta': 0, 'swapouts_delta': 0}",1316194752,single_index_process_thread_pool,5167.444083504961,9723.474752109905,1.000227796679102,2541.2712563410055,2523.843489223266,0.9931421067018117,-0.06730587944159105,bf9ea1083cc049eca050039d800e7591,static_calibration_phasegate4to2_r02_a02,32492,4.890421318123117,"{'attempts': [{'attempt': 0, 'deviation': 0.0003352388698316666, 'median_ms': 1341.097937503946, 'passed': True, 'ratio': 1.0003352388698317}], 'passed': True, 'reference_ms': 1340.6485000159591}",0.0003352388698316666,0.0003352388698316666,"{'attempts': [{'attempt': 0, 'deviation': 1.4374375476799983e-05, 'median_ms': 1340.6677710008807, 'passed': True, 'ratio': 1.0000143743754768}], 'passed': True, 'reference_ms': 1340.6485000159591}",1.4374375476799983e-05,1.4374375476799983e-05,False,calibration,valid,0,0,0,8.653166994918138,12800,True,128,656272,12800,2534.3783846355545,1.0018139358975424,False,1.0009707889677317,5.873788936541493e-05,1.000538334704811,request_arrival,True,1.0000803546751527,-0.003646313320513057,"{'active_worker_log_present': True, 'completion_count_sufficient': True, 'decode_admission_zero': True, 'memory_clean': False, 'policy_cap_applied': True, 'queue_saturated': True, 'request_count_exact': True, 'sentinel_clean': True, 'steady_duration_sufficient': True, 'token_count_exact': True, 'token_timestamps_valid': True, 'within_block_drift_clean': True, 'within_block_qps_drift_clean': True}",258.95656874999986,201,False,[],"{'active_worker_log_present': True, 'decode_admission_zero': True, 'memory_hard_clean': True, 'policy_cap_applied': True, 'request_count_exact': True, 'token_count_exact': True, 'token_timestamps_valid': True}",['memory_clean'],hard_failures_only
3.9960981904205966,4.0,342448,466032,0.370174396160953,1,0.0,8.611428707086615,1355.3789417,16,0.0,342464,466032,0,2048,3.9960295303678888,4.0,4,1.0,0.0,0.0,0.0,1.0,2557.2827988676795,7,270.14294083300047,16,1427406848,1403600896,True,4,0.0,0.0,7879704576,7749304320,Mac mini,12700,,False,0.370174396160953,100,16.280500014545396,1379044040,84,89,5.5,1.5B,1.2239195753733625,1.0057415828596534,128,10.479433397637795,1359.3121455,12.6973399,12.20137144991895,10.539696166535434,17.879255599999997,1363.1609622,13.996600919999997,14.113378764595836,20.048162500000007,3468,2,0,-7,1558.1904792785645,1427292160,14.7358335,15.7662205,16.1335375,26.307541993446648,4.5123750023776665,fixed4,fixed,True,3.9961514966401954,4.0,4,1.0,1343.7979994923808,1344.8549360400648,3490.2489865333355,"{'compressions_delta': 0, 'decompressions_delta': 0, 'experiment_rss_after_bytes': 53166080, 'experiment_rss_before_bytes': 53116928, 'headroom_after_bytes': 9143435264, 'headroom_before_bytes': 9194143744, 'idle_seconds': 30.0, 'memory_free_percent_after': 89, 'memory_free_percent_before': 89, 'minimum_headroom_gb': 6.5, 'observed_minimum_headroom_gb': 8.515487670898438, 'pageins_delta': 185, 'pageouts_delta': 0, 'pages_occupied_by_compressor_delta': 0, 'pages_stored_in_compressor_delta': 0, 'passed': True, 'swap_used_delta_bytes': 0, 'swapins_delta': 0, 'swapouts_delta': 0}",mean,850283301,850288301,1.0,True,2,1427406848,"{'compressions_delta': 0, 'decompressions_delta': 0, 'experiment_rss_after_bytes': 1372405760, 'experiment_rss_before_bytes': 1372405760, 'headroom_after_bytes': 7730249728, 'headroom_before_bytes': 7223476224, 'idle_seconds': 30.0, 'memory_free_percent_after': 89, 'memory_free_percent_before': 82, 'minimum_headroom_gb': 6.5, 'observed_minimum_headroom_gb': 6.727386474609375, 'pageins_delta': 7, 'pageouts_delta': 0, 'pages_occupied_by_compressor_delta': 0, 'pages_stored_in_compressor_delta': 0, 'passed': True, 'swap_used_delta_bytes': 0, 'swapins_delta': 0, 'swapouts_delta': 0}",1316915600,single_index_process_thread_pool,5402.804832992842,5575.097807796556,0.9981403253460798,3034.9855243329343,3023.356301066325,0.9961682771883515,-0.043050300408818444,a4f4e200a1d54b77b875d98cd50103cd,static_calibration_fixed4_r02_a01,32549,0.9377107780892402,"{'attempts': [{'attempt': 0, 'deviation': 0.0004752517010486734, 'median_ms': 1341.2856454961002, 'passed': True, 'ratio': 1.0004752517010487}], 'passed': True, 'reference_ms': 1340.6485000159591}",0.0004752517010486734,0.0004752517010486734,"{'attempts': [{'attempt': 0, 'deviation': 0.0002738723006134869, 'median_ms': 1341.0156665049726, 'passed': True, 'ratio': 1.0002738723006135}], 'passed': True, 'reference_ms': 1340.6485000159591}",0.0002738723006134869,0.0002738723006134869,False,calibration,valid,0,0,0,8.519916998920962,12800,True,128,818864,12800,3031.224867379426,1.0009695760138637,False,1.0019152060795111,8.160727656721767e-05,0.9986623264544228,request_arrival,True,0.999921806573119,-0.004844357358929951,"{'active_worker_log_present': True, 'completion_count_sufficient': True, 'decode_admission_zero': True, 'memory_clean': False, 'policy_cap_applied': True, 'queue_saturated': True, 'request_count_exact': True, 'sentinel_clean': True, 'steady_duration_sufficient': True, 'token_count_exact': True, 'token_timestamps_valid': True, 'within_block_drift_clean': True, 'within_block_qps_drift_clean': True}",270.1514607499994,1,False,[],"{'active_worker_log_present': True, 'decode_admission_zero': True, 'memory_hard_clean': True, 'policy_cap_applied': True, 'request_count_exact': True, 'token_count_exact': True, 'token_timestamps_valid': True}",['memory_clean'],hard_failures_only
3.9963759213759213,4.0,342944,466848,0.3699372525168736,2,0.0,8.611428707086615,1355.3789417,16,0.0,342928,466864,0,2048,3.996464239191117,4.0,4,1.0,0.0,0.0,0.0,1.0,2558.498465860977,0,270.31611258300836,16,1426259968,1402241024,True,4,0.00023622047244094488,0.0,7926366208,7749943296,Mac mini,12700,,False,0.3699372525168736,100,19.89416597643867,1377880800,84,89,5.5,1.5B,1.2256312131233869,1.0049746373449946,128,10.491056271653543,1359.361854,11.850810099999997,12.202780942607204,10.554435812992127,16.87878095,1362.1214604000002,13.425239499999998,14.119210356147962,18.964397740000006,3460,6,0,0,1558.1904792785645,1426128896,14.639667,16.101692,19.437013340000004,23.25937498244457,4.637041987734847,fixed4,fixed,True,3.9962741265575374,4.0,4,1.0,1343.8356875121826,1345.9300273738336,3497.728001446848,"{'compressions_delta': 0, 'decompressions_delta': 0, 'experiment_rss_after_bytes': 53018624, 'experiment_rss_before_bytes': 52969472, 'headroom_after_bytes': 9096380416, 'headroom_before_bytes': 9079308288, 'idle_seconds': 30.0, 'memory_free_percent_after': 89, 'memory_free_percent_before': 89, 'minimum_headroom_gb': 6.5, 'observed_minimum_headroom_gb': 8.455764770507812, 'pageins_delta': 47, 'pageouts_delta': 0, 'pages_occupied_by_compressor_delta': 0, 'pages_stored_in_compressor_delta': 0, 'passed': True, 'swap_used_delta_bytes': 0, 'swapins_delta': 0, 'swapouts_delta': 0}",mean,850283301,850288301,1.0,True,2,1426259968,"{'compressions_delta': 0, 'decompressions_delta': 0, 'experiment_rss_after_bytes': 1371160576, 'experiment_rss_before_bytes': 1371160576, 'headroom_after_bytes': 7735115776, 'headroom_before_bytes': 7254966272, 'idle_seconds': 30.0, 'memory_free_percent_after': 89, 'memory_free_percent_before': 82, 'minimum_headroom_gb': 6.5, 'observed_minimum_headroom_gb': 6.7567138671875, 'pageins_delta': 10, 'pageouts_delta': 0, 'pages_occupied_by_compressor_delta': 0, 'pages_stored_in_compressor_delta': 0, 'passed': True, 'swap_used_delta_bytes': 0, 'swapins_delta': 0, 'swapouts_delta': 0}",1315736000,single_index_process_thread_pool,5399.349521001568,5607.324764596706,0.9981861970358455,3040.314941866423,3025.842444559939,0.9952398032495938,-0.05354199692814704,58a6ea80575d4cae8b89b0edfb3d75b0,static_calibration_fixed4_r02_a02,32560,1.1739299225155264,"{'attempts': [{'attempt': 0, 'deviation': 0.0005249015584416483, 'median_ms': 1341.35220850294, 'passed': True, 'ratio': 1.0005249015584416}], 'passed': True, 'reference_ms': 1340.6485000159591}",0.0005249015584416483,0.0005249015584416483,"{'attempts': [{'attempt': 0, 'deviation': 5.2648392157017554e-05, 'median_ms': 1340.7190830039326, 'passed': True, 'ratio': 1.000052648392157}], 'passed': True, 'reference_ms': 1340.6485000159591}",5.2648392157017554e-05,5.2648392157017554e-05,False,calibration,valid,0,0,0,8.601790992543101,12800,True,128,820352,12800,3034.787649767223,1.0014270294536585,False,1.0002382624519706,3.4336777416801146e-05,0.9990891085084661,request_arrival,True,1.0002143487853492,-0.0035760286329913067,"{'active_worker_log_present': True, 'completion_count_sufficient': True, 'decode_admission_zero': True, 'memory_clean': False, 'policy_cap_applied': True, 'queue_saturated': True, 'request_count_exact': True, 'sentinel_clean': True, 'steady_duration_sufficient': True, 'token_count_exact': True, 'token_timestamps_valid': True, 'within_block_drift_clean': True, 'within_block_qps_drift_clean': True}",270.3247143740009,1,False,[],"{'active_worker_log_present': True, 'decode_admission_zero': True, 'memory_hard_clean': True, 'policy_cap_applied': True, 'request_count_exact': True, 'token_count_exact': True, 'token_timestamps_valid': True}",['memory_clean'],hard_failures_only
1.9985871633700478,2.0,180592,261248,0.38554029467016926,1,0.0,8.611428707086615,1355.3789417,16,1.0,180592,261248,0,2048,1.9988931250768662,2.0,2,1.0,0.0,0.0,0.0,1.0,1462.5890295954473,0,259.3762607499957,16,1420984320,1402273792,True,2,0.0,0.0,7873118208,7793197056,Mac mini,12700,,False,0.38554029467016926,100,12.981499981833622,1372687048,84,89,5.5,1.5B,1.1269354930065965,1.0029275371838249,128,9.666916830708661,1356.1262295000001,12.0121098,10.591727399150841,9.704524655511811,16.3035215,1359.34686395,12.56319209,12.546885820338503,17.46961084,3708,17,0,0,1558.1904792785645,1420869632,12.6712705,12.9144577,12.94329741,22.586625011172146,3.7306045123841614,fixed2,fixed,True,1.9983086911451797,2.0,2,1.0,1341.6712500184076,1344.6052222861908,1963.0448898550505,"{'compressions_delta': 0, 'decompressions_delta': 0, 'experiment_rss_after_bytes': 53051392, 'experiment_rss_before_bytes': 53002240, 'headroom_after_bytes': 9087959040, 'headroom_before_bytes': 9133211648, 'idle_seconds': 30.0, 'memory_free_percent_after': 89, 'memory_free_percent_before': 89, 'minimum_headroom_gb': 6.5, 'observed_minimum_headroom_gb': 8.463821411132812, 'pageins_delta': 180, 'pageouts_delta': 0, 'pages_occupied_by_compressor_delta': 0, 'pages_stored_in_compressor_delta': 0, 'passed': True, 'swap_used_delta_bytes': 0, 'swapins_delta': 0, 'swapouts_delta': 0}",mean,850283301,850288301,1.0,True,2,1420984320,"{'compressions_delta': 0, 'decompressions_delta': 0, 'experiment_rss_after_bytes': 1371144192, 'experiment_rss_before_bytes': 1371127808, 'headroom_after_bytes': 7789641728, 'headroom_before_bytes': 7228407808, 'idle_seconds': 30.0, 'memory_free_percent_after': 89, 'memory_free_percent_before': 82, 'minimum_headroom_gb': 6.5, 'observed_minimum_headroom_gb': 6.7319793701171875, 'pageins_delta': 7, 'pageouts_delta': 0, 'pages_occupied_by_compressor_delta': 0, 'pages_stored_in_compressor_delta': 0, 'passed': True, 'swap_used_delta_bytes': 0, 'swapins_delta': 0, 'swapouts_delta': 0}",1315670440,single_index_process_thread_pool,4741.337749990635,5071.729116217466,0.9951663615133367,1728.543750032667,1718.854534235319,0.9943945787908667,-0.03735756376270498,bb876eebba854d4f864a7bf7cd44862d,static_calibration_fixed2_r02_a01,34682,0.6747909064870328,"{'attempts': [{'attempt': 0, 'deviation': 0.00018161321765730598, 'median_ms': 1340.8919795037946, 'passed': True, 'ratio': 1.0001816132176573}], 'passed': True, 'reference_ms': 1340.6485000159591}",0.00018161321765730598,0.00018161321765730598,"{'attempts': [{'attempt': 0, 'deviation': 0.0002749911489305923, 'median_ms': 1341.0171664872905, 'passed': True, 'ratio': 1.0002749911489306}], 'passed': True, 'reference_ms': 1340.6485000159591}",0.0002749911489305923,0.0002749911489305923,False,calibration,valid,0,0,0,8.62541698734276,12800,True,128,447456,12800,1725.1231809193525,1.0026765459865568,False,1.0006392692445683,7.339117147912969e-05,0.9999726580609595,request_arrival,True,1.000161861365306,-0.0017148378552019658,"{'active_worker_log_present': True, 'completion_count_sufficient': True, 'decode_admission_zero': True, 'memory_clean': False, 'policy_cap_applied': True, 'queue_saturated': True, 'request_count_exact': True, 'sentinel_clean': True, 'steady_duration_sufficient': True, 'token_count_exact': True, 'token_timestamps_valid': True, 'within_block_drift_clean': True, 'within_block_qps_drift_clean': True}",259.38488616698305,1,False,[],"{'active_worker_log_present': True, 'decode_admission_zero': True, 'memory_hard_clean': True, 'policy_cap_applied': True, 'request_count_exact': True, 'token_count_exact': True, 'token_timestamps_valid': True}",['memory_clean'],hard_failures_only
2.9978851107067745,3.0,655184,927760,0.3789429592561817,1,0.0,8.611428707086615,1355.3789417,16,1.0,655184,927712,0,2048,2.9980838676394725,3.0,3,1.0,0.0,0.0,0.0,1.0,2048.4822507741696,1,659.7298983749934,16,1460043776,1402273792,True,3,0.0,0.0,7891976192,7722319872,Mac mini,31750,,False,0.3789429592561817,250,14.839291980024427,1411762912,84,89,5.5,1.5B,1.170721135254773,1.0045698093790887,128,10.004197830708662,1357.831979,11.285295849999974,10.908187807945069,10.081581592125984,16.8234878,1361.5727651,12.96641584,12.88997102063149,18.222424419999996,9338,6,0,-17,1558.1904792785645,1459699712,13.025021,13.393733,13.879997759999995,23.002709000138566,3.2005414977902547,fixed3,fixed,True,2.9977149646962045,3.0,3,1.0,1342.8468960191822,1346.1514435970457,2782.123611652477,"{'compressions_delta': 0, 'decompressions_delta': 50, 'experiment_rss_after_bytes': 51740672, 'experiment_rss_before_bytes': 51691520, 'headroom_after_bytes': 9025634304, 'headroom_before_bytes': 9052258304, 'idle_seconds': 30.0, 'memory_free_percent_after': 89, 'memory_free_percent_before': 89, 'minimum_headroom_gb': 6.5, 'observed_minimum_headroom_gb': 8.405776977539062, 'pageins_delta': 55, 'pageouts_delta': 0, 'pages_occupied_by_compressor_delta': -7, 'pages_stored_in_compressor_delta': -50, 'passed': True, 'swap_used_delta_bytes': 0, 'swapins_delta': 0, 'swapouts_delta': 0}",mean,850263601,850268601,1.0,True,0,1460043776,"{'compressions_delta': 0, 'decompressions_delta': 0, 'experiment_rss_after_bytes': 1371209728, 'experiment_rss_before_bytes': 1371209728, 'headroom_after_bytes': 7711473664, 'headroom_before_bytes': 7565836288, 'idle_seconds': 30.0, 'memory_free_percent_after': 89, 'memory_free_percent_before': 84, 'minimum_headroom_gb': 6.5, 'observed_minimum_headroom_gb': 7.046234130859375, 'pageins_delta': 10, 'pageouts_delta': 0, 'pages_occupied_by_compressor_delta': 0, 'pages_stored_in_compressor_delta': 0, 'passed': True, 'swap_used_delta_bytes': 0, 'swapins_delta': 0, 'swapouts_delta': 0}",1316063680,single_index_process_thread_pool,5061.244791999343,5264.769762502692,0.9955376527326694,2424.8377504744617,2423.641595511301,0.9995067072166266,-0.001813140189522301,5bee5c9ccd844c388d22487b4ebff62d,static_evaluation_fixed3_r00_a01,84638,1.680123299593106,"{'attempts': [{'attempt': 0, 'deviation': 0.0005400063635196961, 'median_ms': 1341.526749994955, 'passed': True, 'ratio': 1.0005400063635197}], 'passed': True, 'reference_ms': 1340.8027080004103}",0.0005400063635196961,0.0005400063635196961,"{'attempts': [{'attempt': 0, 'deviation': 9.057111978894028e-05, 'median_ms': 1340.9241460030898, 'passed': True, 'ratio': 1.000090571119789}], 'passed': True, 'reference_ms': 1340.8027080004103}",9.057111978894028e-05,9.057111978894028e-05,False,evaluation,valid,0,0,0,21.70683300937526,32000,True,128,1602016,32000,2428.2907352630045,1.001826878827962,False,1.00088649857961,1.7712582863895548e-05,1.0008797737818622,request_arrival,True,0.9999540305354067,-0.00022438632890877115,"{'active_worker_log_present': True, 'completion_count_sufficient': True, 'decode_admission_zero': True, 'memory_clean': False, 'policy_cap_applied': True, 'queue_saturated': True, 'request_count_exact': True, 'sentinel_clean': True, 'steady_duration_sufficient': True, 'token_count_exact': True, 'token_timestamps_valid': True, 'within_block_drift_clean': True, 'within_block_qps_drift_clean': True}",659.7516052080027,1,False,[],"{'active_worker_log_present': True, 'decode_admission_zero': True, 'memory_hard_clean': True, 'policy_cap_applied': True, 'request_count_exact': True, 'token_count_exact': True, 'token_timestamps_valid': True}",['memory_clean'],hard_failures_only
2.997869772065611,3.0,645600,912096,0.37932723556304687,2,0.0,8.611428707086615,1355.3789417,16,1.0,645616,912080,0,2048,2.998323554065381,3.0,3,1.0,0.0,0.0,0.0,1.0,2023.553762544454,0,659.0615610000095,16,1460944896,1402372096,True,3,0.0,0.0,7780352000,7769522176,Mac mini,31750,,False,0.37932723556304687,250,14.398958999663591,1412647648,84,89,5.5,1.5B,1.1674851715356274,1.0043639240791076,128,9.986846456692913,1357.7736665,10.944072949999999,10.87730449216906,10.053715321259842,17.031012649999997,1361.2937125,12.852589669999999,12.902361576852853,18.858997499999997,9038,2,0,0,1558.1904792785645,1460568064,13.080041999999999,13.50437905,13.67219349,24.600000004284084,3.692145983222872,fixed3,fixed,True,2.997441345121422,3.0,3,1.0,1342.7847084822133,1345.8155501575675,2734.6048030886177,"{'compressions_delta': 0, 'decompressions_delta': 0, 'experiment_rss_after_bytes': 51789824, 'experiment_rss_before_bytes': 51740672, 'headroom_after_bytes': 9123004416, 'headroom_before_bytes': 9096675328, 'idle_seconds': 30.0, 'memory_free_percent_after': 89, 'memory_free_percent_before': 89, 'minimum_headroom_gb': 6.5, 'observed_minimum_headroom_gb': 8.471939086914062, 'pageins_delta': 4, 'pageouts_delta': 0, 'pages_occupied_by_compressor_delta': 0, 'pages_stored_in_compressor_delta': 0, 'passed': True, 'swap_used_delta_bytes': 0, 'swapins_delta': 0, 'swapouts_delta': 0}",mean,850263601,850268601,1.0,True,0,1460944896,"{'compressions_delta': 0, 'decompressions_delta': 0, 'experiment_rss_after_bytes': 1371275264, 'experiment_rss_before_bytes': 1371275264, 'headroom_after_bytes': 7760494592, 'headroom_before_bytes': 7275823104, 'idle_seconds': 30.0, 'memory_free_percent_after': 89, 'memory_free_percent_before': 82, 'minimum_headroom_gb': 6.5, 'observed_minimum_headroom_gb': 6.7761383056640625, 'pageins_delta': 12, 'pageouts_delta': 0, 'pages_occupied_by_compressor_delta': 0, 'pages_stored_in_compressor_delta': 0, 'passed': True, 'swap_used_delta_bytes': 0, 'swapins_delta': 0, 'swapouts_delta': 0}",1315867096,single_index_process_thread_pool,5138.522229011869,5393.759281259554,0.9985859214141773,2392.634520413523,2392.3767044455444,0.9998922459883534,-0.000391193245087813,65490167209f45beb2dbb128ba2b2d80,static_evaluation_fixed3_r00_a02,84498,1.785911270417273,"{'attempts': [{'attempt': 0, 'deviation': 0.00048177036324270617, 'median_ms': 1341.4486670080805, 'passed': True, 'ratio': 1.0004817703632427}], 'passed': True, 'reference_ms': 1340.8027080004103}",0.00048177036324270617,0.00048177036324270617,"{'attempts': [{'attempt': 0, 'deviation': 8.806926554405514e-05, 'median_ms': 1340.9207915101433, 'passed': True, 'ratio': 1.000088069265544}], 'passed': True, 'reference_ms': 1340.8027080004103}",8.806926554405514e-05,8.806926554405514e-05,False,evaluation,valid,0,0,0,21.760875009931624,32000,True,128,1577024,32000,2392.832617346314,1.001960133307363,False,1.0013463927926494,2.9551845981961586e-05,1.0006450370596667,request_arrival,True,1.0000547166329385,-0.00042353432733873987,"{'active_worker_log_present': True, 'completion_count_sufficient': True, 'decode_admission_zero': True, 'memory_clean': False, 'policy_cap_applied': True, 'queue_saturated': True, 'request_count_exact': True, 'sentinel_clean': True, 'steady_duration_sufficient': True, 'token_count_exact': True, 'token_timestamps_valid': True, 'within_block_drift_clean': True, 'within_block_qps_drift_clean': True}",659.0833218750195,1,False,[],"{'active_worker_log_present': True, 'decode_admission_zero': True, 'memory_hard_clean': True, 'policy_cap_applied': True, 'request_count_exact': True, 'token_count_exact': True, 'token_timestamps_valid': True}",['memory_clean'],hard_failures_only
0.024367111694754504,0.0,0,0,0.41131764736086923,1,0.0,8.611428707086615,1355.3789417,16,0.9981639551567326,0,14704,0,2048,0.0,0.0,0,1.0,0.0,0.0,0.0,0.0,0.0,0,607.8027568329999,16,1458700288,1402126336,True,,0.0,0.0,7809597440,7717289984,Mac mini,31750,,True,0.41131764736086923,250,11.11408302676864,1410419424,84,89,5.5,1.5B,0.9855218633772137,1.0021505301656406,128,8.408328413385828,1354.0865,9.173056249999998,9.104910602036398,8.486751265748032,13.864802199999998,1358.293725,10.333309999999999,10.272355264169164,15.326298749999994,8796,3,0,0,1558.1904792785645,1458356224,10.397375,10.6931913,10.89147175,16.11637501628138,4.183020995697007,fixed0,fixed0,True,0.03107711974609332,0.0,0,1.0,1341.5606244961964,1344.9172314140014,44.136748180090024,"{'compressions_delta': 0, 'decompressions_delta': 0, 'experiment_rss_after_bytes': 51789824, 'experiment_rss_before_bytes': 51740672, 'headroom_after_bytes': 9026994176, 'headroom_before_bytes': 9077358592, 'idle_seconds': 30.0, 'memory_free_percent_after': 89, 'memory_free_percent_before': 89, 'minimum_headroom_gb': 6.5, 'observed_minimum_headroom_gb': 8.40704345703125, 'pageins_delta': 119, 'pageouts_delta': 0, 'pages_occupied_by_compressor_delta': 0, 'pages_stored_in_compressor_delta': 0, 'passed': True, 'swap_used_delta_bytes': 0, 'swapins_delta': 0, 'swapouts_delta': 0}",mean,850263601,850268601,1.0,True,0,1458700288,"{'compressions_delta': 0, 'decompressions_delta': 0, 'experiment_rss_after_bytes': 1370963968, 'experiment_rss_before_bytes': 1371013120, 'headroom_after_bytes': 7709048832, 'headroom_before_bytes': 7181910016, 'idle_seconds': 30.0, 'memory_free_percent_after': 89, 'memory_free_percent_before': 82, 'minimum_headroom_gb': 6.5, 'observed_minimum_headroom_gb': 6.6886749267578125, 'pageins_delta': 42, 'pageouts_delta': 0, 'pages_occupied_by_compressor_delta': 0, 'pages_stored_in_compressor_delta': 0, 'passed': True, 'swap_used_delta_bytes': 0, 'swapins_delta': 0, 'swapouts_delta': 0}",1315867096,single_index_process_thread_pool,476311.6508124949,479965.28444107826,0.9708481464558092,26.555370673534494,25.987586484742163,0.97861885658564,-0.0009341771932358534,b8e58e5b46e941d584ac31f0ed6cefa7,static_evaluation_fixed0_r00_a01,82242,8.28775076661259,"{'attempts': [{'attempt': 0, 'deviation': 0.00021241976431962684, 'median_ms': 1341.087520995643, 'passed': True, 'ratio': 1.0002124197643196}], 'passed': True, 'reference_ms': 1340.8027080004103}",0.00021241976431962684,0.00021241976431962684,"{'attempts': [{'attempt': 0, 'deviation': 0.00018084651330574353, 'median_ms': 1341.0451874951832, 'passed': True, 'ratio': 1.0001808465133057}], 'passed': True, 'reference_ms': 1340.8027080004103}",0.00018084651330574353,0.00018084651330574353,False,evaluation,valid,0,0,0,21.73479099292308,32000,True,128,16480,32000,27.114059314028502,1.0025203920116053,True,1.0023705932419025,4.392306100097188e-05,0.9986841667039901,request_arrival,True,1.0000672074569092,-0.0011762790053225294,"{'active_worker_log_present': True, 'completion_count_sufficient': True, 'decode_admission_zero': True, 'memory_clean': False, 'policy_cap_applied': True, 'queue_saturated': True, 'request_count_exact': True, 'sentinel_clean': True, 'steady_duration_sufficient': True, 'token_count_exact': True, 'token_timestamps_valid': True, 'within_block_drift_clean': True, 'within_block_qps_drift_clean': True}",607.8244916239928,501,False,[],"{'active_worker_log_present': True, 'decode_admission_zero': True, 'memory_hard_clean': True, 'policy_cap_applied': True, 'request_count_exact': True, 'token_count_exact': True, 'token_timestamps_valid': True}",['memory_clean'],hard_failures_only
0.024737077781408465,0.0,0,0,0.4095271974760101,2,0.0,8.611428707086615,1355.3789417,16,0.9984751116436118,0,14688,0,2048,0.0,0.0,0,1.0,0.0,0.0,0.0,0.0,0.0,1,610.4600659999996,16,1459077120,1402126336,True,,0.0,0.0,7865647104,7753498624,Mac mini,31750,,True,0.4095271974760101,250,11.476541985757649,1410779848,84,89,5.5,1.5B,0.9974685111416142,1.001506531190044,128,8.500888779527559,1353.9522084999999,9.1889976,9.15477308735717,8.589628971259842,13.677658149999992,1357.4208623499999,10.41104158,10.348992745275607,14.59257233,8719,6,0,-1,1558.1904792785645,1458716672,10.471521,10.91183925,11.20851742,14.847207989078015,2.93183300527744,fixed0,fixed0,True,0.033933365608908056,0.0,0,1.0,1341.4877710019937,1344.2418437509332,44.077227762363556,"{'compressions_delta': 0, 'decompressions_delta': 0, 'experiment_rss_after_bytes': 51838976, 'experiment_rss_before_bytes': 51789824, 'headroom_after_bytes': 9106898944, 'headroom_before_bytes': 9057353728, 'idle_seconds': 30.0, 'memory_free_percent_after': 89, 'memory_free_percent_before': 89, 'minimum_headroom_gb': 6.5, 'observed_minimum_headroom_gb': 8.435317993164062, 'pageins_delta': 9, 'pageouts_delta': 0, 'pages_occupied_by_compressor_delta': 0, 'pages_stored_in_compressor_delta': 0, 'passed': True, 'swap_used_delta_bytes': 0, 'swapins_delta': 0, 'swapouts_delta': 0}",mean,850263601,850268601,1.0,True,0,1459077120,"{'compressions_delta': 0, 'decompressions_delta': 0, 'experiment_rss_after_bytes': 1371029504, 'experiment_rss_before_bytes': 1371029504, 'headroom_after_bytes': 7744667648, 'headroom_before_bytes': 7277740032, 'idle_seconds': 30.0, 'memory_free_percent_after': 89, 'memory_free_percent_before': 82, 'minimum_headroom_gb': 6.5, 'observed_minimum_headroom_gb': 6.777923583984375, 'pageins_delta': 10, 'pageouts_delta': 0, 'pages_occupied_by_compressor_delta': 0, 'pages_stored_in_compressor_delta': 0, 'passed': True, 'swap_used_delta_bytes': 0, 'swapins_delta': 0, 'swapouts_delta': 0}",1315883456,single_index_process_thread_pool,478238.0406459997,484353.1668026175,0.9768762517604377,26.45581396609854,25.99679905040053,0.9826497526673642,-0.0007519313743021498,2ef8317cff444899a2e5c32bae9fee93,static_evaluation_fixed0_r00_a02,82629,7.462102803401649,"{'attempts': [{'attempt': 0, 'deviation': 0.00035616126960347216, 'median_ms': 1341.2802499951795, 'passed': True, 'ratio': 1.0003561612696035}], 'passed': True, 'reference_ms': 1340.8027080004103}",0.00035616126960347216,0.00035616126960347216,"{'attempts': [{'attempt': 0, 'deviation': 0.00014487627670933811, 'median_ms': 1340.9969585045474, 'passed': True, 'ratio': 1.0001448762767093}], 'passed': True, 'reference_ms': 1340.8027080004103}",0.00014487627670933811,0.00014487627670933811,False,evaluation,valid,0,0,0,21.681209007510915,32000,True,128,16496,32000,27.022242598257048,1.00147271200445,True,1.0103773437445107,0.00019462730947730425,0.9999238646022924,request_arrival,True,1.0002003903467924,-9.359126147043401e-05,"{'active_worker_log_present': True, 'completion_count_sufficient': True, 'decode_admission_zero': True, 'memory_clean': False, 'policy_cap_applied': True, 'queue_saturated': True, 'request_count_exact': True, 'sentinel_clean': True, 'steady_duration_sufficient': True, 'token_count_exact': True, 'token_timestamps_valid': True, 'within_block_drift_clean': True, 'within_block_qps_drift_clean': True}",610.4817472090072,501,False,[],"{'active_worker_log_present': True, 'decode_admission_zero': True, 'memory_hard_clean': True, 'policy_cap_applied': True, 'request_count_exact': True, 'token_count_exact': True, 'token_timestamps_valid': True}",['memory_clean'],hard_failures_only
2.0608426671988425,4.0,0,1164368,0.39101188006058046,1,0.0,8.611428707086615,1355.3789417,16,0.4883378651433133,12096,1164432,0,2048,0.03422558234572946,0.0,0,1.0,0.014022272170004086,4.0,2.4408014571948997,0.014022272170004086,40.61334035876312,2,639.3667628749972,16,1458339840,1402011648,True,,0.0001889763779527559,0.0,7889993728,7779483648,Mac mini,31750,,False,0.39101188006058046,250,18.831291003152728,1410026232,84,89,5.5,1.5B,1.1156166634128175,1.0072371597331273,128,9.448422078740158,1359.702104,9.407358649999999,10.802416558726689,9.607053361417323,17.5303128,1365.1880356,10.78438101,13.638628085900546,18.736830169999998,8380,2,0,-2,1558.1904792785645,1457979392,14.4934375,16.67654795,17.42584358,39.0020830091089,23.051604002830572,phasegate4to0,phasegate,True,3.9953473565639004,4.0,4,1.0,1344.8046459961915,1349.9806038016686,3490.205475340855,"{'compressions_delta': 0, 'decompressions_delta': 0, 'experiment_rss_after_bytes': 51806208, 'experiment_rss_before_bytes': 51757056, 'headroom_after_bytes': 9087909888, 'headroom_before_bytes': 9141370880, 'idle_seconds': 30.0, 'memory_free_percent_after': 89, 'memory_free_percent_before': 89, 'minimum_headroom_gb': 6.5, 'observed_minimum_headroom_gb': 8.463775634765625, 'pageins_delta': 171, 'pageouts_delta': 0, 'pages_occupied_by_compressor_delta': 0, 'pages_stored_in_compressor_delta': 0, 'passed': True, 'swap_used_delta_bytes': 0, 'swapins_delta': 0, 'swapouts_delta': 0}",mean,850263601,850268601,1.0,True,0,1458339840,"{'compressions_delta': 0, 'decompressions_delta': 0, 'experiment_rss_after_bytes': 1370832896, 'experiment_rss_before_bytes': 1370800128, 'headroom_after_bytes': 7760543744, 'headroom_before_bytes': 7273496576, 'idle_seconds': 30.0, 'memory_free_percent_after': 89, 'memory_free_percent_before': 82, 'minimum_headroom_gb': 6.5, 'observed_minimum_headroom_gb': 6.7739715576171875, 'pageins_delta': 5, 'pageouts_delta': 0, 'pages_occupied_by_compressor_delta': 0, 'pages_stored_in_compressor_delta': 0, 'passed': True, 'swap_used_delta_bytes': 0, 'swapins_delta': 0, 'swapouts_delta': 0}",1315424728,single_index_process_thread_pool,8427.728271009983,9635.335514257895,0.9824735368720185,1867.9207929820552,1847.8215313072635,0.9892397676869884,-0.03143683491350706,f090f852855b4c028f523318acf1dcbd,static_evaluation_phasegate4to0_r00_a01,80174,13.910554233007133,"{'attempts': [{'attempt': 0, 'deviation': 0.00029018699363225764, 'median_ms': 1341.191791507299, 'passed': True, 'ratio': 1.0002901869936323}], 'passed': True, 'reference_ms': 1340.8027080004103}",0.00029018699363225764,0.00029018699363225764,"{'attempts': [{'attempt': 0, 'deviation': 0.00017054485693424049, 'median_ms': 1341.0313750064233, 'passed': True, 'ratio': 1.0001705448569342}], 'passed': True, 'reference_ms': 1340.8027080004103}",0.00017054485693424049,0.00017054485693424049,False,evaluation,valid,0,0,0,21.71779199852608,32000,True,128,1187648,32000,1857.537909320753,0.9985269730165136,False,1.0017464559649802,8.342260079153294e-05,1.0064028487228056,request_arrival,True,1.000499236114878,0.0019997627546741456,"{'active_worker_log_present': True, 'completion_count_sufficient': True, 'decode_admission_zero': True, 'memory_clean': False, 'policy_cap_applied': True, 'queue_saturated': True, 'request_count_exact': True, 'sentinel_clean': True, 'steady_duration_sufficient': True, 'token_count_exact': True, 'token_timestamps_valid': True, 'within_block_drift_clean': True, 'within_block_qps_drift_clean': True}",639.3884806669957,501,False,[],"{'active_worker_log_present': True, 'decode_admission_zero': True, 'memory_hard_clean': True, 'policy_cap_applied': True, 'request_count_exact': True, 'token_count_exact': True, 'token_timestamps_valid': True}",['memory_clean'],hard_failures_only
2.059287110469242,4.0,0,1165616,0.3902846157372802,2,0.0,8.611428707086615,1355.3789417,16,0.4886019845370451,11888,1165648,0,2048,0.03343101031978596,0.0,0,1.0,0.01424385272009173,4.0,2.3470483005366725,0.01424385272009173,39.75012341856967,1,640.5581719579932,16,1457930240,1402257408,True,,9.448818897637796e-05,0.0,7841415168,7836286976,Mac mini,31750,,False,0.3902846157372802,250,17.626792017836124,1409632968,84,89,5.5,1.5B,1.1162029527671289,1.006858010969494,128,9.461509677165354,1359.7295,9.40921905,10.84223954094341,9.6121021503937,16.944251899999998,1364.67414535,10.84647066,13.649092851846936,18.045661829999993,8799,1,0,-1,1558.1904792785645,1457569792,14.476333,16.4516231,17.12743875,37.87254198687151,23.087458001100458,phasegate4to0,phasegate,True,3.995305164319249,4.0,4,1.0,1344.8459994979203,1349.671616606065,3493.680996318661,"{'compressions_delta': 0, 'decompressions_delta': 0, 'experiment_rss_after_bytes': 51806208, 'experiment_rss_before_bytes': 51757056, 'headroom_after_bytes': 9039888384, 'headroom_before_bytes': 9092628480, 'idle_seconds': 30.0, 'memory_free_percent_after': 89, 'memory_free_percent_before': 89, 'minimum_headroom_gb': 6.5, 'observed_minimum_headroom_gb': 8.419052124023438, 'pageins_delta': 44, 'pageouts_delta': 0, 'pages_occupied_by_compressor_delta': 0, 'pages_stored_in_compressor_delta': 0, 'passed': True, 'swap_used_delta_bytes': 0, 'swapins_delta': 0, 'swapouts_delta': 0}",mean,850263601,850268601,1.0,True,0,1457930240,"{'compressions_delta': 0, 'decompressions_delta': 0, 'experiment_rss_after_bytes': 1371160576, 'experiment_rss_before_bytes': 1371160576, 'headroom_after_bytes': 7825145856, 'headroom_before_bytes': 7229931520, 'idle_seconds': 30.0, 'memory_free_percent_after': 89, 'memory_free_percent_before': 82, 'minimum_headroom_gb': 6.5, 'observed_minimum_headroom_gb': 6.7333984375, 'pageins_delta': 7, 'pageouts_delta': 0, 'pages_occupied_by_compressor_delta': 0, 'pages_stored_in_compressor_delta': 0, 'passed': True, 'swap_used_delta_bytes': 0, 'swapins_delta': 0, 'swapouts_delta': 0}",1315998120,single_index_process_thread_pool,8425.927812495502,9659.1335790421,0.9895112390025894,1853.753238575306,1843.3933096683152,0.9944113765028656,-0.0161736220480017,6166a21287c845ddbe40e8fd972c8018,static_evaluation_phasegate4to0_r00_a02,80321,14.639197353972122,"{'attempts': [{'attempt': 0, 'deviation': 0.0002799785548528444, 'median_ms': 1341.178104004939, 'passed': True, 'ratio': 1.0002799785548528}], 'passed': True, 'reference_ms': 1340.8027080004103}",0.0002799785548528444,0.0002799785548528444,"{'attempts': [{'attempt': 0, 'deviation': 4.175036764042517e-05, 'median_ms': 1340.8586870064028, 'passed': True, 'ratio': 1.0000417503676404}], 'passed': True, 'reference_ms': 1340.8027080004103}",4.175036764042517e-05,4.175036764042517e-05,False,evaluation,valid,0,0,0,21.846458024811,32000,True,128,1188016,32000,1854.6574721989625,0.9990963799971029,False,0.9962392264624027,2.2614298179078692e-05,1.0000430078984832,request_arrival,True,1.000074404491743,-4.1259814290734544e-05,"{'active_worker_log_present': True, 'completion_count_sufficient': True, 'decode_admission_zero': True, 'memory_clean': False, 'policy_cap_applied': True, 'queue_saturated': True, 'request_count_exact': True, 'sentinel_clean': True, 'steady_duration_sufficient': True, 'token_count_exact': True, 'token_timestamps_valid': True, 'within_block_drift_clean': True, 'within_block_qps_drift_clean': True}",640.580018416018,501,False,[],"{'active_worker_log_present': True, 'decode_admission_zero': True, 'memory_hard_clean': True, 'policy_cap_applied': True, 'request_count_exact': True, 'token_count_exact': True, 'token_timestamps_valid': True}",['memory_clean'],hard_failures_only
2.5382598538694765,4.0,229392,1166416,0.39760005842717155,1,0.0,8.611428707086615,1355.3789417,16,0.4904940603409712,238480,1166448,0,2048,1.0249030983203709,1.0,1,1.0,0.013224229219973146,3.0,1.9329501915708813,0.9993413219162466,827.4254222608145,0,628.7725434169988,16,1458454528,1402060800,True,,0.0,0.0,7876050944,7895678976,Mac mini,31750,,True,0.39760005842717155,250,14.749708003364503,1410124488,84,89,5.5,1.5B,1.0542822836087178,1.005551293050608,128,9.035571681102361,1358.9783955,9.911601749999999,9.701439540367573,9.078876722440945,17.573842,1362.9030473999999,11.573237079999998,10.942650744400446,19.77363607999998,8504,2,0,0,1558.1904792785645,1458094080,11.125917000000001,12.125837500000001,12.40490084,43.18000000785105,22.10610400652513,phasegate4to1,phasegate,True,3.995375581110839,4.0,4,1.0,1343.9967294834787,1347.623145491525,3491.202946794166,"{'compressions_delta': 0, 'decompressions_delta': 0, 'experiment_rss_after_bytes': 51806208, 'experiment_rss_before_bytes': 51757056, 'headroom_after_bytes': 9043247104, 'headroom_before_bytes': 9102852096, 'idle_seconds': 30.0, 'memory_free_percent_after': 89, 'memory_free_percent_before': 89, 'minimum_headroom_gb': 6.5, 'observed_minimum_headroom_gb': 8.42218017578125, 'pageins_delta': 160, 'pageouts_delta': 0, 'pages_occupied_by_compressor_delta': 0, 'pages_stored_in_compressor_delta': 0, 'passed': True, 'swap_used_delta_bytes': 0, 'swapins_delta': 0, 'swapouts_delta': 0}",mean,850263601,850268601,1.0,True,0,1458454528,"{'compressions_delta': 0, 'decompressions_delta': 0, 'experiment_rss_after_bytes': 1370865664, 'experiment_rss_before_bytes': 1370800128, 'headroom_after_bytes': 7879950336, 'headroom_before_bytes': 7219478528, 'idle_seconds': 30.0, 'memory_free_percent_after': 89, 'memory_free_percent_before': 81, 'minimum_headroom_gb': 6.5, 'observed_minimum_headroom_gb': 6.723663330078125, 'pageins_delta': 7, 'pageouts_delta': 0, 'pages_occupied_by_compressor_delta': 0, 'pages_stored_in_compressor_delta': 0, 'passed': True, 'swap_used_delta_bytes': 0, 'swapins_delta': 0, 'swapouts_delta': 0}",1315736024,single_index_process_thread_pool,8181.404332979582,9432.9607499938,0.9880027597830027,2264.5876612040356,2246.2928655410865,0.9919213568207723,-0.029096651927522803,1af0e262ff524eb79eb90649bfc92e28,static_evaluation_phasegate4to1_r00_a01,80476,11.702125251758844,"{'attempts': [{'attempt': 0, 'deviation': 0.0001424210258340608, 'median_ms': 1340.9936664975248, 'passed': True, 'ratio': 1.000142421025834}], 'passed': True, 'reference_ms': 1340.8027080004103}",0.0001424210258340608,0.0001424210258340608,"{'attempts': [{'attempt': 0, 'deviation': 8.91566738805416e-05, 'median_ms': 1340.9222495101858, 'passed': True, 'ratio': 1.0000891566738805}], 'passed': True, 'reference_ms': 1340.8027080004103}",8.91566738805416e-05,8.91566738805416e-05,False,evaluation,valid,0,0,0,21.749541017925367,32000,True,128,1418304,32000,2255.6710130699644,1.0022329501901694,True,1.0006194471413987,9.63930975113093e-05,0.9994943873226169,request_arrival,True,0.9999500560191189,-0.0005341881126025978,"{'active_worker_log_present': True, 'completion_count_sufficient': True, 'decode_admission_zero': True, 'memory_clean': False, 'policy_cap_applied': True, 'queue_saturated': True, 'request_count_exact': True, 'sentinel_clean': True, 'steady_duration_sufficient': True, 'token_count_exact': True, 'token_timestamps_valid': True, 'within_block_drift_clean': True, 'within_block_qps_drift_clean': True}",628.7942929580167,501,False,[],"{'active_worker_log_present': True, 'decode_admission_zero': True, 'memory_hard_clean': True, 'policy_cap_applied': True, 'request_count_exact': True, 'token_count_exact': True, 'token_timestamps_valid': True}",['memory_clean'],hard_failures_only
2.5407992045242684,4.0,229632,1173952,0.39755673275185,2,0.0,8.611428707086615,1355.3789417,16,0.48971474737430865,238480,1173984,0,2048,1.025,1.0,1,1.0,0.013248730964467005,3.0,1.9444444444444444,0.999238578680203,826.8848856246624,10,628.8410669579753,16,1458421760,1402454016,True,,0.0,0.0,7860994048,7755022336,Mac mini,31750,,True,0.39755673275185,250,12.760500016156584,1410386704,84,89,5.5,1.5B,1.0555399756780535,1.006096568528382,128,9.037483106299213,1359.032646,9.9204622,9.725939555210061,9.089707248031496,17.583620649999997,1363.6421023,11.63841125,11.022066242003348,19.95732709,12499,29,-4,-10,1558.1904792785645,1458061312,11.2165415,12.131341849999998,12.32452067,39.513499999884516,22.13666650641244,phasegate4to1,phasegate,True,3.995479867083659,4.0,4,1.0,1344.0371879987651,1347.2270065452904,3513.7115960765063,"{'compressions_delta': 0, 'decompressions_delta': 0, 'experiment_rss_after_bytes': 51806208, 'experiment_rss_before_bytes': 51757056, 'headroom_after_bytes': 9109307392, 'headroom_before_bytes': 9116729344, 'idle_seconds': 30.0, 'memory_free_percent_after': 89, 'memory_free_percent_before': 89, 'minimum_headroom_gb': 6.5, 'observed_minimum_headroom_gb': 8.48370361328125, 'pageins_delta': 9, 'pageouts_delta': 0, 'pages_occupied_by_compressor_delta': 0, 'pages_stored_in_compressor_delta': 0, 'passed': True, 'swap_used_delta_bytes': 0, 'swapins_delta': 0, 'swapouts_delta': 0}",mean,850263601,850268601,1.0,True,0,1458421760,"{'compressions_delta': 0, 'decompressions_delta': 0, 'experiment_rss_after_bytes': 1371275264, 'experiment_rss_before_bytes': 1371258880, 'headroom_after_bytes': 7748780032, 'headroom_before_bytes': 7291207680, 'idle_seconds': 30.0, 'memory_free_percent_after': 89, 'memory_free_percent_before': 82, 'minimum_headroom_gb': 6.5, 'observed_minimum_headroom_gb': 6.79046630859375, 'pageins_delta': 16, 'pageouts_delta': 0, 'pages_occupied_by_compressor_delta': 0, 'pages_stored_in_compressor_delta': 0, 'passed': True, 'swap_used_delta_bytes': 0, 'swapins_delta': 0, 'swapouts_delta': 0}",1316129216,single_index_process_thread_pool,8066.703791497275,9376.384574991243,0.9897492296534363,2276.86613502243,2256.993372081628,0.9912718790819003,-0.03160285032692756,bc36cc338af54790b2db9ede6b834e51,static_evaluation_phasegate4to1_r00_a02,80455,10.963842971250415,"{'attempts': [{'attempt': 0, 'deviation': 0.0003518571326064368, 'median_ms': 1341.2744789966382, 'passed': True, 'ratio': 1.0003518571326064}], 'passed': True, 'reference_ms': 1340.8027080004103}",0.0003518571326064368,0.0003518571326064368,"{'attempts': [{'attempt': 0, 'deviation': 7.248456264741243e-05, 'median_ms': 1340.8998954982962, 'passed': True, 'ratio': 1.0000724845626474}], 'passed': True, 'reference_ms': 1340.8027080004103}",7.248456264741243e-05,7.248456264741243e-05,False,evaluation,valid,0,0,0,21.96216699667275,32000,True,128,1425712,32000,2267.2056182604224,1.0015119779902415,True,1.0018912039224304,0.00013632127798144064,1.0006483776586914,request_arrival,True,0.9996775122622555,-0.0011512214267023928,"{'active_worker_log_present': True, 'completion_count_sufficient': True, 'decode_admission_zero': True, 'memory_clean': False, 'policy_cap_applied': True, 'queue_saturated': True, 'request_count_exact': True, 'sentinel_clean': True, 'steady_duration_sufficient': True, 'token_count_exact': True, 'token_timestamps_valid': True, 'within_block_drift_clean': True, 'within_block_qps_drift_clean': True}",628.863029124972,501,False,[],"{'active_worker_log_present': True, 'decode_admission_zero': True, 'memory_hard_clean': True, 'policy_cap_applied': True, 'request_count_exact': True, 'token_count_exact': True, 'token_timestamps_valid': True}",['memory_clean'],hard_failures_only
1.9985811021260396,2.0,450528,653184,0.38571377587507133,1,0.0,8.611428707086615,1355.3789417,16,1.0,450496,653216,0,2048,1.998693390528314,2.0,2,1.0,0.0,0.0,0.0,1.0,1460.6014080537673,0,648.1490048749838,16,1455538176,1402028032,True,2,0.0,0.0,7823360000,7757840384,Mac mini,31750,,False,0.38571377587507133,250,12.986374989850447,1407208112,84,89,5.5,1.5B,1.1259504462129977,1.0030825248360133,128,9.656026905511812,1356.328125,10.7063771,10.614581253321376,9.696041995275591,16.102596199999997,1359.55693095,12.57708774,12.524278911005238,17.558942409999997,9002,2,0,0,1558.1904792785645,1455161344,12.6343955,12.8760981,12.93168967,21.91012501134537,3.9757079939590767,fixed2,fixed,True,1.9984747461541814,2.0,2,1.0,1341.763374497532,1344.6997731080046,1962.5464506827004,"{'compressions_delta': 0, 'decompressions_delta': 0, 'experiment_rss_after_bytes': 51757056, 'experiment_rss_before_bytes': 51707904, 'headroom_after_bytes': 9089466368, 'headroom_before_bytes': 9121693696, 'idle_seconds': 30.0, 'memory_free_percent_after': 89, 'memory_free_percent_before': 89, 'minimum_headroom_gb': 6.5, 'observed_minimum_headroom_gb': 8.465225219726562, 'pageins_delta': 161, 'pageouts_delta': 0, 'pages_occupied_by_compressor_delta': 0, 'pages_stored_in_compressor_delta': 0, 'passed': True, 'swap_used_delta_bytes': 0, 'swapins_delta': 0, 'swapouts_delta': 0}",mean,850263601,850268601,1.0,True,0,1455538176,"{'compressions_delta': 0, 'decompressions_delta': 0, 'experiment_rss_after_bytes': 1370849280, 'experiment_rss_before_bytes': 1370783744, 'headroom_after_bytes': 7745290240, 'headroom_before_bytes': 7247364096, 'idle_seconds': 30.0, 'memory_free_percent_after': 89, 'memory_free_percent_before': 81, 'minimum_headroom_gb': 6.5, 'observed_minimum_headroom_gb': 6.7496337890625, 'pageins_delta': 91, 'pageouts_delta': 0, 'pages_occupied_by_compressor_delta': 0, 'pages_stored_in_compressor_delta': 0, 'passed': True, 'swap_used_delta_bytes': 0, 'swapins_delta': 0, 'swapouts_delta': 0}",1315408296,single_index_process_thread_pool,4748.761458002264,5061.565166799119,0.9951984396734895,1726.696551790357,1720.1416467639583,0.9962037886624594,-0.010113469582520499,948924f1f3c348e6a576bafb96e3002d,static_evaluation_fixed2_r00_a01,86687,1.6735689132474363,"{'attempts': [{'attempt': 0, 'deviation': 0.00038776547376340176, 'median_ms': 1341.3226249977015, 'passed': True, 'ratio': 1.0003877654737634}], 'passed': True, 'reference_ms': 1340.8027080004103}",0.00038776547376340176,0.00038776547376340176,"{'attempts': [{'attempt': 0, 'deviation': -2.768827301369292e-05, 'median_ms': 1340.7655834889738, 'passed': True, 'ratio': 0.9999723117269863}], 'passed': True, 'reference_ms': 1340.8027080004103}",-2.768827301369292e-05,-2.768827301369292e-05,False,evaluation,valid,0,0,0,21.705208986531943,32000,True,128,1117536,32000,1724.1961209452948,1.000854752341834,False,1.0009833178099168,2.066281011599922e-05,1.0004478729120625,request_arrival,True,1.000083040081724,-0.00017391188212002173,"{'active_worker_log_present': True, 'completion_count_sufficient': True, 'decode_admission_zero': True, 'memory_clean': False, 'policy_cap_applied': True, 'queue_saturated': True, 'request_count_exact': True, 'sentinel_clean': True, 'steady_duration_sufficient': True, 'token_count_exact': True, 'token_timestamps_valid': True, 'within_block_drift_clean': True, 'within_block_qps_drift_clean': True}",648.1707100839703,1,False,[],"{'active_worker_log_present': True, 'decode_admission_zero': True, 'memory_hard_clean': True, 'policy_cap_applied': True, 'request_count_exact': True, 'token_count_exact': True, 'token_timestamps_valid': True}",['memory_clean'],hard_failures_only
1.998494690890564,2.0,451024,653440,0.38570274744097854,2,0.0,8.611428707086615,1355.3789417,16,1.0,451024,653456,0,2048,1.9985197246687885,2.0,2,1.0,0.0,0.0,0.0,1.0,1461.417417280187,0,648.1675374590268,16,1464401920,1405648896,True,2,0.0,0.0,7915831296,7786659840,Mac mini,31750,,False,0.38570274744097854,250,13.094750000163913,1416137464,84,89,5.5,1.5B,1.1260881766577187,1.0029150198726302,128,9.660555937007874,1356.208208,11.37224795,10.61709187051747,9.697228051181103,16.577033699999998,1359.32989825,12.496027409999998,12.571847673971204,17.6259305,8994,47,0,0,1558.1904792785645,1464057856,12.6715835,12.899883,13.04243091,19.60466700256802,3.364687509019859,fixed2,fixed,True,1.99848660978659,2.0,2,1.0,1341.7655210214434,1344.434091995936,1964.045223388119,"{'compressions_delta': 0, 'decompressions_delta': 0, 'experiment_rss_after_bytes': 51789824, 'experiment_rss_before_bytes': 51740672, 'headroom_after_bytes': 9048981504, 'headroom_before_bytes': 9054633984, 'idle_seconds': 30.0, 'memory_free_percent_after': 89, 'memory_free_percent_before': 89, 'minimum_headroom_gb': 6.5, 'observed_minimum_headroom_gb': 8.427520751953125, 'pageins_delta': 8, 'pageouts_delta': 0, 'pages_occupied_by_compressor_delta': 0, 'pages_stored_in_compressor_delta': 0, 'passed': True, 'swap_used_delta_bytes': 0, 'swapins_delta': 0, 'swapouts_delta': 0}",mean,850263601,850268601,1.0,True,0,1464401920,"{'compressions_delta': 0, 'decompressions_delta': 0, 'experiment_rss_after_bytes': 1374617600, 'experiment_rss_before_bytes': 1374617600, 'headroom_after_bytes': 7764557824, 'headroom_before_bytes': 7467991040, 'idle_seconds': 30.0, 'memory_free_percent_after': 89, 'memory_free_percent_before': 85, 'minimum_headroom_gb': 6.5, 'observed_minimum_headroom_gb': 6.955108642578125, 'pageins_delta': 16, 'pageouts_delta': 0, 'pages_occupied_by_compressor_delta': 0, 'pages_stored_in_compressor_delta': 0, 'passed': True, 'swap_used_delta_bytes': 0, 'swapins_delta': 0, 'swapouts_delta': 0}",1319209432,single_index_process_thread_pool,4735.8839999942575,5078.551866608905,0.995698860502513,1727.6440629158253,1722.0486990155819,0.9967612750679675,-0.00863265126393704,a554478c006249af8a3eca26c97aa2a3,static_evaluation_fixed2_r00_a02,86361,1.7822743102442473,"{'attempts': [{'attempt': 0, 'deviation': 0.00015234977927791604, 'median_ms': 1341.0069789970294, 'passed': True, 'ratio': 1.000152349779278}], 'passed': True, 'reference_ms': 1340.8027080004103}",0.00015234977927791604,0.00015234977927791604,"{'attempts': [{'attempt': 0, 'deviation': 0.00016409684555696025, 'median_ms': 1341.0227294953074, 'passed': True, 'ratio': 1.000164096845557}], 'passed': True, 'reference_ms': 1340.8027080004103}",0.00016409684555696025,0.00016409684555696025,False,evaluation,valid,0,0,0,21.723790996475145,32000,True,128,1118400,32000,1725.4798109519616,1.001300472311177,False,1.0007254125703569,2.0337834397848035e-05,0.9994573964161189,request_arrival,True,1.0000154529274379,-0.0007879701393678529,"{'active_worker_log_present': True, 'completion_count_sufficient': True, 'decode_admission_zero': True, 'memory_clean': False, 'policy_cap_applied': True, 'queue_saturated': True, 'request_count_exact': True, 'sentinel_clean': True, 'steady_duration_sufficient': True, 'token_count_exact': True, 'token_timestamps_valid': True, 'within_block_drift_clean': True, 'within_block_qps_drift_clean': True}",648.1892612500233,1,False,[],"{'active_worker_log_present': True, 'decode_admission_zero': True, 'memory_hard_clean': True, 'policy_cap_applied': True, 'request_count_exact': True, 'token_count_exact': True, 'token_timestamps_valid': True}",['memory_clean'],hard_failures_only
0.9990884229717412,1.0,224208,348144,0.39641385904395193,1,0.0,8.611428707086615,1355.3789417,16,1.0,224208,348128,0,2048,0.999205250474286,1.0,1,1.0,0.0,0.0,0.0,0.999205250474286,768.719633939643,0,630.6540356659971,16,1454604288,1401634816,True,1,0.0,0.0,7885275136,7785365504,Mac mini,31750,,True,0.39641385904395193,250,12.609625002369285,1406274200,84,89,5.5,1.5B,1.0745209607805009,1.0015444912751665,128,9.14746866535433,1354.2252079999998,9.761770199999999,9.885842009680346,9.253160648031496,15.817843599999998,1357.47231265,11.503617919999998,11.776112727238795,17.05902966,9285,2,0,0,1558.1904792785645,1454260224,11.891270500000001,12.32802515,12.576757090000001,22.248667024541646,3.6253120051696897,fixed1,fixed,True,0.9989865010566266,1.0,1,1.0,1340.2566040022066,1343.2954537900514,1046.427592372006,"{'compressions_delta': 0, 'decompressions_delta': 0, 'experiment_rss_after_bytes': 51740672, 'experiment_rss_before_bytes': 51691520, 'headroom_after_bytes': 9110519808, 'headroom_before_bytes': 9149087744, 'idle_seconds': 30.0, 'memory_free_percent_after': 89, 'memory_free_percent_before': 89, 'minimum_headroom_gb': 6.5, 'observed_minimum_headroom_gb': 8.484832763671875, 'pageins_delta': 163, 'pageouts_delta': 0, 'pages_occupied_by_compressor_delta': 0, 'pages_stored_in_compressor_delta': 0, 'passed': True, 'swap_used_delta_bytes': 0, 'swapins_delta': 0, 'swapouts_delta': 0}",mean,850263601,850268601,1.0,True,0,1454604288,"{'compressions_delta': 0, 'decompressions_delta': 0, 'experiment_rss_after_bytes': 1370800128, 'experiment_rss_before_bytes': 1370783744, 'headroom_after_bytes': 7779909632, 'headroom_before_bytes': 7285637120, 'idle_seconds': 30.0, 'memory_free_percent_after': 89, 'memory_free_percent_before': 82, 'minimum_headroom_gb': 6.5, 'observed_minimum_headroom_gb': 6.7852783203125, 'pageins_delta': 11, 'pageouts_delta': 0, 'pages_occupied_by_compressor_delta': 0, 'pages_stored_in_compressor_delta': 0, 'passed': True, 'swap_used_delta_bytes': 0, 'swapins_delta': 0, 'swapouts_delta': 0}",1315326376,single_index_process_thread_pool,4473.271750001004,4590.452917007497,1.0161464593889808,907.5174191815297,924.1723736409745,1.018352214632382,0.02640945442379888,7a6305ccefb34020ba54a8f0312c9675,static_evaluation_fixed1_r00_a01,85566,1.7608690832275897,"{'attempts': [{'attempt': 0, 'deviation': 0.00045327398736838553, 'median_ms': 1341.41045899014, 'passed': True, 'ratio': 1.0004532739873684}], 'passed': True, 'reference_ms': 1340.8027080004103}",0.00045327398736838553,0.00045327398736838553,"{'attempts': [{'attempt': 0, 'deviation': -8.40600950992032e-05, 'median_ms': 1340.6899999972666, 'passed': True, 'ratio': 0.9999159399049008}], 'passed': True, 'reference_ms': 1340.8027080004103}",-8.40600950992032e-05,-8.40600950992032e-05,False,evaluation,valid,0,0,0,22.284000006038696,32000,True,128,579552,32000,918.9697793465617,1.0199999215543274,True,1.0192361642623364,0.0003189503638889678,1.0005769318592346,request_arrival,True,1.0006157153754949,0.00036512801269076136,"{'active_worker_log_present': True, 'completion_count_sufficient': True, 'decode_admission_zero': True, 'memory_clean': False, 'policy_cap_applied': True, 'queue_saturated': True, 'request_count_exact': True, 'sentinel_clean': True, 'steady_duration_sufficient': True, 'token_count_exact': True, 'token_timestamps_valid': True, 'within_block_drift_clean': True, 'within_block_qps_drift_clean': True}",630.6763196660031,1,False,[],"{'active_worker_log_present': True, 'decode_admission_zero': True, 'memory_hard_clean': True, 'policy_cap_applied': True, 'request_count_exact': True, 'token_count_exact': True, 'token_timestamps_valid': True}",['memory_clean'],hard_failures_only
0.9993717277486911,1.0,229472,349184,0.3947764563639145,2,0.0,8.611428707086615,1355.3789417,16,1.0,229456,349184,0,2048,0.9992372622800773,1.0,1,1.0,0.0,0.0,0.0,0.9992372622800773,779.97521623609,0,633.2697808340017,16,1454473216,1402175488,True,1,0.0,0.0,7820525568,7739015168,Mac mini,31750,,True,0.3947764563639145,250,13.225915987277403,1406159536,84,89,5.5,1.5B,1.0808278509478286,1.0017302047994479,128,9.240408956692914,1354.492459,9.92134375,9.97142080886988,9.307471983070865,15.840468449999996,1357.72402485,12.04846717,11.962062015663829,17.078548,9064,3,0,0,1558.1904792785645,1454112768,12.0795,12.55024375,12.72931034,20.893999986583367,3.235479016439058,fixed1,fixed,True,0.9994829591968633,1.0,1,1.0,1340.3006040025502,1343.0443542063585,1050.007488059969,"{'compressions_delta': 0, 'decompressions_delta': 0, 'experiment_rss_after_bytes': 51904512, 'experiment_rss_before_bytes': 51855360, 'headroom_after_bytes': 9108258816, 'headroom_before_bytes': 9088794624, 'idle_seconds': 30.0, 'memory_free_percent_after': 89, 'memory_free_percent_before': 89, 'minimum_headroom_gb': 6.5, 'observed_minimum_headroom_gb': 8.464599609375, 'pageins_delta': 4, 'pageouts_delta': 0, 'pages_occupied_by_compressor_delta': 0, 'pages_stored_in_compressor_delta': 0, 'passed': True, 'swap_used_delta_bytes': 0, 'swapins_delta': 0, 'swapouts_delta': 0}",mean,850263601,850268601,1.0,True,0,1454473216,"{'compressions_delta': 0, 'decompressions_delta': 0, 'experiment_rss_after_bytes': 1371127808, 'experiment_rss_before_bytes': 1371160576, 'headroom_after_bytes': 7731822592, 'headroom_before_bytes': 7283949568, 'idle_seconds': 30.0, 'memory_free_percent_after': 89, 'memory_free_percent_before': 82, 'minimum_headroom_gb': 6.5, 'observed_minimum_headroom_gb': 6.7837066650390625, 'pageins_delta': 52, 'pageouts_delta': 0, 'pages_occupied_by_compressor_delta': 0, 'pages_stored_in_compressor_delta': 0, 'passed': True, 'swap_used_delta_bytes': 0, 'swapins_delta': 0, 'swapouts_delta': 0}",1315686824,single_index_process_thread_pool,4454.902083001798,4529.360387494671,0.9977782110235213,924.700908033364,924.0238010102888,0.9992677556416428,-0.0010692380050588797,d8cfb37702f0481dae249620d33994c7,static_evaluation_fixed1_r00_a02,85950,1.7437148198951036,"{'attempts': [{'attempt': 0, 'deviation': 0.00017284422420549284, 'median_ms': 1341.0344580042874, 'passed': True, 'ratio': 1.0001728442242055}], 'passed': True, 'reference_ms': 1340.8027080004103}",0.00017284422420549284,0.00017284422420549284,"{'attempts': [{'attempt': 0, 'deviation': -9.79819780515534e-05, 'median_ms': 1340.6713334989036, 'passed': True, 'ratio': 0.9999020180219484}], 'passed': True, 'reference_ms': 1340.8027080004103}",-9.79819780515534e-05,-9.79819780515534e-05,False,evaluation,valid,0,0,0,21.996541996486485,32000,True,128,585440,32000,924.4717144547604,0.9997210902362947,True,1.0003759616226358,2.1253391585592055e-05,0.9996988350487908,request_arrival,True,0.9998328883636135,-0.0008773954266229462,"{'active_worker_log_present': True, 'completion_count_sufficient': True, 'decode_admission_zero': True, 'memory_clean': False, 'policy_cap_applied': True, 'queue_saturated': True, 'request_count_exact': True, 'sentinel_clean': True, 'steady_duration_sufficient': True, 'token_count_exact': True, 'token_timestamps_valid': True, 'within_block_drift_clean': True, 'within_block_qps_drift_clean': True}",633.2917773759982,1,False,[],"{'active_worker_log_present': True, 'decode_admission_zero': True, 'memory_hard_clean': True, 'policy_cap_applied': True, 'request_count_exact': True, 'token_count_exact': True, 'token_timestamps_valid': True}",['memory_clean'],hard_failures_only
3.014147988946884,4.0,455984,1173312,0.38528491411682747,1,0.0,8.611428707086615,1355.3789417,16,0.4961007061713233,462144,1173312,0,2048,2.017155588562941,2.0,2,1.0,0.01205594751825721,2.0,1.48870636550308,1.0,1498.8404519306464,0,648.8704614170128,16,1459585024,1402322944,True,,0.0,0.0,7905542144,7736524800,Mac mini,31750,,False,0.38528491411682747,250,13.275750010507181,1411304160,84,89,5.5,1.5B,1.1283805600853893,1.006078297143725,128,9.652614988188976,1359.1887080000001,11.308551749999996,10.641068454424385,9.716968747637795,18.16244345,1363.61733765,12.70903199,12.54664974665502,20.627034159999997,8708,1,0,0,1558.1904792785645,1459240960,12.6578955,13.0093795,13.16478466,44.07745800563134,21.627499983878806,phasegate4to2,phasegate,True,3.99582264565775,4.0,4,1.0,1343.9117499947315,1347.3666582911392,3510.171399503644,"{'compressions_delta': 0, 'decompressions_delta': 0, 'experiment_rss_after_bytes': 51789824, 'experiment_rss_before_bytes': 51740672, 'headroom_after_bytes': 9037807616, 'headroom_before_bytes': 9074442240, 'idle_seconds': 30.0, 'memory_free_percent_after': 89, 'memory_free_percent_before': 89, 'minimum_headroom_gb': 6.5, 'observed_minimum_headroom_gb': 8.4171142578125, 'pageins_delta': 199, 'pageouts_delta': 0, 'pages_occupied_by_compressor_delta': 0, 'pages_stored_in_compressor_delta': 0, 'passed': True, 'swap_used_delta_bytes': 0, 'swapins_delta': 0, 'swapouts_delta': 0}",mean,850263601,850268601,1.0,True,0,1459585024,"{'compressions_delta': 0, 'decompressions_delta': 0, 'experiment_rss_after_bytes': 1371209728, 'experiment_rss_before_bytes': 1371209728, 'headroom_after_bytes': 7727153152, 'headroom_before_bytes': 7234764800, 'idle_seconds': 30.0, 'memory_free_percent_after': 89, 'memory_free_percent_before': 82, 'minimum_headroom_gb': 6.5, 'observed_minimum_headroom_gb': 6.7378997802734375, 'pageins_delta': 13, 'pageouts_delta': 0, 'pages_occupied_by_compressor_delta': 0, 'pages_stored_in_compressor_delta': 0, 'passed': True, 'swap_used_delta_bytes': 0, 'swapins_delta': 0, 'swapouts_delta': 0}",1315752384,single_index_process_thread_pool,5141.5399170073215,9678.141770500224,0.9954981527138413,2546.246543174433,2540.2770270252227,0.9976555623942966,-0.009200043372874759,f19f5a809a9e472aa5be3d6e8e5f79ad,static_evaluation_phasegate4to2_r00_a01,81425,13.148482335964218,"{'attempts': [{'attempt': 0, 'deviation': 0.00028566544659858195, 'median_ms': 1341.185729004792, 'passed': True, 'ratio': 1.0002856654465986}], 'passed': True, 'reference_ms': 1340.8027080004103}",0.00028566544659858195,0.00028566544659858195,"{'attempts': [{'attempt': 0, 'deviation': 9.007364455682065e-05, 'median_ms': 1340.9234789869515, 'passed': True, 'ratio': 1.0000900736445568}], 'passed': True, 'reference_ms': 1340.8027080004103}",9.007364455682065e-05,9.007364455682065e-05,False,evaluation,valid,0,0,0,21.744958008639514,32000,True,128,1652272,32000,2546.381902470555,0.9995223016188163,False,1.0013565314632153,1.1085816288326024e-05,1.000545795478293,request_arrival,True,1.0001423705349788,-0.0002565074572203568,"{'active_worker_log_present': True, 'completion_count_sufficient': True, 'decode_admission_zero': True, 'memory_clean': False, 'policy_cap_applied': True, 'queue_saturated': True, 'request_count_exact': True, 'sentinel_clean': True, 'steady_duration_sufficient': True, 'token_count_exact': True, 'token_timestamps_valid': True, 'within_block_drift_clean': True, 'within_block_qps_drift_clean': True}",648.8922063750215,501,False,[],"{'active_worker_log_present': True, 'decode_admission_zero': True, 'memory_hard_clean': True, 'policy_cap_applied': True, 'request_count_exact': True, 'token_count_exact': True, 'token_timestamps_valid': True}",['memory_clean'],hard_failures_only
3.0148862937922556,4.0,451088,1166752,0.38573588695957733,2,0.0,8.611428707086615,1355.3789417,16,0.49548862937922555,456960,1166736,0,2048,2.0161506400714497,2.0,2,1.0,0.011536171479607026,2.0,1.4881720430107528,1.0,1486.1810373424848,0,648.1118517919967,16,1458536448,1402191872,True,,0.0,0.0,7888142336,7754989568,Mac mini,31750,,False,0.38573588695957733,250,13.938874995801598,1410255584,84,89,5.5,1.5B,1.1244407558026381,1.005575285418351,128,9.62359596456693,1359.1771669999998,10.6385253,10.576191438303795,9.683041403937008,17.7206689,1362.93556615,12.40449009,12.417846825555896,19.056573919999995,8514,11,0,0,1558.1904792785645,1458176000,12.548375,12.889365100000001,13.04913142,43.18004101514816,21.08087499800604,phasegate4to2,phasegate,True,3.9958212164903104,4.0,4,1.0,1343.863104004413,1347.3820646802778,3492.412326228641,"{'compressions_delta': 0, 'decompressions_delta': 0, 'experiment_rss_after_bytes': 51953664, 'experiment_rss_before_bytes': 51904512, 'headroom_after_bytes': 9101393920, 'headroom_before_bytes': 9109848064, 'idle_seconds': 30.0, 'memory_free_percent_after': 89, 'memory_free_percent_before': 89, 'minimum_headroom_gb': 6.5, 'observed_minimum_headroom_gb': 8.476333618164062, 'pageins_delta': 12, 'pageouts_delta': 0, 'pages_occupied_by_compressor_delta': 0, 'pages_stored_in_compressor_delta': 0, 'passed': True, 'swap_used_delta_bytes': 0, 'swapins_delta': 0, 'swapouts_delta': 0}",mean,850263601,850268601,1.0,True,0,1458536448,"{'compressions_delta': 0, 'decompressions_delta': 0, 'experiment_rss_after_bytes': 1370996736, 'experiment_rss_before_bytes': 1370980352, 'headroom_after_bytes': 7752876032, 'headroom_before_bytes': 7280214016, 'idle_seconds': 30.0, 'memory_free_percent_after': 89, 'memory_free_percent_before': 82, 'minimum_headroom_gb': 6.5, 'observed_minimum_headroom_gb': 6.7802276611328125, 'pageins_delta': 5, 'pageouts_delta': 0, 'pages_occupied_by_compressor_delta': 0, 'pages_stored_in_compressor_delta': 0, 'passed': True, 'swap_used_delta_bytes': 0, 'swapins_delta': 0, 'swapouts_delta': 0}",1315899864,single_index_process_thread_pool,5164.109249977628,9682.30649518955,0.9921411550079995,2535.998890440173,2528.2829344307243,0.9969574292644467,-0.011905521789802767,3553471323d24e588dddddb8d5a5f4c7,static_evaluation_phasegate4to2_r00_a02,81350,14.478510856861249,"{'attempts': [{'attempt': 0, 'deviation': 0.00013852075576403777, 'median_ms': 1340.988437004853, 'passed': True, 'ratio': 1.000138520755764}], 'passed': True, 'reference_ms': 1340.8027080004103}",0.00013852075576403777,0.00013852075576403777,"{'attempts': [{'attempt': 0, 'deviation': -5.531462888175298e-05, 'median_ms': 1340.7285419962136, 'passed': True, 'ratio': 0.9999446853711182}], 'passed': True, 'reference_ms': 1340.8027080004103}",-5.531462888175298e-05,-5.531462888175298e-05,False,evaluation,valid,0,0,0,21.848791016964242,32000,True,128,1641184,32000,2532.254263615468,0.9991502236913111,False,1.0012509345083436,2.0034609999507173e-05,1.0002705721654574,request_arrival,True,1.0000644423249727,-0.0007457209559888894,"{'active_worker_log_present': True, 'completion_count_sufficient': True, 'decode_admission_zero': True, 'memory_clean': False, 'policy_cap_applied': True, 'queue_saturated': True, 'request_count_exact': True, 'sentinel_clean': True, 'steady_duration_sufficient': True, 'token_count_exact': True, 'token_timestamps_valid': True, 'within_block_drift_clean': True, 'within_block_qps_drift_clean': True}",648.1337005830137,501,False,[],"{'active_worker_log_present': True, 'decode_admission_zero': True, 'memory_hard_clean': True, 'policy_cap_applied': True, 'request_count_exact': True, 'token_count_exact': True, 'token_timestamps_valid': True}",['memory_clean'],hard_failures_only
3.9964338854662387,4.0,853888,1163552,0.37020980110190416,1,0.0,8.611428707086615,1355.3789417,16,0.0,853856,1163648,0,2048,3.9964479109742164,4.0,4,1.0,0.0,0.0,0.0,1.0,2552.028177587937,0,675.2927644159936,16,1459257344,1402142720,True,4,9.448818897637796e-05,0.0,7840415744,7751204864,Mac mini,31750,,False,0.37020980110190416,250,19.779166992520913,1410894536,84,89,5.5,1.5B,1.2228500119356764,1.0064951344816957,128,10.473820208661417,1359.278729,12.117955649999999,12.275531401974149,10.530485697244094,18.7448231,1364.1823102,14.42291459,14.103585259581433,21.822991079999994,8863,21,0,0,1558.1904792785645,1458913280,14.62975,16.0591647,17.017539419999995,21.919958002399653,4.713062982773408,fixed4,fixed,True,3.9964565004887587,4.0,4,1.0,1343.8039795000805,1346.2499703571666,3485.280810223889,"{'compressions_delta': 0, 'decompressions_delta': 0, 'experiment_rss_after_bytes': 51855360, 'experiment_rss_before_bytes': 51806208, 'headroom_after_bytes': 9028878336, 'headroom_before_bytes': 9141485568, 'idle_seconds': 30.0, 'memory_free_percent_after': 89, 'memory_free_percent_before': 89, 'minimum_headroom_gb': 6.5, 'observed_minimum_headroom_gb': 8.408798217773438, 'pageins_delta': 75, 'pageouts_delta': 0, 'pages_occupied_by_compressor_delta': 0, 'pages_stored_in_compressor_delta': 0, 'passed': True, 'swap_used_delta_bytes': 0, 'swapins_delta': 0, 'swapouts_delta': 0}",mean,850263601,850268601,1.0,True,0,1459257344,"{'compressions_delta': 0, 'decompressions_delta': 0, 'experiment_rss_after_bytes': 1370963968, 'experiment_rss_before_bytes': 1370963968, 'headroom_after_bytes': 7744602112, 'headroom_before_bytes': 7214350336, 'idle_seconds': 30.0, 'memory_free_percent_after': 89, 'memory_free_percent_before': 82, 'minimum_headroom_gb': 6.5, 'observed_minimum_headroom_gb': 6.7188873291015625, 'pageins_delta': 45, 'pageouts_delta': 0, 'pages_occupied_by_compressor_delta': 0, 'pages_stored_in_compressor_delta': 0, 'passed': True, 'swap_used_delta_bytes': 0, 'swapins_delta': 0, 'swapouts_delta': 0}",1315506576,single_index_process_thread_pool,5422.02491601347,5594.956400000956,0.9965779852630415,3027.6603932902744,3022.042713439003,0.9981445475642773,-0.008319042759797802,dc62291e040c4629a996010dc5d32553,static_evaluation_fixed4_r00_a01,81321,2.963111997814849,"{'attempts': [{'attempt': 0, 'deviation': 0.00022930927473630014, 'median_ms': 1341.1101664969465, 'passed': True, 'ratio': 1.0002293092747363}], 'passed': True, 'reference_ms': 1340.8027080004103}",0.00022930927473630014,0.00022930927473630014,"{'attempts': [{'attempt': 0, 'deviation': -7.756736875030867e-08, 'median_ms': 1340.8026039978722, 'passed': True, 'ratio': 0.9999999224326312}], 'passed': True, 'reference_ms': 1340.8027080004103}",-7.756736875030867e-08,-7.756736875030867e-08,False,evaluation,valid,0,0,0,21.65891698678024,32000,True,128,2043200,32000,3025.6506624456424,0.9998459490326944,False,1.0009869299475647,2.1605083019313186e-05,1.000088105547111,request_arrival,True,1.000047175273929,-0.00015468525040688433,"{'active_worker_log_present': True, 'completion_count_sufficient': True, 'decode_admission_zero': True, 'memory_clean': False, 'policy_cap_applied': True, 'queue_saturated': True, 'request_count_exact': True, 'sentinel_clean': True, 'steady_duration_sufficient': True, 'token_count_exact': True, 'token_timestamps_valid': True, 'within_block_drift_clean': True, 'within_block_qps_drift_clean': True}",675.3144233329804,1,False,[],"{'active_worker_log_present': True, 'decode_admission_zero': True, 'memory_hard_clean': True, 'policy_cap_applied': True, 'request_count_exact': True, 'token_count_exact': True, 'token_timestamps_valid': True}",['memory_clean'],hard_failures_only
3.9961875245966154,4.0,861408,1176464,0.36998522926733474,2,0.0,8.611428707086615,1355.3789417,16,0.0,861392,1176480,0,2048,3.9961278792692614,4.0,4,1.0,0.0,0.0,0.0,1.0,2570.26063628165,0,675.702650332998,16,1459372032,1402880000,True,4,6.299212598425197e-05,0.0,7872561152,7849017344,Mac mini,31750,,False,0.36998522926733474,250,19.539207976777107,1410976456,84,89,5.5,1.5B,1.2240684393470034,1.0064283407259313,128,10.488811681102362,1359.5035625,12.319814899999994,12.26240230462281,10.540978098031497,18.8381939,1364.09177935,14.301761909999998,13.99951851431978,21.43018932999999,8649,2,0,0,1558.1904792785645,1459027968,14.578624999999999,15.774506099999998,16.573952000000002,23.562291986308992,4.7421880008187145,fixed4,fixed,True,3.9962584368580654,4.0,4,1.0,1343.8884789939038,1346.204450004734,3522.603310836974,"{'compressions_delta': 0, 'decompressions_delta': 0, 'experiment_rss_after_bytes': 52002816, 'experiment_rss_before_bytes': 51953664, 'headroom_after_bytes': 9102163968, 'headroom_before_bytes': 9082404864, 'idle_seconds': 30.0, 'memory_free_percent_after': 89, 'memory_free_percent_before': 89, 'minimum_headroom_gb': 6.5, 'observed_minimum_headroom_gb': 8.458648681640625, 'pageins_delta': 6, 'pageouts_delta': 0, 'pages_occupied_by_compressor_delta': 0, 'pages_stored_in_compressor_delta': 0, 'passed': True, 'swap_used_delta_bytes': 0, 'swapins_delta': 0, 'swapouts_delta': 0}",mean,850263601,850268601,1.0,True,0,1459372032,"{'compressions_delta': 0, 'decompressions_delta': 0, 'experiment_rss_after_bytes': 1371652096, 'experiment_rss_before_bytes': 1371652096, 'headroom_after_bytes': 7832846336, 'headroom_before_bytes': 7619723264, 'idle_seconds': 30.0, 'memory_free_percent_after': 89, 'memory_free_percent_before': 85, 'minimum_headroom_gb': 6.5, 'observed_minimum_headroom_gb': 7.0964202880859375, 'pageins_delta': 65, 'pageouts_delta': 0, 'pages_occupied_by_compressor_delta': 0, 'pages_stored_in_compressor_delta': 0, 'passed': True, 'swap_used_delta_bytes': 0, 'swapins_delta': 0, 'swapouts_delta': 0}",1316211112,single_index_process_thread_pool,5350.74579200591,5648.494133006898,0.9961795581763776,3056.047551028794,3049.258122787788,0.9977783630235989,-0.010048155371336468,178dec247abe4b73a880fca2b762fd71,static_evaluation_fixed4_r00_a02,81312,2.687573170987889,"{'attempts': [{'attempt': 0, 'deviation': 0.00031195565108754764, 'median_ms': 1341.2209789821645, 'passed': True, 'ratio': 1.0003119556510875}], 'passed': True, 'reference_ms': 1340.8027080004103}",0.00031195565108754764,0.00031195565108754764,"{'attempts': [{'attempt': 0, 'deviation': -2.409936858571715e-05, 'median_ms': 1340.7703955017496, 'passed': True, 'ratio': 0.9999759006314143}], 'passed': True, 'reference_ms': 1340.8027080004103}",-2.409936858571715e-05,-2.409936858571715e-05,False,evaluation,valid,0,0,0,21.814583014929667,32000,True,128,2063344,32000,3053.627211589518,0.999069579237622,False,1.000398700902981,-3.2166828506431728e-06,1.0003035916183003,request_arrival,True,1.0001910106123768,-0.00023102412146750535,"{'active_worker_log_present': True, 'completion_count_sufficient': True, 'decode_admission_zero': True, 'memory_clean': False, 'policy_cap_applied': True, 'queue_saturated': True, 'request_count_exact': True, 'sentinel_clean': True, 'steady_duration_sufficient': True, 'token_count_exact': True, 'token_timestamps_valid': True, 'within_block_drift_clean': True, 'within_block_qps_drift_clean': True}",675.724464916013,1,False,[],"{'active_worker_log_present': True, 'decode_admission_zero': True, 'memory_hard_clean': True, 'policy_cap_applied': True, 'request_count_exact': True, 'token_count_exact': True, 'token_timestamps_valid': True}",['memory_clean'],hard_failures_only
3.503050905489184,4.0,654640,1164256,0.37908116946146836,1,0.0,8.611428707086615,1355.3789417,16,0.4982452707907898,657616,1164272,0,2048,3.006650959603397,3.0,3,1.0,0.008418004221273253,1.0,1.0,1.0,2062.594156646,0,659.4893657080247,16,1458847744,1402060800,True,,0.0,0.0,7893499904,7715586048,Mac mini,31750,,False,0.37908116946146836,250,14.81374999275431,1410534112,84,89,5.5,1.5B,1.1653848300979401,1.005574730665745,128,9.979529854330709,1359.288771,10.902672899999999,10.920527763664722,10.03562838070866,18.2221769,1362.93481425,12.807335,12.880272754118778,19.423832329999993,8720,8,0,0,1558.1904792785645,1458470912,13.003166499999999,13.36844565,13.685811999999999,45.10095898876898,17.24929199554026,phasegate4to3,phasegate,True,3.9959903180851324,4.0,4,1.0,1343.8807080092374,1346.8783851902117,3486.183212183278,"{'compressions_delta': 0, 'decompressions_delta': 0, 'experiment_rss_after_bytes': 51789824, 'experiment_rss_before_bytes': 51740672, 'headroom_after_bytes': 9097297920, 'headroom_before_bytes': 9140273152, 'idle_seconds': 30.0, 'memory_free_percent_after': 89, 'memory_free_percent_before': 89, 'minimum_headroom_gb': 6.5, 'observed_minimum_headroom_gb': 8.472518920898438, 'pageins_delta': 161, 'pageouts_delta': 0, 'pages_occupied_by_compressor_delta': 0, 'pages_stored_in_compressor_delta': 0, 'passed': True, 'swap_used_delta_bytes': 0, 'swapins_delta': 0, 'swapouts_delta': 0}",mean,850263601,850268601,1.0,True,0,1458847744,"{'compressions_delta': 0, 'decompressions_delta': 0, 'experiment_rss_after_bytes': 1370816512, 'experiment_rss_before_bytes': 1370816512, 'headroom_after_bytes': 7707213824, 'headroom_before_bytes': 7278051328, 'idle_seconds': 30.0, 'memory_free_percent_after': 89, 'memory_free_percent_before': 82, 'minimum_headroom_gb': 6.5, 'observed_minimum_headroom_gb': 6.7782135009765625, 'pageins_delta': 45, 'pageouts_delta': 0, 'pages_occupied_by_compressor_delta': 0, 'pages_stored_in_compressor_delta': 0, 'passed': True, 'swap_used_delta_bytes': 0, 'swapins_delta': 0, 'swapouts_delta': 0}",1315703232,single_index_process_thread_pool,5272.892166976817,9812.68615819281,0.9947576327776816,2798.4624728391964,2788.8752170892362,0.9965740988692862,-0.01453768738182493,94bae024e2764a968e7c5b85e7efbeb0,static_evaluation_phasegate4to3_r00_a01,81779,13.905260449973866,"{'attempts': [{'attempt': 0, 'deviation': 0.00026719106346639876, 'median_ms': 1341.1609585018596, 'passed': True, 'ratio': 1.0002671910634664}], 'passed': True, 'reference_ms': 1340.8027080004103}",0.00026719106346639876,0.00026719106346639876,"{'attempts': [{'attempt': 0, 'deviation': -3.722842989395403e-05, 'median_ms': 1340.752792020794, 'passed': True, 'ratio': 0.999962771570106}], 'passed': True, 'reference_ms': 1340.8027080004103}",-3.722842989395403e-05,-3.722842989395403e-05,False,evaluation,valid,0,0,0,21.831000020029023,32000,True,128,1842704,32000,2794.1375491653025,1.0032990655918568,False,1.0023344117629682,4.699864870255158e-05,1.0005302900296043,request_arrival,True,1.0001324934503892,-0.00013938103643977248,"{'active_worker_log_present': True, 'completion_count_sufficient': True, 'decode_admission_zero': True, 'memory_clean': False, 'policy_cap_applied': True, 'queue_saturated': True, 'request_count_exact': True, 'sentinel_clean': True, 'steady_duration_sufficient': True, 'token_count_exact': True, 'token_timestamps_valid': True, 'within_block_drift_clean': True, 'within_block_qps_drift_clean': True}",659.5111967080447,501,False,[],"{'active_worker_log_present': True, 'decode_admission_zero': True, 'memory_hard_clean': True, 'policy_cap_applied': True, 'request_count_exact': True, 'token_count_exact': True, 'token_timestamps_valid': True}",['memory_clean'],hard_failures_only
3.502812327676,4.0,655632,1164992,0.3791157656982295,2,0.0,8.611428707086615,1355.3789417,16,0.49792292138962074,658608,1165008,0,2048,3.0063987399404426,3.0,3,1.0,0.00819530923141289,1.0,1.0,1.0,2065.2025826114177,0,659.429183958011,16,1458683904,1402568704,True,,0.0,0.0,7884308480,7769915392,Mac mini,31750,,False,0.3791157656982295,250,14.055791980354115,1410403088,84,89,5.5,1.5B,1.1660641446115847,1.0060868370801543,128,9.981648952755904,1359.2985414999998,11.072372599999992,10.93429564498365,10.041478249212599,18.598056099999997,1363.6289124999998,13.03683601,12.954341836157253,22.456630909999998,8493,1,0,0,1558.1904792785645,1458339840,13.089896,13.43611235,13.734001659999999,48.09137500706129,16.0292085056426,phasegate4to3,phasegate,True,3.9951731066081884,4.0,4,1.0,1343.8437709992286,1346.656706406793,3491.8346508321724,"{'compressions_delta': 0, 'decompressions_delta': 0, 'experiment_rss_after_bytes': 51970048, 'experiment_rss_before_bytes': 51920896, 'headroom_after_bytes': 9101361152, 'headroom_before_bytes': 9030565888, 'idle_seconds': 30.0, 'memory_free_percent_after': 89, 'memory_free_percent_before': 89, 'minimum_headroom_gb': 6.5, 'observed_minimum_headroom_gb': 8.410369873046875, 'pageins_delta': 4, 'pageouts_delta': 0, 'pages_occupied_by_compressor_delta': 0, 'pages_stored_in_compressor_delta': 0, 'passed': True, 'swap_used_delta_bytes': 0, 'swapins_delta': 0, 'swapouts_delta': 0}",mean,850263601,850268601,1.0,True,0,1458683904,"{'compressions_delta': 0, 'decompressions_delta': 0, 'experiment_rss_after_bytes': 1371340800, 'experiment_rss_before_bytes': 1371308032, 'headroom_after_bytes': 7755792384, 'headroom_before_bytes': 7271825408, 'idle_seconds': 30.0, 'memory_free_percent_after': 89, 'memory_free_percent_before': 82, 'minimum_headroom_gb': 6.5, 'observed_minimum_headroom_gb': 6.7724151611328125, 'pageins_delta': 7, 'pageouts_delta': 0, 'pages_occupied_by_compressor_delta': 0, 'pages_stored_in_compressor_delta': 0, 'passed': True, 'swap_used_delta_bytes': 0, 'swapins_delta': 0, 'swapouts_delta': 0}",1316178440,single_index_process_thread_pool,5266.12162499805,9782.754691212904,0.9961315562699182,2799.940601368114,2792.6959085972576,0.9974125548351573,-0.010986536632130494,065c11674b544f1185aa154dd2055ba2,static_evaluation_phasegate4to3_r00_a02,81605,14.90989199373871,"{'attempts': [{'attempt': 0, 'deviation': 0.00029686843427612075, 'median_ms': 1341.2007500010077, 'passed': True, 'ratio': 1.0002968684342761}], 'passed': True, 'reference_ms': 1340.8027080004103}",0.00029686843427612075,0.00029686843427612075,"{'attempts': [{'attempt': 0, 'deviation': 0.00019332337706345903, 'median_ms': 1341.061916507897, 'passed': True, 'ratio': 1.0001933233770635}], 'passed': True, 'reference_ms': 1340.8027080004103}",0.00019332337706345903,0.00019332337706345903,False,evaluation,valid,0,0,0,21.804749994771555,32000,True,128,1845056,32000,2797.9592727844506,1.0023636289603122,False,1.001681706745798,3.2728449809995975e-05,0.9989082424951639,request_arrival,True,0.9997933028341097,-0.00099548586459003,"{'active_worker_log_present': True, 'completion_count_sufficient': True, 'decode_admission_zero': True, 'memory_clean': False, 'policy_cap_applied': True, 'queue_saturated': True, 'request_count_exact': True, 'sentinel_clean': True, 'steady_duration_sufficient': True, 'token_count_exact': True, 'token_timestamps_valid': True, 'within_block_drift_clean': True, 'within_block_qps_drift_clean': True}",659.4509887080058,501,False,[],"{'active_worker_log_present': True, 'decode_admission_zero': True, 'memory_hard_clean': True, 'policy_cap_applied': True, 'request_count_exact': True, 'token_count_exact': True, 'token_timestamps_valid': True}",['memory_clean'],hard_failures_only
2.5378274363749225,4.0,229120,1164784,0.3974799220710776,1,0.0,8.611428707086615,1355.3789417,16,0.4907014276846679,238000,1164800,0,2048,1.0249962050296009,1.0,1,1.0,0.013408895410615797,3.0,1.930188679245283,0.9991145069068461,824.8143842146112,9,628.9625868329895,16,1458372608,1402322944,True,,0.0,0.0,7881883648,7805681664,Mac mini,31750,,True,0.3974799220710776,250,12.885417003417388,1410075360,84,89,5.5,1.5B,1.0552094528671632,1.0063297625749146,128,9.039020338582677,1359.0781875,9.85558125,9.709526762890164,9.086860974409449,17.373540249999994,1363.9581686000001,11.527914260000001,10.964981836441435,19.118889829999997,8311,3,-2,-9,1558.1904792785645,1458012160,11.172688,12.151608849999999,12.5038095,43.785208981717005,21.987521002301946,phasegate4to1,phasegate,True,3.995451099317665,4.0,4,1.0,1344.0420414990513,1347.9788581636967,3488.807398227683,"{'compressions_delta': 0, 'decompressions_delta': 0, 'experiment_rss_after_bytes': 52051968, 'experiment_rss_before_bytes': 52002816, 'headroom_after_bytes': 9080127488, 'headroom_before_bytes': 9145466880, 'idle_seconds': 30.0, 'memory_free_percent_after': 89, 'memory_free_percent_before': 89, 'minimum_headroom_gb': 6.5, 'observed_minimum_headroom_gb': 8.456527709960938, 'pageins_delta': 173, 'pageouts_delta': 0, 'pages_occupied_by_compressor_delta': 0, 'pages_stored_in_compressor_delta': 0, 'passed': True, 'swap_used_delta_bytes': 0, 'swapins_delta': 0, 'swapouts_delta': 0}",mean,850273601,850278601,1.0,True,1,1458372608,"{'compressions_delta': 0, 'decompressions_delta': 0, 'experiment_rss_after_bytes': 1371078656, 'experiment_rss_before_bytes': 1371045888, 'headroom_after_bytes': 7798308864, 'headroom_before_bytes': 7295139840, 'idle_seconds': 30.0, 'memory_free_percent_after': 89, 'memory_free_percent_before': 84, 'minimum_headroom_gb': 6.5, 'observed_minimum_headroom_gb': 6.79412841796875, 'pageins_delta': 5, 'pageouts_delta': 0, 'pages_occupied_by_compressor_delta': 0, 'pages_stored_in_compressor_delta': 0, 'passed': True, 'swap_used_delta_bytes': 0, 'swapins_delta': 0, 'swapouts_delta': 0}",1315654080,single_index_process_thread_pool,8177.993833494838,9444.861468757153,0.9885828413983541,2265.5409600899993,2244.5951347465716,0.9907546031113931,-0.03330304489314485,a8542a6a95e84cf49756fbd92fc11e6b,static_evaluation_phasegate4to1_r01_a01,80550,11.065310885896906,"{'attempts': [{'attempt': 0, 'deviation': 8.474401636848761e-05, 'median_ms': 1340.9163330070442, 'passed': True, 'ratio': 1.0000847440163685}], 'passed': True, 'reference_ms': 1340.8027080004103}",8.474401636848761e-05,8.474401636848761e-05,"{'attempts': [{'attempt': 0, 'deviation': 0.0001642053660719789, 'median_ms': 1341.0228749999078, 'passed': True, 'ratio': 1.000164205366072}], 'passed': True, 'reference_ms': 1340.8027080004103}",0.0001642053660719789,0.0001642053660719789,False,evaluation,valid,0,0,0,21.808457997394726,32000,True,128,1416912,32000,2252.7762853662985,1.0005535820896017,True,1.0021290124520106,0.00015198072043838022,0.9988366489472876,request_arrival,True,0.999901769349525,-0.0006505707880174039,"{'active_worker_log_present': True, 'completion_count_sufficient': True, 'decode_admission_zero': True, 'memory_clean': False, 'policy_cap_applied': True, 'queue_saturated': True, 'request_count_exact': True, 'sentinel_clean': True, 'steady_duration_sufficient': True, 'token_count_exact': True, 'token_timestamps_valid': True, 'within_block_drift_clean': True, 'within_block_qps_drift_clean': True}",628.9843952909869,501,False,[],"{'active_worker_log_present': True, 'decode_admission_zero': True, 'memory_hard_clean': True, 'policy_cap_applied': True, 'request_count_exact': True, 'token_count_exact': True, 'token_timestamps_valid': True}",['memory_clean'],hard_failures_only
2.5387329630872064,4.0,229488,1166512,0.39740738545874194,2,0.0,8.611428707086615,1355.3789417,16,0.49029035744902905,238320,1166528,0,2048,1.0242765191830114,1.0,1,1.0,0.012442349602148902,3.0,2.0081466395112018,0.9992904566418327,826.0234517588558,0,629.0773879589979,16,1457864704,1401929728,True,,0.0,0.0,7797981184,7705935872,Mac mini,31750,,True,0.39740738545874194,250,12.790250009857118,1409551024,84,89,5.5,1.5B,1.0561725149140746,1.0058092163805674,128,9.048131401574803,1358.9473125,9.9176694,9.714481090486515,9.095154314566928,17.19779345,1363.25263125,11.70922167,10.951545330171939,18.251331249999996,8964,13,0,0,1558.1904792785645,1457504256,11.146021000000001,12.1659163,12.49062858,41.04141698917374,21.256396008539014,phasegate4to1,phasegate,True,3.995524797026313,4.0,4,1.0,1344.028083505691,1347.2370043440606,3492.4688643175323,"{'compressions_delta': 0, 'decompressions_delta': 0, 'experiment_rss_after_bytes': 52035584, 'experiment_rss_before_bytes': 51986432, 'headroom_after_bytes': 9042345984, 'headroom_before_bytes': 9106276352, 'idle_seconds': 30.0, 'memory_free_percent_after': 89, 'memory_free_percent_before': 89, 'minimum_headroom_gb': 6.5, 'observed_minimum_headroom_gb': 8.421340942382812, 'pageins_delta': 52, 'pageouts_delta': 0, 'pages_occupied_by_compressor_delta': 0, 'pages_stored_in_compressor_delta': 0, 'passed': True, 'swap_used_delta_bytes': 0, 'swapins_delta': 0, 'swapouts_delta': 0}",mean,850273601,850278601,1.0,True,1,1457864704,"{'compressions_delta': 0, 'decompressions_delta': 0, 'experiment_rss_after_bytes': 1370767360, 'experiment_rss_before_bytes': 1370750976, 'headroom_after_bytes': 7698448384, 'headroom_before_bytes': 7226097664, 'idle_seconds': 30.0, 'memory_free_percent_after': 89, 'memory_free_percent_before': 82, 'minimum_headroom_gb': 6.5, 'observed_minimum_headroom_gb': 6.729827880859375, 'pageins_delta': 5, 'pageouts_delta': 0, 'pages_occupied_by_compressor_delta': 0, 'pages_stored_in_compressor_delta': 0, 'passed': True, 'swap_used_delta_bytes': 0, 'swapins_delta': 0, 'swapouts_delta': 0}",1315326376,single_index_process_thread_pool,8158.176708500832,9420.479312495445,0.988962514152126,2264.166817859314,2245.108963276575,0.991582839907195,-0.030295572009315406,20feeb4966644c20b20eeceaac07baea,static_evaluation_phasegate4to1_r01_a02,80487,11.176488100318238,"{'attempts': [{'attempt': 0, 'deviation': 0.00013626837172187045, 'median_ms': 1340.98541700223, 'passed': True, 'ratio': 1.0001362683717219}], 'passed': True, 'reference_ms': 1340.8027080004103}",0.00013626837172187045,0.00013626837172187045,"{'attempts': [{'attempt': 0, 'deviation': -4.9379384806313986e-05, 'median_ms': 1340.7364999875426, 'passed': True, 'ratio': 0.9999506206151937}], 'passed': True, 'reference_ms': 1340.8027080004103}",-4.9379384806313986e-05,-4.9379384806313986e-05,False,evaluation,valid,0,0,0,22.119000001112,32000,True,128,1418432,32000,2254.781410284057,0.998942647519378,True,1.0010506863087025,0.00012399019712515147,0.9995280598059175,request_arrival,True,1.0003359375237155,1.475877135285691e-05,"{'active_worker_log_present': True, 'completion_count_sufficient': True, 'decode_admission_zero': True, 'memory_clean': False, 'policy_cap_applied': True, 'queue_saturated': True, 'request_count_exact': True, 'sentinel_clean': True, 'steady_duration_sufficient': True, 'token_count_exact': True, 'token_timestamps_valid': True, 'within_block_drift_clean': True, 'within_block_qps_drift_clean': True}",629.099506958999,501,False,[],"{'active_worker_log_present': True, 'decode_admission_zero': True, 'memory_hard_clean': True, 'policy_cap_applied': True, 'request_count_exact': True, 'token_count_exact': True, 'token_timestamps_valid': True}",['memory_clean'],hard_failures_only
3.503821375205154,4.0,653056,1164640,0.37928306071876555,1,0.0,8.611428707086615,1355.3789417,16,0.4975993924993264,656128,1164704,0,2048,3.0072119526423315,3.0,3,1.0,0.008934944741181972,1.0,1.0,1.0,2059.1307971759165,0,659.1383214590023,16,1459372032,1402191872,True,,0.0,0.0,7828652032,7781449728,Mac mini,31750,,False,0.37928306071876555,250,13.914707989897579,1411091168,84,89,5.5,1.5B,1.163980459440453,1.0054955830586076,128,9.969458169291338,1359.2410415,10.89960865,10.918073396896943,10.023534742913386,16.94936685,1362.82753925,12.79989143,12.875630830531007,18.95488892,9075,19,0,0,1558.1904792785645,1459027968,12.986042000000001,13.377135449999999,13.55852017,41.137332998914644,17.13152050797362,phasegate4to3,phasegate,True,3.9957673769970397,4.0,4,1.0,1343.920645507751,1346.0662850557128,3489.448544331084,"{'compressions_delta': 0, 'decompressions_delta': 0, 'experiment_rss_after_bytes': 52051968, 'experiment_rss_before_bytes': 52002816, 'headroom_after_bytes': 9006727168, 'headroom_before_bytes': 9033859072, 'idle_seconds': 30.0, 'memory_free_percent_after': 89, 'memory_free_percent_before': 89, 'minimum_headroom_gb': 6.5, 'observed_minimum_headroom_gb': 8.388168334960938, 'pageins_delta': 191, 'pageouts_delta': 0, 'pages_occupied_by_compressor_delta': 0, 'pages_stored_in_compressor_delta': 0, 'passed': True, 'swap_used_delta_bytes': 0, 'swapins_delta': 0, 'swapouts_delta': 0}",mean,850273601,850278601,1.0,True,1,1459372032,"{'compressions_delta': 0, 'decompressions_delta': 0, 'experiment_rss_after_bytes': 1370947584, 'experiment_rss_before_bytes': 1370947584, 'headroom_after_bytes': 7764738048, 'headroom_before_bytes': 7163166720, 'idle_seconds': 30.0, 'memory_free_percent_after': 89, 'memory_free_percent_before': 82, 'minimum_headroom_gb': 6.5, 'observed_minimum_headroom_gb': 6.6712188720703125, 'pageins_delta': 42, 'pageouts_delta': 0, 'pages_occupied_by_compressor_delta': 0, 'pages_stored_in_compressor_delta': 0, 'passed': True, 'swap_used_delta_bytes': 0, 'swapins_delta': 0, 'swapouts_delta': 0}",1315834304,single_index_process_thread_pool,5279.781833494781,9703.10726249154,0.994603386387827,2799.7449719729157,2787.992814596012,0.9958024186150705,-0.017829939071980737,647d94f002984e5a8994e82eb26cad75,static_evaluation_phasegate4to3_r01_a01,81646,14.106831076787785,"{'attempts': [{'attempt': 0, 'deviation': 0.0001915367553877445, 'median_ms': 1341.059521000716, 'passed': True, 'ratio': 1.0001915367553877}], 'passed': True, 'reference_ms': 1340.8027080004103}",0.0001915367553877445,0.0001915367553877445,"{'attempts': [{'attempt': 0, 'deviation': -7.237529326598047e-05, 'median_ms': 1340.705667011207, 'passed': True, 'ratio': 0.999927624706734}], 'passed': True, 'reference_ms': 1340.8027080004103}",-7.237529326598047e-05,-7.237529326598047e-05,False,evaluation,valid,0,0,0,22.153375000925735,32000,True,128,1842176,32000,2794.824606650611,1.0007103836680193,False,1.0022821917266629,3.075273772873666e-05,0.9998623598933705,request_arrival,True,1.0001377397585463,-0.0005862588924723976,"{'active_worker_log_present': True, 'completion_count_sufficient': True, 'decode_admission_zero': True, 'memory_clean': False, 'policy_cap_applied': True, 'queue_saturated': True, 'request_count_exact': True, 'sentinel_clean': True, 'steady_duration_sufficient': True, 'token_count_exact': True, 'token_timestamps_valid': True, 'within_block_drift_clean': True, 'within_block_qps_drift_clean': True}",659.1604748340033,501,False,[],"{'active_worker_log_present': True, 'decode_admission_zero': True, 'memory_hard_clean': True, 'policy_cap_applied': True, 'request_count_exact': True, 'token_count_exact': True, 'token_timestamps_valid': True}",['memory_clean'],hard_failures_only
3.503359565275925,4.0,652976,1165920,0.3793344175663175,2,0.0,8.611428707086615,1355.3789417,16,0.49753387102696217,656000,1165968,0,2048,3.006297353143757,3.0,3,1.0,0.008535865394076553,1.0,1.0,1.0,2061.0429851126664,0,659.0490828749898,16,1459175424,1402175488,True,,0.0,0.0,7845675008,7820951552,Mac mini,31750,,False,0.3793344175663175,250,13.805374997900799,1410910968,84,89,5.5,1.5B,1.1640818379010456,1.0058511695925074,128,9.962469161417324,1359.3534995,11.234808349999984,10.918799843057059,10.024407756299212,18.57069375,1363.30949375,12.991346759999999,12.867779256775973,21.254715579999992,9442,97,0,0,1558.1904792785645,1458831360,12.989,13.3588981,13.529409079999999,42.74841700680554,17.738333510351367,phasegate4to3,phasegate,True,3.9955999902222006,4.0,4,1.0,1343.8957080070395,1347.2270984042552,3490.5765389715452,"{'compressions_delta': 0, 'decompressions_delta': 0, 'experiment_rss_after_bytes': 52035584, 'experiment_rss_before_bytes': 51986432, 'headroom_after_bytes': 9096577024, 'headroom_before_bytes': 9059090432, 'idle_seconds': 30.0, 'memory_free_percent_after': 89, 'memory_free_percent_before': 89, 'minimum_headroom_gb': 6.5, 'observed_minimum_headroom_gb': 8.436935424804688, 'pageins_delta': 29, 'pageouts_delta': 0, 'pages_occupied_by_compressor_delta': 0, 'pages_stored_in_compressor_delta': 0, 'passed': True, 'swap_used_delta_bytes': 0, 'swapins_delta': 0, 'swapouts_delta': 0}",mean,850273601,850278601,1.0,True,1,1459175424,"{'compressions_delta': 0, 'decompressions_delta': 0, 'experiment_rss_after_bytes': 1370996736, 'experiment_rss_before_bytes': 1370996736, 'headroom_after_bytes': 7797440512, 'headroom_before_bytes': 7207239680, 'idle_seconds': 30.0, 'memory_free_percent_after': 89, 'memory_free_percent_before': 81, 'minimum_headroom_gb': 6.5, 'observed_minimum_headroom_gb': 6.7122650146484375, 'pageins_delta': 31, 'pageouts_delta': 0, 'pages_occupied_by_compressor_delta': 0, 'pages_stored_in_compressor_delta': 0, 'passed': True, 'swap_used_delta_bytes': 0, 'swapins_delta': 0, 'swapouts_delta': 0}",1315883504,single_index_process_thread_pool,5274.338459013961,9745.178225199925,0.995178053687009,2799.599470186621,2791.767719125023,0.9972025458837953,-0.01188364229910193,a1c40900aaef4d0daa8f5eb3a81aa5a9,static_evaluation_phasegate4to3_r01_a02,81707,13.916323223384097,"{'attempts': [{'attempt': 0, 'deviation': 8.550586316036224e-05, 'median_ms': 1340.9173544932855, 'passed': True, 'ratio': 1.0000855058631604}], 'passed': True, 'reference_ms': 1340.8027080004103}",8.550586316036224e-05,8.550586316036224e-05,"{'attempts': [{'attempt': 0, 'deviation': -0.0001081288795453661, 'median_ms': 1340.657728505903, 'passed': True, 'ratio': 0.9998918711204546}], 'passed': True, 'reference_ms': 1340.8027080004103}",-0.0001081288795453661,-0.0001081288795453661,False,evaluation,valid,0,0,0,21.868209005333483,32000,True,128,1843296,32000,2796.902458249291,1.0012956355623264,False,1.000015412763188,1.3551321439108813e-05,1.0002051591344563,request_arrival,True,0.999979249685885,-0.00013107228692319558,"{'active_worker_log_present': True, 'completion_count_sufficient': True, 'decode_admission_zero': True, 'memory_clean': False, 'policy_cap_applied': True, 'queue_saturated': True, 'request_count_exact': True, 'sentinel_clean': True, 'steady_duration_sufficient': True, 'token_count_exact': True, 'token_timestamps_valid': True, 'within_block_drift_clean': True, 'within_block_qps_drift_clean': True}",659.0709510839952,501,False,[],"{'active_worker_log_present': True, 'decode_admission_zero': True, 'memory_hard_clean': True, 'policy_cap_applied': True, 'request_count_exact': True, 'token_count_exact': True, 'token_timestamps_valid': True}",['memory_clean'],hard_failures_only
3.9960038854529136,4.0,855744,1164848,0.36992706626140537,1,0.0,8.611428707086615,1355.3789417,16,0.0,855792,1164816,0,2048,3.996402966932103,4.0,4,1.0,0.0,0.0,0.0,1.0,2554.212319540885,0,675.808889915992,16,1459388416,1402322944,True,4,3.1496062992125985e-05,0.0,7813267456,7783186432,Mac mini,31750,,False,0.36992706626140537,250,17.18049999908544,1411025608,84,89,5.5,1.5B,1.2248815054325601,1.0061199857064298,128,10.491018374015749,1359.3528124999998,12.1607402,12.237504636868834,10.547979758661418,18.7845417,1363.67384145,14.74285774,14.08456540928455,20.350850259999994,9210,37,0,0,1558.1904792785645,1459027968,14.613771,15.8569269,16.782382759999997,23.44058401649818,4.630228999303654,fixed4,fixed,True,3.99559277214632,4.0,4,1.0,1343.7978955043945,1346.2524729562574,3492.422544587014,"{'compressions_delta': 0, 'decompressions_delta': 0, 'experiment_rss_after_bytes': 51904512, 'experiment_rss_before_bytes': 51855360, 'headroom_after_bytes': 8974254080, 'headroom_before_bytes': 9099657216, 'idle_seconds': 30.0, 'memory_free_percent_after': 89, 'memory_free_percent_before': 89, 'minimum_headroom_gb': 6.5, 'observed_minimum_headroom_gb': 8.357925415039062, 'pageins_delta': 222, 'pageouts_delta': 0, 'pages_occupied_by_compressor_delta': 0, 'pages_stored_in_compressor_delta': 0, 'passed': True, 'swap_used_delta_bytes': 0, 'swapins_delta': 0, 'swapouts_delta': 0}",mean,850273601,850278601,1.0,True,1,1459388416,"{'compressions_delta': 0, 'decompressions_delta': 0, 'experiment_rss_after_bytes': 1371062272, 'experiment_rss_before_bytes': 1371045888, 'headroom_after_bytes': 7782400000, 'headroom_before_bytes': 7493632000, 'idle_seconds': 30.0, 'memory_free_percent_after': 89, 'memory_free_percent_before': 85, 'minimum_headroom_gb': 6.5, 'observed_minimum_headroom_gb': 6.9789886474609375, 'pageins_delta': 62, 'pageouts_delta': 0, 'pages_occupied_by_compressor_delta': 0, 'pages_stored_in_compressor_delta': 0, 'passed': True, 'swap_used_delta_bytes': 0, 'swapins_delta': 0, 'swapouts_delta': 0}",1315899816,single_index_process_thread_pool,5406.671104501584,5597.494915091374,0.9967027346722193,3032.654345086351,3024.640219201969,0.9973573889495957,-0.01185878971661307,8513316bccaa4d2ebb05ab1b4be9b4fd,static_evaluation_fixed4_r01_a01,81329,2.0342622010502964,"{'attempts': [{'attempt': 0, 'deviation': 0.0002592823718179371, 'median_ms': 1341.1503545066807, 'passed': True, 'ratio': 1.000259282371818}], 'passed': True, 'reference_ms': 1340.8027080004103}",0.0002592823718179371,0.0002592823718179371,"{'attempts': [{'attempt': 0, 'deviation': 8.21030574691406e-05, 'median_ms': 1340.9127920022001, 'passed': True, 'ratio': 1.0000821030574691}], 'passed': True, 'reference_ms': 1340.8027080004103}",8.21030574691406e-05,8.21030574691406e-05,False,evaluation,valid,0,0,0,21.763958007795736,32000,True,128,2047104,32000,3029.116708207952,1.0014950154127489,False,1.0008634712869826,2.148859751467393e-05,1.0000142718250515,request_arrival,True,1.000129115554435,-0.0003528527794734355,"{'active_worker_log_present': True, 'completion_count_sufficient': True, 'decode_admission_zero': True, 'memory_clean': False, 'policy_cap_applied': True, 'queue_saturated': True, 'request_count_exact': True, 'sentinel_clean': True, 'steady_duration_sufficient': True, 'token_count_exact': True, 'token_timestamps_valid': True, 'within_block_drift_clean': True, 'within_block_qps_drift_clean': True}",675.8306538739998,1,False,[],"{'active_worker_log_present': True, 'decode_admission_zero': True, 'memory_hard_clean': True, 'policy_cap_applied': True, 'request_count_exact': True, 'token_count_exact': True, 'token_timestamps_valid': True}",['memory_clean'],hard_failures_only
3.9961298883196346,4.0,857312,1163712,0.3697012867840561,2,0.0,8.611428707086615,1355.3789417,16,0.0,857264,1163760,0,2048,3.9960101110229975,4.0,4,1.0,0.0,0.0,0.0,1.0,2554.153557918905,0,676.2216117089847,16,1458782208,1402109952,True,4,3.1496062992125985e-05,0.0,7841644544,7799619584,Mac mini,31750,,False,0.3697012867840561,250,17.218958993908018,1410239176,84,89,5.5,1.5B,1.2264336341354651,1.0062023154863657,128,10.503749669291338,1359.4957705000002,12.177772599999999,12.182666710577903,10.561345804330708,19.325997799999996,1363.7854295,13.86792625,14.013922272424676,20.798178,8565,26,0,0,1558.1904792785645,1458438144,14.527875,15.9290186,16.6498545,23.633957986021414,4.237978995661251,fixed4,fixed,True,3.9962322315464975,4.0,4,1.0,1343.845166513347,1345.695457830152,3489.144175789466,"{'compressions_delta': 0, 'decompressions_delta': 0, 'experiment_rss_after_bytes': 52133888, 'experiment_rss_before_bytes': 52084736, 'headroom_after_bytes': 9070002176, 'headroom_before_bytes': 9109159936, 'idle_seconds': 30.0, 'memory_free_percent_after': 89, 'memory_free_percent_before': 89, 'minimum_headroom_gb': 6.5, 'observed_minimum_headroom_gb': 8.447097778320312, 'pageins_delta': 41, 'pageouts_delta': 0, 'pages_occupied_by_compressor_delta': 0, 'pages_stored_in_compressor_delta': 0, 'passed': True, 'swap_used_delta_bytes': 0, 'swapins_delta': 0, 'swapouts_delta': 0}",mean,850273601,850278601,1.0,True,1,1458782208,"{'compressions_delta': 0, 'decompressions_delta': 0, 'experiment_rss_after_bytes': 1370914816, 'experiment_rss_before_bytes': 1370931200, 'headroom_after_bytes': 7780040704, 'headroom_before_bytes': 7224606720, 'idle_seconds': 30.0, 'memory_free_percent_after': 89, 'memory_free_percent_before': 82, 'minimum_headroom_gb': 6.5, 'observed_minimum_headroom_gb': 6.7284393310546875, 'pageins_delta': 39, 'pageouts_delta': 0, 'pages_occupied_by_compressor_delta': 0, 'pages_stored_in_compressor_delta': 0, 'passed': True, 'swap_used_delta_bytes': 0, 'swapins_delta': 0, 'swapouts_delta': 0}",1315785128,single_index_process_thread_pool,5418.194895493798,5615.348239385639,0.9964395182076211,3029.506485007608,3022.0042461357025,0.9975236102285859,-0.01109455898661779,022c4dd65fb7420194232b7d1cabd2ff,static_evaluation_fixed4_r01_a02,81393,1.9349683716427535,"{'attempts': [{'attempt': 0, 'deviation': 0.0003360393694498143, 'median_ms': 1341.2532704969635, 'passed': True, 'ratio': 1.0003360393694498}], 'passed': True, 'reference_ms': 1340.8027080004103}",0.0003360393694498143,0.0003360393694498143,"{'attempts': [{'attempt': 0, 'deviation': 4.293174243574782e-05, 'median_ms': 1340.8602709969273, 'passed': True, 'ratio': 1.0000429317424357}], 'passed': True, 'reference_ms': 1340.8027080004103}",4.293174243574782e-05,4.293174243574782e-05,False,evaluation,valid,0,0,0,22.13349999510683,32000,True,128,2046448,32000,3026.2978357466322,0.9991633913446478,False,0.9996650726200955,6.560474751160521e-06,1.000884645229106,request_arrival,True,1.0000631671320326,-0.0005567402362389837,"{'active_worker_log_present': True, 'completion_count_sufficient': True, 'decode_admission_zero': True, 'memory_clean': False, 'policy_cap_applied': True, 'queue_saturated': True, 'request_count_exact': True, 'sentinel_clean': True, 'steady_duration_sufficient': True, 'token_count_exact': True, 'token_timestamps_valid': True, 'within_block_drift_clean': True, 'within_block_qps_drift_clean': True}",676.2437452089798,1,False,[],"{'active_worker_log_present': True, 'decode_admission_zero': True, 'memory_hard_clean': True, 'policy_cap_applied': True, 'request_count_exact': True, 'token_count_exact': True, 'token_timestamps_valid': True}",['memory_clean'],hard_failures_only
3.014965167283048,4.0,450304,1165328,0.3858362322866711,1,0.0,8.611428707086615,1355.3789417,16,0.4957918146186831,456480,1165376,0,2048,2.017223433782712,2.0,2,1.0,0.01226704996034893,2.0,1.4646464646464648,1.0,1485.0372870014878,0,647.943295834004,16,1458700288,1402306560,True,,0.0,0.0,7853719552,7771602944,Mac mini,31750,,False,0.3858362322866711,250,13.610833004349843,1410403016,84,89,5.5,1.5B,1.123573254640688,1.0059824040351621,128,9.617857287401574,1359.2131454999999,10.542291649999997,10.595542000373825,9.67557097952756,18.093847699999998,1363.4873661499998,12.42853791,12.449917815974914,19.312771589999997,8587,18,0,0,1558.1904792785645,1458356224,12.579729,12.8946519,13.014155169999999,46.05691699543968,22.151582990773022,phasegate4to2,phasegate,True,3.996090600337186,4.0,4,1.0,1343.8973545125918,1347.3555185919395,3488.9640250997636,"{'compressions_delta': 0, 'decompressions_delta': 0, 'experiment_rss_after_bytes': 52445184, 'experiment_rss_before_bytes': 52396032, 'headroom_after_bytes': 9004875776, 'headroom_before_bytes': 9031467008, 'idle_seconds': 30.0, 'memory_free_percent_after': 89, 'memory_free_percent_before': 89, 'minimum_headroom_gb': 6.5, 'observed_minimum_headroom_gb': 8.386444091796875, 'pageins_delta': 199, 'pageouts_delta': 0, 'pages_occupied_by_compressor_delta': 0, 'pages_stored_in_compressor_delta': 0, 'passed': True, 'swap_used_delta_bytes': 0, 'swapins_delta': 0, 'swapouts_delta': 0}",mean,850273601,850278601,1.0,True,1,1458700288,"{'compressions_delta': 0, 'decompressions_delta': 0, 'experiment_rss_after_bytes': 1371062272, 'experiment_rss_before_bytes': 1371062272, 'headroom_after_bytes': 7756824576, 'headroom_before_bytes': 7177224192, 'idle_seconds': 30.0, 'memory_free_percent_after': 89, 'memory_free_percent_before': 82, 'minimum_headroom_gb': 6.5, 'observed_minimum_headroom_gb': 6.6843109130859375, 'pageins_delta': 15, 'pageouts_delta': 0, 'pages_occupied_by_compressor_delta': 0, 'pages_stored_in_compressor_delta': 0, 'passed': True, 'swap_used_delta_bytes': 0, 'swapins_delta': 0, 'swapouts_delta': 0}",1315621288,single_index_process_thread_pool,5158.244375517825,9693.973683353397,0.9902879121789306,2537.238580867824,2522.482435038816,0.9941841709564574,-0.02277428362949332,3a361657a50049349bfafbcf3514a9f5,static_evaluation_phasegate4to2_r01_a01,81389,14.725884015206248,"{'attempts': [{'attempt': 0, 'deviation': 9.608683586082023e-05, 'median_ms': 1340.9315414901357, 'passed': True, 'ratio': 1.0000960868358608}], 'passed': True, 'reference_ms': 1340.8027080004103}",9.608683586082023e-05,9.608683586082023e-05,"{'attempts': [{'attempt': 0, 'deviation': 0.00013347116021189542, 'median_ms': 1340.9816664934624, 'passed': True, 'ratio': 1.000133471160212}], 'passed': True, 'reference_ms': 1340.8027080004103}",0.00013347116021189542,0.00013347116021189542,False,evaluation,valid,0,0,0,21.9243329775054,32000,True,128,1639312,32000,2530.0238624893095,0.9984934159732508,False,1.0006831653069999,-9.316127461265253e-06,0.9997156398661508,request_arrival,True,1.0002739694679519,0.0003977186188525388,"{'active_worker_log_present': True, 'completion_count_sufficient': True, 'decode_admission_zero': True, 'memory_clean': False, 'policy_cap_applied': True, 'queue_saturated': True, 'request_count_exact': True, 'sentinel_clean': True, 'steady_duration_sufficient': True, 'token_count_exact': True, 'token_timestamps_valid': True, 'within_block_drift_clean': True, 'within_block_qps_drift_clean': True}",647.9652201669815,501,False,[],"{'active_worker_log_present': True, 'decode_admission_zero': True, 'memory_hard_clean': True, 'policy_cap_applied': True, 'request_count_exact': True, 'token_count_exact': True, 'token_timestamps_valid': True}",['memory_clean'],hard_failures_only
3.0136863443700475,4.0,458736,1176224,0.3851991023473561,2,0.0,8.611428707086615,1355.3789417,16,0.4959149824927821,464640,1176224,0,2048,2.0159791898922332,2.0,2,1.0,0.011396011396011397,2.0,1.4956521739130435,1.0,1506.8146298968813,0,649.0150119159953,16,1458765824,1402519552,True,,0.0,0.0,7874985984,7752400896,Mac mini,31750,,False,0.3851991023473561,250,13.148708996595815,1410484960,84,89,5.5,1.5B,1.127362203638939,1.0055549135141177,128,9.651819881889764,1359.238458,10.558712499999999,10.61148153967224,9.708199243700786,17.2934234,1362.9079545,12.61353783,12.486696247651706,19.18431990999999,8831,14,0,0,1558.1904792785645,1458421760,12.615187,12.9081785,13.06125925,42.523334006546065,20.522291510133073,phasegate4to2,phasegate,True,3.9952775942646017,4.0,4,1.0,1343.9278959995136,1347.4955957877683,3525.3958539389964,"{'compressions_delta': 0, 'decompressions_delta': 0, 'experiment_rss_after_bytes': 52150272, 'experiment_rss_before_bytes': 52101120, 'headroom_after_bytes': 9072115712, 'headroom_before_bytes': 9069019136, 'idle_seconds': 30.0, 'memory_free_percent_after': 89, 'memory_free_percent_before': 89, 'minimum_headroom_gb': 6.5, 'observed_minimum_headroom_gb': 8.446182250976562, 'pageins_delta': 204, 'pageouts_delta': 0, 'pages_occupied_by_compressor_delta': 0, 'pages_stored_in_compressor_delta': 0, 'passed': True, 'swap_used_delta_bytes': 0, 'swapins_delta': 0, 'swapouts_delta': 0}",mean,850273601,850278601,1.0,True,1,1458765824,"{'compressions_delta': 0, 'decompressions_delta': 0, 'experiment_rss_after_bytes': 1371291648, 'experiment_rss_before_bytes': 1371226112, 'headroom_after_bytes': 7729348608, 'headroom_before_bytes': 7263518720, 'idle_seconds': 30.0, 'memory_free_percent_after': 89, 'memory_free_percent_before': 82, 'minimum_headroom_gb': 6.5, 'observed_minimum_headroom_gb': 6.764678955078125, 'pageins_delta': 10, 'pageouts_delta': 0, 'pages_occupied_by_compressor_delta': 0, 'pages_stored_in_compressor_delta': 0, 'passed': True, 'swap_used_delta_bytes': 0, 'swapins_delta': 0, 'swapouts_delta': 0}",1316145600,single_index_process_thread_pool,5117.9311875021085,9650.754293752834,0.9933214632357223,2561.967508556671,2548.8721674249814,0.9948885608080693,-0.020177678287064696,ce850bfe2a124fe9b0525180dddc4e7b,static_evaluation_phasegate4to2_r01_a02,81395,12.145338900154456,"{'attempts': [{'attempt': 0, 'deviation': 0.0002473182645090777, 'median_ms': 1341.134312999202, 'passed': True, 'ratio': 1.000247318264509}], 'passed': True, 'reference_ms': 1340.8027080004103}",0.0002473182645090777,0.0002473182645090777,"{'attempts': [{'attempt': 0, 'deviation': 0.00010910740921343809, 'median_ms': 1340.9489995101467, 'passed': True, 'ratio': 1.0001091074092134}], 'passed': True, 'reference_ms': 1340.8027080004103}",0.00010910740921343809,0.00010910740921343809,False,evaluation,valid,0,0,0,22.002458019414917,32000,True,128,1659760,32000,2557.352248448191,1.0002051787421926,False,0.9994825681921895,9.949067274316283e-06,0.9984254376392592,request_arrival,True,0.9999023088525679,-0.0007441450347803159,"{'active_worker_log_present': True, 'completion_count_sufficient': True, 'decode_admission_zero': True, 'memory_clean': False, 'policy_cap_applied': True, 'queue_saturated': True, 'request_count_exact': True, 'sentinel_clean': True, 'steady_duration_sufficient': True, 'token_count_exact': True, 'token_timestamps_valid': True, 'within_block_drift_clean': True, 'within_block_qps_drift_clean': True}",649.0370143740147,501,False,[],"{'active_worker_log_present': True, 'decode_admission_zero': True, 'memory_hard_clean': True, 'policy_cap_applied': True, 'request_count_exact': True, 'token_count_exact': True, 'token_timestamps_valid': True}",['memory_clean'],hard_failures_only
2.058212912139203,4.0,0,1163056,0.38995033484087577,1,0.0,8.611428707086615,1355.3789417,16,0.4889536113911604,11696,1163040,0,2048,0.03339782099582527,0.0,0,1.0,0.013796965685775379,4.0,2.4206642066420665,0.013796965685775379,39.05264093062304,91,641.1072838340187,16,1459273728,1403600896,True,,0.0002519685039370079,0.0,7778762752,7829798912,Mac mini,31750,,False,0.38995033484087577,250,18.595791014377028,1410927280,84,89,5.5,1.5B,1.1127929135683312,1.00637160673986,128,9.43412155511811,1359.914458,9.532231549999999,10.909941533464007,9.582736840944882,17.476114799999998,1364.0148833,11.03697967,13.81830359023296,18.20378933,9319,32,-13,-91,1558.1904792785645,1458929664,14.744083499999999,16.63933925,17.661504829999995,37.63916698517278,22.628895996604115,phasegate4to0,phasegate,True,3.9955967611732186,4.0,4,1.0,1344.890791515354,1348.9905706504942,3486.550874888869,"{'compressions_delta': 0, 'decompressions_delta': 0, 'experiment_rss_after_bytes': 52264960, 'experiment_rss_before_bytes': 52150272, 'headroom_after_bytes': 9052504064, 'headroom_before_bytes': 9137274880, 'idle_seconds': 30.0, 'memory_free_percent_after': 89, 'memory_free_percent_before': 89, 'minimum_headroom_gb': 6.5, 'observed_minimum_headroom_gb': 8.430801391601562, 'pageins_delta': 196, 'pageouts_delta': 0, 'pages_occupied_by_compressor_delta': 0, 'pages_stored_in_compressor_delta': 0, 'passed': True, 'swap_used_delta_bytes': 0, 'swapins_delta': 0, 'swapouts_delta': 0}",mean,850273601,850278601,1.0,True,1,1459273728,"{'compressions_delta': 0, 'decompressions_delta': 0, 'experiment_rss_after_bytes': 1372504064, 'experiment_rss_before_bytes': 1372504064, 'headroom_after_bytes': 7808270336, 'headroom_before_bytes': 7248674816, 'idle_seconds': 30.0, 'memory_free_percent_after': 89, 'memory_free_percent_before': 82, 'minimum_headroom_gb': 6.5, 'observed_minimum_headroom_gb': 6.7508544921875, 'pageins_delta': 95, 'pageouts_delta': 0, 'pages_occupied_by_compressor_delta': 0, 'pages_stored_in_compressor_delta': 0, 'passed': True, 'swap_used_delta_bytes': 0, 'swapins_delta': 0, 'swapouts_delta': 0}",1317341608,single_index_process_thread_pool,8423.973750017467,9680.257058473944,0.9803594714104521,1858.3925785293316,1837.8039115850752,0.988921249911281,-0.03211501819523139,632c00fabcb948728e461e828e63188e,static_evaluation_phasegate4to0_r01_a01,80343,15.787004813319072,"{'attempts': [{'attempt': 0, 'deviation': 0.00017843788750626643, 'median_ms': 1341.0419580031885, 'passed': True, 'ratio': 1.0001784378875063}], 'passed': True, 'reference_ms': 1340.8027080004103}",0.00017843788750626643,0.00017843788750626643,"{'attempts': [{'attempt': 0, 'deviation': 8.530706625320406e-06, 'median_ms': 1340.8141459949547, 'passed': True, 'ratio': 1.0000085307066253}], 'passed': True, 'reference_ms': 1340.8027080004103}",8.530706625320406e-06,8.530706625320406e-06,False,evaluation,valid,0,0,0,21.832541999174282,32000,True,128,1186192,32000,1850.2238703422724,0.9953472506583694,False,0.9995515588932669,7.634424823096244e-05,1.000245852441948,request_arrival,True,0.9997374532152269,-0.0006406409768717991,"{'active_worker_log_present': True, 'completion_count_sufficient': True, 'decode_admission_zero': True, 'memory_clean': False, 'policy_cap_applied': True, 'queue_saturated': True, 'request_count_exact': True, 'sentinel_clean': True, 'steady_duration_sufficient': True, 'token_count_exact': True, 'token_timestamps_valid': True, 'within_block_drift_clean': True, 'within_block_qps_drift_clean': True}",641.1291163760179,501,False,[],"{'active_worker_log_present': True, 'decode_admission_zero': True, 'memory_hard_clean': True, 'policy_cap_applied': True, 'request_count_exact': True, 'token_count_exact': True, 'token_timestamps_valid': True}",['memory_clean'],hard_failures_only
2.0640968063872256,4.0,0,1171824,0.3912982979630996,2,0.0,8.611428707086615,1355.3789417,16,0.4876122754491018,11936,1171840,0,2048,0.034768593138383604,0.0,0,1.0,0.014352598050502725,4.0,2.4224598930481283,0.014352598050502725,40.15183887997108,0,638.8987667500041,16,1451835392,1402421248,True,,6.299212598425197e-05,0.0,7841562624,7854342144,Mac mini,31750,,False,0.3912982979630996,250,17.562791996169835,1403538120,84,89,5.5,1.5B,1.1131499822683268,1.0064358612795468,128,9.438434381889763,1359.744854,9.442914250000001,10.752568756288383,9.585811712598426,17.11231655,1364.10197255,10.79511625,13.633975856064337,18.25553192,9101,16,0,0,1558.1904792785645,1451474944,14.608874499999999,16.3634,17.03444767,40.92645799391903,22.606270998949185,phasegate4to0,phasegate,True,3.9956477089344222,4.0,4,1.0,1344.916457994259,1349.1876684609451,3512.2876061711404,"{'compressions_delta': 0, 'decompressions_delta': 0, 'experiment_rss_after_bytes': 52412416, 'experiment_rss_before_bytes': 52363264, 'headroom_after_bytes': 8979349504, 'headroom_before_bytes': 8986361856, 'idle_seconds': 30.0, 'memory_free_percent_after': 89, 'memory_free_percent_before': 89, 'minimum_headroom_gb': 6.5, 'observed_minimum_headroom_gb': 8.3626708984375, 'pageins_delta': 46, 'pageouts_delta': 0, 'pages_occupied_by_compressor_delta': 0, 'pages_stored_in_compressor_delta': 0, 'passed': True, 'swap_used_delta_bytes': 0, 'swapins_delta': 0, 'swapouts_delta': 0}",mean,850273601,850278601,1.0,True,1,1451835392,"{'compressions_delta': 0, 'decompressions_delta': 0, 'experiment_rss_after_bytes': 1371242496, 'experiment_rss_before_bytes': 1371209728, 'headroom_after_bytes': 7836352512, 'headroom_before_bytes': 7188561920, 'idle_seconds': 30.0, 'memory_free_percent_after': 89, 'memory_free_percent_before': 82, 'minimum_headroom_gb': 6.5, 'observed_minimum_headroom_gb': 6.6948699951171875, 'pageins_delta': 48, 'pageouts_delta': 0, 'pages_occupied_by_compressor_delta': 0, 'pages_stored_in_compressor_delta': 0, 'passed': True, 'swap_used_delta_bytes': 0, 'swapins_delta': 0, 'swapouts_delta': 0}",1315817920,single_index_process_thread_pool,8360.304791014642,9579.649291496025,0.9825178141422409,1878.9569682106276,1856.0888131256975,0.9878293353856273,-0.03579408242599814,ee439d8c5dd645809c212ab2d049466c,static_evaluation_phasegate4to0_r01_a02,80160,15.976875030901283,"{'attempts': [{'attempt': 0, 'deviation': 0.00028383185254665655, 'median_ms': 1341.1832705169218, 'passed': True, 'ratio': 1.0002838318525467}], 'passed': True, 'reference_ms': 1340.8027080004103}",0.00028383185254665655,0.00028383185254665655,"{'attempts': [{'attempt': 0, 'deviation': 0.00017088643770923895, 'median_ms': 1341.0318329988513, 'passed': True, 'ratio': 1.0001708864377092}], 'passed': True, 'reference_ms': 1340.8027080004103}",0.00017088643770923895,0.00017088643770923895,False,evaluation,valid,0,0,0,21.883250010432675,32000,True,128,1194768,32000,1870.0427394431065,0.9981641689896639,False,0.9998562509619249,7.448017493354353e-05,0.9993931972658087,request_arrival,True,0.9998592137125776,-0.0008598439754796286,"{'active_worker_log_present': True, 'completion_count_sufficient': True, 'decode_admission_zero': True, 'memory_clean': False, 'policy_cap_applied': True, 'queue_saturated': True, 'request_count_exact': True, 'sentinel_clean': True, 'steady_duration_sufficient': True, 'token_count_exact': True, 'token_timestamps_valid': True, 'within_block_drift_clean': True, 'within_block_qps_drift_clean': True}",638.9206500000146,501,False,[],"{'active_worker_log_present': True, 'decode_admission_zero': True, 'memory_hard_clean': True, 'policy_cap_applied': True, 'request_count_exact': True, 'token_count_exact': True, 'token_timestamps_valid': True}",['memory_clean'],hard_failures_only
0.02464690549796933,0.0,0,0,0.4097363393591493,1,0.0,8.611428707086615,1355.3789417,16,0.9981936109595684,0,14560,0,2048,0.0,0.0,0,1.0,0.0,0.0,0.0,0.0,0.0,1,610.1484686250042,16,1452900352,1402355712,True,,0.0,0.0,7840202752,7880900608,Mac mini,31750,,True,0.4097363393591493,250,11.360500007867813,1404553928,84,89,5.5,1.5B,0.9995998155978482,1.0010927664614164,128,8.48042683464567,1354.0100415000002,9.23839825,9.150735750154126,8.607982547637796,13.71567325,1356.86005435,10.47221283,10.3280934781651,15.306281419999998,9718,48,0,-1,1558.1904792785645,1452539904,10.4614165,10.85170975,11.16171558,18.35399999981746,3.8152295019244775,fixed0,fixed0,True,0.03190973599541628,0.0,0,1.0,1341.4391664991854,1343.8452583068283,43.70449525932071,"{'compressions_delta': 0, 'decompressions_delta': 0, 'experiment_rss_after_bytes': 52248576, 'experiment_rss_before_bytes': 52199424, 'headroom_after_bytes': 9047982080, 'headroom_before_bytes': 9096708096, 'idle_seconds': 30.0, 'memory_free_percent_after': 89, 'memory_free_percent_before': 89, 'minimum_headroom_gb': 6.5, 'observed_minimum_headroom_gb': 8.426589965820312, 'pageins_delta': 270, 'pageouts_delta': 0, 'pages_occupied_by_compressor_delta': 0, 'pages_stored_in_compressor_delta': 0, 'passed': True, 'swap_used_delta_bytes': 0, 'swapins_delta': 0, 'swapouts_delta': 0}",mean,850273601,850278601,1.0,True,1,1452900352,"{'compressions_delta': 0, 'decompressions_delta': 0, 'experiment_rss_after_bytes': 1371144192, 'experiment_rss_before_bytes': 1371144192, 'headroom_after_bytes': 7869415424, 'headroom_before_bytes': 7245086720, 'idle_seconds': 30.0, 'memory_free_percent_after': 89, 'memory_free_percent_before': 82, 'minimum_headroom_gb': 6.5, 'observed_minimum_headroom_gb': 6.7475128173828125, 'pageins_delta': 93, 'pageouts_delta': 0, 'pages_occupied_by_compressor_delta': 0, 'pages_stored_in_compressor_delta': 0, 'passed': True, 'swap_used_delta_bytes': 0, 'swapins_delta': 0, 'swapouts_delta': 0}",1315703208,single_index_process_thread_pool,479970.9287914884,485363.7094999969,0.968215458857171,26.567346725722405,25.99844895594136,0.9785865793955916,-0.0009324114629471073,e91100cc971a4d13b009dde44eb1e81d,static_evaluation_fixed0_r01_a01,82485,7.730898534646258,"{'attempts': [{'attempt': 0, 'deviation': 0.0004835416928488101, 'median_ms': 1341.451042011613, 'passed': True, 'ratio': 1.0004835416928488}], 'passed': True, 'reference_ms': 1340.8027080004103}",0.0004835416928488101,0.0004835416928488101,"{'attempts': [{'attempt': 0, 'deviation': -0.00011086306688989911, 'median_ms': 1340.654062500107, 'passed': True, 'ratio': 0.9998891369331101}], 'passed': True, 'reference_ms': 1340.8027080004103}",-0.00011086306688989911,-0.00011086306688989911,False,evaluation,valid,0,0,0,21.737583010690287,32000,True,128,16512,32000,27.062265741993098,1.0067597523487917,True,1.018990898957511,0.00034505493852077983,1.0001843823396233,request_arrival,True,1.0002398059051996,0.00019410169098118068,"{'active_worker_log_present': True, 'completion_count_sufficient': True, 'decode_admission_zero': True, 'memory_clean': False, 'policy_cap_applied': True, 'queue_saturated': True, 'request_count_exact': True, 'sentinel_clean': True, 'steady_duration_sufficient': True, 'token_count_exact': True, 'token_timestamps_valid': True, 'within_block_drift_clean': True, 'within_block_qps_drift_clean': True}",610.1702062080149,501,False,[],"{'active_worker_log_present': True, 'decode_admission_zero': True, 'memory_hard_clean': True, 'policy_cap_applied': True, 'request_count_exact': True, 'token_count_exact': True, 'token_timestamps_valid': True}",['memory_clean'],hard_failures_only
0.0236765610488608,0.0,0,0,0.4067551736387263,2,0.0,8.611428707086615,1355.3789417,16,0.9983355244907067,0,14544,0,2048,0.0,0.0,0,1.0,0.0,0.0,0.0,0.0,0.0,1,614.6203323329974,16,1453080576,1402257408,True,,0.0,0.0,7774584832,7814692864,Mac mini,31750,,True,0.4067551736387263,250,11.487165989819914,1404750512,84,89,5.5,1.5B,1.0159948032046022,1.002520709518856,128,8.642243440944881,1354.169146,9.419484800000001,9.308257848897483,8.749166814566928,14.182314949999999,1358.7954583,10.525716249999999,10.58478583436226,16.31160682999999,9555,23,0,-1,1558.1904792785645,1452720128,10.7231245,11.180920650000001,11.43183442,16.33883299655281,3.229812005884014,fixed0,fixed0,True,0.031304539931514413,0.0,0,1.0,1341.472458501812,1344.9628417161875,43.658644292166926,"{'compressions_delta': 0, 'decompressions_delta': 0, 'experiment_rss_after_bytes': 52363264, 'experiment_rss_before_bytes': 52314112, 'headroom_after_bytes': 9047621632, 'headroom_before_bytes': 9026830336, 'idle_seconds': 30.0, 'memory_free_percent_after': 89, 'memory_free_percent_before': 89, 'minimum_headroom_gb': 6.5, 'observed_minimum_headroom_gb': 8.406890869140625, 'pageins_delta': 61, 'pageouts_delta': 0, 'pages_occupied_by_compressor_delta': 0, 'pages_stored_in_compressor_delta': 0, 'passed': True, 'swap_used_delta_bytes': 0, 'swapins_delta': 0, 'swapouts_delta': 0}",mean,850273601,850278601,1.0,True,1,1453080576,"{'compressions_delta': 0, 'decompressions_delta': 0, 'experiment_rss_after_bytes': 1370963968, 'experiment_rss_before_bytes': 1370963968, 'headroom_after_bytes': 7800799232, 'headroom_before_bytes': 7238598656, 'idle_seconds': 30.0, 'memory_free_percent_after': 89, 'memory_free_percent_before': 83, 'minimum_headroom_gb': 6.5, 'observed_minimum_headroom_gb': 6.7414703369140625, 'pageins_delta': 78, 'pageouts_delta': 0, 'pages_occupied_by_compressor_delta': 0, 'pages_stored_in_compressor_delta': 0, 'passed': True, 'swap_used_delta_bytes': 0, 'swapins_delta': 0, 'swapouts_delta': 0}",1315506576,single_index_process_thread_pool,480046.90770800516,486700.6640901367,0.9753226408633944,26.29632383775816,26.10732565712801,0.9928127527712154,-0.00030750998278778076,c21dfa096939478d80b10f88d56a5a8c,static_evaluation_fixed0_r01_a02,82909,9.09312316798605,"{'attempts': [{'attempt': 0, 'deviation': 0.0001303170867101855, 'median_ms': 1340.9774375031702, 'passed': True, 'ratio': 1.0001303170867102}], 'passed': True, 'reference_ms': 1340.8027080004103}",0.0001303170867101855,0.0001303170867101855,"{'attempts': [{'attempt': 0, 'deviation': 8.053347682346335e-05, 'median_ms': 1340.9106875042198, 'passed': True, 'ratio': 1.0000805334768235}], 'passed': True, 'reference_ms': 1340.8027080004103}",8.053347682346335e-05,8.053347682346335e-05,False,evaluation,valid,0,0,0,21.6105840227101,32000,True,128,16592,32000,26.995527364054986,1.0273686141654503,True,1.0164316483886422,0.0003715507359721959,0.9994555091798246,request_arrival,True,1.000006339123346,0.00044606552041212875,"{'active_worker_log_present': True, 'completion_count_sufficient': True, 'decode_admission_zero': True, 'memory_clean': False, 'policy_cap_applied': True, 'queue_saturated': True, 'request_count_exact': True, 'sentinel_clean': True, 'steady_duration_sufficient': True, 'token_count_exact': True, 'token_timestamps_valid': True, 'within_block_drift_clean': True, 'within_block_qps_drift_clean': True}",614.6419429170201,501,False,[],"{'active_worker_log_present': True, 'decode_admission_zero': True, 'memory_hard_clean': True, 'policy_cap_applied': True, 'request_count_exact': True, 'token_count_exact': True, 'token_timestamps_valid': True}",['memory_clean'],hard_failures_only
1.9988507748563469,2.0,470272,687632,0.3846890555529381,1,0.0,8.611428707086615,1355.3789417,16,1.0,470256,687632,0,2048,1.99909175708184,2.0,2,1.0,0.0,0.0,0.0,1.0,1515.5245777052226,0,649.8755199589941,16,1455357952,1401798656,True,2,0.0,0.0,7783776256,7862222848,Mac mini,31750,,False,0.3846890555529381,250,13.787083007628098,1407044272,84,89,5.5,1.5B,1.1317301077534954,1.003219931279533,128,9.707206200787402,1356.3931045,10.725447899999997,10.623672552173957,9.745813138582678,15.627027599999998,1359.74316875,12.56701491,12.578229724022094,17.60396192,9989,36,0,0,1558.1904792785645,1455013888,12.706771,12.93737515,13.06967892,22.621374984737486,3.5355209838598967,fixed2,fixed,True,1.9986276810022356,2.0,2,1.0,1341.9234795001103,1344.9181188974762,2066.36824637277,"{'compressions_delta': 0, 'decompressions_delta': 0, 'experiment_rss_after_bytes': 52166656, 'experiment_rss_before_bytes': 52117504, 'headroom_after_bytes': 8952299520, 'headroom_before_bytes': 9029763072, 'idle_seconds': 30.0, 'memory_free_percent_after': 89, 'memory_free_percent_before': 89, 'minimum_headroom_gb': 6.5, 'observed_minimum_headroom_gb': 8.337478637695312, 'pageins_delta': 221, 'pageouts_delta': 0, 'pages_occupied_by_compressor_delta': 0, 'pages_stored_in_compressor_delta': 0, 'passed': True, 'swap_used_delta_bytes': 0, 'swapins_delta': 0, 'swapouts_delta': 0}",mean,850273601,850278601,1.0,True,1,1455357952,"{'compressions_delta': 0, 'decompressions_delta': 0, 'experiment_rss_after_bytes': 1370734592, 'experiment_rss_before_bytes': 1370718208, 'headroom_after_bytes': 7823933440, 'headroom_before_bytes': 7226982400, 'idle_seconds': 30.0, 'memory_free_percent_after': 89, 'memory_free_percent_before': 84, 'minimum_headroom_gb': 6.5, 'observed_minimum_headroom_gb': 6.73065185546875, 'pageins_delta': 94, 'pageouts_delta': 0, 'pages_occupied_by_compressor_delta': 0, 'pages_stored_in_compressor_delta': 0, 'passed': True, 'swap_used_delta_bytes': 0, 'swapins_delta': 0, 'swapouts_delta': 0}",1315555728,single_index_process_thread_pool,4553.814062484889,4662.646021010005,1.0122231661650838,1792.8793234532418,1808.7518014417117,1.0088530654466459,0.02442429939354099,95106621777149268956706978d7a02a,static_evaluation_fixed2_r01_a01,86145,1.7014651675708592,"{'attempts': [{'attempt': 0, 'deviation': 0.0004171325859512187, 'median_ms': 1341.362000501249, 'passed': True, 'ratio': 1.0004171325859512}], 'passed': True, 'reference_ms': 1340.8027080004103}",0.0004171325859512187,0.0004171325859512187,"{'attempts': [{'attempt': 0, 'deviation': -0.00020140248466615773, 'median_ms': 1340.532667003572, 'passed': True, 'ratio': 0.9997985975153338}], 'passed': True, 'reference_ms': 1340.8027080004103}",-0.00020140248466615773,-0.00020140248466615773,False,evaluation,valid,0,0,0,21.80604200111702,32000,True,128,1173040,32000,1805.0225989032738,1.0018074349667008,False,1.0020056157523596,4.823180555069602e-05,1.0000398199926677,request_arrival,True,1.000091299079131,-0.0005867221091099692,"{'active_worker_log_present': True, 'completion_count_sufficient': True, 'decode_admission_zero': True, 'memory_clean': False, 'policy_cap_applied': True, 'queue_saturated': True, 'request_count_exact': True, 'sentinel_clean': True, 'steady_duration_sufficient': True, 'token_count_exact': True, 'token_timestamps_valid': True, 'within_block_drift_clean': True, 'within_block_qps_drift_clean': True}",649.8973260009952,1,False,[],"{'active_worker_log_present': True, 'decode_admission_zero': True, 'memory_hard_clean': True, 'policy_cap_applied': True, 'request_count_exact': True, 'token_count_exact': True, 'token_timestamps_valid': True}",['memory_clean'],hard_failures_only
1.9986405686570432,2.0,450688,652400,0.38548201376407387,2,0.0,8.611428707086615,1355.3789417,16,1.0,450704,652400,0,2048,1.9985243482538122,2.0,2,1.0,0.0,0.0,0.0,1.0,1459.8358588749086,0,648.5386894160183,16,1454981120,1402011648,True,2,0.0,0.0,7823884288,7866499072,Mac mini,31750,,False,0.38548201376407387,250,13.182540977140889,1406651056,84,89,5.5,1.5B,1.126926514780455,1.002796717754258,128,9.665549212598425,1356.2635420000001,10.6550452,10.60826249740785,9.70444734015748,16.6067728,1359.16955405,12.507364410000001,12.499503332946915,17.48158358,9702,33,0,0,1558.1904792785645,1454997504,12.591333500000001,12.84321075,13.058597259999999,21.148083003936335,3.8336875004461035,fixed2,fixed,True,1.9987365485993116,2.0,2,1.0,1341.7752710083732,1344.729575153906,1959.949775475854,"{'compressions_delta': 0, 'decompressions_delta': 0, 'experiment_rss_after_bytes': 52314112, 'experiment_rss_before_bytes': 52248576, 'headroom_after_bytes': 9044164608, 'headroom_before_bytes': 9029730304, 'idle_seconds': 30.0, 'memory_free_percent_after': 89, 'memory_free_percent_before': 89, 'minimum_headroom_gb': 6.5, 'observed_minimum_headroom_gb': 8.409591674804688, 'pageins_delta': 46, 'pageouts_delta': 0, 'pages_occupied_by_compressor_delta': 0, 'pages_stored_in_compressor_delta': 0, 'passed': True, 'swap_used_delta_bytes': 0, 'swapins_delta': 0, 'swapouts_delta': 0}",mean,850273601,850278601,1.0,True,1,1454981120,"{'compressions_delta': 0, 'decompressions_delta': 0, 'experiment_rss_after_bytes': 1370882048, 'experiment_rss_before_bytes': 1370865664, 'headroom_after_bytes': 7863205888, 'headroom_before_bytes': 7230963712, 'idle_seconds': 30.0, 'memory_free_percent_after': 89, 'memory_free_percent_before': 82, 'minimum_headroom_gb': 6.5, 'observed_minimum_headroom_gb': 6.7343597412109375, 'pageins_delta': 62, 'pageouts_delta': 0, 'pages_occupied_by_compressor_delta': 0, 'pages_stored_in_compressor_delta': 0, 'passed': True, 'swap_used_delta_bytes': 0, 'swapins_delta': 0, 'swapouts_delta': 0}",1315457472,single_index_process_thread_pool,4741.854603984393,5076.844712496677,0.9963837926649299,1724.9363560371326,1720.0550458018,0.9971701505285987,-0.0075266858892264225,68049d20cc894a869e3d531075a09069,static_evaluation_fixed2_r01_a02,86801,1.6924649535212666,"{'attempts': [{'attempt': 0, 'deviation': 0.00026587059486971043, 'median_ms': 1341.1591880139895, 'passed': True, 'ratio': 1.0002658705948697}], 'passed': True, 'reference_ms': 1340.8027080004103}",0.00026587059486971043,0.00026587059486971043,"{'attempts': [{'attempt': 0, 'deviation': 0.0002211208977522805, 'median_ms': 1341.0991874989122, 'passed': True, 'ratio': 1.0002211208977523}], 'passed': True, 'reference_ms': 1340.8027080004103}",0.0002211208977522805,0.0002211208977522805,False,evaluation,valid,0,0,0,22.052916989196092,32000,True,128,1117360,32000,1722.8887315977024,1.0006570477631795,False,0.9999401882843575,9.469547091429253e-06,1.0000243105282398,request_arrival,True,1.0000032250300863,-0.00022714346485407346,"{'active_worker_log_present': True, 'completion_count_sufficient': True, 'decode_admission_zero': True, 'memory_clean': False, 'policy_cap_applied': True, 'queue_saturated': True, 'request_count_exact': True, 'sentinel_clean': True, 'steady_duration_sufficient': True, 'token_count_exact': True, 'token_timestamps_valid': True, 'within_block_drift_clean': True, 'within_block_qps_drift_clean': True}",648.5607423330075,1,False,[],"{'active_worker_log_present': True, 'decode_admission_zero': True, 'memory_hard_clean': True, 'policy_cap_applied': True, 'request_count_exact': True, 'token_count_exact': True, 'token_timestamps_valid': True}",['memory_clean'],hard_failures_only
0.0,0.0,0,0,0.41203467833967855,1,0.0,,,0,0.0,0,0,0,2048,0.0,0.0,0,1.0,0.0,0.0,0.0,0.0,0.0,0,606.7450463329733,0,1166196736,1129267200,True,,,,8049033216,8039120896,Mac mini,31750,,True,0.41203467833967855,250,10.875667008804157,1145996992,84,89,5.5,1.5B,1.0,1.0,128,8.405358921259843,1353.0576875000002,8.763833,8.886672554945108,8.541122784251968,13.31669565,1354.8744359,9.38918324,10.094090166385284,14.7004155,4590,2,0,0,1558.1904792785645,1165869056,10.307042,10.6591253,10.83383367,0.0,0.0,llm-only,llm-only,True,0.0,0.0,0,1.0,1340.3654164867476,1341.3262060974375,0.0,"{'compressions_delta': 0, 'decompressions_delta': 0, 'experiment_rss_after_bytes': 52281344, 'experiment_rss_before_bytes': 52232192, 'headroom_after_bytes': 9038970880, 'headroom_before_bytes': 9081880576, 'idle_seconds': 30.0, 'memory_free_percent_after': 89, 'memory_free_percent_before': 89, 'minimum_headroom_gb': 6.5, 'observed_minimum_headroom_gb': 8.418197631835938, 'pageins_delta': 182, 'pageouts_delta': 0, 'pages_occupied_by_compressor_delta': 0, 'pages_stored_in_compressor_delta': 0, 'passed': True, 'swap_used_delta_bytes': 0, 'swapins_delta': 0, 'swapouts_delta': 0}",mean,850273601,850278601,1.0,True,1,1166196736,"{'compressions_delta': 0, 'decompressions_delta': 0, 'experiment_rss_after_bytes': 1129267200, 'experiment_rss_before_bytes': 1129267200, 'headroom_after_bytes': 8015888384, 'headroom_before_bytes': 7447969792, 'idle_seconds': 30.0, 'memory_free_percent_after': 89, 'memory_free_percent_before': 82, 'minimum_headroom_gb': 6.5, 'observed_minimum_headroom_gb': 6.93646240234375, 'pageins_delta': 32, 'pageouts_delta': 0, 'pages_occupied_by_compressor_delta': 0, 'pages_stored_in_compressor_delta': 0, 'passed': True, 'swap_used_delta_bytes': 0, 'swapins_delta': 0, 'swapouts_delta': 0}",1099597480,,,,1.0,0.0,0.0,1.0,0.0,41144226d65e49259d7516ae3afb9bb7,static_evaluation_llm-only_r01_a01,78488,0.0,"{'attempts': [{'attempt': 0, 'deviation': 6.465343836792314e-05, 'median_ms': 1340.8893955056556, 'passed': True, 'ratio': 1.000064653438368}], 'passed': True, 'reference_ms': 1340.8027080004103}",6.465343836792314e-05,6.465343836792314e-05,"{'attempts': [{'attempt': 0, 'deviation': -0.00018162291415391163, 'median_ms': 1340.5591875052778, 'passed': True, 'ratio': 0.9998183770858461}], 'passed': True, 'reference_ms': 1340.8027080004103}",-0.00018162291415391163,-0.00018162291415391163,False,evaluation,valid,0,0,0,21.842791989911348,32000,True,128,0,32000,0.0,1.027190099075126,True,1.0163273740817798,0.0003295112057297616,0.9994591040442,request_arrival,True,1.000011579105754,-0.0005099953750243866,"{'active_worker_log_present': True, 'completion_count_sufficient': True, 'decode_admission_zero': True, 'memory_clean': False, 'policy_cap_applied': True, 'queue_saturated': True, 'request_count_exact': True, 'sentinel_clean': True, 'steady_duration_sufficient': True, 'token_count_exact': True, 'token_timestamps_valid': True, 'within_block_drift_clean': True, 'within_block_qps_drift_clean': True}",606.7668891249632,0,False,[],"{'active_worker_log_present': True, 'decode_admission_zero': True, 'memory_hard_clean': True, 'policy_cap_applied': True, 'request_count_exact': True, 'token_count_exact': True, 'token_timestamps_valid': True}",['memory_clean'],hard_failures_only
0.0,0.0,0,0,0.40941510624814914,2,0.0,,,0,0.0,0,0,0,2048,0.0,0.0,0,1.0,0.0,0.0,0.0,0.0,0.0,0,610.6272000830213,0,1166360576,1129168896,True,,,,7924678656,7923105792,Mac mini,31750,,True,0.40941510624814914,250,10.861083981581032,1146095224,84,89,5.5,1.5B,1.0,1.0,128,8.56249557086614,1353.015271,8.86840175,9.106312350195367,8.608948854330709,13.488827449999999,1355.23666875,9.794666839999998,9.67104057082906,15.30564259,5056,1,0,0,1558.1904792785645,1166016512,10.097396,10.57786265,10.752611589999999,0.0,0.0,llm-only,llm-only,True,0.0,0.0,0,1.0,1340.3692709980533,1341.854610745213,0.0,"{'compressions_delta': 0, 'decompressions_delta': 0, 'experiment_rss_after_bytes': 52412416, 'experiment_rss_before_bytes': 52363264, 'headroom_after_bytes': 8949825536, 'headroom_before_bytes': 8941404160, 'idle_seconds': 30.0, 'memory_free_percent_after': 89, 'memory_free_percent_before': 89, 'minimum_headroom_gb': 6.5, 'observed_minimum_headroom_gb': 8.32733154296875, 'pageins_delta': 75, 'pageouts_delta': 0, 'pages_occupied_by_compressor_delta': 0, 'pages_stored_in_compressor_delta': 0, 'passed': True, 'swap_used_delta_bytes': 0, 'swapins_delta': 0, 'swapouts_delta': 0}",mean,850273601,850278601,1.0,True,1,1166360576,"{'compressions_delta': 0, 'decompressions_delta': 0, 'experiment_rss_after_bytes': 1129168896, 'experiment_rss_before_bytes': 1129168896, 'headroom_after_bytes': 7905247232, 'headroom_before_bytes': 7342342144, 'idle_seconds': 30.0, 'memory_free_percent_after': 89, 'memory_free_percent_before': 82, 'minimum_headroom_gb': 6.5, 'observed_minimum_headroom_gb': 6.8380889892578125, 'pageins_delta': 63, 'pageouts_delta': 0, 'pages_occupied_by_compressor_delta': 0, 'pages_stored_in_compressor_delta': 0, 'passed': True, 'swap_used_delta_bytes': 0, 'swapins_delta': 0, 'swapouts_delta': 0}",1099466360,,,,1.0,0.0,0.0,1.0,0.0,f85c31073c64479f83ed5e61d8a1a4bf,static_evaluation_llm-only_r01_a02,79079,0.0,"{'attempts': [{'attempt': 0, 'deviation': 0.00028356781743443804, 'median_ms': 1341.182916497928, 'passed': True, 'ratio': 1.0002835678174344}], 'passed': True, 'reference_ms': 1340.8027080004103}",0.00028356781743443804,0.00028356781743443804,"{'attempts': [{'attempt': 0, 'deviation': -0.00014055609877616781, 'median_ms': 1340.6142500025453, 'passed': True, 'ratio': 0.9998594439012238}], 'passed': True, 'reference_ms': 1340.8027080004103}",-0.00014055609877616781,-0.00014055609877616781,False,evaluation,valid,0,0,0,21.991249988786876,32000,True,128,0,32000,0.0,1.0063672323618598,True,1.0109921584483166,0.000331301601209087,0.9998323693772008,request_arrival,True,1.0000115794748226,-0.00017946925852730514,"{'active_worker_log_present': True, 'completion_count_sufficient': True, 'decode_admission_zero': True, 'memory_clean': False, 'policy_cap_applied': True, 'queue_saturated': True, 'request_count_exact': True, 'sentinel_clean': True, 'steady_duration_sufficient': True, 'token_count_exact': True, 'token_timestamps_valid': True, 'within_block_drift_clean': True, 'within_block_qps_drift_clean': True}",610.6491913330101,0,False,[],"{'active_worker_log_present': True, 'decode_admission_zero': True, 'memory_hard_clean': True, 'policy_cap_applied': True, 'request_count_exact': True, 'token_count_exact': True, 'token_timestamps_valid': True}",['memory_clean'],hard_failures_only
2.9979877855049955,3.0,652064,929184,0.37807399100462896,1,0.0,8.611428707086615,1355.3789417,16,1.0,652096,929216,0,2048,2.9981563421828907,3.0,3,1.0,0.0,0.0,0.0,1.0,2043.0322882159826,9,661.2462267919909,16,1461174272,1402175488,True,3,0.0,0.0,7785021440,7723450368,Mac mini,31750,,False,0.37807399100462896,250,14.824124984443188,1413122760,84,89,5.5,1.5B,1.167135580172247,1.0402515968202755,128,9.985246881889765,1358.2337495,11.288682699999995,10.880577054922469,10.05070484015748,17.113965999999998,1409.9351084,12.88046732,12.785960174514912,18.38218883,13073,8,-1,-9,1558.1904792785645,1460813824,12.924458000000001,13.3121064,13.50442608,21.929125010501593,3.460958498180844,fixed3,fixed,True,2.9978248555568143,3.0,3,1.0,1343.0274580023251,1394.3553662960767,2768.8704062312218,"{'compressions_delta': 0, 'decompressions_delta': 0, 'experiment_rss_after_bytes': 52527104, 'experiment_rss_before_bytes': 52477952, 'headroom_after_bytes': 8916205568, 'headroom_before_bytes': 8962555904, 'idle_seconds': 30.0, 'memory_free_percent_after': 89, 'memory_free_percent_before': 89, 'minimum_headroom_gb': 6.5, 'observed_minimum_headroom_gb': 8.303863525390625, 'pageins_delta': 158, 'pageouts_delta': 0, 'pages_occupied_by_compressor_delta': 0, 'pages_stored_in_compressor_delta': 0, 'passed': True, 'swap_used_delta_bytes': 0, 'swapins_delta': 0, 'swapouts_delta': 0}",mean,850273601,850278601,1.0,True,1,1461174272,"{'compressions_delta': 0, 'decompressions_delta': 0, 'experiment_rss_after_bytes': 1371078656, 'experiment_rss_before_bytes': 1371078656, 'headroom_after_bytes': 7707361280, 'headroom_before_bytes': 7126106112, 'idle_seconds': 30.0, 'memory_free_percent_after': 89, 'memory_free_percent_before': 83, 'minimum_headroom_gb': 6.5, 'observed_minimum_headroom_gb': 6.6367034912109375, 'pageins_delta': 22, 'pageouts_delta': 0, 'pages_occupied_by_compressor_delta': 0, 'pages_stored_in_compressor_delta': 0, 'passed': True, 'swap_used_delta_bytes': 0, 'swapins_delta': 0, 'swapouts_delta': 0}",1315916200,single_index_process_thread_pool,5089.277457998833,5287.601292005274,1.0023865178683975,2419.1904899939746,2421.822596629071,1.0010880113186553,0.003980580712765365,a76c6096a4b042db856c24244ca3efa8,static_evaluation_fixed3_r01_a01,84981,1.7651329399086535,"{'attempts': [{'attempt': 0, 'deviation': 0.00034786400309783083, 'median_ms': 1341.2691249977797, 'passed': True, 'ratio': 1.0003478640030978}], 'passed': True, 'reference_ms': 1340.8027080004103}",0.00034786400309783083,0.00034786400309783083,"{'attempts': [{'attempt': 0, 'deviation': 0.0003658413017109119, 'median_ms': 1341.2932290084427, 'passed': True, 'ratio': 1.000365841301711}], 'passed': True, 'reference_ms': 1340.8027080004103}",0.0003658413017109119,0.0003658413017109119,False,evaluation,valid,0,0,0,21.673417009878904,32000,True,128,1600080,32000,2419.7945261067466,1.0029929718198318,False,1.0013509653221058,4.1778843671210197e-05,1.0390130509161974,request_arrival,True,1.017961850759943,0.05241900938546614,"{'active_worker_log_present': True, 'completion_count_sufficient': True, 'decode_admission_zero': True, 'memory_clean': False, 'policy_cap_applied': True, 'queue_saturated': True, 'request_count_exact': True, 'sentinel_clean': True, 'steady_duration_sufficient': True, 'token_count_exact': True, 'token_timestamps_valid': True, 'within_block_drift_clean': False, 'within_block_qps_drift_clean': True}",661.2679002090008,1,False,[],"{'active_worker_log_present': True, 'decode_admission_zero': True, 'memory_hard_clean': True, 'policy_cap_applied': True, 'request_count_exact': True, 'token_count_exact': True, 'token_timestamps_valid': True}","['memory_clean', 'within_block_drift_clean']",hard_failures_only
2.9980389840519788,3.0,651600,923824,0.379111772524041,2,0.0,8.611428707086615,1355.3789417,16,1.0,651568,923840,0,2048,2.9985006022171423,3.0,3,1.0,0.0,0.0,0.0,1.0,2039.5474127200314,1,659.4361297080177,16,1460224000,1402093568,True,3,0.0,0.0,7757742080,7795228672,Mac mini,31750,,False,0.379111772524041,250,13.614541996503249,1411926728,84,89,5.5,1.5B,1.1683051846700168,1.0043235263731114,128,9.997668307086613,1357.824583,11.007532699999997,10.888030959176831,10.060776805905512,16.164362649999998,1361.2389583,12.87941691,12.848757503961677,17.79152209,9315,19,0,-1,1558.1904792785645,1459863552,12.982042,13.3312981,13.47305584,22.713249985827133,3.1975000019883737,fixed3,fixed,True,2.9976026302570893,3.0,3,1.0,1342.8389369946672,1345.8757352040266,2770.441360102933,"{'compressions_delta': 0, 'decompressions_delta': 0, 'experiment_rss_after_bytes': 52461568, 'experiment_rss_before_bytes': 52412416, 'headroom_after_bytes': 8990359552, 'headroom_before_bytes': 8975417344, 'idle_seconds': 30.0, 'memory_free_percent_after': 89, 'memory_free_percent_before': 89, 'minimum_headroom_gb': 6.5, 'observed_minimum_headroom_gb': 8.3590087890625, 'pageins_delta': 33, 'pageouts_delta': 0, 'pages_occupied_by_compressor_delta': 0, 'pages_stored_in_compressor_delta': 0, 'passed': True, 'swap_used_delta_bytes': 0, 'swapins_delta': 0, 'swapouts_delta': 0}",mean,850273601,850278601,1.0,True,1,1460224000,"{'compressions_delta': 0, 'decompressions_delta': 0, 'experiment_rss_after_bytes': 1370963968, 'experiment_rss_before_bytes': 1370963968, 'headroom_after_bytes': 7769669632, 'headroom_before_bytes': 7323942912, 'idle_seconds': 30.0, 'memory_free_percent_after': 89, 'memory_free_percent_before': 85, 'minimum_headroom_gb': 6.5, 'observed_minimum_headroom_gb': 6.820953369140625, 'pageins_delta': 23, 'pageouts_delta': 0, 'pages_occupied_by_compressor_delta': 0, 'pages_stored_in_compressor_delta': 0, 'passed': True, 'swap_used_delta_bytes': 0, 'swapins_delta': 0, 'swapouts_delta': 0}",1315522984,single_index_process_thread_pool,5093.778166497941,5309.56943793135,0.9958232180738807,2421.8542289935813,2412.639877261054,0.9961953318155089,-0.013973324138417368,6482a45b1d06483abc5463183bec158f,static_evaluation_fixed3_r01_a02,84650,1.831138477427885,"{'attempts': [{'attempt': 0, 'deviation': 0.0003512824698652661, 'median_ms': 1341.2737084872788, 'passed': True, 'ratio': 1.0003512824698653}], 'passed': True, 'reference_ms': 1340.8027080004103}",0.0003512824698652661,0.0003512824698652661,"{'attempts': [{'attempt': 0, 'deviation': 0.00022407286414027894, 'median_ms': 1341.103145503439, 'passed': True, 'ratio': 1.0002240728641403}], 'passed': True, 'reference_ms': 1340.8027080004103}",0.00022407286414027894,0.00022407286414027894,False,evaluation,valid,0,0,0,21.67395898140967,32000,True,128,1594432,32000,2417.871766756207,1.0007779878172813,False,1.0004358769528174,1.4732642986832625e-05,1.0006521005895537,request_arrival,True,1.000102135488993,7.089503930553649e-05,"{'active_worker_log_present': True, 'completion_count_sufficient': True, 'decode_admission_zero': True, 'memory_clean': False, 'policy_cap_applied': True, 'queue_saturated': True, 'request_count_exact': True, 'sentinel_clean': True, 'steady_duration_sufficient': True, 'token_count_exact': True, 'token_timestamps_valid': True, 'within_block_drift_clean': True, 'within_block_qps_drift_clean': True}",659.4578036669991,1,False,[],"{'active_worker_log_present': True, 'decode_admission_zero': True, 'memory_hard_clean': True, 'policy_cap_applied': True, 'request_count_exact': True, 'token_count_exact': True, 'token_timestamps_valid': True}",['memory_clean'],hard_failures_only
0.02524048641781112,0.0,0,0,0.40990349839510576,1,0.0,8.611428707086615,1355.3789417,16,0.998172908221913,0,15088,0,2048,0.0,0.0,0,1.0,0.0,0.0,0.0,0.0,0.0,2,609.8996495000029,16,1459159040,1402126336,True,,3.1496062992125985e-05,0.0,7723712512,7770963968,Mac mini,31750,,True,0.40990349839510576,250,20.475917001022026,1410828976,84,89,5.5,1.5B,1.0008925968175224,1.0014067852106425,128,8.468063649606298,1354.100875,9.229956249999999,9.187254206335638,8.61911524094488,14.0481334,1357.28566875,10.35116291,10.379361083614638,15.58105108,8910,5,0,-2,1558.1904792785645,1458814976,10.5284795,10.86950435,11.084223249999999,15.962125005898997,3.8309165101964027,fixed0,fixed0,True,0.03269192794611317,0.0,0,1.0,1341.4506044937298,1343.5992124985205,45.28023395979175,"{'compressions_delta': 0, 'decompressions_delta': 0, 'experiment_rss_after_bytes': 52330496, 'experiment_rss_before_bytes': 52281344, 'headroom_after_bytes': 8955887616, 'headroom_before_bytes': 9014116352, 'idle_seconds': 30.0, 'memory_free_percent_after': 89, 'memory_free_percent_before': 89, 'minimum_headroom_gb': 6.5, 'observed_minimum_headroom_gb': 8.3408203125, 'pageins_delta': 175, 'pageouts_delta': 0, 'pages_occupied_by_compressor_delta': 0, 'pages_stored_in_compressor_delta': 0, 'passed': True, 'swap_used_delta_bytes': 0, 'swapins_delta': 0, 'swapouts_delta': 0}",mean,850283601,850288601,1.0,True,2,1459159040,"{'compressions_delta': 0, 'decompressions_delta': 0, 'experiment_rss_after_bytes': 1371013120, 'experiment_rss_before_bytes': 1370996736, 'headroom_after_bytes': 7756857344, 'headroom_before_bytes': 7132102656, 'idle_seconds': 30.0, 'memory_free_percent_after': 89, 'memory_free_percent_before': 82, 'minimum_headroom_gb': 6.5, 'observed_minimum_headroom_gb': 6.6422882080078125, 'pageins_delta': 60, 'pageouts_delta': 0, 'pages_occupied_by_compressor_delta': 0, 'pages_stored_in_compressor_delta': 0, 'passed': True, 'swap_used_delta_bytes': 0, 'swapins_delta': 0, 'swapouts_delta': 0}",1315850664,single_index_process_thread_pool,482275.06672950403,483497.1253044394,0.9699902604628385,26.638332690742303,26.01847073885972,0.9767304523492941,-0.0010163548412971282,b1f66aa7b278491dbdb64c5304a2f4d7,static_evaluation_fixed0_r02_a01,82645,7.285040977876633,"{'attempts': [{'attempt': 0, 'deviation': 0.0003329941746168519, 'median_ms': 1341.249187491485, 'passed': True, 'ratio': 1.0003329941746169}], 'passed': True, 'reference_ms': 1340.8027080004103}",0.0003329941746168519,0.0003329941746168519,"{'attempts': [{'attempt': 0, 'deviation': 4.5666298786883885e-05, 'median_ms': 1340.8639374974882, 'passed': True, 'ratio': 1.0000456662987869}], 'passed': True, 'reference_ms': 1340.8027080004103}",4.5666298786883885e-05,4.5666298786883885e-05,False,evaluation,valid,0,0,0,22.04574999632314,32000,True,128,16528,32000,27.099540085897235,1.02097076011182,True,1.0159336526811908,0.00032917519944050677,1.0002711395423598,request_arrival,True,1.000174431168291,0.00031531582181730424,"{'active_worker_log_present': True, 'completion_count_sufficient': True, 'decode_admission_zero': True, 'memory_clean': False, 'policy_cap_applied': True, 'queue_saturated': True, 'request_count_exact': True, 'sentinel_clean': True, 'steady_duration_sufficient': True, 'token_count_exact': True, 'token_timestamps_valid': True, 'within_block_drift_clean': True, 'within_block_qps_drift_clean': True}",609.9216952499992,501,False,[],"{'active_worker_log_present': True, 'decode_admission_zero': True, 'memory_hard_clean': True, 'policy_cap_applied': True, 'request_count_exact': True, 'token_count_exact': True, 'token_timestamps_valid': True}",['memory_clean'],hard_failures_only
0.02362792939333695,0.0,0,0,0.4065629140030803,2,0.0,8.611428707086615,1355.3789417,16,0.9985902765226821,0,14576,0,2048,0.0,0.0,0,1.0,0.0,0.0,0.0,0.0,0.0,17,614.9109802919847,16,1453047808,1402142720,True,,0.0,0.0,7759265792,7664091136,Mac mini,31750,,True,0.4065629140030803,250,16.853166976943612,1404734176,84,89,5.5,1.5B,1.033716057288277,1.0024461023762412,128,8.641279527559055,1354.319625,9.39422465,9.338591856067069,8.901772130708661,14.061975,1358.6943373499998,10.66542,10.641702081193214,15.572341419999997,8933,3,-1,-17,1558.1904792785645,1452703744,10.7573755,11.3000436,11.670174159999998,16.555042006075382,3.101521506323479,fixed0,fixed0,True,0.03294983690381733,0.0,0,1.0,1341.5035620128037,1345.3762392440694,43.722158767656616,"{'compressions_delta': 0, 'decompressions_delta': 0, 'experiment_rss_after_bytes': 52559872, 'experiment_rss_before_bytes': 52510720, 'headroom_after_bytes': 8999419904, 'headroom_before_bytes': 8943779840, 'idle_seconds': 30.0, 'memory_free_percent_after': 89, 'memory_free_percent_before': 89, 'minimum_headroom_gb': 6.5, 'observed_minimum_headroom_gb': 8.329544067382812, 'pageins_delta': 19, 'pageouts_delta': 0, 'pages_occupied_by_compressor_delta': 0, 'pages_stored_in_compressor_delta': 0, 'passed': True, 'swap_used_delta_bytes': 0, 'swapins_delta': 0, 'swapouts_delta': 0}",mean,850283601,850288601,1.0,True,2,1453047808,"{'compressions_delta': 0, 'decompressions_delta': 0, 'experiment_rss_after_bytes': 1370931200, 'experiment_rss_before_bytes': 1370898432, 'headroom_after_bytes': 7653916672, 'headroom_before_bytes': 7153860608, 'idle_seconds': 30.0, 'memory_free_percent_after': 89, 'memory_free_percent_before': 82, 'minimum_headroom_gb': 6.5, 'observed_minimum_headroom_gb': 6.6625518798828125, 'pageins_delta': 33, 'pageouts_delta': 0, 'pages_occupied_by_compressor_delta': 0, 'pages_stored_in_compressor_delta': 0, 'passed': True, 'swap_used_delta_bytes': 0, 'swapins_delta': 0, 'swapouts_delta': 0}",1315523032,single_index_process_thread_pool,482627.3132914939,489637.5680143523,0.9742316861074223,26.31855923639454,25.809798903734013,0.9806691419507116,-0.0008273941346822442,4bb246033c584412a930614e37cfa416,static_evaluation_fixed0_r02_a02,82995,7.763701840303838,"{'attempts': [{'attempt': 0, 'deviation': 0.0003523545969852382, 'median_ms': 1341.2751459982246, 'passed': True, 'ratio': 1.0003523545969852}], 'passed': True, 'reference_ms': 1340.8027080004103}",0.0003523545969852382,0.0003523545969852382,"{'attempts': [{'attempt': 0, 'deviation': 2.1566930201277756e-05, 'median_ms': 1340.8316249988275, 'passed': True, 'ratio': 1.0000215669302013}], 'passed': True, 'reference_ms': 1340.8027080004103}",2.1566930201277756e-05,2.1566930201277756e-05,False,evaluation,valid,0,0,0,22.201624989975244,32000,True,128,16512,32000,26.85266734407545,1.0303504171531157,True,1.0099989824615594,0.0003821829961365272,1.0009325415281811,request_arrival,True,1.0003071980137266,0.0005329342466004348,"{'active_worker_log_present': True, 'completion_count_sufficient': True, 'decode_admission_zero': True, 'memory_clean': False, 'policy_cap_applied': True, 'queue_saturated': True, 'request_count_exact': True, 'sentinel_clean': True, 'steady_duration_sufficient': True, 'token_count_exact': True, 'token_timestamps_valid': True, 'within_block_drift_clean': False, 'within_block_qps_drift_clean': True}",614.9331819169747,501,False,[],"{'active_worker_log_present': True, 'decode_admission_zero': True, 'memory_hard_clean': True, 'policy_cap_applied': True, 'request_count_exact': True, 'token_count_exact': True, 'token_timestamps_valid': True}","['memory_clean', 'within_block_drift_clean']",hard_failures_only
2.0600366122464226,4.0,0,1181568,0.39009073721195475,1,0.0,8.611428707086615,1355.3789417,16,0.4884746142638323,11680,1181648,0,2048,0.03416188655194392,0.0,0,1.0,0.013945188017845762,4.0,2.449725776965265,0.013945188017845762,39.05635433451032,3,640.8765350000176,16,1457963008,1402208256,True,,6.299212598425197e-05,0.0,7759265792,7695400960,Mac mini,31750,,False,0.39009073721195475,250,17.571167001733556,1409665736,84,89,5.5,1.5B,1.1142931505097269,1.010005193774806,128,9.431686842519685,1360.2361044999998,9.36746455,10.926606539578643,9.595656024409449,17.7545792,1368.9397706500001,10.784409759999999,13.706164920877123,19.31340308,9198,20,0,-3,1558.1904792785645,1457618944,14.493271,16.47351045,17.069798249999998,42.99754198291339,22.31845850474201,phasegate4to0,phasegate,True,3.9949867944830286,4.0,4,1.0,1345.0077079905896,1354.3731582991313,3538.9132754860166,"{'compressions_delta': 0, 'decompressions_delta': 0, 'experiment_rss_after_bytes': 52396032, 'experiment_rss_before_bytes': 52346880, 'headroom_after_bytes': 8988606464, 'headroom_before_bytes': 9030516736, 'idle_seconds': 30.0, 'memory_free_percent_after': 89, 'memory_free_percent_before': 89, 'minimum_headroom_gb': 6.5, 'observed_minimum_headroom_gb': 8.371292114257812, 'pageins_delta': 189, 'pageouts_delta': 0, 'pages_occupied_by_compressor_delta': 0, 'pages_stored_in_compressor_delta': 0, 'passed': True, 'swap_used_delta_bytes': 0, 'swapins_delta': 0, 'swapouts_delta': 0}",mean,850283601,850288601,1.0,True,2,1457963008,"{'compressions_delta': 0, 'decompressions_delta': 0, 'experiment_rss_after_bytes': 1371062272, 'experiment_rss_before_bytes': 1371045888, 'headroom_after_bytes': 7692926976, 'headroom_before_bytes': 7155417088, 'idle_seconds': 30.0, 'memory_free_percent_after': 89, 'memory_free_percent_before': 82, 'minimum_headroom_gb': 6.5, 'observed_minimum_headroom_gb': 6.66400146484375, 'pageins_delta': 66, 'pageouts_delta': 0, 'pages_occupied_by_compressor_delta': 0, 'pages_stored_in_compressor_delta': 0, 'passed': True, 'swap_used_delta_bytes': 0, 'swapins_delta': 0, 'swapouts_delta': 0}",1315621288,single_index_process_thread_pool,8336.472395487363,9586.6575519045,0.9812281711648898,1889.942236587011,1871.8168974923865,0.9904095803862469,-0.02828215799778474,fb953f8ae5e64bb5b24a2a863e7365d6,static_evaluation_phasegate4to0_r02_a01,80301,17.593588680028915,"{'attempts': [{'attempt': 0, 'deviation': 0.00015123142864825745, 'median_ms': 1341.0054795094766, 'passed': True, 'ratio': 1.0001512314286483}], 'passed': True, 'reference_ms': 1340.8027080004103}",0.00015123142864825745,0.00015123142864825745,"{'attempts': [{'attempt': 0, 'deviation': 0.00014005938326366874, 'median_ms': 1340.9905000007711, 'passed': True, 'ratio': 1.0001400593832637}], 'passed': True, 'reference_ms': 1340.8027080004103}",0.00014005938326366874,0.00014005938326366874,False,evaluation,valid,0,0,0,21.72900000005029,32000,True,128,1204528,32000,1879.5008620497658,1.0066364185910417,False,1.0032023566201282,0.00011075257104972827,1.00730493636409,request_arrival,True,1.0000603255286025,0.0031556348345098176,"{'active_worker_log_present': True, 'completion_count_sufficient': True, 'decode_admission_zero': True, 'memory_clean': False, 'policy_cap_applied': True, 'queue_saturated': True, 'request_count_exact': True, 'sentinel_clean': True, 'steady_duration_sufficient': True, 'token_count_exact': True, 'token_timestamps_valid': True, 'within_block_drift_clean': True, 'within_block_qps_drift_clean': True}",640.8982640000177,501,False,[],"{'active_worker_log_present': True, 'decode_admission_zero': True, 'memory_hard_clean': True, 'policy_cap_applied': True, 'request_count_exact': True, 'token_count_exact': True, 'token_timestamps_valid': True}",['memory_clean'],hard_failures_only
2.059194142842913,4.0,0,1163632,0.3894634822394964,2,0.0,8.611428707086615,1355.3789417,16,0.48879370455224624,11680,1163648,0,2048,0.03431322600366823,0.0,0,1.0,0.01429080904829835,4.0,2.4010695187165774,0.01429080904829835,38.91470527889653,0,641.908706208982,16,1458683904,1402322944,True,,0.0002834645669291339,0.0,7736705024,7655260160,Mac mini,31750,,False,0.3894634822394964,250,19.979792006779462,1410403040,84,89,5.5,1.5B,1.1152297965078042,1.0068780458093198,128,9.441947338582677,1360.0400835,9.3329399,10.95129985769745,9.603721884645669,17.9952686,1364.70130015,10.7267935,13.810051757900505,19.266993499999998,8982,8,0,0,1558.1904792785645,1458323456,14.7629585,16.89666425,17.710886749999997,37.040458992123604,22.80997899651993,phasegate4to0,phasegate,True,3.9957168730725927,4.0,4,1.0,1344.8187505127862,1348.8195208075922,3487.7925427672076,"{'compressions_delta': 0, 'decompressions_delta': 0, 'experiment_rss_after_bytes': 52494336, 'experiment_rss_before_bytes': 52445184, 'headroom_after_bytes': 8911437824, 'headroom_before_bytes': 8980824064, 'idle_seconds': 30.0, 'memory_free_percent_after': 89, 'memory_free_percent_before': 89, 'minimum_headroom_gb': 6.5, 'observed_minimum_headroom_gb': 8.299423217773438, 'pageins_delta': 55, 'pageouts_delta': 0, 'pages_occupied_by_compressor_delta': 0, 'pages_stored_in_compressor_delta': 0, 'passed': True, 'swap_used_delta_bytes': 0, 'swapins_delta': 0, 'swapouts_delta': 0}",mean,850283601,850288601,1.0,True,2,1458683904,"{'compressions_delta': 0, 'decompressions_delta': 0, 'experiment_rss_after_bytes': 1371095040, 'experiment_rss_before_bytes': 1371095040, 'headroom_after_bytes': 7644512256, 'headroom_before_bytes': 7452278784, 'idle_seconds': 30.0, 'memory_free_percent_after': 89, 'memory_free_percent_before': 85, 'minimum_headroom_gb': 6.5, 'observed_minimum_headroom_gb': 6.9404754638671875, 'pageins_delta': 28, 'pageouts_delta': 0, 'pages_occupied_by_compressor_delta': 0, 'pages_stored_in_compressor_delta': 0, 'passed': True, 'swap_used_delta_bytes': 0, 'swapins_delta': 0, 'swapouts_delta': 0}",1315932632,single_index_process_thread_pool,8436.1483745015,9659.953035294893,0.9880398403395579,1853.6855301739038,1842.0581363843578,0.9937274183779947,-0.01811425391635919,271c0eb2fc1749e188b9e875cf0d327e,static_evaluation_phasegate4to0_r02_a02,80312,15.44273499166593,"{'attempts': [{'attempt': 0, 'deviation': 0.00024366634676864507, 'median_ms': 1341.1294164980063, 'passed': True, 'ratio': 1.0002436663467686}], 'passed': True, 'reference_ms': 1340.8027080004103}",0.00024366634676864507,0.00024366634676864507,"{'attempts': [{'attempt': 0, 'deviation': 0.00015059375259474095, 'median_ms': 1341.0046245116973, 'passed': True, 'ratio': 1.0001505937525947}], 'passed': True, 'reference_ms': 1340.8027080004103}",0.00015059375259474095,0.00015059375259474095,False,evaluation,valid,0,0,0,21.78004098823294,32000,True,128,1186944,32000,1849.0853738531073,1.0066747923009847,False,1.0002156391357162,-5.475820895038292e-05,0.9986249357216368,request_arrival,True,1.000483483896696,-0.0002068279323678287,"{'active_worker_log_present': True, 'completion_count_sufficient': True, 'decode_admission_zero': True, 'memory_clean': False, 'policy_cap_applied': True, 'queue_saturated': True, 'request_count_exact': True, 'sentinel_clean': True, 'steady_duration_sufficient': True, 'token_count_exact': True, 'token_timestamps_valid': True, 'within_block_drift_clean': True, 'within_block_qps_drift_clean': True}",641.9304862499703,501,False,[],"{'active_worker_log_present': True, 'decode_admission_zero': True, 'memory_hard_clean': True, 'policy_cap_applied': True, 'request_count_exact': True, 'token_count_exact': True, 'token_timestamps_valid': True}",['memory_clean'],hard_failures_only
2.9978354722337217,3.0,648368,921696,0.37951428078908245,1,0.0,8.611428707086615,1355.3789417,16,1.0,648368,921760,0,2048,2.9982239325094353,3.0,3,1.0,0.0,0.0,0.0,1.0,2034.3660096151934,1,658.7367397089838,16,1454112768,1402077184,True,3,0.0,0.0,7795097600,7695499264,Mac mini,31750,,False,0.37951428078908245,250,13.633000024128705,1405815496,84,89,5.5,1.5B,1.164550875227307,1.0047645100579032,128,9.968554952755905,1358.034396,11.658997599999998,10.858356098469812,10.028446837795276,17.485254499999996,1361.8366583,12.97024042,12.768418659979943,18.332252409999995,9192,8,0,-1,1558.1904792785645,1453768704,12.8920415,13.3191106,13.45903399,23.483375000068918,3.7387494958238676,fixed3,fixed,True,2.9974682966882584,3.0,3,1.0,1342.9457500024,1346.490078807983,2764.852858163457,"{'compressions_delta': 0, 'decompressions_delta': 0, 'experiment_rss_after_bytes': 52559872, 'experiment_rss_before_bytes': 52510720, 'headroom_after_bytes': 8942239744, 'headroom_before_bytes': 8981446656, 'idle_seconds': 30.0, 'memory_free_percent_after': 89, 'memory_free_percent_before': 89, 'minimum_headroom_gb': 6.5, 'observed_minimum_headroom_gb': 8.328109741210938, 'pageins_delta': 175, 'pageouts_delta': 0, 'pages_occupied_by_compressor_delta': 0, 'pages_stored_in_compressor_delta': 0, 'passed': True, 'swap_used_delta_bytes': 0, 'swapins_delta': 0, 'swapouts_delta': 0}",mean,850283601,850288601,1.0,True,2,1454112768,"{'compressions_delta': 0, 'decompressions_delta': 0, 'experiment_rss_after_bytes': 1371029504, 'experiment_rss_before_bytes': 1371013120, 'headroom_after_bytes': 7682981888, 'headroom_before_bytes': 7447232512, 'idle_seconds': 30.0, 'memory_free_percent_after': 89, 'memory_free_percent_before': 85, 'minimum_headroom_gb': 6.5, 'observed_minimum_headroom_gb': 6.9357757568359375, 'pageins_delta': 23, 'pageouts_delta': 0, 'pages_occupied_by_compressor_delta': 0, 'pages_stored_in_compressor_delta': 0, 'passed': True, 'swap_used_delta_bytes': 0, 'swapins_delta': 0, 'swapouts_delta': 0}",1315932632,single_index_process_thread_pool,5083.512812008848,5305.02074615797,0.9952690734540659,2417.540721195937,2408.887397574098,0.9964206089494294,-0.013136521334291345,ea8aa901b3b84e7eb0942f4208f6dbc8,static_evaluation_fixed3_r02_a01,84545,2.4018220719881356,"{'attempts': [{'attempt': 0, 'deviation': 0.0005861540857494685, 'median_ms': 1341.5886249858886, 'passed': True, 'ratio': 1.0005861540857495}], 'passed': True, 'reference_ms': 1340.8027080004103}",0.0005861540857494685,0.0005861540857494685,"{'attempts': [{'attempt': 0, 'deviation': 0.00016911547710973807, 'median_ms': 1341.029458490084, 'passed': True, 'ratio': 1.0001691154771097}], 'passed': True, 'reference_ms': 1340.8027080004103}",0.00016911547710973807,0.00016911547710973807,False,evaluation,valid,0,0,0,21.64954098407179,32000,True,128,1589712,32000,2413.2736253670955,1.0000081781045735,False,1.0005908988436663,6.236771338470754e-06,1.000065632963585,request_arrival,True,0.9997910626197776,-0.0014828234106329392,"{'active_worker_log_present': True, 'completion_count_sufficient': True, 'decode_admission_zero': True, 'memory_clean': False, 'policy_cap_applied': True, 'queue_saturated': True, 'request_count_exact': True, 'sentinel_clean': True, 'steady_duration_sufficient': True, 'token_count_exact': True, 'token_timestamps_valid': True, 'within_block_drift_clean': True, 'within_block_qps_drift_clean': True}",658.7583892499679,1,False,[],"{'active_worker_log_present': True, 'decode_admission_zero': True, 'memory_hard_clean': True, 'policy_cap_applied': True, 'request_count_exact': True, 'token_count_exact': True, 'token_timestamps_valid': True}",['memory_clean'],hard_failures_only
2.998143242348266,3.0,650832,922352,0.37911071142349506,2,0.0,8.611428707086615,1355.3789417,16,1.0,650864,922352,0,2048,2.9985457234409663,3.0,3,1.0,0.0,0.0,0.0,1.0,2038.4013908689317,2,659.4379754169786,16,1460944896,1402241024,True,3,0.0,0.0,7761264640,7712620544,Mac mini,31750,,False,0.37911071142349506,250,14.744583022547886,1412680440,84,89,5.5,1.5B,1.1679652319351415,1.00480142165396,128,9.992423559055117,1357.917875,10.90297775,10.878585900354665,10.057849327165354,17.231691149999996,1361.8866874999999,12.96572117,12.88582874520216,18.00281226,8866,12,-1,-2,1558.1904792785645,1460584448,13.038979000000001,13.503579199999999,13.74263642,23.45333297853358,4.2951874929713085,fixed3,fixed,True,2.9977632720135117,3.0,3,1.0,1342.825437503052,1346.3272687440622,2765.8015075292114,"{'compressions_delta': 0, 'decompressions_delta': 0, 'experiment_rss_after_bytes': 52674560, 'experiment_rss_before_bytes': 52625408, 'headroom_after_bytes': 9004187648, 'headroom_before_bytes': 8989442048, 'idle_seconds': 30.0, 'memory_free_percent_after': 89, 'memory_free_percent_before': 89, 'minimum_headroom_gb': 6.5, 'observed_minimum_headroom_gb': 8.3720703125, 'pageins_delta': 12, 'pageouts_delta': 0, 'pages_occupied_by_compressor_delta': 0, 'pages_stored_in_compressor_delta': 0, 'passed': True, 'swap_used_delta_bytes': 0, 'swapins_delta': 0, 'swapouts_delta': 0}",mean,850283601,850288601,1.0,True,2,1460944896,"{'compressions_delta': 0, 'decompressions_delta': 0, 'experiment_rss_after_bytes': 1371029504, 'experiment_rss_before_bytes': 1371029504, 'headroom_after_bytes': 7704821760, 'headroom_before_bytes': 7337312256, 'idle_seconds': 30.0, 'memory_free_percent_after': 89, 'memory_free_percent_before': 84, 'minimum_headroom_gb': 6.5, 'observed_minimum_headroom_gb': 6.833404541015625, 'pageins_delta': 5, 'pageouts_delta': 0, 'pages_occupied_by_compressor_delta': 0, 'pages_stored_in_compressor_delta': 0, 'passed': True, 'swap_used_delta_bytes': 0, 'swapins_delta': 0, 'swapouts_delta': 0}",1315604928,single_index_process_thread_pool,5095.783541502897,5296.190233444213,0.9987731254017603,2415.0494949385443,2411.3441029010123,0.9984657076199482,-0.0056191225396781735,c576cbee1f5746a88ad3e98fa0ab455f,static_evaluation_fixed3_r02_a02,84556,1.7573251388967037,"{'attempts': [{'attempt': 0, 'deviation': 0.00023435922844194934, 'median_ms': 1341.1169374885503, 'passed': True, 'ratio': 1.000234359228442}], 'passed': True, 'reference_ms': 1340.8027080004103}",0.00023435922844194934,0.00023435922844194934,"{'attempts': [{'attempt': 0, 'deviation': 5.228547498492553e-05, 'median_ms': 1340.8728125068592, 'passed': True, 'ratio': 1.000052285474985}], 'passed': True, 'reference_ms': 1340.8027080004103}",5.228547498492553e-05,5.228547498492553e-05,False,evaluation,valid,0,0,0,21.622957981890067,32000,True,128,1592048,32000,2414.24979960141,1.002115027089933,False,1.0012451880617375,3.0358544158610058e-05,1.0013117385331534,request_arrival,True,1.000197257927226,0.0006674230008987598,"{'active_worker_log_present': True, 'completion_count_sufficient': True, 'decode_admission_zero': True, 'memory_clean': False, 'policy_cap_applied': True, 'queue_saturated': True, 'request_count_exact': True, 'sentinel_clean': True, 'steady_duration_sufficient': True, 'token_count_exact': True, 'token_timestamps_valid': True, 'within_block_drift_clean': True, 'within_block_qps_drift_clean': True}",659.4595983749605,1,False,[],"{'active_worker_log_present': True, 'decode_admission_zero': True, 'memory_hard_clean': True, 'policy_cap_applied': True, 'request_count_exact': True, 'token_count_exact': True, 'token_timestamps_valid': True}",['memory_clean'],hard_failures_only
2.538639271561844,4.0,229904,1164880,0.397486668923239,1,0.0,8.611428707086615,1355.3789417,16,0.4906026012099229,238816,1164912,0,2048,1.0260799108725376,1.0,1,1.0,0.013672962981718741,3.0,1.9666666666666666,0.9991897503418241,828.1499655849558,0,628.9519109590037,16,1458634752,1402224640,True,,0.0,0.0,7764574208,7681064960,Mac mini,31750,,True,0.397486668923239,250,12.647958006709814,1410370296,84,89,5.5,1.5B,1.054234985678286,1.006177764824572,128,9.039594818897639,1359.303729,9.9398979,9.713610197650269,9.078469419685039,17.646959,1363.75215405,11.4069045,10.966299485589841,18.750644079999994,8507,7,0,0,1558.1904792785645,1458667520,11.134063000000001,12.154892,12.41931767,40.4608330281917,23.145791492424905,phasegate4to1,phasegate,True,3.9954019615036565,4.0,4,1.0,1344.0824580029584,1347.6218794938177,3485.217309178757,"{'compressions_delta': 0, 'decompressions_delta': 0, 'experiment_rss_after_bytes': 52527104, 'experiment_rss_before_bytes': 52477952, 'headroom_after_bytes': 8941125632, 'headroom_before_bytes': 9002483712, 'idle_seconds': 30.0, 'memory_free_percent_after': 89, 'memory_free_percent_before': 89, 'minimum_headroom_gb': 6.5, 'observed_minimum_headroom_gb': 8.327072143554688, 'pageins_delta': 178, 'pageouts_delta': 0, 'pages_occupied_by_compressor_delta': 0, 'pages_stored_in_compressor_delta': 0, 'passed': True, 'swap_used_delta_bytes': 0, 'swapins_delta': 0, 'swapouts_delta': 0}",mean,850283601,850288601,1.0,True,2,1458634752,"{'compressions_delta': 0, 'decompressions_delta': 0, 'experiment_rss_after_bytes': 1370996736, 'experiment_rss_before_bytes': 1370996736, 'headroom_after_bytes': 7667269632, 'headroom_before_bytes': 7473233920, 'idle_seconds': 30.0, 'memory_free_percent_after': 89, 'memory_free_percent_before': 85, 'minimum_headroom_gb': 6.5, 'observed_minimum_headroom_gb': 6.959991455078125, 'pageins_delta': 44, 'pageouts_delta': 0, 'pages_occupied_by_compressor_delta': 0, 'pages_stored_in_compressor_delta': 0, 'passed': True, 'swap_used_delta_bytes': 0, 'swapins_delta': 0, 'swapouts_delta': 0}",1315867096,single_index_process_thread_pool,8175.735958007863,9455.954158399254,0.9854236608860153,2264.0543337509994,2241.9517689284194,0.9902376173163825,-0.03514212551197505,e934101d5f45476b9b463fde9645ed63,static_evaluation_phasegate4to1_r02_a01,80501,10.738621058408171,"{'attempts': [{'attempt': 0, 'deviation': 0.00015211670816484002, 'median_ms': 1341.0066664946498, 'passed': True, 'ratio': 1.0001521167081648}], 'passed': True, 'reference_ms': 1340.8027080004103}",0.00015211670816484002,0.00015211670816484002,"{'attempts': [{'attempt': 0, 'deviation': -1.0985208634295418e-05, 'median_ms': 1340.7879790029256, 'passed': True, 'ratio': 0.9999890147913657}], 'passed': True, 'reference_ms': 1340.8027080004103}",-1.0985208634295418e-05,-1.0985208634295418e-05,False,evaluation,valid,0,0,0,21.795874985400587,32000,True,128,1417424,32000,2253.628576847412,1.0031079404806351,True,1.0022497439688594,0.00012913776357166795,1.0002700063575543,request_arrival,True,0.9999005217295338,-0.0010600898092088568,"{'active_worker_log_present': True, 'completion_count_sufficient': True, 'decode_admission_zero': True, 'memory_clean': False, 'policy_cap_applied': True, 'queue_saturated': True, 'request_count_exact': True, 'sentinel_clean': True, 'steady_duration_sufficient': True, 'token_count_exact': True, 'token_timestamps_valid': True, 'within_block_drift_clean': True, 'within_block_qps_drift_clean': True}",628.9737068339891,501,False,[],"{'active_worker_log_present': True, 'decode_admission_zero': True, 'memory_hard_clean': True, 'policy_cap_applied': True, 'request_count_exact': True, 'token_count_exact': True, 'token_timestamps_valid': True}",['memory_clean'],hard_failures_only
2.5403362908729914,4.0,229920,1163024,0.3976197086211006,2,0.0,8.611428707086615,1355.3789417,16,0.48996711546813926,238928,1163072,0,2048,1.0253773680478169,1.0,1,1.0,0.01327119846013575,3.0,1.9618320610687023,0.999341505419917,828.7155082319855,0,628.7414697500062,16,1458847744,1402372096,True,,0.0,0.0,7806926848,7721779200,Mac mini,31750,,True,0.3976197086211006,250,12.516374990809709,1410566880,84,89,5.5,1.5B,1.053228843589574,1.0055422570167558,128,9.0315835,1358.953125,9.97629795,9.698577034578193,9.069805098818897,17.3473167,1362.89080015,11.65120908,10.936044729896818,18.20468517,9044,12,0,0,1558.1904792785645,1458487296,11.094999999999999,11.973783300000001,12.3466805,38.85033298865892,22.349937513354234,phasegate4to1,phasegate,True,3.9958995386981035,4.0,4,1.0,1344.0278959897114,1347.2910438955296,3482.931655340223,"{'compressions_delta': 0, 'decompressions_delta': 0, 'experiment_rss_after_bytes': 52690944, 'experiment_rss_before_bytes': 52625408, 'headroom_after_bytes': 9018916864, 'headroom_before_bytes': 9023209472, 'idle_seconds': 30.0, 'memory_free_percent_after': 89, 'memory_free_percent_before': 89, 'minimum_headroom_gb': 6.5, 'observed_minimum_headroom_gb': 8.399520874023438, 'pageins_delta': 19, 'pageouts_delta': 0, 'pages_occupied_by_compressor_delta': 0, 'pages_stored_in_compressor_delta': 0, 'passed': True, 'swap_used_delta_bytes': 0, 'swapins_delta': 0, 'swapouts_delta': 0}",mean,850283601,850288601,1.0,True,2,1458847744,"{'compressions_delta': 0, 'decompressions_delta': 0, 'experiment_rss_after_bytes': 1371127808, 'experiment_rss_before_bytes': 1371127808, 'headroom_after_bytes': 7710670848, 'headroom_before_bytes': 7572799488, 'idle_seconds': 30.0, 'memory_free_percent_after': 89, 'memory_free_percent_before': 85, 'minimum_headroom_gb': 6.5, 'observed_minimum_headroom_gb': 7.0527191162109375, 'pageins_delta': 7, 'pageouts_delta': 0, 'pages_occupied_by_compressor_delta': 0, 'pages_stored_in_compressor_delta': 0, 'passed': True, 'swap_used_delta_bytes': 0, 'swapins_delta': 0, 'swapouts_delta': 0}",1315965352,single_index_process_thread_pool,8197.705145998043,9454.480641947885,0.9859669551547843,2263.7591664944835,2242.77619851546,0.9907309186023014,-0.033373743797586224,d9e81578bf054e69802d159e90ed2bce,static_evaluation_phasegate4to1_r02_a02,80585,10.82516775932163,"{'attempts': [{'attempt': 0, 'deviation': 0.0004007084688941731, 'median_ms': 1341.3399790006224, 'passed': True, 'ratio': 1.0004007084688942}], 'passed': True, 'reference_ms': 1340.8027080004103}",0.0004007084688941731,0.0004007084688941731,"{'attempts': [{'attempt': 0, 'deviation': 0.00015416772310650195, 'median_ms': 1341.0094165010378, 'passed': True, 'ratio': 1.0001541677231065}], 'passed': True, 'reference_ms': 1340.8027080004103}",0.00015416772310650195,0.00015416772310650195,False,evaluation,valid,0,0,0,22.03658301732503,32000,True,128,1416368,32000,2252.703325841004,1.0012593606035647,True,1.0013551230676547,0.00011336327793285443,0.9998821906746476,request_arrival,True,1.0001351857071163,-0.0008948361276831449,"{'active_worker_log_present': True, 'completion_count_sufficient': True, 'decode_admission_zero': True, 'memory_clean': False, 'policy_cap_applied': True, 'queue_saturated': True, 'request_count_exact': True, 'sentinel_clean': True, 'steady_duration_sufficient': True, 'token_count_exact': True, 'token_timestamps_valid': True, 'within_block_drift_clean': True, 'within_block_qps_drift_clean': True}",628.7635063330235,501,False,[],"{'active_worker_log_present': True, 'decode_admission_zero': True, 'memory_hard_clean': True, 'policy_cap_applied': True, 'request_count_exact': True, 'token_count_exact': True, 'token_timestamps_valid': True}",['memory_clean'],hard_failures_only
0.999450876844528,1.0,228608,348240,0.39282785043003826,1,0.0,8.611428707086615,1355.3789417,16,1.0,228608,348240,0,2048,0.9993377146059402,1.0,1,1.0,0.0,0.0,0.0,0.9993377146059402,769.6512940740294,0,636.411088791996,16,1454358528,1402175488,True,1,0.0,0.0,7817609216,7699070976,Mac mini,31750,,True,0.39282785043003826,250,13.403334014583379,1406061256,84,89,5.5,1.5B,1.0943961053098439,1.0022822705553622,128,9.360811354330709,1355.018375,10.1510202,10.116254637250677,9.424314038188976,15.788130949999992,1358.47228315,12.13553242,12.264234912581742,18.112498579999997,9480,18,0,0,1558.1904792785645,1454014464,12.4239585,13.0125974,13.25965392,20.084999996470287,3.540208505000919,fixed1,fixed,True,0.9995445377057713,1.0,1,1.0,1340.5411455023568,1343.4560232621152,1046.9785477504108,"{'compressions_delta': 0, 'decompressions_delta': 0, 'experiment_rss_after_bytes': 52609024, 'experiment_rss_before_bytes': 52559872, 'headroom_after_bytes': 8983642112, 'headroom_before_bytes': 9037479936, 'idle_seconds': 30.0, 'memory_free_percent_after': 89, 'memory_free_percent_before': 89, 'minimum_headroom_gb': 6.5, 'observed_minimum_headroom_gb': 8.366668701171875, 'pageins_delta': 161, 'pageouts_delta': 0, 'pages_occupied_by_compressor_delta': 0, 'pages_stored_in_compressor_delta': 0, 'passed': True, 'swap_used_delta_bytes': 0, 'swapins_delta': 0, 'swapouts_delta': 0}",mean,850283601,850288601,1.0,True,2,1454358528,"{'compressions_delta': 0, 'decompressions_delta': 0, 'experiment_rss_after_bytes': 1371193344, 'experiment_rss_before_bytes': 1371176960, 'headroom_after_bytes': 7683588096, 'headroom_before_bytes': 7206420480, 'idle_seconds': 30.0, 'memory_free_percent_after': 89, 'memory_free_percent_before': 82, 'minimum_headroom_gb': 6.5, 'observed_minimum_headroom_gb': 6.7115020751953125, 'pageins_delta': 7, 'pageouts_delta': 0, 'pages_occupied_by_compressor_delta': 0, 'pages_stored_in_compressor_delta': 0, 'passed': True, 'swap_used_delta_bytes': 0, 'swapins_delta': 0, 'swapouts_delta': 0}",1316014528,single_index_process_thread_pool,4486.0649794864,4620.648656891717,1.0201648719776877,907.0074128950955,922.6778723190171,1.0172771018198217,0.024623585610122567,87b5fe52a7944e5cb1c86d98c3e8c44c,static_evaluation_fixed1_r02_a01,85591,2.052285155514255,"{'attempts': [{'attempt': 0, 'deviation': 0.0003050724723365761, 'median_ms': 1341.2117499974556, 'passed': True, 'ratio': 1.0003050724723366}], 'passed': True, 'reference_ms': 1340.8027080004103}",0.0003050724723365761,0.0003050724723365761,"{'attempts': [{'attempt': 0, 'deviation': 0.00021193759201043605, 'median_ms': 1341.0868744977051, 'passed': True, 'ratio': 1.0002119375920104}], 'passed': True, 'reference_ms': 1340.8027080004103}",0.00021193759201043605,0.00021193759201043605,False,evaluation,valid,0,0,0,21.74308299436234,32000,True,128,584064,32000,917.7464225342794,1.0331192551334203,True,1.0323225798832034,0.0005630075555658388,1.0021734163449312,request_arrival,True,1.0009935906957281,0.002417541195430277,"{'active_worker_log_present': True, 'completion_count_sufficient': True, 'decode_admission_zero': True, 'memory_clean': False, 'policy_cap_applied': True, 'queue_saturated': True, 'request_count_exact': True, 'sentinel_clean': True, 'steady_duration_sufficient': True, 'token_count_exact': True, 'token_timestamps_valid': True, 'within_block_drift_clean': False, 'within_block_qps_drift_clean': True}",636.4328318749904,1,False,[],"{'active_worker_log_present': True, 'decode_admission_zero': True, 'memory_hard_clean': True, 'policy_cap_applied': True, 'request_count_exact': True, 'token_count_exact': True, 'token_timestamps_valid': True}","['memory_clean', 'within_block_drift_clean']",hard_failures_only
3.9961175068496515,4.0,856672,1164544,0.36999432668248633,1,0.0,8.611428707086615,1355.3789417,16,0.0,856640,1164544,0,2048,3.996229878215145,4.0,4,1.0,0.0,0.0,0.0,1.0,2557.0819791554386,0,675.6860361660074,16,1458847744,1402339328,True,4,9.448818897637796e-05,0.0,7824982016,7701446656,Mac mini,31750,,False,0.36999432668248633,250,20.735041005536914,1410452192,84,89,5.5,1.5B,1.2237575755875254,1.0065466806934973,128,10.484155511811023,1359.336479,12.505374699999999,12.311110446171368,10.538301116929134,18.8445394,1364.25217485,14.179698929999999,14.299563498643689,20.67483166,8685,15,0,0,1558.1904792785645,1458487296,14.82025,15.887026899999999,16.974181999999995,24.93166600470431,4.342374493717216,fixed4,fixed,True,3.9959921798631477,4.0,4,1.0,1343.7613749993034,1347.2078704900923,3489.974631418889,"{'compressions_delta': 0, 'decompressions_delta': 0, 'experiment_rss_after_bytes': 52641792, 'experiment_rss_before_bytes': 52592640, 'headroom_after_bytes': 8989491200, 'headroom_before_bytes': 9037758464, 'idle_seconds': 30.0, 'memory_free_percent_after': 89, 'memory_free_percent_before': 89, 'minimum_headroom_gb': 6.5, 'observed_minimum_headroom_gb': 8.372116088867188, 'pageins_delta': 161, 'pageouts_delta': 0, 'pages_occupied_by_compressor_delta': 0, 'pages_stored_in_compressor_delta': 0, 'passed': True, 'swap_used_delta_bytes': 0, 'swapins_delta': 0, 'swapouts_delta': 0}",mean,850283601,850288601,1.0,True,2,1458847744,"{'compressions_delta': 0, 'decompressions_delta': 0, 'experiment_rss_after_bytes': 1371176960, 'experiment_rss_before_bytes': 1371111424, 'headroom_after_bytes': 7690715136, 'headroom_before_bytes': 7328661504, 'idle_seconds': 30.0, 'memory_free_percent_after': 89, 'memory_free_percent_before': 85, 'minimum_headroom_gb': 6.5, 'observed_minimum_headroom_gb': 6.825347900390625, 'pageins_delta': 5, 'pageouts_delta': 0, 'pages_occupied_by_compressor_delta': 0, 'pages_stored_in_compressor_delta': 0, 'passed': True, 'swap_used_delta_bytes': 0, 'swapins_delta': 0, 'swapouts_delta': 0}",1315752384,single_index_process_thread_pool,5413.092291986686,5619.244024956424,0.9963448739610692,3032.2732447531353,3024.821657488103,0.9975425739491235,-0.011028392448589677,bef03c5029a84c4887136244ac0a6b42,static_evaluation_fixed4_r02_a01,81391,2.0068370504304767,"{'attempts': [{'attempt': 0, 'deviation': 0.0002918181007107723, 'median_ms': 1341.1939785000868, 'passed': True, 'ratio': 1.0002918181007108}], 'passed': True, 'reference_ms': 1340.8027080004103}",0.0002918181007107723,0.0002918181007107723,"{'attempts': [{'attempt': 0, 'deviation': -4.627190382111568e-05, 'median_ms': 1340.7406665064627, 'passed': True, 'ratio': 0.9999537280961789}], 'passed': True, 'reference_ms': 1340.8027080004103}",-4.627190382111568e-05,-4.627190382111568e-05,False,evaluation,valid,0,0,0,22.327625018078834,32000,True,128,2046768,32000,3029.1701921410368,1.0020334590699098,False,1.000065864926324,6.840475781927406e-06,1.0001560460365264,request_arrival,True,0.9999804436910048,-0.0005347869110637689,"{'active_worker_log_present': True, 'completion_count_sufficient': True, 'decode_admission_zero': True, 'memory_clean': False, 'policy_cap_applied': True, 'queue_saturated': True, 'request_count_exact': True, 'sentinel_clean': True, 'steady_duration_sufficient': True, 'token_count_exact': True, 'token_timestamps_valid': True, 'within_block_drift_clean': True, 'within_block_qps_drift_clean': True}",675.7083637910255,1,False,[],"{'active_worker_log_present': True, 'decode_admission_zero': True, 'memory_hard_clean': True, 'policy_cap_applied': True, 'request_count_exact': True, 'token_count_exact': True, 'token_timestamps_valid': True}",['memory_clean'],hard_failures_only
3.9961755555282283,4.0,851600,1159328,0.37022818880500263,2,0.0,8.611428707086615,1355.3789417,16,0.0,851616,1159328,0,2048,3.9964977645305515,4.0,4,1.0,0.0,0.0,0.0,1.0,2545.6730667895376,142,675.2592254169867,16,1459257344,1402470400,True,4,3.1496062992125985e-05,0.0,7805517824,7652753408,Mac mini,31750,,False,0.37022818880500263,250,17.487082979641855,1410894536,84,89,5.5,1.5B,1.2232349229158763,1.006605415891124,128,10.473025917322834,1359.468667,12.00990175,12.30206453910796,10.53380033070866,18.889062349999993,1364.3317832999999,14.19135491,14.21327972813742,23.280416749999997,9045,3,-4,-144,1558.1904792785645,1458913280,14.6698335,16.14103925,16.80762425,24.2782499990426,4.44962500478141,fixed4,fixed,True,3.9958428092827623,4.0,4,1.0,1343.848896009149,1347.0328227063874,3474.1677774260975,"{'compressions_delta': 0, 'decompressions_delta': 0, 'experiment_rss_after_bytes': 52822016, 'experiment_rss_before_bytes': 52772864, 'headroom_after_bytes': 8922578944, 'headroom_before_bytes': 8939552768, 'idle_seconds': 30.0, 'memory_free_percent_after': 89, 'memory_free_percent_before': 89, 'minimum_headroom_gb': 6.5, 'observed_minimum_headroom_gb': 8.309799194335938, 'pageins_delta': 15, 'pageouts_delta': 0, 'pages_occupied_by_compressor_delta': 0, 'pages_stored_in_compressor_delta': 0, 'passed': True, 'swap_used_delta_bytes': 0, 'swapins_delta': 0, 'swapouts_delta': 0}",mean,850283601,850288601,1.0,True,2,1459257344,"{'compressions_delta': 0, 'decompressions_delta': 0, 'experiment_rss_after_bytes': 1371389952, 'experiment_rss_before_bytes': 1371389952, 'headroom_after_bytes': 7643168768, 'headroom_before_bytes': 7484047360, 'idle_seconds': 30.0, 'memory_free_percent_after': 89, 'memory_free_percent_before': 85, 'minimum_headroom_gb': 6.5, 'observed_minimum_headroom_gb': 6.970062255859375, 'pageins_delta': 5, 'pageouts_delta': 0, 'pages_occupied_by_compressor_delta': 0, 'pages_stored_in_compressor_delta': 0, 'passed': True, 'swap_used_delta_bytes': 0, 'swapins_delta': 0, 'swapouts_delta': 0}",1315948968,single_index_process_thread_pool,5433.049957995536,5676.809125015279,0.9950824450245009,3020.8218205652297,3008.8262109411053,0.9960290244388265,-0.0177647857988142,bb55aae911c24b4abf23091ba91532c6,static_evaluation_fixed4_r02_a02,81319,1.8612672574818134,"{'attempts': [{'attempt': 0, 'deviation': 0.000247675517213386, 'median_ms': 1341.1347920045955, 'passed': True, 'ratio': 1.0002476755172134}], 'passed': True, 'reference_ms': 1340.8027080004103}",0.000247675517213386,0.000247675517213386,"{'attempts': [{'attempt': 0, 'deviation': 2.1473690902995557e-05, 'median_ms': 1340.8314999833237, 'passed': True, 'ratio': 1.000021473690903}], 'passed': True, 'reference_ms': 1340.8027080004103}",2.1473690902995557e-05,2.1473690902995557e-05,False,evaluation,valid,0,0,0,21.770291990833357,32000,True,128,2037008,32000,3016.631129685203,1.004089843554445,False,1.0019816342032906,6.232815575356794e-05,1.00269084458183,request_arrival,True,1.0004209762732803,0.002162502745967141,"{'active_worker_log_present': True, 'completion_count_sufficient': True, 'decode_admission_zero': True, 'memory_clean': False, 'policy_cap_applied': True, 'queue_saturated': True, 'request_count_exact': True, 'sentinel_clean': True, 'steady_duration_sufficient': True, 'token_count_exact': True, 'token_timestamps_valid': True, 'within_block_drift_clean': True, 'within_block_qps_drift_clean': True}",675.2809957089776,1,False,[],"{'active_worker_log_present': True, 'decode_admission_zero': True, 'memory_hard_clean': True, 'policy_cap_applied': True, 'request_count_exact': True, 'token_count_exact': True, 'token_timestamps_valid': True}",['memory_clean'],hard_failures_only
1.9987401902428312,2.0,451184,652176,0.385343616986885,1,0.0,8.611428707086615,1355.3789417,16,1.0,451184,652176,0,2048,1.9989658483736734,2.0,2,1.0,0.0,0.0,0.0,1.0,1460.2935178346922,261,648.7716131249908,16,1454981120,1402060800,True,2,0.0,0.0,7719845888,7627849728,Mac mini,31750,,False,0.385343616986885,250,13.072249974356964,1406651080,84,89,5.5,1.5B,1.1271349529907053,1.003921733646926,128,9.668353838582679,1357.0795205,10.586487499999999,10.618231548869517,9.706242290944882,16.8084772,1360.6943769,12.59638608,12.548773908638395,18.909147329999993,9832,8,-70,-264,1558.1904792785645,1455013888,12.672875000000001,12.8954231,12.995308,21.992875001160428,3.594520516344346,fixed2,fixed,True,1.998533178623815,2.0,2,1.0,1341.733771012514,1344.7063164509018,1960.61166986686,"{'compressions_delta': 0, 'decompressions_delta': 0, 'experiment_rss_after_bytes': 52985856, 'experiment_rss_before_bytes': 52936704, 'headroom_after_bytes': 8922857472, 'headroom_before_bytes': 8977252352, 'idle_seconds': 30.0, 'memory_free_percent_after': 89, 'memory_free_percent_before': 89, 'minimum_headroom_gb': 6.5, 'observed_minimum_headroom_gb': 8.31005859375, 'pageins_delta': 36, 'pageouts_delta': 0, 'pages_occupied_by_compressor_delta': 0, 'pages_stored_in_compressor_delta': 0, 'passed': True, 'swap_used_delta_bytes': 0, 'swapins_delta': 0, 'swapouts_delta': 0}",mean,850283601,850288601,1.0,True,2,1454981120,"{'compressions_delta': 0, 'decompressions_delta': 0, 'experiment_rss_after_bytes': 1370980352, 'experiment_rss_before_bytes': 1370980352, 'headroom_after_bytes': 7622098944, 'headroom_before_bytes': 7137542144, 'idle_seconds': 30.0, 'memory_free_percent_after': 89, 'memory_free_percent_before': 82, 'minimum_headroom_gb': 6.5, 'observed_minimum_headroom_gb': 6.6473541259765625, 'pageins_delta': 7, 'pageouts_delta': 0, 'pages_occupied_by_compressor_delta': 0, 'pages_stored_in_compressor_delta': 0, 'passed': True, 'swap_used_delta_bytes': 0, 'swapins_delta': 0, 'swapouts_delta': 0}",1315817896,single_index_process_thread_pool,4741.305458010174,5100.199033803074,0.9956013590496299,1725.5523573649145,1719.9018690384296,0.9967254031427283,-0.008709559212025755,e63e680b0bb04838835ca1b313ea8d2e,static_evaluation_fixed2_r02_a01,86521,1.6775201656855643,"{'attempts': [{'attempt': 0, 'deviation': 0.00011972045293329181, 'median_ms': 1340.9632295079064, 'passed': True, 'ratio': 1.0001197204529333}], 'passed': True, 'reference_ms': 1340.8027080004103}",0.00011972045293329181,0.00011972045293329181,"{'attempts': [{'attempt': 0, 'deviation': 0.0002763270169723331, 'median_ms': 1341.1732080130605, 'passed': True, 'ratio': 1.0002763270169723}], 'passed': True, 'reference_ms': 1340.8027080004103}",0.0002763270169723331,0.0002763270169723331,False,evaluation,valid,0,0,0,21.757332986453548,32000,True,128,1118144,32000,1723.4786130887342,1.001630274953133,False,1.0001593443842332,3.797552672434988e-06,1.0009081287895985,request_arrival,True,1.0002435203878837,0.0004053490337804987,"{'active_worker_log_present': True, 'completion_count_sufficient': True, 'decode_admission_zero': True, 'memory_clean': False, 'policy_cap_applied': True, 'queue_saturated': True, 'request_count_exact': True, 'sentinel_clean': True, 'steady_duration_sufficient': True, 'token_count_exact': True, 'token_timestamps_valid': True, 'within_block_drift_clean': True, 'within_block_qps_drift_clean': True}",648.7933704579773,1,False,[],"{'active_worker_log_present': True, 'decode_admission_zero': True, 'memory_hard_clean': True, 'policy_cap_applied': True, 'request_count_exact': True, 'token_count_exact': True, 'token_timestamps_valid': True}",['memory_clean'],hard_failures_only
1.9987825747395744,2.0,453328,653136,0.3849431663367679,2,0.0,8.611428707086615,1355.3789417,16,1.0,453280,653120,0,2048,1.998969704403287,2.0,2,1.0,0.0,0.0,0.0,1.0,1464.3229179614134,3,649.4465205839952,16,1461551104,1402208256,True,2,0.0,0.0,7768440832,7681146880,Mac mini,31750,,False,0.3849431663367679,250,13.093957997625694,1413303008,84,89,5.5,1.5B,1.1303798377879855,1.0032157277318572,128,9.690734090551182,1356.775646,10.622493749999999,10.65227255312493,9.73418538503937,16.59036655,1359.73747135,12.56132642,12.544440930359997,18.48890625,9225,1,-1,-3,1558.1904792785645,1461190656,12.653832999999999,12.89784985,13.00848099,21.68599999276921,4.1534375050105155,fixed2,fixed,True,1.998632396995615,2.0,2,1.0,1341.8216045101872,1344.45715349284,1961.9328289589457,"{'compressions_delta': 0, 'decompressions_delta': 0, 'experiment_rss_after_bytes': 52936704, 'experiment_rss_before_bytes': 52887552, 'headroom_after_bytes': 8826896384, 'headroom_before_bytes': 8860205056, 'idle_seconds': 30.0, 'memory_free_percent_after': 89, 'memory_free_percent_before': 89, 'minimum_headroom_gb': 6.5, 'observed_minimum_headroom_gb': 8.220687866210938, 'pageins_delta': 40, 'pageouts_delta': 0, 'pages_occupied_by_compressor_delta': 0, 'pages_stored_in_compressor_delta': 0, 'passed': True, 'swap_used_delta_bytes': 0, 'swapins_delta': 0, 'swapouts_delta': 0}",mean,850283601,850288601,1.0,True,2,1461551104,"{'compressions_delta': 0, 'decompressions_delta': 0, 'experiment_rss_after_bytes': 1371127808, 'experiment_rss_before_bytes': 1371127808, 'headroom_after_bytes': 7675101184, 'headroom_before_bytes': 7107510272, 'idle_seconds': 30.0, 'memory_free_percent_after': 89, 'memory_free_percent_before': 82, 'minimum_headroom_gb': 6.5, 'observed_minimum_headroom_gb': 6.619384765625, 'pageins_delta': 1165, 'pageouts_delta': 0, 'pages_occupied_by_compressor_delta': 0, 'pages_stored_in_compressor_delta': 0, 'passed': True, 'swap_used_delta_bytes': 0, 'swapins_delta': 0, 'swapouts_delta': 0}",1315703232,single_index_process_thread_pool,4733.793791994685,5111.166274984134,0.9944335313330324,1728.4085105818865,1721.5812381676901,0.9960499659817702,-0.01051262698504893,f0dba132d20a4e6aa3149bca6dbba0a6,static_evaluation_fixed2_r02_a02,87069,1.8130842363461852,"{'attempts': [{'attempt': 0, 'deviation': 0.0003906092886429846, 'median_ms': 1341.326437992393, 'passed': True, 'ratio': 1.000390609288643}], 'passed': True, 'reference_ms': 1340.8027080004103}",0.0003906092886429846,0.0003906092886429846,"{'attempts': [{'attempt': 0, 'deviation': 0.00018090878860488324, 'median_ms': 1341.0452709940728, 'passed': True, 'ratio': 1.0001809087886049}], 'passed': True, 'reference_ms': 1340.8027080004103}",0.00018090878860488324,0.00018090878860488324,False,evaluation,valid,0,0,0,21.66383297299035,32000,True,128,1120512,32000,1725.333748793378,1.0009018277316597,False,1.0013006162777625,2.9932576829399002e-05,1.0006343503131356,request_arrival,True,1.0004084136415297,0.0005352987751395845,"{'active_worker_log_present': True, 'completion_count_sufficient': True, 'decode_admission_zero': True, 'memory_clean': False, 'policy_cap_applied': True, 'queue_saturated': True, 'request_count_exact': True, 'sentinel_clean': True, 'steady_duration_sufficient': True, 'token_count_exact': True, 'token_timestamps_valid': True, 'within_block_drift_clean': True, 'within_block_qps_drift_clean': True}",649.4681844169681,1,False,[],"{'active_worker_log_present': True, 'decode_admission_zero': True, 'memory_hard_clean': True, 'policy_cap_applied': True, 'request_count_exact': True, 'token_count_exact': True, 'token_timestamps_valid': True}",['memory_clean'],hard_failures_only
3.5034676778178704,4.0,654240,1165504,0.379321945792166,1,0.0,8.611428707086615,1355.3789417,16,0.4979022689743747,657424,1165552,0,2048,3.0067557608215005,3.0,3,1.0,0.008991303493342505,1.0,1.0,1.0,2065.2458286912324,10,659.0707518330019,16,1459027968,1402257408,True,,0.0,0.0,7768915968,7689666560,Mac mini,31750,,False,0.379321945792166,250,14.150875009363517,1410730696,84,89,5.5,1.5B,1.1637786453699395,1.0061204610716432,128,9.965129755905512,1359.476083,10.78529795,10.908235744864214,10.02179683543307,18.2737106,1363.6744857499998,12.84547033,12.878735746489836,20.31383999999999,9187,18,-6,-12,1558.1904792785645,1458651136,13.007312500000001,13.352928799999999,13.547829909999999,41.253707982832566,17.670645989710465,phasegate4to3,phasegate,True,3.9960373758622376,4.0,4,1.0,1343.880396001623,1347.3687392601278,3493.0236326770037,"{'compressions_delta': 0, 'decompressions_delta': 0, 'experiment_rss_after_bytes': 52953088, 'experiment_rss_before_bytes': 52903936, 'headroom_after_bytes': 8919810048, 'headroom_before_bytes': 8957493248, 'idle_seconds': 30.0, 'memory_free_percent_after': 89, 'memory_free_percent_before': 89, 'minimum_headroom_gb': 6.5, 'observed_minimum_headroom_gb': 8.307220458984375, 'pageins_delta': 163, 'pageouts_delta': 0, 'pages_occupied_by_compressor_delta': 0, 'pages_stored_in_compressor_delta': 0, 'passed': True, 'swap_used_delta_bytes': 0, 'swapins_delta': 0, 'swapouts_delta': 0}",mean,850283601,850288601,1.0,True,2,1459027968,"{'compressions_delta': 0, 'decompressions_delta': 0, 'experiment_rss_after_bytes': 1370980352, 'experiment_rss_before_bytes': 1370980352, 'headroom_after_bytes': 7660797952, 'headroom_before_bytes': 7128596480, 'idle_seconds': 30.0, 'memory_free_percent_after': 89, 'memory_free_percent_before': 82, 'minimum_headroom_gb': 6.5, 'observed_minimum_headroom_gb': 6.6390228271484375, 'pageins_delta': 7, 'pageouts_delta': 0, 'pages_occupied_by_compressor_delta': 0, 'pages_stored_in_compressor_delta': 0, 'passed': True, 'swap_used_delta_bytes': 0, 'swapins_delta': 0, 'swapouts_delta': 0}",1315555776,single_index_process_thread_pool,5253.248749999329,9816.255893750349,0.9926099767009142,2803.0338431112395,2791.957235083576,0.9960483502349122,-0.016806744770423522,a20ac3996b9e43cbbd03a6ab028e9f60,static_evaluation_phasegate4to3_r02_a01,81755,14.493457128992304,"{'attempts': [{'attempt': 0, 'deviation': 0.00013648577090541458, 'median_ms': 1340.985708491644, 'passed': True, 'ratio': 1.0001364857709054}], 'passed': True, 'reference_ms': 1340.8027080004103}",0.00013648577090541458,0.00013648577090541458,"{'attempts': [{'attempt': 0, 'deviation': 0.00025274076298886783, 'median_ms': 1341.141583499848, 'passed': True, 'ratio': 1.0002527407629889}], 'passed': True, 'reference_ms': 1340.8027080004103}",0.00025274076298886783,0.00025274076298886783,False,evaluation,valid,0,0,0,22.081416012952104,32000,True,128,1844864,32000,2799.1896088076737,1.0012281747602327,False,1.0016013327386897,3.832216340542113e-05,1.0000439965164427,request_arrival,True,1.000221917272559,5.162872074249465e-05,"{'active_worker_log_present': True, 'completion_count_sufficient': True, 'decode_admission_zero': True, 'memory_clean': False, 'policy_cap_applied': True, 'queue_saturated': True, 'request_count_exact': True, 'sentinel_clean': True, 'steady_duration_sufficient': True, 'token_count_exact': True, 'token_timestamps_valid': True, 'within_block_drift_clean': True, 'within_block_qps_drift_clean': True}",659.0928332490148,501,False,[],"{'active_worker_log_present': True, 'decode_admission_zero': True, 'memory_hard_clean': True, 'policy_cap_applied': True, 'request_count_exact': True, 'token_count_exact': True, 'token_timestamps_valid': True}",['memory_clean'],hard_failures_only
3.507042575570494,4.0,654800,1164256,0.3789671571926353,2,0.0,8.611428707086615,1355.3789417,16,0.49442081675584215,657968,1164240,0,2048,3.0076538870647,3.0,3,1.0,0.009526892660592888,1.0,1.0,1.0,2060.9480862714395,2,659.6877730829874,16,1462108160,1402290176,True,,0.0,0.0,7700250624,7750107136,Mac mini,31750,,False,0.3789671571926353,250,13.643458019942045,1413827296,84,89,5.5,1.5B,1.164932556522205,1.0070376981348375,128,9.97496637007874,1360.646812,10.882837199999999,10.913606095709836,10.031733659055117,19.32902325,1364.91768955,12.82076384,12.748876161058433,22.887554589999986,9365,38,0,-2,1558.1904792785645,1461747712,12.8803545,13.21552745,13.43118683,46.30387498764321,17.86889550567139,phasegate4to3,phasegate,True,3.995482919078425,4.0,4,1.0,1343.9411669969559,1347.28588109283,3488.2820819677595,"{'compressions_delta': 0, 'decompressions_delta': 0, 'experiment_rss_after_bytes': 52953088, 'experiment_rss_before_bytes': 52887552, 'headroom_after_bytes': 8916992000, 'headroom_before_bytes': 8910110720, 'idle_seconds': 30.0, 'memory_free_percent_after': 89, 'memory_free_percent_before': 89, 'minimum_headroom_gb': 6.5, 'observed_minimum_headroom_gb': 8.298187255859375, 'pageins_delta': 12, 'pageouts_delta': 0, 'pages_occupied_by_compressor_delta': 0, 'pages_stored_in_compressor_delta': 0, 'passed': True, 'swap_used_delta_bytes': 0, 'swapins_delta': 0, 'swapouts_delta': 0}",mean,850283601,850288601,1.0,True,2,1462108160,"{'compressions_delta': 0, 'decompressions_delta': 4, 'experiment_rss_after_bytes': 1370996736, 'experiment_rss_before_bytes': 1370980352, 'headroom_after_bytes': 7734427648, 'headroom_before_bytes': 7148814336, 'idle_seconds': 30.0, 'memory_free_percent_after': 89, 'memory_free_percent_before': 82, 'minimum_headroom_gb': 6.5, 'observed_minimum_headroom_gb': 6.6578521728515625, 'pageins_delta': 364, 'pageouts_delta': 0, 'pages_occupied_by_compressor_delta': 0, 'pages_stored_in_compressor_delta': -4, 'passed': True, 'swap_used_delta_bytes': 0, 'swapins_delta': 0, 'swapouts_delta': 0}",1315555752,single_index_process_thread_pool,5261.1656459921505,9758.061933133285,0.9973008018529497,2798.191964876224,2790.8689428446096,0.9973829450861358,-0.011100987948305309,53d8987f0c1540e4aa8062174a0c9e8e,static_evaluation_phasegate4to3_r02_a02,87468,13.705090852454305,"{'attempts': [{'attempt': 0, 'deviation': 0.00012730246516357013, 'median_ms': 1340.9733954904368, 'passed': True, 'ratio': 1.0001273024651636}], 'passed': True, 'reference_ms': 1340.8027080004103}",0.00012730246516357013,0.00012730246516357013,"{'attempts': [{'attempt': 0, 'deviation': 0.00015592377149586945, 'median_ms': 1341.0117710154736, 'passed': True, 'ratio': 1.0001559237714959}], 'passed': True, 'reference_ms': 1340.8027080004103}",0.00015592377149586945,0.00015592377149586945,False,evaluation,valid,0,0,0,22.15974999126047,32000,True,128,1844096,32000,2795.40727484124,1.0010699046848732,False,1.0027557071041187,4.784190686752323e-05,0.9997206048872372,request_arrival,True,1.000409243682083,0.0007474652387667771,"{'active_worker_log_present': True, 'completion_count_sufficient': True, 'decode_admission_zero': True, 'memory_clean': False, 'policy_cap_applied': True, 'queue_saturated': True, 'request_count_exact': True, 'sentinel_clean': True, 'steady_duration_sufficient': True, 'token_count_exact': True, 'token_timestamps_valid': True, 'within_block_drift_clean': True, 'within_block_qps_drift_clean': True}",659.7099328329787,501,False,[],"{'active_worker_log_present': True, 'decode_admission_zero': True, 'memory_hard_clean': True, 'policy_cap_applied': True, 'request_count_exact': True, 'token_count_exact': True, 'token_timestamps_valid': True}",['memory_clean'],hard_failures_only
3.504179875399322,4.0,652816,1163840,0.3796677365245121,1,0.0,8.611428707086615,1355.3789417,16,0.49733785388183743,655856,1163888,0,2048,3.0071862771638815,3.0,3,1.0,0.00905667806954938,1.0,1.0,1.0,2064.638468287564,3,658.4704886659747,16,1459142656,1402535936,True,,0.0,0.0,7743062016,7612022784,Mac mini,31750,,False,0.3796677365245121,250,14.458749996265396,1410878176,84,89,5.5,1.5B,1.1612423769723141,1.0063890415688017,128,9.942587106299213,1359.710521,10.97398365,10.873193743464071,9.999955940944883,18.5808955,1364.0385141,12.85778283,12.833250822441187,21.379786829999986,8963,4,0,-3,1558.1904792785645,1459175424,12.9681455,13.3134606,13.523622329999998,48.70258297887631,17.105041508330032,phasegate4to3,phasegate,True,3.9959190655393186,4.0,4,1.0,1343.908853988978,1347.4483373531257,3487.601910232027,"{'compressions_delta': 0, 'decompressions_delta': 0, 'experiment_rss_after_bytes': 53051392, 'experiment_rss_before_bytes': 53002240, 'headroom_after_bytes': 8931524608, 'headroom_before_bytes': 8936275968, 'idle_seconds': 30.0, 'memory_free_percent_after': 89, 'memory_free_percent_before': 89, 'minimum_headroom_gb': 6.5, 'observed_minimum_headroom_gb': 8.318130493164062, 'pageins_delta': 167, 'pageouts_delta': 0, 'pages_occupied_by_compressor_delta': 0, 'pages_stored_in_compressor_delta': 0, 'passed': True, 'swap_used_delta_bytes': 0, 'swapins_delta': 0, 'swapouts_delta': 0}",mean,850293601,850298601,1.0,True,3,1459142656,"{'compressions_delta': 0, 'decompressions_delta': 0, 'experiment_rss_after_bytes': 1371291648, 'experiment_rss_before_bytes': 1371258880, 'headroom_after_bytes': 7602372608, 'headroom_before_bytes': 7113785344, 'idle_seconds': 30.0, 'memory_free_percent_after': 89, 'memory_free_percent_before': 82, 'minimum_headroom_gb': 6.5, 'observed_minimum_headroom_gb': 6.6252288818359375, 'pageins_delta': 7, 'pageouts_delta': 0, 'pages_occupied_by_compressor_delta': 0, 'pages_stored_in_compressor_delta': 0, 'passed': True, 'swap_used_delta_bytes': 0, 'swapins_delta': 0, 'swapouts_delta': 0}",1315883480,single_index_process_thread_pool,5262.305312498938,9818.776801750937,0.9943294129867803,2800.362985968247,2789.866440788166,0.9962517197832296,-0.01594089261437864,00dd5c1cc695446f86568d13d08a80d3,static_evaluation_phasegate4to3_r03_a01,81701,12.54233144572936,"{'attempts': [{'attempt': 0, 'deviation': 0.00031594917130894906, 'median_ms': 1341.226333504892, 'passed': True, 'ratio': 1.000315949171309}], 'passed': True, 'reference_ms': 1340.8027080004103}",0.00031594917130894906,0.00031594917130894906,"{'attempts': [{'attempt': 0, 'deviation': 4.163914469446084e-06, 'median_ms': 1340.8082909882069, 'passed': True, 'ratio': 1.0000041639144694}], 'passed': True, 'reference_ms': 1340.8027080004103}",4.163914469446084e-06,4.163914469446084e-06,False,evaluation,valid,0,0,0,21.71599998837337,32000,True,128,1841344,32000,2796.395634571965,1.0012909101056593,False,1.00104651879358,1.4373135431033243e-05,0.9993091475582224,request_arrival,True,1.00017435259647,-0.0009381057644777362,"{'active_worker_log_present': True, 'completion_count_sufficient': True, 'decode_admission_zero': True, 'memory_clean': False, 'policy_cap_applied': True, 'queue_saturated': True, 'request_count_exact': True, 'sentinel_clean': True, 'steady_duration_sufficient': True, 'token_count_exact': True, 'token_timestamps_valid': True, 'within_block_drift_clean': True, 'within_block_qps_drift_clean': True}",658.4922046659631,501,False,[],"{'active_worker_log_present': True, 'decode_admission_zero': True, 'memory_hard_clean': True, 'policy_cap_applied': True, 'request_count_exact': True, 'token_count_exact': True, 'token_timestamps_valid': True}",['memory_clean'],hard_failures_only
3.502889961507912,4.0,655952,1165888,0.3791181416450292,2,0.0,8.611428707086615,1355.3789417,16,0.4986008431600171,658944,1165968,0,2048,3.007205352547607,3.0,3,1.0,0.008871896674264147,1.0,1.0,1.0,2067.4850903764404,0,659.4250512919971,16,1459060736,1402552320,True,,0.0,0.0,7757037568,7715389440,Mac mini,31750,,False,0.3791181416450292,250,14.059874985832721,1410747080,84,89,5.5,1.5B,1.1646472073817653,1.0061064779342217,128,9.973527066929133,1359.4399585,10.86263125,10.92439550848212,10.029276395275591,18.590052449999998,1363.6555333,12.9159325,12.841403924976474,20.720798489999993,8562,10,0,0,1558.1904792785645,1458700288,12.9858335,13.365479099999998,13.48108767,48.48529098671861,17.055062504368834,phasegate4to3,phasegate,True,3.995865241112715,4.0,4,1.0,1343.9052295143483,1347.1770919888513,3492.8160763931032,"{'compressions_delta': 0, 'decompressions_delta': 0, 'experiment_rss_after_bytes': 53116928, 'experiment_rss_before_bytes': 53067776, 'headroom_after_bytes': 8913125376, 'headroom_before_bytes': 8902197248, 'idle_seconds': 30.0, 'memory_free_percent_after': 89, 'memory_free_percent_before': 89, 'minimum_headroom_gb': 6.5, 'observed_minimum_headroom_gb': 8.290817260742188, 'pageins_delta': 6, 'pageouts_delta': 0, 'pages_occupied_by_compressor_delta': 0, 'pages_stored_in_compressor_delta': 0, 'passed': True, 'swap_used_delta_bytes': 0, 'swapins_delta': 0, 'swapouts_delta': 0}",mean,850293601,850298601,1.0,True,3,1459060736,"{'compressions_delta': 0, 'decompressions_delta': 0, 'experiment_rss_after_bytes': 1371357184, 'experiment_rss_before_bytes': 1371357184, 'headroom_after_bytes': 7703199744, 'headroom_before_bytes': 7150534656, 'idle_seconds': 30.0, 'memory_free_percent_after': 89, 'memory_free_percent_before': 82, 'minimum_headroom_gb': 6.5, 'observed_minimum_headroom_gb': 6.659454345703125, 'pageins_delta': 36, 'pageouts_delta': 0, 'pages_occupied_by_compressor_delta': 0, 'pages_stored_in_compressor_delta': 0, 'passed': True, 'swap_used_delta_bytes': 0, 'swapins_delta': 0, 'swapouts_delta': 0}",1315932608,single_index_process_thread_pool,5256.469041501987,9746.318908406829,0.9962394948132155,2802.5759327485016,2795.4056550767673,0.9974415402673131,-0.010873736257148726,5ba4c9b350f14cd6bff3a1077eb2b0bf,static_evaluation_phasegate4to3_r03_a02,81835,14.700535510201007,"{'attempts': [{'attempt': 0, 'deviation': 0.00010694824276336057, 'median_ms': 1340.9461044939235, 'passed': True, 'ratio': 1.0001069482427634}], 'passed': True, 'reference_ms': 1340.8027080004103}",0.00010694824276336057,0.00010694824276336057,"{'attempts': [{'attempt': 0, 'deviation': 0.00013208840546319323, 'median_ms': 1340.9798124921508, 'passed': True, 'ratio': 1.0001320884054632}], 'passed': True, 'reference_ms': 1340.8027080004103}",0.00013208840546319323,0.00013208840546319323,False,evaluation,valid,0,0,0,21.652333991369233,32000,True,128,1846752,32000,2800.548745276964,0.9986247023026504,False,1.0002825608538966,1.5145192816072086e-05,0.9992267187979265,request_arrival,True,1.0000155089863085,-0.0004577146262497044,"{'active_worker_log_present': True, 'completion_count_sufficient': True, 'decode_admission_zero': True, 'memory_clean': False, 'policy_cap_applied': True, 'queue_saturated': True, 'request_count_exact': True, 'sentinel_clean': True, 'steady_duration_sufficient': True, 'token_count_exact': True, 'token_timestamps_valid': True, 'within_block_drift_clean': True, 'within_block_qps_drift_clean': True}",659.4467036259884,501,False,[],"{'active_worker_log_present': True, 'decode_admission_zero': True, 'memory_hard_clean': True, 'policy_cap_applied': True, 'request_count_exact': True, 'token_count_exact': True, 'token_timestamps_valid': True}",['memory_clean'],hard_failures_only
0.9994694397283531,1.0,211536,344144,0.39720152615364535,1,0.0,8.611428707086615,1355.3789417,16,1.0,211504,344144,0,2048,0.9997671048545699,1.0,1,1.0,0.0,0.0,0.0,0.9997671048545699,729.2971463810331,0,629.4034225419746,16,1453965312,1402306560,True,1,0.0,0.0,7773650944,7541719040,Mac mini,31750,,True,0.39720152615364535,250,12.755874951835722,1405668040,84,89,5.5,1.5B,1.0617759888760343,1.0015699775793558,128,9.082952267716534,1354.747625,10.17790415,9.913323397631757,9.143408231102361,16.712966999999995,1357.50685625,11.57792476,11.61353560630232,17.90017291,8817,5,0,0,1558.1904792785645,1453621248,11.839937500000001,12.3838965,12.617032759999999,19.08808294683695,4.572020989144221,fixed1,fixed,True,0.9992164032911062,1.0,1,1.0,1340.0837290100753,1342.6061082893284,1034.5538918846096,"{'compressions_delta': 0, 'decompressions_delta': 0, 'experiment_rss_after_bytes': 53002240, 'experiment_rss_before_bytes': 52936704, 'headroom_after_bytes': 8785903616, 'headroom_before_bytes': 8958951424, 'idle_seconds': 30.0, 'memory_free_percent_after': 89, 'memory_free_percent_before': 89, 'minimum_headroom_gb': 6.5, 'observed_minimum_headroom_gb': 8.182510375976562, 'pageins_delta': 265, 'pageouts_delta': 0, 'pages_occupied_by_compressor_delta': 0, 'pages_stored_in_compressor_delta': 0, 'passed': True, 'swap_used_delta_bytes': 0, 'swapins_delta': 0, 'swapouts_delta': 0}",mean,850293601,850298601,1.0,True,3,1453965312,"{'compressions_delta': 0, 'decompressions_delta': 0, 'experiment_rss_after_bytes': 1371226112, 'experiment_rss_before_bytes': 1371242496, 'headroom_after_bytes': 7536230400, 'headroom_before_bytes': 7373979648, 'idle_seconds': 30.0, 'memory_free_percent_after': 89, 'memory_free_percent_before': 84, 'minimum_headroom_gb': 6.5, 'observed_minimum_headroom_gb': 6.8675537109375, 'pageins_delta': 12, 'pageouts_delta': 0, 'pages_occupied_by_compressor_delta': 0, 'pages_stored_in_compressor_delta': 0, 'passed': True, 'swap_used_delta_bytes': 0, 'swapins_delta': 0, 'swapouts_delta': 0}",1316080064,single_index_process_thread_pool,4590.025375015102,4693.538883375004,0.9728379035465761,905.7175078633384,884.2460061729488,0.9762933790017567,-0.034114715912873454,958c4065dd26435387d8ce094b6ae1e8,static_evaluation_fixed1_r03_a01,84816,1.7504964780528098,"{'attempts': [{'attempt': 0, 'deviation': 0.00023453040411580695, 'median_ms': 1341.1171670013573, 'passed': True, 'ratio': 1.0002345304041158}], 'passed': True, 'reference_ms': 1340.8027080004103}",0.00023453040411580695,0.00023453040411580695,"{'attempts': [{'attempt': 0, 'deviation': 0.00018965653626024093, 'median_ms': 1341.056999997818, 'passed': True, 'ratio': 1.0001896565362602}], 'passed': True, 'reference_ms': 1340.8027080004103}",0.00018965653626024093,0.00018965653626024093,False,evaluation,valid,0,0,0,23.15754198934883,32000,True,128,562656,32000,893.9512875980218,1.006490317518354,True,1.0037785108396502,8.486693413695782e-05,0.9999240420500307,request_arrival,True,0.9995015300652866,-7.33468143911338e-05,"{'active_worker_log_present': True, 'completion_count_sufficient': True, 'decode_admission_zero': True, 'memory_clean': False, 'policy_cap_applied': True, 'queue_saturated': True, 'request_count_exact': True, 'sentinel_clean': True, 'steady_duration_sufficient': True, 'token_count_exact': True, 'token_timestamps_valid': True, 'within_block_drift_clean': True, 'within_block_qps_drift_clean': True}",629.4265800839639,1,False,[],"{'active_worker_log_present': True, 'decode_admission_zero': True, 'memory_hard_clean': True, 'policy_cap_applied': True, 'request_count_exact': True, 'token_count_exact': True, 'token_timestamps_valid': True}",['memory_clean'],hard_failures_only
0.9992970946579194,1.0,218752,346160,0.39447857241628187,2,0.0,8.611428707086615,1355.3789417,16,1.0,218768,346144,0,2048,0.9993854190673734,1.0,1,1.0,0.0,0.0,0.0,0.9993854190673734,743.0478793052714,3,633.7479839999578,16,1454489600,1402241024,True,1,0.0,0.0,7756562432,7644184576,Mac mini,31750,,True,0.39447857241628187,250,13.253665994852781,1406143104,84,89,5.5,1.5B,1.093666112355447,1.0028806887357293,128,9.145914370078739,1355.442063,10.021067,10.03223520820029,9.418027755905511,17.36333735,1359.28336655,12.000417919999999,12.051831239368763,19.356124009999995,9184,15,0,-3,1558.1904792785645,1454129152,12.226353499999998,13.02290275,13.13030192,20.88525000726804,3.8537500076927245,fixed1,fixed,True,0.9992189364518018,1.0,1,1.0,1340.6303539813962,1343.5551086993655,1040.2363852061997,"{'compressions_delta': 0, 'decompressions_delta': 1, 'experiment_rss_after_bytes': 53067776, 'experiment_rss_before_bytes': 53018624, 'headroom_after_bytes': 8928067584, 'headroom_before_bytes': 8931508224, 'idle_seconds': 30.0, 'memory_free_percent_after': 89, 'memory_free_percent_before': 89, 'minimum_headroom_gb': 6.5, 'observed_minimum_headroom_gb': 8.314910888671875, 'pageins_delta': 11, 'pageouts_delta': 0, 'pages_occupied_by_compressor_delta': -1, 'pages_stored_in_compressor_delta': -1, 'passed': True, 'swap_used_delta_bytes': 0, 'swapins_delta': 0, 'swapouts_delta': 0}",mean,850293601,850298601,1.0,True,3,1454489600,"{'compressions_delta': 0, 'decompressions_delta': 2, 'experiment_rss_after_bytes': 1371226112, 'experiment_rss_before_bytes': 1371226112, 'headroom_after_bytes': 7636353024, 'headroom_before_bytes': 7135199232, 'idle_seconds': 30.0, 'memory_free_percent_after': 89, 'memory_free_percent_before': 82, 'minimum_headroom_gb': 6.5, 'observed_minimum_headroom_gb': 6.645172119140625, 'pageins_delta': 63, 'pageouts_delta': 0, 'pages_occupied_by_compressor_delta': -1, 'pages_stored_in_compressor_delta': -2, 'passed': True, 'swap_used_delta_bytes': 0, 'swapins_delta': 0, 'swapouts_delta': 0}",1316063656,single_index_process_thread_pool,4528.559457976371,4702.550662506837,1.0247707110394766,896.4502892346105,922.3528097209189,1.02889454194769,0.040872737409814924,fb7fc34e5b7640cba4832a89d1825092,static_evaluation_fixed1_r03_a02,85360,1.816547301132232,"{'attempts': [{'attempt': 0, 'deviation': 0.0001975342747622122, 'median_ms': 1341.0675624909345, 'passed': True, 'ratio': 1.0001975342747622}], 'passed': True, 'reference_ms': 1340.8027080004103}",0.0001975342747622122,0.0001975342747622122,"{'attempts': [{'attempt': 0, 'deviation': -8.510126907301796e-05, 'median_ms': 1340.688603988383, 'passed': True, 'ratio': 0.999914898730927}], 'passed': True, 'reference_ms': 1340.8027080004103}",-8.510126907301796e-05,-8.510126907301796e-05,False,evaluation,valid,0,0,0,21.7695829924196,32000,True,128,571936,32000,902.4659871739144,1.0290495082206434,True,1.0308198319092086,0.0006357472054524596,1.001598029455409,request_arrival,True,1.000567683157934,0.001365917288643447,"{'active_worker_log_present': True, 'completion_count_sufficient': True, 'decode_admission_zero': True, 'memory_clean': False, 'policy_cap_applied': True, 'queue_saturated': True, 'request_count_exact': True, 'sentinel_clean': True, 'steady_duration_sufficient': True, 'token_count_exact': True, 'token_timestamps_valid': True, 'within_block_drift_clean': True, 'within_block_qps_drift_clean': True}",633.7697535829502,1,False,[],"{'active_worker_log_present': True, 'decode_admission_zero': True, 'memory_hard_clean': True, 'policy_cap_applied': True, 'request_count_exact': True, 'token_count_exact': True, 'token_timestamps_valid': True}",['memory_clean'],hard_failures_only
2.539767505402519,4.0,230192,1181024,0.39746226151640934,1,0.0,8.611428707086615,1355.3789417,16,0.49002707469137335,238848,1181056,0,2048,1.0239507299270072,1.0,1,1.0,0.01267234387672344,3.0,1.926,0.9995437956204379,828.3420845811066,3,628.9905337080127,16,1458241536,1402552320,True,,0.0,0.0,7726039040,7634026496,Mac mini,31750,,True,0.39746226151640934,250,12.648958014324307,1409977056,84,89,5.5,1.5B,1.0535477847397363,1.006100713752885,128,9.032867783464567,1359.411021,9.799039599999999,9.713129623560235,9.072551637795275,17.224605949999997,1363.6477206499999,11.301131749999998,10.894961356534623,18.80428916,8628,11,0,-3,1558.1904792785645,1457897472,11.0501045,12.0116939,12.418222740000001,39.916499983519316,21.385208005085588,phasegate4to1,phasegate,True,3.9963600830585073,4.0,4,1.0,1344.1285415028688,1347.8638852830045,3534.1208423628464,"{'compressions_delta': 0, 'decompressions_delta': 0, 'experiment_rss_after_bytes': 53166080, 'experiment_rss_before_bytes': 53116928, 'headroom_after_bytes': 8916631552, 'headroom_before_bytes': 8979333120, 'idle_seconds': 30.0, 'memory_free_percent_after': 89, 'memory_free_percent_before': 89, 'minimum_headroom_gb': 6.5, 'observed_minimum_headroom_gb': 8.30426025390625, 'pageins_delta': 480, 'pageouts_delta': 0, 'pages_occupied_by_compressor_delta': 0, 'pages_stored_in_compressor_delta': 0, 'passed': True, 'swap_used_delta_bytes': 0, 'swapins_delta': 0, 'swapouts_delta': 0}",mean,850293601,850298601,1.0,True,3,1458241536,"{'compressions_delta': 0, 'decompressions_delta': 0, 'experiment_rss_after_bytes': 1371357184, 'experiment_rss_before_bytes': 1371389952, 'headroom_after_bytes': 7621033984, 'headroom_before_bytes': 7469350912, 'idle_seconds': 30.0, 'memory_free_percent_after': 89, 'memory_free_percent_before': 85, 'minimum_headroom_gb': 6.5, 'observed_minimum_headroom_gb': 6.9563751220703125, 'pageins_delta': 7, 'pageouts_delta': 0, 'pages_occupied_by_compressor_delta': 0, 'pages_stored_in_compressor_delta': 0, 'passed': True, 'swap_used_delta_bytes': 0, 'swapins_delta': 0, 'swapouts_delta': 0}",1316211136,single_index_process_thread_pool,8053.908583999146,9360.263358196244,0.988953490506914,2289.3938332253065,2272.2758640254415,0.9925229250854803,-0.02721553144257131,a8151d757d9b42d28dc315db469b9b36,static_evaluation_phasegate4to1_r03_a01,80518,11.516297876369208,"{'attempts': [{'attempt': 0, 'deviation': 0.00023417316226459484, 'median_ms': 1341.1166880105156, 'passed': True, 'ratio': 1.0002341731622646}], 'passed': True, 'reference_ms': 1340.8027080004103}",0.00023417316226459484,0.00023417316226459484,"{'attempts': [{'attempt': 0, 'deviation': 0.00013577052748314777, 'median_ms': 1340.9847494913265, 'passed': True, 'ratio': 1.0001357705274831}], 'passed': True, 'reference_ms': 1340.8027080004103}",0.00013577052748314777,0.00013577052748314777,False,evaluation,valid,0,0,0,22.014165995642543,32000,True,128,1434384,32000,2280.454034091813,1.0003497279169553,True,1.00173292615652,8.570276668148265e-05,1.0003017848427118,request_arrival,True,0.9998398296200351,-0.00046526497094123026,"{'active_worker_log_present': True, 'completion_count_sufficient': True, 'decode_admission_zero': True, 'memory_clean': False, 'policy_cap_applied': True, 'queue_saturated': True, 'request_count_exact': True, 'sentinel_clean': True, 'steady_duration_sufficient': True, 'token_count_exact': True, 'token_timestamps_valid': True, 'within_block_drift_clean': True, 'within_block_qps_drift_clean': True}",629.0125478740083,501,False,[],"{'active_worker_log_present': True, 'decode_admission_zero': True, 'memory_hard_clean': True, 'policy_cap_applied': True, 'request_count_exact': True, 'token_count_exact': True, 'token_timestamps_valid': True}",['memory_clean'],hard_failures_only
2.5394467149476405,4.0,230080,1166688,0.39745553881941836,2,0.0,8.611428707086615,1355.3789417,16,0.4902175128259276,239104,1166688,0,2048,1.0251628107341053,1.0,1,1.0,0.013151559688822442,3.0,1.9691714836223506,0.999265134429719,828.9784348170715,0,629.0011726659723,16,1458552832,1402847232,True,,0.0,0.0,7701364736,7523418112,Mac mini,31750,,True,0.39745553881941836,250,13.071499997749925,1410239176,84,89,5.5,1.5B,1.0535135203951467,1.007130664165313,128,9.02872211023622,1360.2171665,9.785447900000001,9.68465230835136,9.072256572834647,19.064997949999988,1365.04369375,11.119855329999998,10.940734084579162,21.045436999999996,8773,5,0,0,1558.1904792785645,1458208768,11.0762085,12.0736974,12.50332776,41.35837499052286,22.50095800263807,phasegate4to1,phasegate,True,3.9956494109595737,4.0,4,1.0,1344.0192295238376,1347.543660440715,3491.915856121807,"{'compressions_delta': 0, 'decompressions_delta': 0, 'experiment_rss_after_bytes': 53198848, 'experiment_rss_before_bytes': 53149696, 'headroom_after_bytes': 8917598208, 'headroom_before_bytes': 8893743104, 'idle_seconds': 30.0, 'memory_free_percent_after': 89, 'memory_free_percent_before': 89, 'minimum_headroom_gb': 6.5, 'observed_minimum_headroom_gb': 8.282943725585938, 'pageins_delta': 10, 'pageouts_delta': 0, 'pages_occupied_by_compressor_delta': 0, 'pages_stored_in_compressor_delta': 0, 'passed': True, 'swap_used_delta_bytes': 0, 'swapins_delta': 0, 'swapouts_delta': 0}",mean,850293601,850298601,1.0,True,3,1458552832,"{'compressions_delta': 0, 'decompressions_delta': 0, 'experiment_rss_after_bytes': 1371652096, 'experiment_rss_before_bytes': 1371652096, 'headroom_after_bytes': 7512408064, 'headroom_before_bytes': 7097663488, 'idle_seconds': 30.0, 'memory_free_percent_after': 89, 'memory_free_percent_before': 83, 'minimum_headroom_gb': 6.5, 'observed_minimum_headroom_gb': 6.6102142333984375, 'pageins_delta': 71, 'pageouts_delta': 0, 'pages_occupied_by_compressor_delta': 0, 'pages_stored_in_compressor_delta': 0, 'passed': True, 'swap_used_delta_bytes': 0, 'swapins_delta': 0, 'swapouts_delta': 0}",1316506048,single_index_process_thread_pool,8171.450207999442,9436.222566408105,0.9879085178366184,2266.4952023850756,2248.1282554972295,0.9918963221856731,-0.02920080598634127,7a8f526fd51f436c80bfc0ca1640aeb0,static_evaluation_phasegate4to1_r03_a02,80501,11.415667948313057,"{'attempts': [{'attempt': 0, 'deviation': 0.0005700566481103841, 'median_ms': 1341.5670414979104, 'passed': True, 'ratio': 1.0005700566481104}], 'passed': True, 'reference_ms': 1340.8027080004103}",0.0005700566481103841,0.0005700566481103841,"{'attempts': [{'attempt': 0, 'deviation': 0.00022449240299682316, 'median_ms': 1341.103708022274, 'passed': True, 'ratio': 1.0002244924029968}], 'passed': True, 'reference_ms': 1340.8027080004103}",0.00022449240299682316,0.00022449240299682316,False,evaluation,valid,0,0,0,22.677125001791865,32000,True,128,1419808,32000,2257.242214640483,1.0037671115510332,True,1.0017052671923898,0.00010754983775667598,0.9995506795996978,request_arrival,True,1.0001555859217104,0.00023348073289843977,"{'active_worker_log_present': True, 'completion_count_sufficient': True, 'decode_admission_zero': True, 'memory_clean': False, 'policy_cap_applied': True, 'queue_saturated': True, 'request_count_exact': True, 'sentinel_clean': True, 'steady_duration_sufficient': True, 'token_count_exact': True, 'token_timestamps_valid': True, 'within_block_drift_clean': True, 'within_block_qps_drift_clean': True}",629.023849790974,501,False,[],"{'active_worker_log_present': True, 'decode_admission_zero': True, 'memory_hard_clean': True, 'policy_cap_applied': True, 'request_count_exact': True, 'token_count_exact': True, 'token_timestamps_valid': True}",['memory_clean'],hard_failures_only
1.9985246796696212,2.0,451872,654496,0.38559687888170113,1,0.0,8.611428707086615,1355.3789417,16,1.0,451872,654496,0,2048,1.998693390528314,2.0,2,1.0,0.0,0.0,0.0,1.0,1464.3951838597936,0,648.345496791997,16,1455259648,1402585088,True,2,0.0,0.0,7745617920,7693680640,Mac mini,31750,,False,0.38559687888170113,250,13.138999987859279,1406978784,84,89,5.5,1.5B,1.1263073335480793,1.0034144064125678,128,9.66037712992126,1356.39475,10.695235749999998,10.589356074342504,9.69911530511811,16.5371439,1360.0067562499999,12.526012999999999,12.491616913466713,17.63255058,9467,12,0,0,1558.1904792785645,1454915584,12.6097295,12.8721731,12.98821875,21.841042034793645,3.5237499978393316,fixed2,fixed,True,1.9983661213044535,2.0,2,1.0,1341.7742290184833,1344.785575318383,1966.7112130126395,"{'compressions_delta': 0, 'decompressions_delta': 1, 'experiment_rss_after_bytes': 53264384, 'experiment_rss_before_bytes': 53215232, 'headroom_after_bytes': 8908996608, 'headroom_before_bytes': 8926904320, 'idle_seconds': 30.0, 'memory_free_percent_after': 89, 'memory_free_percent_before': 89, 'minimum_headroom_gb': 6.5, 'observed_minimum_headroom_gb': 8.297149658203125, 'pageins_delta': 192, 'pageouts_delta': 0, 'pages_occupied_by_compressor_delta': -2, 'pages_stored_in_compressor_delta': -3, 'passed': True, 'swap_used_delta_bytes': 0, 'swapins_delta': 0, 'swapouts_delta': 0}",mean,850293601,850298601,1.0,True,3,1455259648,"{'compressions_delta': 0, 'decompressions_delta': 0, 'experiment_rss_after_bytes': 1371635712, 'experiment_rss_before_bytes': 1371635712, 'headroom_after_bytes': 7682211840, 'headroom_before_bytes': 7239909376, 'idle_seconds': 30.0, 'memory_free_percent_after': 89, 'memory_free_percent_before': 84, 'minimum_headroom_gb': 6.5, 'observed_minimum_headroom_gb': 6.7426910400390625, 'pageins_delta': 32, 'pageouts_delta': 0, 'pages_occupied_by_compressor_delta': 0, 'pages_stored_in_compressor_delta': 0, 'passed': True, 'swap_used_delta_bytes': 0, 'swapins_delta': 0, 'swapouts_delta': 0}",1316522432,single_index_process_thread_pool,4740.411499980837,5072.989416180644,0.9969806018917718,1729.7184130505168,1725.8316848574361,0.9977529705622858,-0.0059949633373670265,023761636734428cbddd6821fd2de8a3,static_evaluation_fixed2_r03_a01,86083,2.2061383933760226,"{'attempts': [{'attempt': 0, 'deviation': 0.0003158712349335957, 'median_ms': 1341.2262290075887, 'passed': True, 'ratio': 1.0003158712349336}], 'passed': True, 'reference_ms': 1340.8027080004103}",0.0003158712349335957,0.0003158712349335957,"{'attempts': [{'attempt': 0, 'deviation': 0.0001693485482228141, 'median_ms': 1341.0297709924635, 'passed': True, 'ratio': 1.0001693485482228}], 'passed': True, 'reference_ms': 1340.8027080004103}",0.0001693485482228141,0.0001693485482228141,False,evaluation,valid,0,0,0,21.850167016964406,32000,True,128,1120464,32000,1728.1896851972253,1.001721055684006,False,1.0014108462522289,2.1741942008350885e-05,0.9998087433508789,request_arrival,True,1.0002079321890365,-0.00024045171626593836,"{'active_worker_log_present': True, 'completion_count_sufficient': True, 'decode_admission_zero': True, 'memory_clean': False, 'policy_cap_applied': True, 'queue_saturated': True, 'request_count_exact': True, 'sentinel_clean': True, 'steady_duration_sufficient': True, 'token_count_exact': True, 'token_timestamps_valid': True, 'within_block_drift_clean': True, 'within_block_qps_drift_clean': True}",648.367346959014,1,False,[],"{'active_worker_log_present': True, 'decode_admission_zero': True, 'memory_hard_clean': True, 'policy_cap_applied': True, 'request_count_exact': True, 'token_count_exact': True, 'token_timestamps_valid': True}",['memory_clean'],hard_failures_only
1.9987539084584232,2.0,449776,652176,0.3857940204646818,2,0.0,8.611428707086615,1355.3789417,16,1.0,449792,652208,0,2048,1.9989404952568683,2.0,2,1.0,0.0,0.0,0.0,1.0,1459.2224059921305,0,648.0141908339574,16,1455472640,1402454016,True,2,0.0,0.0,7740817408,7707918336,Mac mini,31750,,False,0.3857940204646818,250,13.04699998581782,1407158984,84,89,5.5,1.5B,1.1248474401276194,1.00359142473019,128,9.647289862204724,1356.6729584999998,10.615290199999997,10.60252092720475,9.686543537007875,16.967037649999998,1360.24668315,12.48015,12.497013357351532,17.91143084,9683,8,0,0,1558.1904792785645,1455128576,12.624208,12.907898249999999,12.96241142,21.438625000882894,4.035437508719042,fixed2,fixed,True,1.9986048438079045,2.0,2,1.0,1341.8153540114872,1345.0013767753262,1959.2920108220699,"{'compressions_delta': 0, 'decompressions_delta': 0, 'experiment_rss_after_bytes': 53264384, 'experiment_rss_before_bytes': 53215232, 'headroom_after_bytes': 8925921280, 'headroom_before_bytes': 8905015296, 'idle_seconds': 30.0, 'memory_free_percent_after': 89, 'memory_free_percent_before': 89, 'minimum_headroom_gb': 6.5, 'observed_minimum_headroom_gb': 8.293441772460938, 'pageins_delta': 31, 'pageouts_delta': 0, 'pages_occupied_by_compressor_delta': 0, 'pages_stored_in_compressor_delta': 0, 'passed': True, 'swap_used_delta_bytes': 0, 'swapins_delta': 0, 'swapouts_delta': 0}",mean,850293601,850298601,1.0,True,3,1455472640,"{'compressions_delta': 0, 'decompressions_delta': 0, 'experiment_rss_after_bytes': 1371422720, 'experiment_rss_before_bytes': 1371439104, 'headroom_after_bytes': 7694729216, 'headroom_before_bytes': 7145832448, 'idle_seconds': 30.0, 'memory_free_percent_after': 89, 'memory_free_percent_before': 82, 'minimum_headroom_gb': 6.5, 'observed_minimum_headroom_gb': 6.6550750732421875, 'pageins_delta': 30, 'pageouts_delta': 0, 'pages_occupied_by_compressor_delta': 0, 'pages_stored_in_compressor_delta': 0, 'passed': True, 'swap_used_delta_bytes': 0, 'swapins_delta': 0, 'swapouts_delta': 0}",1315981736,single_index_process_thread_pool,4748.055437463336,5105.9193024470005,0.9966008230216253,1724.5061553227708,1719.6367586217566,0.9971763529599563,-0.007514489864198131,fd2f188fb7c34520b87b8b37697c8eaf,static_evaluation_fixed2_r03_a02,86671,1.9190511084161699,"{'attempts': [{'attempt': 0, 'deviation': 0.0003182798498799766, 'median_ms': 1341.2294584850315, 'passed': True, 'ratio': 1.00031827984988}], 'passed': True, 'reference_ms': 1340.8027080004103}",0.0003182798498799766,0.0003182798498799766,"{'attempts': [{'attempt': 0, 'deviation': -3.0422818511732785e-05, 'median_ms': 1340.7619170029648, 'passed': True, 'ratio': 0.9999695771814883}], 'passed': True, 'reference_ms': 1340.8027080004103}",-3.0422818511732785e-05,-3.0422818511732785e-05,False,evaluation,valid,0,0,0,22.14608300710097,32000,True,128,1116176,32000,1722.4561063447468,1.0002266124389525,False,1.001032383869583,2.0621783111966934e-05,1.0003201388416298,request_arrival,True,1.000125905966733,0.0004961436851659989,"{'active_worker_log_present': True, 'completion_count_sufficient': True, 'decode_admission_zero': True, 'memory_clean': False, 'policy_cap_applied': True, 'queue_saturated': True, 'request_count_exact': True, 'sentinel_clean': True, 'steady_duration_sufficient': True, 'token_count_exact': True, 'token_timestamps_valid': True, 'within_block_drift_clean': True, 'within_block_qps_drift_clean': True}",648.0363369169645,1,False,[],"{'active_worker_log_present': True, 'decode_admission_zero': True, 'memory_hard_clean': True, 'policy_cap_applied': True, 'request_count_exact': True, 'token_count_exact': True, 'token_timestamps_valid': True}",['memory_clean'],hard_failures_only
0.0,0.0,0,0,0.4106670934962617,1,0.0,,,0,0.0,0,0,0,2048,0.0,0.0,0,1.0,0.0,0.0,0.0,0.0,0.0,0,608.7656010409701,0,1166147584,1129791488,True,,,,7892287488,7858520064,Mac mini,31750,,True,0.4106670934962617,250,11.129666003398597,1145915024,84,89,5.5,1.5B,1.0,1.0,128,8.484779527559056,1353.101,8.8219431,9.073716995771974,8.595045096850393,13.3358561,1354.7078892499999,9.828674999999999,10.095543072093275,14.535999419999998,4851,28,0,0,1558.1904792785645,1165787136,10.336125,10.69370205,10.903980339999999,0.0,0.0,llm-only,llm-only,True,0.0,0.0,0,1.0,1340.3281454811804,1341.0891314066248,0.0,"{'compressions_delta': 0, 'decompressions_delta': 0, 'experiment_rss_after_bytes': 53231616, 'experiment_rss_before_bytes': 53182464, 'headroom_after_bytes': 8918958080, 'headroom_before_bytes': 8965308416, 'idle_seconds': 30.0, 'memory_free_percent_after': 89, 'memory_free_percent_before': 89, 'minimum_headroom_gb': 6.5, 'observed_minimum_headroom_gb': 8.306427001953125, 'pageins_delta': 187, 'pageouts_delta': 0, 'pages_occupied_by_compressor_delta': 0, 'pages_stored_in_compressor_delta': 0, 'passed': True, 'swap_used_delta_bytes': 0, 'swapins_delta': 0, 'swapouts_delta': 0}",mean,850293601,850298601,1.0,True,3,1166147584,"{'compressions_delta': 0, 'decompressions_delta': 0, 'experiment_rss_after_bytes': 1129791488, 'experiment_rss_before_bytes': 1129758720, 'headroom_after_bytes': 7840497664, 'headroom_before_bytes': 7356186624, 'idle_seconds': 30.0, 'memory_free_percent_after': 89, 'memory_free_percent_before': 82, 'minimum_headroom_gb': 6.5, 'observed_minimum_headroom_gb': 6.850982666015625, 'pageins_delta': 101, 'pageouts_delta': 0, 'pages_occupied_by_compressor_delta': 0, 'pages_stored_in_compressor_delta': 0, 'passed': True, 'swap_used_delta_bytes': 0, 'swapins_delta': 0, 'swapouts_delta': 0}",1100072592,,,,1.0,0.0,0.0,1.0,0.0,1f8fe6f0018a4edfbe2c6112c7988500,static_evaluation_llm-only_r03_a01,78783,0.0,"{'attempts': [{'attempt': 0, 'deviation': -2.5559310843359384e-05, 'median_ms': 1340.768438007217, 'passed': True, 'ratio': 0.9999744406891566}], 'passed': True, 'reference_ms': 1340.8027080004103}",-2.5559310843359384e-05,-2.5559310843359384e-05,"{'attempts': [{'attempt': 0, 'deviation': 4.5386602598229686e-05, 'median_ms': 1340.8635624800809, 'passed': True, 'ratio': 1.0000453866025982}], 'passed': True, 'reference_ms': 1340.8027080004103}",4.5386602598229686e-05,4.5386602598229686e-05,False,evaluation,valid,0,0,0,21.77320799091831,32000,True,128,0,32000,0.0,1.0252588615765048,True,1.0271915972680505,0.0005006586407698188,0.9995072156006806,request_arrival,True,1.0000403423291413,-0.0005624217904123695,"{'active_worker_log_present': True, 'completion_count_sufficient': True, 'decode_admission_zero': True, 'memory_clean': False, 'policy_cap_applied': True, 'queue_saturated': True, 'request_count_exact': True, 'sentinel_clean': True, 'steady_duration_sufficient': True, 'token_count_exact': True, 'token_timestamps_valid': True, 'within_block_drift_clean': True, 'within_block_qps_drift_clean': True}",608.787374248961,0,False,[],"{'active_worker_log_present': True, 'decode_admission_zero': True, 'memory_hard_clean': True, 'policy_cap_applied': True, 'request_count_exact': True, 'token_count_exact': True, 'token_timestamps_valid': True}",['memory_clean'],hard_failures_only
2.997502709324789,3.0,649120,920544,0.3791072485224835,1,0.0,8.611428707086615,1355.3789417,16,1.0,649136,920560,0,2048,2.9978559282352073,3.0,3,1.0,0.0,0.0,0.0,1.0,2032.5881847342923,183,659.4439989589737,16,1455308800,1403535360,True,3,0.0,0.0,7745568768,7632093184,Mac mini,31750,,False,0.3791072485224835,250,14.107291004620492,1407240880,84,89,5.5,1.5B,1.1661914735704908,1.0056014718588422,128,9.990566106299212,1358.1258545,10.935031899999998,10.84463283768855,10.042574733464566,17.461818749999985,1362.9710587,12.78425384,12.830960167921148,19.18836317,13923,62,-158,-183,1558.1904792785645,1454948352,13.0040835,13.41761655,13.49627883,22.828874993138015,3.351603983901441,fixed3,fixed,True,2.997191138494994,3.0,3,1.0,1342.842624959303,1346.6495289379964,2761.2653501166396,"{'compressions_delta': 0, 'decompressions_delta': 0, 'experiment_rss_after_bytes': 53395456, 'experiment_rss_before_bytes': 53346304, 'headroom_after_bytes': 8871723008, 'headroom_before_bytes': 8858419200, 'idle_seconds': 30.0, 'memory_free_percent_after': 89, 'memory_free_percent_before': 89, 'minimum_headroom_gb': 6.5, 'observed_minimum_headroom_gb': 8.250045776367188, 'pageins_delta': 65, 'pageouts_delta': 0, 'pages_occupied_by_compressor_delta': 0, 'pages_stored_in_compressor_delta': 0, 'passed': True, 'swap_used_delta_bytes': 0, 'swapins_delta': 0, 'swapouts_delta': 0}",mean,850293601,850298601,1.0,True,3,1455308800,"{'compressions_delta': 0, 'decompressions_delta': 0, 'experiment_rss_after_bytes': 1372389376, 'experiment_rss_before_bytes': 1372389376, 'headroom_after_bytes': 7627014144, 'headroom_before_bytes': 7170146304, 'idle_seconds': 30.0, 'memory_free_percent_after': 89, 'memory_free_percent_before': 82, 'minimum_headroom_gb': 6.5, 'observed_minimum_headroom_gb': 6.6777191162109375, 'pageins_delta': 38, 'pageouts_delta': 0, 'pages_occupied_by_compressor_delta': 0, 'pages_stored_in_compressor_delta': 0, 'passed': True, 'swap_used_delta_bytes': 0, 'swapins_delta': 0, 'swapouts_delta': 0}",1316948392,single_index_process_thread_pool,5115.772375022061,5351.298620691523,0.9960811449941451,2413.1578352350434,2407.4196568843645,0.9976221288691131,-0.008701701238760655,7172044e07434f4f83f9729c32f5b605,static_evaluation_fixed3_r03_a01,84892,1.968167838640511,"{'attempts': [{'attempt': 0, 'deviation': 0.00020786689513307977, 'median_ms': 1341.0814164963085, 'passed': True, 'ratio': 1.000207866895133}], 'passed': True, 'reference_ms': 1340.8027080004103}",0.00020786689513307977,0.00020786689513307977,"{'attempts': [{'attempt': 0, 'deviation': 0.00018575662434372475, 'median_ms': 1341.0517709853593, 'passed': True, 'ratio': 1.0001857566243437}], 'passed': True, 'reference_ms': 1340.8027080004103}",0.00018575662434372475,0.00018575662434372475,False,evaluation,valid,0,0,0,22.110541991423815,32000,True,128,1588304,32000,2408.5502370290187,1.0007072924868936,False,1.0007412108552396,2.6454470611334168e-05,1.0017651059245143,request_arrival,True,1.000312208728132,0.0020929204463413114,"{'active_worker_log_present': True, 'completion_count_sufficient': True, 'decode_admission_zero': True, 'memory_clean': False, 'policy_cap_applied': True, 'queue_saturated': True, 'request_count_exact': True, 'sentinel_clean': True, 'steady_duration_sufficient': True, 'token_count_exact': True, 'token_timestamps_valid': True, 'within_block_drift_clean': True, 'within_block_qps_drift_clean': True}",659.4661095009651,1,False,[],"{'active_worker_log_present': True, 'decode_admission_zero': True, 'memory_hard_clean': True, 'policy_cap_applied': True, 'request_count_exact': True, 'token_count_exact': True, 'token_timestamps_valid': True}",['memory_clean'],hard_failures_only
2.9976565628017617,3.0,648944,920368,0.37895301665574505,2,0.0,8.611428707086615,1355.3789417,16,1.0,648928,920400,0,2048,2.9982504127547376,3.0,3,1.0,0.0,0.0,0.0,1.0,2030.1497558923008,3,659.7123891669908,16,1461714944,1402208256,True,3,0.0,0.0,7655358464,7691616256,Mac mini,31750,,False,0.37895301665574505,250,14.293249987531453,1413417672,84,89,5.5,1.5B,1.1673483265192606,1.0050066151547912,128,9.998208988188978,1358.5095625,10.980669099999998,10.867253661854193,10.05253689015748,18.035387649999997,1362.16480245,13.003020419999999,12.91856623312924,19.20018483,9535,11,0,-3,1558.1904792785645,1461338112,13.062,13.4862272,13.81505825,23.377041972707957,3.7250210298225284,fixed3,fixed,True,2.997125981579126,3.0,3,1.0,1342.907895508688,1346.1354709375883,2757.0550682355297,"{'compressions_delta': 0, 'decompressions_delta': 0, 'experiment_rss_after_bytes': 53231616, 'experiment_rss_before_bytes': 53182464, 'headroom_after_bytes': 8891564032, 'headroom_before_bytes': 8872083456, 'idle_seconds': 30.0, 'memory_free_percent_after': 89, 'memory_free_percent_before': 89, 'minimum_headroom_gb': 6.5, 'observed_minimum_headroom_gb': 8.262771606445312, 'pageins_delta': 31, 'pageouts_delta': 0, 'pages_occupied_by_compressor_delta': 0, 'pages_stored_in_compressor_delta': 0, 'passed': True, 'swap_used_delta_bytes': 0, 'swapins_delta': 0, 'swapouts_delta': 0}",mean,850293601,850298601,1.0,True,3,1461714944,"{'compressions_delta': 0, 'decompressions_delta': 0, 'experiment_rss_after_bytes': 1370996736, 'experiment_rss_before_bytes': 1371013120, 'headroom_after_bytes': 7661502464, 'headroom_before_bytes': 7119290368, 'idle_seconds': 30.0, 'memory_free_percent_after': 89, 'memory_free_percent_before': 82, 'minimum_headroom_gb': 6.5, 'observed_minimum_headroom_gb': 6.6303558349609375, 'pageins_delta': 35, 'pageouts_delta': 0, 'pages_occupied_by_compressor_delta': 0, 'pages_stored_in_compressor_delta': 0, 'passed': True, 'swap_used_delta_bytes': 0, 'swapins_delta': 0, 'swapouts_delta': 0}",1315555752,single_index_process_thread_pool,5115.95775000751,5341.010970500065,0.9965870435369297,2410.5081407983853,2404.3688264010507,0.9974531036450675,-0.009306213993037256,b5d045c01554499abc5096619ebd97c5,static_evaluation_fixed3_r03_a02,84918,2.058270329143852,"{'attempts': [{'attempt': 0, 'deviation': 0.0005519395068294131, 'median_ms': 1341.5427499858197, 'passed': True, 'ratio': 1.0005519395068294}], 'passed': True, 'reference_ms': 1340.8027080004103}",0.0005519395068294131,0.0005519395068294131,"{'attempts': [{'attempt': 0, 'deviation': -3.22254811238043e-05, 'median_ms': 1340.759499988053, 'passed': True, 'ratio': 0.9999677745188762}], 'passed': True, 'reference_ms': 1340.8027080004103}",-3.22254811238043e-05,-3.22254811238043e-05,False,evaluation,valid,0,0,0,21.901958039961755,32000,True,128,1588368,32000,2407.66738063781,0.9998486312364663,False,0.9997855665021576,3.4421595808792238e-06,0.9997590459724048,request_arrival,True,1.0001168254164547,-0.0002276734247926357,"{'active_worker_log_present': True, 'completion_count_sufficient': True, 'decode_admission_zero': True, 'memory_clean': False, 'policy_cap_applied': True, 'queue_saturated': True, 'request_count_exact': True, 'sentinel_clean': True, 'steady_duration_sufficient': True, 'token_count_exact': True, 'token_timestamps_valid': True, 'within_block_drift_clean': True, 'within_block_qps_drift_clean': True}",659.7342911250307,1,False,[],"{'active_worker_log_present': True, 'decode_admission_zero': True, 'memory_hard_clean': True, 'policy_cap_applied': True, 'request_count_exact': True, 'token_count_exact': True, 'token_timestamps_valid': True}",['memory_clean'],hard_failures_only
0.023997199521987374,0.0,0,0,0.40856875094725276,1,0.0,8.611428707086615,1355.3789417,16,0.9981048489311106,0,14496,0,2048,0.0,0.0,0,1.0,0.0,0.0,0.0,0.0,0.0,0,611.8921219999902,16,1459552256,1402421248,True,,6.299212598425197e-05,0.0,7696236544,7737147392,Mac mini,31750,,True,0.40856875094725276,250,18.213000032119453,1411238648,84,89,5.5,1.5B,1.0041138982326392,1.0017452494112333,128,8.556830708661417,1354.1703125,9.263387199999999,9.209947823546827,8.646855248425197,14.163756399999999,1357.744416,10.427223249999999,10.468855760991573,15.716354249999998,8693,11,0,0,1558.1904792785645,1459159040,10.558563,10.98834215,11.234935409999999,17.503583047073334,3.2306044595316052,fixed0,fixed0,True,0.030039803839641107,0.0,0,1.0,1341.4842494821642,1344.4154041993897,43.52731896608009,"{'compressions_delta': 0, 'decompressions_delta': 0, 'experiment_rss_after_bytes': 53297152, 'experiment_rss_before_bytes': 53248000, 'headroom_after_bytes': 8751906816, 'headroom_before_bytes': 8867938304, 'idle_seconds': 30.0, 'memory_free_percent_after': 89, 'memory_free_percent_before': 89, 'minimum_headroom_gb': 6.5, 'observed_minimum_headroom_gb': 8.150848388671875, 'pageins_delta': 220, 'pageouts_delta': 0, 'pages_occupied_by_compressor_delta': 0, 'pages_stored_in_compressor_delta': 0, 'passed': True, 'swap_used_delta_bytes': 0, 'swapins_delta': 0, 'swapouts_delta': 0}",mean,850293601,850298601,1.0,True,3,1459552256,"{'compressions_delta': 0, 'decompressions_delta': 0, 'experiment_rss_after_bytes': 1371160576, 'experiment_rss_before_bytes': 1371127808, 'headroom_after_bytes': 7728218112, 'headroom_before_bytes': 7336542208, 'idle_seconds': 30.0, 'memory_free_percent_after': 89, 'memory_free_percent_before': 84, 'minimum_headroom_gb': 6.5, 'observed_minimum_headroom_gb': 6.8326873779296875, 'pageins_delta': 24, 'pageouts_delta': 0, 'pages_occupied_by_compressor_delta': 0, 'pages_stored_in_compressor_delta': 0, 'passed': True, 'swap_used_delta_bytes': 0, 'swapins_delta': 0, 'swapouts_delta': 0}",1316063704,single_index_process_thread_pool,477582.9971040075,486333.9987982501,0.979787487235651,26.401589842746244,26.006563526872704,0.9850377830188861,-0.0006455949332820418,e2aa54898bda4158a9e8f3ac607f4b7e,static_evaluation_fixed0_r03_a01,82843,7.085401390213519,"{'attempts': [{'attempt': 0, 'deviation': 0.00015174417424379527, 'median_ms': 1341.0061670001596, 'passed': True, 'ratio': 1.0001517441742438}], 'passed': True, 'reference_ms': 1340.8027080004103}",0.00015174417424379527,0.00015174417424379527,"{'attempts': [{'attempt': 0, 'deviation': 0.002223434862492768, 'median_ms': 1343.7838954851031, 'passed': True, 'ratio': 1.0022234348624928}], 'passed': True, 'reference_ms': 1340.8027080004103}",0.002223434862492768,0.002223434862492768,False,evaluation,valid,0,0,0,21.860499982722104,32000,True,128,16512,32000,26.985148862564152,1.0401083627182186,True,1.0217774233597046,0.0004821582377390657,0.9990031607469061,request_arrival,True,1.0004090180336958,0.00017065269138448675,"{'active_worker_log_present': True, 'completion_count_sufficient': True, 'decode_admission_zero': True, 'memory_clean': False, 'policy_cap_applied': True, 'queue_saturated': True, 'request_count_exact': True, 'sentinel_clean': True, 'steady_duration_sufficient': True, 'token_count_exact': True, 'token_timestamps_valid': True, 'within_block_drift_clean': False, 'within_block_qps_drift_clean': True}",611.9139824999729,501,False,[],"{'active_worker_log_present': True, 'decode_admission_zero': True, 'memory_hard_clean': True, 'policy_cap_applied': True, 'request_count_exact': True, 'token_count_exact': True, 'token_timestamps_valid': True}","['memory_clean', 'within_block_drift_clean']",hard_failures_only
0.024234463310878394,0.0,0,0,0.40660834490240816,2,0.0,8.611428707086615,1355.3789417,16,0.9982887648979887,0,14928,0,2048,0.0,0.0,0,1.0,0.0,0.0,0.0,0.0,0.0,0,614.8422754579806,16,1459486720,1402486784,True,,3.1496062992125985e-05,0.0,7713456128,7624982528,Mac mini,31750,,True,0.40660834490240816,250,24.191875010728836,1411238624,84,89,5.5,1.5B,1.0107857339697213,1.001640397701038,128,8.641459811023621,1354.5430000000001,9.4258351,9.374949848279357,8.704309286220472,14.3846997,1357.6023022,10.66373732,10.632176503422668,17.85733192,8893,2,0,0,1558.1904792785645,1459126272,10.7377915,11.234118749999999,11.51477942,16.210999980103225,3.0455419910140336,fixed0,fixed0,True,0.031896589756032996,0.0,0,1.0,1341.4350830134936,1343.1964412826346,44.805844506182716,"{'compressions_delta': 0, 'decompressions_delta': 0, 'experiment_rss_after_bytes': 53493760, 'experiment_rss_before_bytes': 53444608, 'headroom_after_bytes': 8873541632, 'headroom_before_bytes': 8871116800, 'idle_seconds': 30.0, 'memory_free_percent_after': 89, 'memory_free_percent_before': 89, 'minimum_headroom_gb': 6.5, 'observed_minimum_headroom_gb': 8.261871337890625, 'pageins_delta': 6, 'pageouts_delta': 0, 'pages_occupied_by_compressor_delta': 0, 'pages_stored_in_compressor_delta': 0, 'passed': True, 'swap_used_delta_bytes': 0, 'swapins_delta': 0, 'swapouts_delta': 0}",mean,850293601,850298601,1.0,True,3,1459486720,"{'compressions_delta': 0, 'decompressions_delta': 0, 'experiment_rss_after_bytes': 1371308032, 'experiment_rss_before_bytes': 1371324416, 'headroom_after_bytes': 7617003520, 'headroom_before_bytes': 7122288640, 'idle_seconds': 30.0, 'memory_free_percent_after': 89, 'memory_free_percent_before': 83, 'minimum_headroom_gb': 6.5, 'observed_minimum_headroom_gb': 6.633148193359375, 'pageins_delta': 69, 'pageouts_delta': 0, 'pages_occupied_by_compressor_delta': 0, 'pages_stored_in_compressor_delta': 0, 'passed': True, 'swap_used_delta_bytes': 0, 'swapins_delta': 0, 'swapouts_delta': 0}",1316145576,single_index_process_thread_pool,480329.6267290134,487718.39245622687,0.9556836757423658,26.53196130761383,25.653060764939656,0.9668738947534211,-0.0014294952369383143,085a3b87881a4eedaf063776baa191b0,static_evaluation_fixed0_r03_a02,82981,7.385673583485186,"{'attempts': [{'attempt': 0, 'deviation': 0.00030305279040088173, 'median_ms': 1341.209042002447, 'passed': True, 'ratio': 1.0003030527904009}], 'passed': True, 'reference_ms': 1340.8027080004103}",0.00030305279040088173,0.00030305279040088173,"{'attempts': [{'attempt': 0, 'deviation': 3.609514534796965e-05, 'median_ms': 1340.8511044690385, 'passed': True, 'ratio': 1.000036095145348}], 'passed': True, 'reference_ms': 1340.8027080004103}",3.609514534796965e-05,3.609514534796965e-05,False,evaluation,valid,0,0,0,21.75670798169449,32000,True,128,16560,32000,26.933736766335514,1.02332267482726,True,1.0058099233958748,0.00028084609562266025,1.0012829624631658,request_arrival,True,0.9996881459381054,-0.0003011086367754424,"{'active_worker_log_present': True, 'completion_count_sufficient': True, 'decode_admission_zero': True, 'memory_clean': False, 'policy_cap_applied': True, 'queue_saturated': True, 'request_count_exact': True, 'sentinel_clean': True, 'steady_duration_sufficient': True, 'token_count_exact': True, 'token_timestamps_valid': True, 'within_block_drift_clean': True, 'within_block_qps_drift_clean': True}",614.8640321659623,501,False,[],"{'active_worker_log_present': True, 'decode_admission_zero': True, 'memory_hard_clean': True, 'policy_cap_applied': True, 'request_count_exact': True, 'token_count_exact': True, 'token_timestamps_valid': True}",['memory_clean'],hard_failures_only
3.01374802241872,4.0,454864,1167328,0.3847268870496105,1,0.0,8.611428707086615,1355.3789417,16,0.49624106255902084,460960,1167328,0,2048,2.0166819069273165,2.0,2,1.0,0.012010972987667746,2.0,1.4670781893004115,1.0,1491.878097687183,0,649.8116155000171,16,1452736512,1402404864,True,,0.0,0.0,7678214144,7677870080,Mac mini,31750,,False,0.3847268870496105,250,13.803749985527247,1404422832,84,89,5.5,1.5B,1.1299590453117654,1.007588509813425,128,9.664111877952756,1359.573042,10.994989899999998,10.697025019908324,9.730561760629922,18.36598735,1365.6642481,12.53280592,12.512835161178373,19.512322169999994,9353,15,0,0,1558.1904792785645,1452359680,12.628979000000001,12.91307325,13.01744692,41.62537504453212,21.386062464443967,phasegate4to2,phasegate,True,3.995995409371719,4.0,4,1.0,1343.8682915002573,1348.6264607548947,3492.168288055522,"{'compressions_delta': 0, 'decompressions_delta': 1, 'experiment_rss_after_bytes': 53542912, 'experiment_rss_before_bytes': 53493760, 'headroom_after_bytes': 8822276096, 'headroom_before_bytes': 8908898304, 'idle_seconds': 30.0, 'memory_free_percent_after': 89, 'memory_free_percent_before': 89, 'minimum_headroom_gb': 6.5, 'observed_minimum_headroom_gb': 8.216384887695312, 'pageins_delta': 467, 'pageouts_delta': 0, 'pages_occupied_by_compressor_delta': 0, 'pages_stored_in_compressor_delta': -1, 'passed': True, 'swap_used_delta_bytes': 0, 'swapins_delta': 0, 'swapouts_delta': 0}",mean,850293601,850298601,1.0,True,3,1452736512,"{'compressions_delta': 0, 'decompressions_delta': 0, 'experiment_rss_after_bytes': 1371193344, 'experiment_rss_before_bytes': 1371226112, 'headroom_after_bytes': 7653752832, 'headroom_before_bytes': 7074627584, 'idle_seconds': 30.0, 'memory_free_percent_after': 89, 'memory_free_percent_before': 82, 'minimum_headroom_gb': 6.5, 'observed_minimum_headroom_gb': 6.5887603759765625, 'pageins_delta': 35, 'pageouts_delta': 0, 'pages_occupied_by_compressor_delta': 0, 'pages_stored_in_compressor_delta': 0, 'passed': True, 'swap_used_delta_bytes': 0, 'swapins_delta': 0, 'swapouts_delta': 0}",1315752360,single_index_process_thread_pool,5147.352457977831,9746.565459005069,0.9933607084072873,2536.1762726725633,2528.5548509850532,0.9969949164142764,-0.011728882084242881,2eb0330ff1e64173afc4bda073c89fcc,static_evaluation_phasegate4to2_r03_a01,81539,15.920375066343695,"{'attempts': [{'attempt': 0, 'deviation': 0.00025552154284991246, 'median_ms': 1341.1453119770158, 'passed': True, 'ratio': 1.00025552154285}], 'passed': True, 'reference_ms': 1340.8027080004103}",0.00025552154284991246,0.00025552154284991246,"{'attempts': [{'attempt': 0, 'deviation': -3.253648861223368e-05, 'median_ms': 1340.7590829883702, 'passed': True, 'ratio': 0.9999674635113878}], 'passed': True, 'reference_ms': 1340.8027080004103}",-3.253648861223368e-05,-3.253648861223368e-05,False,evaluation,valid,0,0,0,21.964167011901736,32000,True,128,1645904,32000,2532.8940892100086,1.0007909129299475,False,1.000870102793184,9.065225929910255e-06,1.0092577770011317,request_arrival,True,1.0001553885341268,0.004720882356502423,"{'active_worker_log_present': True, 'completion_count_sufficient': True, 'decode_admission_zero': True, 'memory_clean': False, 'policy_cap_applied': True, 'queue_saturated': True, 'request_count_exact': True, 'sentinel_clean': True, 'steady_duration_sufficient': True, 'token_count_exact': True, 'token_timestamps_valid': True, 'within_block_drift_clean': True, 'within_block_qps_drift_clean': True}",649.833579667029,501,False,[],"{'active_worker_log_present': True, 'decode_admission_zero': True, 'memory_hard_clean': True, 'policy_cap_applied': True, 'request_count_exact': True, 'token_count_exact': True, 'token_timestamps_valid': True}",['memory_clean'],hard_failures_only
3.012449661133484,4.0,454480,1165664,0.3849815407068361,2,0.0,8.611428707086615,1355.3789417,16,0.4964026127099499,460272,1165648,0,2048,2.0153595013727092,2.0,2,1.0,0.011303207934505701,2.0,1.4463894967177242,1.0,1491.0047937317913,0,649.381784749974,16,1459011584,1402683392,True,,0.0,0.0,7681163264,7526498304,Mac mini,31750,,False,0.3849815407068361,250,13.240958040114492,1410730720,84,89,5.5,1.5B,1.1276087227205307,1.006683484870023,128,9.65134005905512,1360.356792,10.677868749999998,10.599550270126201,9.71032212519685,19.14496845,1364.43759635,12.61665857,12.543418984278105,20.83249932999999,8786,15,0,0,1558.1904792785645,1458667520,12.665250499999999,13.00541905,13.16016625,43.154916958883405,20.021353993797675,phasegate4to2,phasegate,True,3.9953053939067926,4.0,4,1.0,1343.9351250126492,1347.2396128083346,3488.825231974548,"{'compressions_delta': 0, 'decompressions_delta': 0, 'experiment_rss_after_bytes': 53362688, 'experiment_rss_before_bytes': 53313536, 'headroom_after_bytes': 8847507456, 'headroom_before_bytes': 8848293888, 'idle_seconds': 30.0, 'memory_free_percent_after': 89, 'memory_free_percent_before': 89, 'minimum_headroom_gb': 6.5, 'observed_minimum_headroom_gb': 8.239883422851562, 'pageins_delta': 9, 'pageouts_delta': 0, 'pages_occupied_by_compressor_delta': 0, 'pages_stored_in_compressor_delta': 0, 'passed': True, 'swap_used_delta_bytes': 0, 'swapins_delta': 0, 'swapouts_delta': 0}",mean,850293601,850298601,1.0,True,3,1459011584,"{'compressions_delta': 0, 'decompressions_delta': 0, 'experiment_rss_after_bytes': 1371537408, 'experiment_rss_before_bytes': 1371537408, 'headroom_after_bytes': 7511162880, 'headroom_before_bytes': 7091945472, 'idle_seconds': 30.0, 'memory_free_percent_after': 89, 'memory_free_percent_before': 82, 'minimum_headroom_gb': 6.5, 'observed_minimum_headroom_gb': 6.604888916015625, 'pageins_delta': 84, 'pageouts_delta': 0, 'pages_occupied_by_compressor_delta': 0, 'pages_stored_in_compressor_delta': 0, 'passed': True, 'swap_used_delta_bytes': 0, 'swapins_delta': 0, 'swapouts_delta': 0}",1316374952,single_index_process_thread_pool,5169.093187520048,9693.699018412735,0.9931560345390932,2536.9036463914035,2523.5877822676994,0.9947511352499946,-0.020505940708452457,507aafd97a1e45c391ab0e5fc5340526,static_evaluation_phasegate4to2_r03_a02,81448,14.802501595113426,"{'attempts': [{'attempt': 0, 'deviation': 0.0004372541062449553, 'median_ms': 1341.388979490148, 'passed': True, 'ratio': 1.000437254106245}], 'passed': True, 'reference_ms': 1340.8027080004103}",0.0004372541062449553,0.0004372541062449553,"{'attempts': [{'attempt': 0, 'deviation': 5.892029055298842e-05, 'median_ms': 1340.88170848554, 'passed': True, 'ratio': 1.000058920290553}], 'passed': True, 'reference_ms': 1340.8027080004103}",5.892029055298842e-05,5.892029055298842e-05,False,evaluation,valid,0,0,0,21.66312502231449,32000,True,128,1643520,32000,2530.899447129997,0.9996666316417882,False,1.000182839276085,2.0162943340971293e-06,1.0006347112627747,request_arrival,True,1.0000073201115016,0.0002569396116671524,"{'active_worker_log_present': True, 'completion_count_sufficient': True, 'decode_admission_zero': True, 'memory_clean': False, 'policy_cap_applied': True, 'queue_saturated': True, 'request_count_exact': True, 'sentinel_clean': True, 'steady_duration_sufficient': True, 'token_count_exact': True, 'token_timestamps_valid': True, 'within_block_drift_clean': True, 'within_block_qps_drift_clean': True}",649.4034478749963,501,False,[],"{'active_worker_log_present': True, 'decode_admission_zero': True, 'memory_hard_clean': True, 'policy_cap_applied': True, 'request_count_exact': True, 'token_count_exact': True, 'token_timestamps_valid': True}",['memory_clean'],hard_failures_only
3.9958510298774947,4.0,856688,1162992,0.36967236885441807,1,0.0,8.611428707086615,1355.3789417,16,0.0,856672,1162992,0,2048,3.995988808279892,4.0,4,1.0,0.0,0.0,0.0,1.0,2552.2329998149758,0,676.2745097090374,16,1458569216,1402306560,True,4,0.00012598425196850394,0.0,7709458432,7583940608,Mac mini,31750,,False,0.36967236885441807,250,20.767874957527965,1410255536,84,89,5.5,1.5B,1.2262226313512727,1.0064467502638343,128,10.503877456692914,1359.9854375,12.251502749999997,12.252731106127609,10.559528768897637,18.7318974,1364.11673125,14.312198659999998,14.18657735048327,21.04356725,8856,11,-32,-62,1558.1904792785645,1458225152,14.749354,16.1414455,18.386350259999986,23.158625001087785,4.131311987293884,fixed4,fixed,True,3.995722735493963,4.0,4,1.0,1343.8969170092605,1346.8567498755874,3485.763129030825,"{'compressions_delta': 0, 'decompressions_delta': 0, 'experiment_rss_after_bytes': 53411840, 'experiment_rss_before_bytes': 53362688, 'headroom_after_bytes': 8825847808, 'headroom_before_bytes': 8870248448, 'idle_seconds': 30.0, 'memory_free_percent_after': 89, 'memory_free_percent_before': 89, 'minimum_headroom_gb': 6.5, 'observed_minimum_headroom_gb': 8.219711303710938, 'pageins_delta': 166, 'pageouts_delta': 0, 'pages_occupied_by_compressor_delta': 0, 'pages_stored_in_compressor_delta': 0, 'passed': True, 'swap_used_delta_bytes': 0, 'swapins_delta': 0, 'swapouts_delta': 0}",mean,850293601,850298601,1.0,True,3,1458569216,"{'compressions_delta': 0, 'decompressions_delta': 0, 'experiment_rss_after_bytes': 1371127808, 'experiment_rss_before_bytes': 1371095040, 'headroom_after_bytes': 7572881408, 'headroom_before_bytes': 7085867008, 'idle_seconds': 30.0, 'memory_free_percent_after': 89, 'memory_free_percent_before': 82, 'minimum_headroom_gb': 6.5, 'observed_minimum_headroom_gb': 6.5992279052734375, 'pageins_delta': 12, 'pageouts_delta': 0, 'pages_occupied_by_compressor_delta': 0, 'pages_stored_in_compressor_delta': 0, 'passed': True, 'swap_used_delta_bytes': 0, 'swapins_delta': 0, 'swapouts_delta': 0}",1315948944,single_index_process_thread_pool,5421.566041011829,5623.23120974761,0.9972270692350994,3027.549013235798,3020.984698775442,0.997831805717543,-0.009706768187533384,0f837a4835594799800fa7094fabb669,static_evaluation_fixed4_r03_a01,81466,2.4468087358400226,"{'attempts': [{'attempt': 0, 'deviation': 0.00014750155282605704, 'median_ms': 1341.0004784818739, 'passed': True, 'ratio': 1.000147501552826}], 'passed': True, 'reference_ms': 1340.8027080004103}",0.00014750155282605704,0.00014750155282605704,"{'attempts': [{'attempt': 0, 'deviation': 0.00017338828110080584, 'median_ms': 1341.035187477246, 'passed': True, 'ratio': 1.0001733882811008}], 'passed': True, 'reference_ms': 1340.8027080004103}",0.00017338828110080584,0.00017338828110080584,False,evaluation,valid,0,0,0,22.520874976180494,32000,True,128,2045456,32000,3024.59425962993,0.9994955283456906,False,1.0004845347373907,8.717632536360056e-06,1.001351527509667,request_arrival,True,1.0004101627003277,0.000657676009856257,"{'active_worker_log_present': True, 'completion_count_sufficient': True, 'decode_admission_zero': True, 'memory_clean': False, 'policy_cap_applied': True, 'queue_saturated': True, 'request_count_exact': True, 'sentinel_clean': True, 'steady_duration_sufficient': True, 'token_count_exact': True, 'token_timestamps_valid': True, 'within_block_drift_clean': True, 'within_block_qps_drift_clean': True}",676.2970305840136,1,False,[],"{'active_worker_log_present': True, 'decode_admission_zero': True, 'memory_hard_clean': True, 'policy_cap_applied': True, 'request_count_exact': True, 'token_count_exact': True, 'token_timestamps_valid': True}",['memory_clean'],hard_failures_only
3.9957974932415827,4.0,857824,1164144,0.36968041584315486,2,0.0,8.611428707086615,1355.3789417,16,0.0,857888,1164064,0,2048,3.9958378753344563,4.0,4,1.0,0.0,0.0,0.0,1.0,2556.6378389796414,0,676.2597889580065,16,1458880512,1402454016,True,4,3.1496062992125985e-05,0.0,7649099776,7584268288,Mac mini,31750,,False,0.36968041584315486,250,17.276208964176476,1410501320,84,89,5.5,1.5B,1.2261722560235468,1.0068525749251722,128,10.495593177165354,1360.1908125,12.368207699999997,12.241064582485706,10.55909496535433,20.1015189,1364.66677745,14.447557579999998,14.185943414922804,22.2579365,8605,20,0,0,1558.1904792785645,1458487296,14.711854500000001,16.20073575,17.01193875,22.90016697952524,3.974958002800122,fixed4,fixed,True,3.995739262451638,4.0,4,1.0,1343.817749992013,1345.6483457965078,3490.264517554318,"{'compressions_delta': 0, 'decompressions_delta': 0, 'experiment_rss_after_bytes': 53510144, 'experiment_rss_before_bytes': 53460992, 'headroom_after_bytes': 8864890880, 'headroom_before_bytes': 8870035456, 'idle_seconds': 30.0, 'memory_free_percent_after': 89, 'memory_free_percent_before': 89, 'minimum_headroom_gb': 6.5, 'observed_minimum_headroom_gb': 8.256072998046875, 'pageins_delta': 18, 'pageouts_delta': 0, 'pages_occupied_by_compressor_delta': 0, 'pages_stored_in_compressor_delta': 0, 'passed': True, 'swap_used_delta_bytes': 0, 'swapins_delta': 0, 'swapouts_delta': 0}",mean,850293601,850298601,1.0,True,3,1458880512,"{'compressions_delta': 0, 'decompressions_delta': 0, 'experiment_rss_after_bytes': 1371226112, 'experiment_rss_before_bytes': 1371226112, 'headroom_after_bytes': 7571439616, 'headroom_before_bytes': 7277379584, 'idle_seconds': 30.0, 'memory_free_percent_after': 89, 'memory_free_percent_before': 85, 'minimum_headroom_gb': 6.5, 'observed_minimum_headroom_gb': 6.777587890625, 'pageins_delta': 12, 'pageouts_delta': 0, 'pages_occupied_by_compressor_delta': 0, 'pages_stored_in_compressor_delta': 0, 'passed': True, 'swap_used_delta_bytes': 0, 'swapins_delta': 0, 'swapouts_delta': 0}",1316112832,single_index_process_thread_pool,5409.468771016691,5633.328612122568,0.9964276036013835,3031.4644135447597,3025.2723242966113,0.9979573933903093,-0.009156567253217897,b1c7feaf6a1949779abd76ebbbc56e75,static_evaluation_fixed4_r03_a02,81380,1.9820767338387668,"{'attempts': [{'attempt': 0, 'deviation': 0.00019702152916667437, 'median_ms': 1341.0668750002515, 'passed': True, 'ratio': 1.0001970215291667}], 'passed': True, 'reference_ms': 1340.8027080004103}",0.00019702152916667437,0.00019702152916667437,"{'attempts': [{'attempt': 0, 'deviation': 0.00029362113232944687, 'median_ms': 1341.1963960097637, 'passed': True, 'ratio': 1.0002936211323294}], 'passed': True, 'reference_ms': 1340.8027080004103}",0.00029362113232944687,0.00029362113232944687,False,evaluation,valid,0,0,0,21.825125033501536,32000,True,128,2048176,32000,3028.682221599878,1.0016410104404863,False,1.0020791742804451,4.9386726360024683e-05,0.9998716179969229,request_arrival,True,1.0004328445092228,0.00030446602506701485,"{'active_worker_log_present': True, 'completion_count_sufficient': True, 'decode_admission_zero': True, 'memory_clean': False, 'policy_cap_applied': True, 'queue_saturated': True, 'request_count_exact': True, 'sentinel_clean': True, 'steady_duration_sufficient': True, 'token_count_exact': True, 'token_timestamps_valid': True, 'within_block_drift_clean': True, 'within_block_qps_drift_clean': True}",676.28161408304,1,False,[],"{'active_worker_log_present': True, 'decode_admission_zero': True, 'memory_hard_clean': True, 'policy_cap_applied': True, 'request_count_exact': True, 'token_count_exact': True, 'token_timestamps_valid': True}",['memory_clean'],hard_failures_only
2.05847472407006,4.0,0,1164176,0.390163658652786,1,0.0,8.611428707086615,1355.3789417,16,0.48876348506365697,11344,1164208,0,2048,0.032420033133681664,0.0,0,1.0,0.013865171403083982,4.0,2.338235294117647,0.013865171403083982,37.948580306999396,0,640.7567554170382,16,1457897472,1402421248,True,,9.448818897637796e-05,0.0,7717814272,7824130048,Mac mini,31750,,False,0.390163658652786,250,17.772375023923814,1409583816,84,89,5.5,1.5B,1.1142877153228374,1.007168928261356,128,9.43919094488189,1360.2047499999999,9.2906756,10.864691567257978,9.59560921968504,18.09612705,1365.0955561,10.46508833,13.56351808179168,20.45397284,8977,5,0,0,1558.1904792785645,1457520640,14.415395499999999,16.442598099999998,17.164822499999996,38.61583402613178,22.491645999252796,phasegate4to0,phasegate,True,3.9956179005092047,4.0,4,1.0,1344.7684170096181,1348.780453793006,3490.6547637053727,"{'compressions_delta': 0, 'decompressions_delta': 0, 'experiment_rss_after_bytes': 53608448, 'experiment_rss_before_bytes': 53559296, 'headroom_after_bytes': 8784281600, 'headroom_before_bytes': 8822996992, 'idle_seconds': 30.0, 'memory_free_percent_after': 89, 'memory_free_percent_before': 89, 'minimum_headroom_gb': 6.5, 'observed_minimum_headroom_gb': 8.180999755859375, 'pageins_delta': 163, 'pageouts_delta': 0, 'pages_occupied_by_compressor_delta': 0, 'pages_stored_in_compressor_delta': 0, 'passed': True, 'swap_used_delta_bytes': 0, 'swapins_delta': 0, 'swapouts_delta': 0}",mean,850293601,850298601,1.0,True,3,1457897472,"{'compressions_delta': 0, 'decompressions_delta': 0, 'experiment_rss_after_bytes': 1371242496, 'experiment_rss_before_bytes': 1371242496, 'headroom_after_bytes': 7817035776, 'headroom_before_bytes': 7015137280, 'idle_seconds': 30.0, 'memory_free_percent_after': 89, 'memory_free_percent_before': 82, 'minimum_headroom_gb': 6.5, 'observed_minimum_headroom_gb': 6.533355712890625, 'pageins_delta': 10, 'pageouts_delta': 0, 'pages_occupied_by_compressor_delta': 0, 'pages_stored_in_compressor_delta': 0, 'passed': True, 'swap_used_delta_bytes': 0, 'swapins_delta': 0, 'swapouts_delta': 0}",1315785104,single_index_process_thread_pool,8428.97300000186,9663.952535198769,0.981409667639706,1861.8957628500912,1844.549018359326,0.9906832891309599,-0.02707289751533505,6f0bea64d2eb4af4bf56807dabe1bd65,static_evaluation_phasegate4to0_r03_a01,80274,15.20353724481538,"{'attempts': [{'attempt': 0, 'deviation': 0.000529331793367227, 'median_ms': 1341.512437502388, 'passed': True, 'ratio': 1.0005293317933672}], 'passed': True, 'reference_ms': 1340.8027080004103}",0.000529331793367227,0.000529331793367227,"{'attempts': [{'attempt': 0, 'deviation': -0.0001290577538334281, 'median_ms': 1340.629667014582, 'passed': True, 'ratio': 0.9998709422461666}], 'passed': True, 'reference_ms': 1340.8027080004103}",-0.0001290577538334281,-0.0001290577538334281,False,evaluation,valid,0,0,0,22.116791980806738,32000,True,128,1187424,32000,1853.158768848503,1.004299624761615,False,1.0010659578583714,8.34754266335084e-05,1.0001835561163366,request_arrival,True,1.0002792035000072,0.0002758277124300336,"{'active_worker_log_present': True, 'completion_count_sufficient': True, 'decode_admission_zero': True, 'memory_clean': False, 'policy_cap_applied': True, 'queue_saturated': True, 'request_count_exact': True, 'sentinel_clean': True, 'steady_duration_sufficient': True, 'token_count_exact': True, 'token_timestamps_valid': True, 'within_block_drift_clean': True, 'within_block_qps_drift_clean': True}",640.778872209019,501,False,[],"{'active_worker_log_present': True, 'decode_admission_zero': True, 'memory_hard_clean': True, 'policy_cap_applied': True, 'request_count_exact': True, 'token_count_exact': True, 'token_timestamps_valid': True}",['memory_clean'],hard_failures_only
2.0590882459267754,4.0,0,1163888,0.39071944892255017,2,0.0,8.611428707086615,1355.3789417,16,0.4886622869893666,11152,1163920,0,2048,0.0325765306122449,0.0,0,1.0,0.013826530612244897,4.0,2.356088560885609,0.013826530612244897,37.37274023435283,0,639.8452922919532,16,1458176000,1402585088,True,,3.1496062992125985e-05,0.0,7689191424,7590559744,Mac mini,31750,,False,0.39071944892255017,250,17.76408398291096,1409895136,84,89,5.5,1.5B,1.1133875327246423,1.0071344793714083,128,9.45182398425197,1360.8595624999998,9.30704795,10.79560795915313,9.587857361417322,18.21769375,1365.0488648,11.17468384,13.6789058643626,19.936665409999996,8706,21,0,0,1558.1904792785645,1457815552,14.593667,16.49188925,16.900904660000002,38.026416033972055,22.52950001275167,phasegate4to0,phasegate,True,3.995837516221444,4.0,4,1.0,1344.8351045371965,1348.6179395578802,3488.330387335935,"{'compressions_delta': 0, 'decompressions_delta': 0, 'experiment_rss_after_bytes': 53608448, 'experiment_rss_before_bytes': 53559296, 'headroom_after_bytes': 8871493632, 'headroom_before_bytes': 8849408000, 'idle_seconds': 30.0, 'memory_free_percent_after': 89, 'memory_free_percent_before': 89, 'minimum_headroom_gb': 6.5, 'observed_minimum_headroom_gb': 8.241653442382812, 'pageins_delta': 4, 'pageouts_delta': 0, 'pages_occupied_by_compressor_delta': 0, 'pages_stored_in_compressor_delta': 0, 'passed': True, 'swap_used_delta_bytes': 0, 'swapins_delta': 0, 'swapouts_delta': 0}",mean,850293601,850298601,1.0,True,3,1458176000,"{'compressions_delta': 0, 'decompressions_delta': 0, 'experiment_rss_after_bytes': 1371406336, 'experiment_rss_before_bytes': 1371406336, 'headroom_after_bytes': 7575568384, 'headroom_before_bytes': 7007682560, 'idle_seconds': 30.0, 'memory_free_percent_after': 89, 'memory_free_percent_before': 82, 'minimum_headroom_gb': 6.5, 'observed_minimum_headroom_gb': 6.5264129638671875, 'pageins_delta': 19, 'pageouts_delta': 0, 'pages_occupied_by_compressor_delta': 0, 'pages_stored_in_compressor_delta': 0, 'passed': True, 'swap_used_delta_bytes': 0, 'swapins_delta': 0, 'swapouts_delta': 0}",1316260288,single_index_process_thread_pool,8446.049791498808,9680.05083934404,0.9797200872152766,1862.7476492977412,1843.3035754977807,0.9895616167829867,-0.03038942030132002,9767bc56a9ee48eba0e340ccb363b765,static_evaluation_phasegate4to0_r03_a02,80219,15.461461152881384,"{'attempts': [{'attempt': 0, 'deviation': 0.0002848264231509745, 'median_ms': 1341.1846040398814, 'passed': True, 'ratio': 1.000284826423151}], 'passed': True, 'reference_ms': 1340.8027080004103}",0.0002848264231509745,0.0002848264231509745,"{'attempts': [{'attempt': 0, 'deviation': 3.0112939749527e-05, 'median_ms': 1340.8430835115723, 'passed': True, 'ratio': 1.0000301129397495}], 'passed': True, 'reference_ms': 1340.8027080004103}",3.0112939749527e-05,3.0112939749527e-05,False,evaluation,valid,0,0,0,21.777792018838227,32000,True,128,1186896,32000,1854.9734041935164,0.996685772401555,False,0.9980989720328194,1.1510723800170178e-05,1.0001109354339828,request_arrival,True,1.0006302686275197,0.0007458437354769786,"{'active_worker_log_present': True, 'completion_count_sufficient': True, 'decode_admission_zero': True, 'memory_clean': False, 'policy_cap_applied': True, 'queue_saturated': True, 'request_count_exact': True, 'sentinel_clean': True, 'steady_duration_sufficient': True, 'token_count_exact': True, 'token_timestamps_valid': True, 'within_block_drift_clean': True, 'within_block_qps_drift_clean': True}",639.8670700839721,501,False,[],"{'active_worker_log_present': True, 'decode_admission_zero': True, 'memory_hard_clean': True, 'policy_cap_applied': True, 'request_count_exact': True, 'token_count_exact': True, 'token_timestamps_valid': True}",['memory_clean'],hard_failures_only
3.0123076545512553,4.0,458736,1173312,0.3848948525736545,1,0.0,8.611428707086615,1355.3789417,16,0.49646599749674825,464480,1173280,0,2048,2.014879260485924,2.0,2,1.0,0.011320101831483725,2.0,1.4279475982532752,1.0,1504.2317953302663,0,649.528042083024,16,1459027968,1402716160,True,,0.0,0.0,7640793088,7603322880,Mac mini,31750,,False,0.3848948525736545,250,13.287167006637901,1410730696,84,89,5.5,1.5B,1.1285639099092935,1.0062273947088285,128,9.661326933070866,1360.3470419999999,10.67448125,10.649712212034501,9.718547651574802,18.6113189,1363.81942135,12.599570409999998,12.542024279246107,20.409140839999996,9048,4,0,0,1558.1904792785645,1458683904,12.672667,13.0465833,13.18445575,46.8341670348309,20.26495849713683,phasegate4to2,phasegate,True,3.9957456172522554,4.0,4,1.0,1343.9531040203292,1347.2699540638132,3512.0672547906843,"{'compressions_delta': 0, 'decompressions_delta': 0, 'experiment_rss_after_bytes': 53608448, 'experiment_rss_before_bytes': 53559296, 'headroom_after_bytes': 8843886592, 'headroom_before_bytes': 8900198400, 'idle_seconds': 30.0, 'memory_free_percent_after': 89, 'memory_free_percent_before': 89, 'minimum_headroom_gb': 6.5, 'observed_minimum_headroom_gb': 8.23651123046875, 'pageins_delta': 160, 'pageouts_delta': 0, 'pages_occupied_by_compressor_delta': 0, 'pages_stored_in_compressor_delta': 0, 'passed': True, 'swap_used_delta_bytes': 0, 'swapins_delta': 0, 'swapouts_delta': 0}",mean,850303601,850308601,1.0,True,4,1459027968,"{'compressions_delta': 0, 'decompressions_delta': 0, 'experiment_rss_after_bytes': 1371504640, 'experiment_rss_before_bytes': 1371504640, 'headroom_after_bytes': 7588151296, 'headroom_before_bytes': 7086276608, 'idle_seconds': 30.0, 'memory_free_percent_after': 89, 'memory_free_percent_before': 82, 'minimum_headroom_gb': 6.5, 'observed_minimum_headroom_gb': 6.599609375, 'pageins_delta': 12, 'pageouts_delta': 0, 'pages_occupied_by_compressor_delta': 0, 'pages_stored_in_compressor_delta': 0, 'passed': True, 'swap_used_delta_bytes': 0, 'swapins_delta': 0, 'swapouts_delta': 0}",1316342184,single_index_process_thread_pool,5104.374520480633,9658.092029337422,0.9927609704910787,2554.4572818963,2546.387367988559,0.9968408499273277,-0.012424518055930475,88341fb06c8147949b23dc4be6e4fbda,static_evaluation_phasegate4to2_r04_a01,81494,13.492119673173875,"{'attempts': [{'attempt': 0, 'deviation': 0.00046654292390369, 'median_ms': 1341.428250016179, 'passed': True, 'ratio': 1.0004665429239037}], 'passed': True, 'reference_ms': 1340.8027080004103}",0.00046654292390369,0.00046654292390369,"{'attempts': [{'attempt': 0, 'deviation': 0.00023411049625265967, 'median_ms': 1341.1166039877571, 'passed': True, 'ratio': 1.0002341104962527}], 'passed': True, 'reference_ms': 1340.8027080004103}",0.00023411049625265967,0.00023411049625265967,False,evaluation,valid,0,0,0,21.993041969835758,32000,True,128,1656864,32000,2550.873700058382,1.0019837674948375,False,1.001752630781618,2.8603964669373388e-05,0.9999709218416281,request_arrival,True,1.0002325439921604,0.0001761492741108697,"{'active_worker_log_present': True, 'completion_count_sufficient': True, 'decode_admission_zero': True, 'memory_clean': False, 'policy_cap_applied': True, 'queue_saturated': True, 'request_count_exact': True, 'sentinel_clean': True, 'steady_duration_sufficient': True, 'token_count_exact': True, 'token_timestamps_valid': True, 'within_block_drift_clean': True, 'within_block_qps_drift_clean': True}",649.5500351249939,501,False,[],"{'active_worker_log_present': True, 'decode_admission_zero': True, 'memory_hard_clean': True, 'policy_cap_applied': True, 'request_count_exact': True, 'token_count_exact': True, 'token_timestamps_valid': True}",['memory_clean'],hard_failures_only
0.9994258261073353,1.0,223360,346800,0.39408439028464193,1,0.0,8.611428707086615,1355.3789417,16,1.0,223376,346784,0,2048,0.9994114034189784,1.0,1,1.0,0.0,0.0,0.0,0.9994114034189784,757.2798523691298,0,634.3818891670089,16,1454440448,1402175488,True,1,0.0,0.0,7729709056,7619411968,Mac mini,31750,,True,0.39408439028464193,250,13.615333009511232,1406094000,84,89,5.5,1.5B,1.0925819935490821,1.0031695378449748,128,9.307457350393701,1355.7981455,10.055085399999998,10.055709048174322,9.408691944094489,17.215825,1359.67486655,12.24964107,12.299456233158704,20.211410079999993,8976,10,0,0,1558.1904792785645,1454112768,12.3260835,13.097946199999999,13.34019834,21.55608299653977,3.8771039980929345,fixed1,fixed,True,0.9994352491420131,1.0,1,1.0,1340.4437709832564,1343.4556414635153,1042.9189843436504,"{'compressions_delta': 0, 'decompressions_delta': 0, 'experiment_rss_after_bytes': 53690368, 'experiment_rss_before_bytes': 53641216, 'headroom_after_bytes': 8862679040, 'headroom_before_bytes': 8912027648, 'idle_seconds': 30.0, 'memory_free_percent_after': 89, 'memory_free_percent_before': 89, 'minimum_headroom_gb': 6.5, 'observed_minimum_headroom_gb': 8.254013061523438, 'pageins_delta': 168, 'pageouts_delta': 0, 'pages_occupied_by_compressor_delta': 0, 'pages_stored_in_compressor_delta': 0, 'passed': True, 'swap_used_delta_bytes': 0, 'swapins_delta': 0, 'swapouts_delta': 0}",mean,850303601,850308601,1.0,True,4,1454440448,"{'compressions_delta': 0, 'decompressions_delta': 0, 'experiment_rss_after_bytes': 1371389952, 'experiment_rss_before_bytes': 1371406336, 'headroom_after_bytes': 7613956096, 'headroom_before_bytes': 7103086592, 'idle_seconds': 30.0, 'memory_free_percent_after': 89, 'memory_free_percent_before': 83, 'minimum_headroom_gb': 6.5, 'observed_minimum_headroom_gb': 6.615264892578125, 'pageins_delta': 16, 'pageouts_delta': 0, 'pages_occupied_by_compressor_delta': 0, 'pages_stored_in_compressor_delta': 0, 'passed': True, 'swap_used_delta_bytes': 0, 'swapins_delta': 0, 'swapouts_delta': 0}",1316276672,single_index_process_thread_pool,4515.09033300681,4688.910583034158,1.0186128794446119,900.4384401446334,921.9855462536726,1.0239295715824595,0.033966095940266,5613ba320147420cb2a4d17fef0880a5,static_evaluation_fixed1_r04_a01,85340,2.1214240696281195,"{'attempts': [{'attempt': 0, 'deviation': 0.00023787058720747822, 'median_ms': 1341.1216455278918, 'passed': True, 'ratio': 1.0002378705872075}], 'passed': True, 'reference_ms': 1340.8027080004103}",0.00023787058720747822,0.00023787058720747822,"{'attempts': [{'attempt': 0, 'deviation': 7.50173808916621e-05, 'median_ms': 1340.903291507857, 'passed': True, 'ratio': 1.0000750173808917}], 'passed': True, 'reference_ms': 1340.8027080004103}",7.50173808916621e-05,7.50173808916621e-05,False,evaluation,valid,0,0,0,22.06304098945111,32000,True,128,577312,32000,910.0385900960288,1.0346213532838082,True,1.0337781844334533,0.0007189057387940775,1.0006890496986556,request_arrival,True,1.0003036712570768,0.0019907485462901894,"{'active_worker_log_present': True, 'completion_count_sufficient': True, 'decode_admission_zero': True, 'memory_clean': False, 'policy_cap_applied': True, 'queue_saturated': True, 'request_count_exact': True, 'sentinel_clean': True, 'steady_duration_sufficient': True, 'token_count_exact': True, 'token_timestamps_valid': True, 'within_block_drift_clean': False, 'within_block_qps_drift_clean': True}",634.4039522079984,1,False,[],"{'active_worker_log_present': True, 'decode_admission_zero': True, 'memory_hard_clean': True, 'policy_cap_applied': True, 'request_count_exact': True, 'token_count_exact': True, 'token_timestamps_valid': True}","['memory_clean', 'within_block_drift_clean']",hard_failures_only
0.9993029739776952,1.0,233584,348784,0.3910500934738447,2,0.0,8.611428707086615,1355.3789417,16,1.0,233568,348768,0,2048,0.9994451030342775,1.0,1,1.0,0.0,0.0,0.0,0.9994451030342775,779.0760427660399,0,639.3042839579866,16,1454997504,1402388480,True,1,0.0,0.0,7726120960,7591804928,Mac mini,31750,,True,0.3910500934738447,250,13.635749986860901,1406683848,84,89,5.5,1.5B,1.0970307623672322,1.0034658403679402,128,9.39165862992126,1356.6970625,10.973441999999999,10.255174856865779,9.447002199606297,18.004206249999992,1360.07646875,12.34864892,12.441778937936759,19.602676339999995,9514,15,0,0,1558.1904792785645,1454653440,12.5678545,13.0501478,13.279209999999999,21.37108298484236,3.7403125024866313,fixed1,fixed,True,0.9991776493756628,1.0,1,1.0,1340.5173544888385,1343.6245541961398,1048.706833924297,"{'compressions_delta': 0, 'decompressions_delta': 0, 'experiment_rss_after_bytes': 53805056, 'experiment_rss_before_bytes': 53755904, 'headroom_after_bytes': 8862121984, 'headroom_before_bytes': 8875999232, 'idle_seconds': 30.0, 'memory_free_percent_after': 89, 'memory_free_percent_before': 89, 'minimum_headroom_gb': 6.5, 'observed_minimum_headroom_gb': 8.253494262695312, 'pageins_delta': 4, 'pageouts_delta': 0, 'pages_occupied_by_compressor_delta': 0, 'pages_stored_in_compressor_delta': 0, 'passed': True, 'swap_used_delta_bytes': 0, 'swapins_delta': 0, 'swapouts_delta': 0}",mean,850303601,850308601,1.0,True,4,1454997504,"{'compressions_delta': 0, 'decompressions_delta': 0, 'experiment_rss_after_bytes': 1371471872, 'experiment_rss_before_bytes': 1371422720, 'headroom_after_bytes': 7581630464, 'headroom_before_bytes': 7434092544, 'idle_seconds': 30.0, 'memory_free_percent_after': 89, 'memory_free_percent_before': 85, 'minimum_headroom_gb': 6.5, 'observed_minimum_headroom_gb': 6.9235382080078125, 'pageins_delta': 12, 'pageouts_delta': 0, 'pages_occupied_by_compressor_delta': 0, 'pages_stored_in_compressor_delta': 0, 'passed': True, 'swap_used_delta_bytes': 0, 'swapins_delta': 0, 'swapouts_delta': 0}",1316325824,single_index_process_thread_pool,4457.322895992547,4530.071358056739,0.998516112381828,923.2393456854753,922.4761672367974,0.9991733687994945,-0.0011937874315433232,6da9dd13b88a424fa221b14ac7cdcfcc,static_evaluation_fixed1_r04_a02,86080,2.3174622328951955,"{'attempts': [{'attempt': 0, 'deviation': 0.0004726027294303936, 'median_ms': 1341.436375019839, 'passed': True, 'ratio': 1.0004726027294304}], 'passed': True, 'reference_ms': 1340.8027080004103}",0.0004726027294303936,0.0004726027294303936,"{'attempts': [{'attempt': 0, 'deviation': 9.398959740947177e-05, 'median_ms': 1340.9287295071408, 'passed': True, 'ratio': 1.0000939895974095}], 'passed': True, 'reference_ms': 1340.8027080004103}",9.398959740947177e-05,9.398959740947177e-05,False,evaluation,valid,0,0,0,22.39679201738909,32000,True,128,590224,32000,923.228601482026,1.0023416034823236,True,1.004307442552875,0.00026313891999905497,1.0005983779183953,request_arrival,True,1.0001398488579198,0.00042879920781185014,"{'active_worker_log_present': True, 'completion_count_sufficient': True, 'decode_admission_zero': True, 'memory_clean': False, 'policy_cap_applied': True, 'queue_saturated': True, 'request_count_exact': True, 'sentinel_clean': True, 'steady_duration_sufficient': True, 'token_count_exact': True, 'token_timestamps_valid': True, 'within_block_drift_clean': True, 'within_block_qps_drift_clean': True}",639.326680750004,1,False,[],"{'active_worker_log_present': True, 'decode_admission_zero': True, 'memory_hard_clean': True, 'policy_cap_applied': True, 'request_count_exact': True, 'token_count_exact': True, 'token_timestamps_valid': True}",['memory_clean'],hard_failures_only
3.995923529339538,4.0,857200,1164064,0.3697852356807364,1,0.0,8.611428707086615,1355.3789417,16,0.0,857152,1164048,0,2048,3.996335454477926,4.0,4,1.0,0.0,0.0,0.0,1.0,2554.3965107631293,0,676.0680954169948,16,1458831360,1402454016,True,4,0.00012598425196850394,0.0,7733805056,7578910720,Mac mini,31750,,False,0.3697852356807364,250,20.128375035710633,1410435760,84,89,5.5,1.5B,1.2252233358680573,1.0066749198483582,128,10.493131889763779,1359.9047295,12.36773605,12.279579337337053,10.550923407086614,19.8046144,1364.4259875,13.95874375,14.154563911724829,21.289886009999996,8525,15,0,0,1558.1904792785645,1458438144,14.7124375,16.17299605,18.308403669999983,24.850666988641024,4.192604013951495,fixed4,fixed,True,3.9955265473745967,4.0,4,1.0,1343.806521006627,1347.0549830119126,3487.954181839695,"{'compressions_delta': 0, 'decompressions_delta': 0, 'experiment_rss_after_bytes': 53821440, 'experiment_rss_before_bytes': 53772288, 'headroom_after_bytes': 8719532032, 'headroom_before_bytes': 8851505152, 'idle_seconds': 30.0, 'memory_free_percent_after': 89, 'memory_free_percent_before': 89, 'minimum_headroom_gb': 6.5, 'observed_minimum_headroom_gb': 8.120697021484375, 'pageins_delta': 198, 'pageouts_delta': 0, 'pages_occupied_by_compressor_delta': 0, 'pages_stored_in_compressor_delta': 0, 'passed': True, 'swap_used_delta_bytes': 0, 'swapins_delta': 0, 'swapouts_delta': 0}",mean,850303601,850308601,1.0,True,4,1458831360,"{'compressions_delta': 0, 'decompressions_delta': 0, 'experiment_rss_after_bytes': 1371308032, 'experiment_rss_before_bytes': 1371308032, 'headroom_after_bytes': 7566868480, 'headroom_before_bytes': 6991429632, 'idle_seconds': 30.0, 'memory_free_percent_after': 89, 'memory_free_percent_before': 83, 'minimum_headroom_gb': 6.5, 'observed_minimum_headroom_gb': 6.5112762451171875, 'pageins_delta': 23, 'pageouts_delta': 0, 'pages_occupied_by_compressor_delta': 0, 'pages_stored_in_compressor_delta': 0, 'passed': True, 'swap_used_delta_bytes': 0, 'swapins_delta': 0, 'swapouts_delta': 0}",1316129168,single_index_process_thread_pool,5412.452457996551,5619.3662202276755,0.9970261533384578,3030.7546676172847,3023.5917499989164,0.9976365894293914,-0.01059520683434296,41f9e1b4f6d34b75a183cbafc4c595c7,static_evaluation_fixed4_r04_a01,81443,2.9086265712976456,"{'attempts': [{'attempt': 0, 'deviation': 0.00021582257001084848, 'median_ms': 1341.0920834867284, 'passed': True, 'ratio': 1.0002158225700108}], 'passed': True, 'reference_ms': 1340.8027080004103}",0.00021582257001084848,0.00021582257001084848,"{'attempts': [{'attempt': 0, 'deviation': 0.000285991746156844, 'median_ms': 1341.1861665081233, 'passed': True, 'ratio': 1.0002859917461568}], 'passed': True, 'reference_ms': 1340.8027080004103}",0.000285991746156844,0.000285991746156844,False,evaluation,valid,0,0,0,21.782625000923872,32000,True,128,2046880,32000,3027.624012840743,1.0050084182241632,False,1.0010621519884013,4.203208636495907e-05,1.0010047024851665,request_arrival,True,1.000027024042567,0.00032868546726361365,"{'active_worker_log_present': True, 'completion_count_sufficient': True, 'decode_admission_zero': True, 'memory_clean': False, 'policy_cap_applied': True, 'queue_saturated': True, 'request_count_exact': True, 'sentinel_clean': True, 'steady_duration_sufficient': True, 'token_count_exact': True, 'token_timestamps_valid': True, 'within_block_drift_clean': True, 'within_block_qps_drift_clean': True}",676.0898780419957,1,False,[],"{'active_worker_log_present': True, 'decode_admission_zero': True, 'memory_hard_clean': True, 'policy_cap_applied': True, 'request_count_exact': True, 'token_count_exact': True, 'token_timestamps_valid': True}",['memory_clean'],hard_failures_only
3.9958953435499134,4.0,856592,1164496,0.36972475672630717,2,0.0,8.611428707086615,1355.3789417,16,0.0,856560,1164528,0,2048,3.995836431226766,4.0,4,1.0,0.0,0.0,0.0,1.0,2553.215719257209,3,676.1786854999955,16,1459355648,1402896384,True,4,9.448818897637796e-05,0.0,7729479680,7578533888,Mac mini,31750,,False,0.36972475672630717,250,19.50795901939273,1410992840,84,89,5.5,1.5B,1.2255663020401777,1.0068749733106466,128,10.495629102362205,1360.0586250000001,12.218856899999997,12.345716301933859,10.553876835826772,19.7140663,1364.69713575,14.77392976,14.337611912051214,21.88438232999999,8563,32,0,-3,1558.1904792785645,1458978816,14.766124999999999,15.966660049999998,17.57459824999999,29.05524999368936,4.442999517777935,fixed4,fixed,True,3.9959608323133415,4.0,4,1.0,1343.8335209793877,1347.0221815485274,3490.538595846284,"{'compressions_delta': 0, 'decompressions_delta': 0, 'experiment_rss_after_bytes': 53837824, 'experiment_rss_before_bytes': 53788672, 'headroom_after_bytes': 8868085760, 'headroom_before_bytes': 8856616960, 'idle_seconds': 30.0, 'memory_free_percent_after': 89, 'memory_free_percent_before': 89, 'minimum_headroom_gb': 6.5, 'observed_minimum_headroom_gb': 8.248367309570312, 'pageins_delta': 245, 'pageouts_delta': 0, 'pages_occupied_by_compressor_delta': 0, 'pages_stored_in_compressor_delta': 0, 'passed': True, 'swap_used_delta_bytes': 0, 'swapins_delta': 0, 'swapouts_delta': 0}",mean,850303601,850308601,1.0,True,4,1459355648,"{'compressions_delta': 0, 'decompressions_delta': 0, 'experiment_rss_after_bytes': 1371668480, 'experiment_rss_before_bytes': 1371652096, 'headroom_after_bytes': 7570472960, 'headroom_before_bytes': 7106969600, 'idle_seconds': 30.0, 'memory_free_percent_after': 89, 'memory_free_percent_before': 82, 'minimum_headroom_gb': 6.5, 'observed_minimum_headroom_gb': 6.6188812255859375, 'pageins_delta': 7, 'pageouts_delta': 0, 'pages_occupied_by_compressor_delta': 0, 'pages_stored_in_compressor_delta': 0, 'passed': True, 'swap_used_delta_bytes': 0, 'swapins_delta': 0, 'swapouts_delta': 0}",1316506024,single_index_process_thread_pool,5411.931333015673,5637.912675010739,0.9961771872401773,3030.8402723658724,3024.4652732829313,0.9978966232100497,-0.009428158050760476,880ab07b9b834c9f9d7a5e520bc60690,static_evaluation_fixed4_r04_a02,81371,3.711987577844411,"{'attempts': [{'attempt': 0, 'deviation': 0.0001964311836428756, 'median_ms': 1341.0660834633745, 'passed': True, 'ratio': 1.0001964311836429}], 'passed': True, 'reference_ms': 1340.8027080004103}",0.0001964311836428756,0.0001964311836428756,"{'attempts': [{'attempt': 0, 'deviation': 0.0001404009748917634, 'median_ms': 1340.990958007751, 'passed': True, 'ratio': 1.0001404009748918}], 'passed': True, 'reference_ms': 1340.8027080004103}",0.0001404009748917634,0.0001404009748917634,False,evaluation,valid,0,0,0,21.86545799486339,32000,True,128,2047728,32000,3028.3829465665904,1.001485277854932,False,1.0019280691146994,4.6608071622642975e-05,1.0000273302880616,request_arrival,True,1.0002351532541967,-0.00023197444952378007,"{'active_worker_log_present': True, 'completion_count_sufficient': True, 'decode_admission_zero': True, 'memory_clean': False, 'policy_cap_applied': True, 'queue_saturated': True, 'request_count_exact': True, 'sentinel_clean': True, 'steady_duration_sufficient': True, 'token_count_exact': True, 'token_timestamps_valid': True, 'within_block_drift_clean': True, 'within_block_qps_drift_clean': True}",676.2005509579903,1,False,[],"{'active_worker_log_present': True, 'decode_admission_zero': True, 'memory_hard_clean': True, 'policy_cap_applied': True, 'request_count_exact': True, 'token_count_exact': True, 'token_timestamps_valid': True}",['memory_clean'],hard_failures_only
2.9977963964600938,3.0,648992,921744,0.3793828462958473,1,0.0,8.611428707086615,1355.3789417,16,1.0,648960,921792,0,2048,2.9982482544225406,3.0,3,1.0,0.0,0.0,0.0,1.0,2034.0229706002601,0,658.9649543749983,16,1454882816,1402732544,True,3,0.0,0.0,7693385728,7666417664,Mac mini,31750,,False,0.3793828462958473,250,14.119874977041036,1406569184,84,89,5.5,1.5B,1.163743173602267,1.0054101075163546,128,9.974857118110236,1358.5955625000001,10.811854149999998,10.844693743274547,10.021491372834644,17.67248965,1362.7116875,12.708591669999999,12.866173968650399,19.37017509,9015,11,0,0,1558.1904792785645,1454538752,12.996208,13.4445397,13.61298867,22.61566702509299,3.481041989289224,fixed3,fixed,True,2.9974185367179187,3.0,3,1.0,1342.8312499891035,1346.1302810988855,2764.4575297325923,"{'compressions_delta': 0, 'decompressions_delta': 0, 'experiment_rss_after_bytes': 53985280, 'experiment_rss_before_bytes': 53936128, 'headroom_after_bytes': 8904884224, 'headroom_before_bytes': 8873033728, 'idle_seconds': 30.0, 'memory_free_percent_after': 89, 'memory_free_percent_before': 89, 'minimum_headroom_gb': 6.5, 'observed_minimum_headroom_gb': 8.263656616210938, 'pageins_delta': 161, 'pageouts_delta': 0, 'pages_occupied_by_compressor_delta': 0, 'pages_stored_in_compressor_delta': 0, 'passed': True, 'swap_used_delta_bytes': 0, 'swapins_delta': 0, 'swapouts_delta': 0}",mean,850303601,850308601,1.0,True,4,1454882816,"{'compressions_delta': 0, 'decompressions_delta': 0, 'experiment_rss_after_bytes': 1371684864, 'experiment_rss_before_bytes': 1371652096, 'headroom_after_bytes': 7660814336, 'headroom_before_bytes': 7113031680, 'idle_seconds': 30.0, 'memory_free_percent_after': 89, 'memory_free_percent_before': 82, 'minimum_headroom_gb': 6.5, 'observed_minimum_headroom_gb': 6.6245269775390625, 'pageins_delta': 5, 'pageouts_delta': 0, 'pages_occupied_by_compressor_delta': 0, 'pages_stored_in_compressor_delta': 0, 'passed': True, 'swap_used_delta_bytes': 0, 'swapins_delta': 0, 'swapouts_delta': 0}",1316260288,single_index_process_thread_pool,5103.353978978703,5324.754131224472,0.9959718762952471,2417.8961542656675,2409.1175851273615,0.9963693357455328,-0.013321940351053127,792d26c202ed4d2881db0dfd7dc44e6e,static_evaluation_fixed3_r04_a01,84861,1.7798406188376248,"{'attempts': [{'attempt': 0, 'deviation': 0.00035101809830573316, 'median_ms': 1341.2733540171757, 'passed': True, 'ratio': 1.0003510180983057}], 'passed': True, 'reference_ms': 1340.8027080004103}",0.00035101809830573316,0.00035101809830573316,"{'attempts': [{'attempt': 0, 'deviation': -0.0002107409142924066, 'median_ms': 1340.5201460118406, 'passed': True, 'ratio': 0.9997892590857076}], 'passed': True, 'reference_ms': 1340.8027080004103}",-0.0002107409142924066,-0.0002107409142924066,False,evaluation,valid,0,0,0,22.188083035871387,32000,True,128,1590096,32000,2413.020585454566,0.9989213375916678,False,1.000977402539436,1.716068664610715e-05,0.9999699425729881,request_arrival,True,1.0003604544107283,2.6170817959745535e-05,"{'active_worker_log_present': True, 'completion_count_sufficient': True, 'decode_admission_zero': True, 'memory_clean': False, 'policy_cap_applied': True, 'queue_saturated': True, 'request_count_exact': True, 'sentinel_clean': True, 'steady_duration_sufficient': True, 'token_count_exact': True, 'token_timestamps_valid': True, 'within_block_drift_clean': True, 'within_block_qps_drift_clean': True}",658.9871424580342,1,False,[],"{'active_worker_log_present': True, 'decode_admission_zero': True, 'memory_hard_clean': True, 'policy_cap_applied': True, 'request_count_exact': True, 'token_count_exact': True, 'token_timestamps_valid': True}",['memory_clean'],hard_failures_only
2.997879733788798,3.0,650704,920896,0.3791095956901226,2,0.0,8.611428707086615,1355.3789417,16,1.0,650672,920896,0,2048,2.9982264699362022,3.0,3,1.0,0.0,0.0,0.0,1.0,2038.5865142863797,0,659.4399161670008,16,1460764672,1402322944,True,3,0.0,0.0,7683112960,7612907520,Mac mini,31750,,False,0.3791095956901226,250,13.853916025254875,1412451016,84,89,5.5,1.5B,1.1665534643139954,1.0054003595413836,128,9.987525755905512,1358.812958,10.889101749999998,10.87988154613413,10.045691990944881,18.339899699999997,1362.6984753,12.89784483,12.842135837418025,19.60138009,9273,4,0,0,1558.1904792785645,1460387840,12.975978999999999,13.45452965,13.66413,23.95895798690617,3.816938027739525,fixed3,fixed,True,2.9975752906252127,3.0,3,1.0,1342.8469579957891,1346.1340064211981,2761.6315305329185,"{'compressions_delta': 0, 'decompressions_delta': 0, 'experiment_rss_after_bytes': 53936128, 'experiment_rss_before_bytes': 53886976, 'headroom_after_bytes': 8872280064, 'headroom_before_bytes': 8867741696, 'idle_seconds': 30.0, 'memory_free_percent_after': 89, 'memory_free_percent_before': 89, 'minimum_headroom_gb': 6.5, 'observed_minimum_headroom_gb': 8.25872802734375, 'pageins_delta': 11, 'pageouts_delta': 0, 'pages_occupied_by_compressor_delta': 0, 'pages_stored_in_compressor_delta': 0, 'passed': True, 'swap_used_delta_bytes': 0, 'swapins_delta': 0, 'swapouts_delta': 0}",mean,850303601,850308601,1.0,True,4,1460764672,"{'compressions_delta': 0, 'decompressions_delta': 0, 'experiment_rss_after_bytes': 1371275264, 'experiment_rss_before_bytes': 1371275264, 'headroom_after_bytes': 7601471488, 'headroom_before_bytes': 7095156736, 'idle_seconds': 30.0, 'memory_free_percent_after': 89, 'memory_free_percent_before': 83, 'minimum_headroom_gb': 6.5, 'observed_minimum_headroom_gb': 6.607879638671875, 'pageins_delta': 17, 'pageouts_delta': 0, 'pages_occupied_by_compressor_delta': 0, 'pages_stored_in_compressor_delta': 0, 'passed': True, 'swap_used_delta_bytes': 0, 'swapins_delta': 0, 'swapouts_delta': 0}",1316112808,single_index_process_thread_pool,5097.182582976529,5343.209610666963,0.998529447602357,2415.060649808093,2412.0679349136603,0.9987608117027329,-0.0045383490486309635,a8ff745d61cb4563af852c1135348ea0,static_evaluation_fixed3_r04_a02,84895,1.8582582706585526,"{'attempts': [{'attempt': 0, 'deviation': 0.00028041336407302886, 'median_ms': 1341.1786869983189, 'passed': True, 'ratio': 1.000280413364073}], 'passed': True, 'reference_ms': 1340.8027080004103}",0.00028041336407302886,0.00028041336407302886,"{'attempts': [{'attempt': 0, 'deviation': 9.173722421706998e-07, 'median_ms': 1340.803938015597, 'passed': True, 'ratio': 1.0000009173722422}], 'passed': True, 'reference_ms': 1340.8027080004103}",9.173722421706998e-07,9.173722421706998e-07,False,evaluation,valid,0,0,0,22.218334022909403,32000,True,128,1591344,32000,2413.1751217756096,1.0001723347588802,False,1.0020714846728582,3.9270893175303285e-05,1.0011890446268976,request_arrival,True,1.0001891456039362,0.00034200388009110336,"{'active_worker_log_present': True, 'completion_count_sufficient': True, 'decode_admission_zero': True, 'memory_clean': False, 'policy_cap_applied': True, 'queue_saturated': True, 'request_count_exact': True, 'sentinel_clean': True, 'steady_duration_sufficient': True, 'token_count_exact': True, 'token_timestamps_valid': True, 'within_block_drift_clean': True, 'within_block_qps_drift_clean': True}",659.4621345010237,1,False,[],"{'active_worker_log_present': True, 'decode_admission_zero': True, 'memory_hard_clean': True, 'policy_cap_applied': True, 'request_count_exact': True, 'token_count_exact': True, 'token_timestamps_valid': True}",['memory_clean'],hard_failures_only
2.0560680185731535,4.0,0,1164160,0.39009892724042233,1,0.0,8.611428707086615,1355.3789417,16,0.48912624018125006,11344,1164176,0,2048,0.03163493840985442,0.0,0,1.0,0.013208795683599716,4.0,2.394990366088632,0.013208795683599716,37.93287064494804,0,640.8630799590028,16,1458110464,1402617856,True,,0.0002834645669291339,0.0,7721058304,7612088320,Mac mini,31750,,False,0.39009892724042233,250,17.856333986856043,1409846008,84,89,5.5,1.5B,1.1186379339123806,1.0071269138119292,128,9.470548885826773,1360.7098959999998,9.467585749999998,10.873267168062739,9.633070816929134,17.878831549999997,1365.0386105999999,11.11319167,13.846782493055793,19.55201899,8649,18,0,0,1558.1904792785645,1457766400,14.760479,16.9037087,17.40317957,39.389749988913536,21.947271015960723,phasegate4to0,phasegate,True,3.994857856460736,4.0,4,1.0,1344.8231455113273,1348.436653628596,3489.351206034697,"{'compressions_delta': 0, 'decompressions_delta': 0, 'experiment_rss_after_bytes': 53936128, 'experiment_rss_before_bytes': 53886976, 'headroom_after_bytes': 8809267200, 'headroom_before_bytes': 8930426880, 'idle_seconds': 30.0, 'memory_free_percent_after': 89, 'memory_free_percent_before': 89, 'minimum_headroom_gb': 6.5, 'observed_minimum_headroom_gb': 8.204269409179688, 'pageins_delta': 217, 'pageouts_delta': 0, 'pages_occupied_by_compressor_delta': 0, 'pages_stored_in_compressor_delta': 0, 'passed': True, 'swap_used_delta_bytes': 0, 'swapins_delta': 0, 'swapouts_delta': 0}",mean,850303601,850308601,1.0,True,4,1458110464,"{'compressions_delta': 0, 'decompressions_delta': 0, 'experiment_rss_after_bytes': 1371439104, 'experiment_rss_before_bytes': 1371422720, 'headroom_after_bytes': 7594459136, 'headroom_before_bytes': 7046316032, 'idle_seconds': 30.0, 'memory_free_percent_after': 89, 'memory_free_percent_before': 82, 'minimum_headroom_gb': 6.5, 'observed_minimum_headroom_gb': 6.5623931884765625, 'pageins_delta': 37, 'pageouts_delta': 0, 'pages_occupied_by_compressor_delta': 0, 'pages_stored_in_compressor_delta': 0, 'passed': True, 'swap_used_delta_bytes': 0, 'swapins_delta': 0, 'swapouts_delta': 0}",1316014576,single_index_process_thread_pool,8466.238958004396,9653.64745623956,0.9788607481184898,1864.991740386994,1840.679617274167,0.986963951321424,-0.03793744088407408,1025c3416f81406188b71739a3604408,static_evaluation_phasegate4to0_r04_a01,80331,14.154747070278972,"{'attempts': [{'attempt': 0, 'deviation': 0.0002075092842752646, 'median_ms': 1341.0809370107017, 'passed': True, 'ratio': 1.0002075092842753}], 'passed': True, 'reference_ms': 1340.8027080004103}",0.0002075092842752646,0.0002075092842752646,"{'attempts': [{'attempt': 0, 'deviation': -0.00010251918616166478, 'median_ms': 1340.6652499979828, 'passed': True, 'ratio': 0.9998974808138383}], 'passed': True, 'reference_ms': 1340.8027080004103}",-0.00010251918616166478,-0.00010251918616166478,False,evaluation,valid,0,0,0,21.8405420309864,32000,True,128,1186960,32000,1852.1272907091668,0.9947459020085593,False,0.9984455014650344,9.869673122690787e-05,1.0000905726248812,request_arrival,True,1.0003181691379617,0.0008644131453953473,"{'active_worker_log_present': True, 'completion_count_sufficient': True, 'decode_admission_zero': True, 'memory_clean': False, 'policy_cap_applied': True, 'queue_saturated': True, 'request_count_exact': True, 'sentinel_clean': True, 'steady_duration_sufficient': True, 'token_count_exact': True, 'token_timestamps_valid': True, 'within_block_drift_clean': True, 'within_block_qps_drift_clean': True}",640.8849205010338,501,False,[],"{'active_worker_log_present': True, 'decode_admission_zero': True, 'memory_hard_clean': True, 'policy_cap_applied': True, 'request_count_exact': True, 'token_count_exact': True, 'token_timestamps_valid': True}",['memory_clean'],hard_failures_only
2.0567381183558644,4.0,0,1163472,0.3895792538545895,2,0.0,8.611428707086615,1355.3789417,16,0.4891079742076829,11328,1163472,0,2048,0.031813091723506055,0.0,0,1.0,0.013259696630357325,4.0,2.399232245681382,0.013259696630357325,37.77155093901453,0,641.7179496249883,16,1458356224,1402716160,True,,0.0002834645669291339,0.0,7716175872,7571849216,Mac mini,31750,,False,0.3895792538545895,250,18.054916989058256,1410058976,84,89,5.5,1.5B,1.1141757071044325,1.0077789331644593,128,9.45234153543307,1360.854542,9.394697899999999,10.933693780680187,9.594644668897638,18.298550149999997,1365.9223439,10.9073135,13.866592163103618,19.26599092,8438,11,0,0,1558.1904792785645,1458012160,14.868853999999999,16.69625815,17.405203410000002,42.627207993064076,21.857792016817257,phasegate4to0,phasegate,True,3.995569263910308,4.0,4,1.0,1344.9312500306405,1349.5028623496182,3487.4514439170007,"{'compressions_delta': 0, 'decompressions_delta': 0, 'experiment_rss_after_bytes': 53936128, 'experiment_rss_before_bytes': 53886976, 'headroom_after_bytes': 8867430400, 'headroom_before_bytes': 8863891456, 'idle_seconds': 30.0, 'memory_free_percent_after': 89, 'memory_free_percent_before': 89, 'minimum_headroom_gb': 6.5, 'observed_minimum_headroom_gb': 8.255142211914062, 'pageins_delta': 26, 'pageouts_delta': 0, 'pages_occupied_by_compressor_delta': 0, 'pages_stored_in_compressor_delta': 0, 'passed': True, 'swap_used_delta_bytes': 0, 'swapins_delta': 0, 'swapouts_delta': 0}",mean,850303601,850308601,1.0,True,4,1458356224,"{'compressions_delta': 0, 'decompressions_delta': 0, 'experiment_rss_after_bytes': 1371455488, 'experiment_rss_before_bytes': 1371455488, 'headroom_after_bytes': 7559675904, 'headroom_before_bytes': 7052247040, 'idle_seconds': 30.0, 'memory_free_percent_after': 89, 'memory_free_percent_before': 84, 'minimum_headroom_gb': 6.5, 'observed_minimum_headroom_gb': 6.5679168701171875, 'pageins_delta': 5, 'pageouts_delta': 0, 'pages_occupied_by_compressor_delta': 0, 'pages_stored_in_compressor_delta': 0, 'passed': True, 'swap_used_delta_bytes': 0, 'swapins_delta': 0, 'swapouts_delta': 0}",1316309440,single_index_process_thread_pool,8485.385167005006,9674.859635412577,0.9900487709291089,1853.3261641550357,1840.8711433568462,0.9932796390408334,-0.019409343328740954,c215f985853d4049a67f95b778ef0a99,static_evaluation_phasegate4to0_r04_a02,80334,15.423170640133321,"{'attempts': [{'attempt': 0, 'deviation': 0.0004259892231281981, 'median_ms': 1341.3738755043596, 'passed': True, 'ratio': 1.0004259892231282}], 'passed': True, 'reference_ms': 1340.8027080004103}",0.0004259892231281981,0.0004259892231281981,"{'attempts': [{'attempt': 0, 'deviation': 5.3295674106168534e-05, 'median_ms': 1340.8741669845767, 'passed': True, 'ratio': 1.0000532956741062}], 'passed': True, 'reference_ms': 1340.8027080004103}",5.3295674106168534e-05,5.3295674106168534e-05,False,evaluation,valid,0,0,0,21.772874984890223,32000,True,128,1186800,32000,1849.4106338985075,1.0022970278237953,False,0.9995880756857648,-0.00010858200625967535,1.0007858559974026,request_arrival,True,1.000142229110483,0.0007631853960967738,"{'active_worker_log_present': True, 'completion_count_sufficient': True, 'decode_admission_zero': True, 'memory_clean': False, 'policy_cap_applied': True, 'queue_saturated': True, 'request_count_exact': True, 'sentinel_clean': True, 'steady_duration_sufficient': True, 'token_count_exact': True, 'token_timestamps_valid': True, 'within_block_drift_clean': True, 'within_block_qps_drift_clean': True}",641.7397224999731,501,False,[],"{'active_worker_log_present': True, 'decode_admission_zero': True, 'memory_hard_clean': True, 'policy_cap_applied': True, 'request_count_exact': True, 'token_count_exact': True, 'token_timestamps_valid': True}",['memory_clean'],hard_failures_only
1.9987885780213441,2.0,452640,654512,0.38529923013833306,1,0.0,8.611428707086615,1355.3789417,16,1.0,452624,654512,0,2048,1.9986951597813778,2.0,2,1.0,0.0,0.0,0.0,1.0,1464.5163463678762,1,648.8463522500242,16,1456029696,1402322944,True,2,0.0,0.0,7738523648,7635615744,Mac mini,31750,,False,0.38529923013833306,250,14.058667002245784,1407732424,84,89,5.5,1.5B,1.1270742600704382,1.0041124244508395,128,9.664932909448819,1357.6918955,10.764077099999994,10.623716260306537,9.705719638188977,18.07347485,1360.9528352,12.49843117,12.540481066680513,19.712686419999997,9211,25,0,-1,1558.1904792785645,1455669248,12.6618955,12.8994314,13.04187366,22.078624984715134,3.9913130167406052,fixed2,fixed,True,1.9988655453018305,2.0,2,1.0,1341.7399999743793,1344.8587543243775,1966.3520863137292,"{'compressions_delta': 0, 'decompressions_delta': 0, 'experiment_rss_after_bytes': 53854208, 'experiment_rss_before_bytes': 53805056, 'headroom_after_bytes': 8838676480, 'headroom_before_bytes': 8884944896, 'idle_seconds': 30.0, 'memory_free_percent_after': 89, 'memory_free_percent_before': 89, 'minimum_headroom_gb': 6.5, 'observed_minimum_headroom_gb': 8.231658935546875, 'pageins_delta': 33, 'pageouts_delta': 0, 'pages_occupied_by_compressor_delta': 0, 'pages_stored_in_compressor_delta': 0, 'passed': True, 'swap_used_delta_bytes': 0, 'swapins_delta': 0, 'swapouts_delta': 0}",mean,850303601,850308601,1.0,True,4,1456029696,"{'compressions_delta': 0, 'decompressions_delta': 0, 'experiment_rss_after_bytes': 1371242496, 'experiment_rss_before_bytes': 1371226112, 'headroom_after_bytes': 7624261632, 'headroom_before_bytes': 7082885120, 'idle_seconds': 30.0, 'memory_free_percent_after': 89, 'memory_free_percent_before': 82, 'minimum_headroom_gb': 6.5, 'observed_minimum_headroom_gb': 6.5964508056640625, 'pageins_delta': 7, 'pageouts_delta': 0, 'pages_occupied_by_compressor_delta': 0, 'pages_stored_in_compressor_delta': 0, 'passed': True, 'swap_used_delta_bytes': 0, 'swapins_delta': 0, 'swapouts_delta': 0}",1315817920,single_index_process_thread_pool,4730.600750015583,5108.663725038059,0.9960095187106108,1730.2692916704175,1724.9981771345972,0.9969535871894649,-0.008123963714052404,39cdafb9e4244daba2c538296a38d33c,static_evaluation_fixed2_r04_a01,86675,1.8582441261969507,"{'attempts': [{'attempt': 0, 'deviation': 0.00018359671988044113, 'median_ms': 1341.048874979606, 'passed': True, 'ratio': 1.0001835967198804}], 'passed': True, 'reference_ms': 1340.8027080004103}",0.00018359671988044113,0.00018359671988044113,"{'attempts': [{'attempt': 0, 'deviation': -0.00012365091642996262, 'median_ms': 1340.6369165168144, 'passed': True, 'ratio': 0.99987634908357}], 'passed': True, 'reference_ms': 1340.8027080004103}",-0.00012365091642996262,-0.00012365091642996262,False,evaluation,valid,0,0,0,21.86620800057426,32000,True,128,1121184,32000,1727.9653281736673,1.0006682102911035,False,1.0005828102219367,4.606268634359718e-06,0.9991888265916515,request_arrival,True,1.0000973831100015,-0.0003348744213029508,"{'active_worker_log_present': True, 'completion_count_sufficient': True, 'decode_admission_zero': True, 'memory_clean': False, 'policy_cap_applied': True, 'queue_saturated': True, 'request_count_exact': True, 'sentinel_clean': True, 'steady_duration_sufficient': True, 'token_count_exact': True, 'token_timestamps_valid': True, 'within_block_drift_clean': True, 'within_block_qps_drift_clean': True}",648.8682184580248,1,False,[],"{'active_worker_log_present': True, 'decode_admission_zero': True, 'memory_hard_clean': True, 'policy_cap_applied': True, 'request_count_exact': True, 'token_count_exact': True, 'token_timestamps_valid': True}",['memory_clean'],hard_failures_only
1.9987768431012798,2.0,451184,652576,0.38545024565781044,2,0.0,8.611428707086615,1355.3789417,16,1.0,451200,652576,0,2048,1.9988926892886143,2.0,2,1.0,0.0,0.0,0.0,1.0,1461.3510346999144,0,648.5921407919959,16,1455374336,1402372096,True,2,0.0,0.0,7696728064,7637336064,Mac mini,31750,,False,0.38545024565781044,250,13.197209045756608,1407060656,84,89,5.5,1.5B,1.1266712060611441,1.0037880059163087,128,9.66577312992126,1357.2192295,10.5348458,10.609856114024296,9.702248767322835,16.961031399999992,1360.51312515,12.49274842,12.505249993409961,19.070243079999997,9441,1,0,0,1558.1904792785645,1455030272,12.628499999999999,12.88640015,12.96134959,20.869917003437877,3.8168334867805243,fixed2,fixed,True,1.9986676277220803,2.0,2,1.0,1341.7695205134805,1344.6162914362503,1960.758455601116,"{'compressions_delta': 0, 'decompressions_delta': 0, 'experiment_rss_after_bytes': 54116352, 'experiment_rss_before_bytes': 54067200, 'headroom_after_bytes': 8887582720, 'headroom_before_bytes': 8779776000, 'idle_seconds': 30.0, 'memory_free_percent_after': 89, 'memory_free_percent_before': 89, 'minimum_headroom_gb': 6.5, 'observed_minimum_headroom_gb': 8.176803588867188, 'pageins_delta': 6, 'pageouts_delta': 0, 'pages_occupied_by_compressor_delta': 0, 'pages_stored_in_compressor_delta': 0, 'passed': True, 'swap_used_delta_bytes': 0, 'swapins_delta': 0, 'swapouts_delta': 0}",mean,850303601,850308601,1.0,True,4,1455374336,"{'compressions_delta': 0, 'decompressions_delta': 0, 'experiment_rss_after_bytes': 1371389952, 'experiment_rss_before_bytes': 1371389952, 'headroom_after_bytes': 7619018752, 'headroom_before_bytes': 7097303040, 'idle_seconds': 30.0, 'memory_free_percent_after': 89, 'memory_free_percent_before': 82, 'minimum_headroom_gb': 6.5, 'observed_minimum_headroom_gb': 6.6098785400390625, 'pageins_delta': 10, 'pageouts_delta': 0, 'pages_occupied_by_compressor_delta': 0, 'pages_stored_in_compressor_delta': 0, 'passed': True, 'swap_used_delta_bytes': 0, 'swapins_delta': 0, 'swapouts_delta': 0}",1316227496,single_index_process_thread_pool,4744.489917007741,5103.319968731375,0.9953823437799677,1727.1516879526648,1721.7748748400513,0.9968868900455483,-0.008290031750929152,2d6a308e944142ccbef530f4963a45ee,static_evaluation_fixed2_r04_a02,86661,1.6839693998917937,"{'attempts': [{'attempt': 0, 'deviation': 0.00029197397346170106, 'median_ms': 1341.1941874946933, 'passed': True, 'ratio': 1.0002919739734617}], 'passed': True, 'reference_ms': 1340.8027080004103}",0.00029197397346170106,0.00029197397346170106,"{'attempts': [{'attempt': 0, 'deviation': -2.882267543269368e-05, 'median_ms': 1340.7640624791384, 'passed': True, 'ratio': 0.9999711773245673}], 'passed': True, 'reference_ms': 1340.8027080004103}",-2.882267543269368e-05,-2.882267543269368e-05,False,evaluation,valid,0,0,0,22.399582958314568,32000,True,128,1118768,32000,1724.917601736389,1.0024388414375434,False,1.0013543896130568,2.5702459325137996e-05,1.0002068418226575,request_arrival,True,1.0002194888642746,-6.42717733039607e-05,"{'active_worker_log_present': True, 'completion_count_sufficient': True, 'decode_admission_zero': True, 'memory_clean': False, 'policy_cap_applied': True, 'queue_saturated': True, 'request_count_exact': True, 'sentinel_clean': True, 'steady_duration_sufficient': True, 'token_count_exact': True, 'token_timestamps_valid': True, 'within_block_drift_clean': True, 'within_block_qps_drift_clean': True}",648.6145403749542,1,False,[],"{'active_worker_log_present': True, 'decode_admission_zero': True, 'memory_hard_clean': True, 'policy_cap_applied': True, 'request_count_exact': True, 'token_count_exact': True, 'token_timestamps_valid': True}",['memory_clean'],hard_failures_only
3.502981135763855,4.0,659152,1168720,0.3785084256106329,1,0.0,8.611428707086615,1355.3789417,16,0.4987904408171244,662208,1168736,0,2048,3.007593386405389,3.0,3,1.0,0.00930802204531537,1.0,1.0,1.0,2071.442099075824,1,660.4872787090135,16,1460011008,1402814464,True,,0.0,0.0,7695253504,7600209920,Mac mini,31750,,False,0.3785084256106329,250,14.334540988784283,1411713736,84,89,5.5,1.5B,1.1676413189998454,1.008524242515904,128,9.996566598425197,1360.230646,10.915816,10.96603750193026,10.055059974015748,18.92562225,1366.9325205,13.02627342,12.895153422141446,22.18640216,8626,13,-1,-1,1558.1904792785645,1459634176,13.0186665,13.38200205,13.55075774,47.88595903664827,18.6898545071017,phasegate4to3,phasegate,True,3.9960373758622376,4.0,4,1.0,1343.9261249732226,1349.1888459568145,3498.149033338857,"{'compressions_delta': 0, 'decompressions_delta': 0, 'experiment_rss_after_bytes': 53985280, 'experiment_rss_before_bytes': 53936128, 'headroom_after_bytes': 8846458880, 'headroom_before_bytes': 8891219968, 'idle_seconds': 30.0, 'memory_free_percent_after': 89, 'memory_free_percent_before': 89, 'minimum_headroom_gb': 6.5, 'observed_minimum_headroom_gb': 8.238906860351562, 'pageins_delta': 167, 'pageouts_delta': 0, 'pages_occupied_by_compressor_delta': 0, 'pages_stored_in_compressor_delta': 0, 'passed': True, 'swap_used_delta_bytes': 0, 'swapins_delta': 0, 'swapouts_delta': 0}",mean,850303601,850308601,1.0,True,4,1460011008,"{'compressions_delta': 0, 'decompressions_delta': 0, 'experiment_rss_after_bytes': 1371619328, 'experiment_rss_before_bytes': 1371602944, 'headroom_after_bytes': 7585202176, 'headroom_before_bytes': 7069745152, 'idle_seconds': 30.0, 'memory_free_percent_after': 89, 'memory_free_percent_before': 82, 'minimum_headroom_gb': 6.5, 'observed_minimum_headroom_gb': 6.5842132568359375, 'pageins_delta': 7, 'pageouts_delta': 0, 'pages_occupied_by_compressor_delta': 0, 'pages_stored_in_compressor_delta': 0, 'passed': True, 'swap_used_delta_bytes': 0, 'swapins_delta': 0, 'swapouts_delta': 0}",1316161984,single_index_process_thread_pool,5253.990083001554,9800.477481397684,0.9953876994630579,2807.5939298553617,2799.777052850894,0.9972158092659538,-0.011835267896419486,9241c43feda240e692f40bd389a365df,static_evaluation_phasegate4to3_r04_a01,81848,13.302493200171739,"{'attempts': [{'attempt': 0, 'deviation': 0.0004055410234165002, 'median_ms': 1341.3464585028123, 'passed': True, 'ratio': 1.0004055410234165}], 'passed': True, 'reference_ms': 1340.8027080004103}",0.0004055410234165002,0.0004055410234165002,"{'attempts': [{'attempt': 0, 'deviation': 8.663989657264892e-05, 'median_ms': 1340.9188750083558, 'passed': True, 'ratio': 1.0000866398965726}], 'passed': True, 'reference_ms': 1340.8027080004103}",8.663989657264892e-05,8.663989657264892e-05,False,evaluation,valid,0,0,0,21.873458987101912,32000,True,128,1852384,32000,2804.5718058653065,1.0006900979647175,False,0.9995000463674356,-1.6572227716809841e-06,1.008373505643961,request_arrival,True,1.0001153371377043,0.004383399410260462,"{'active_worker_log_present': True, 'completion_count_sufficient': True, 'decode_admission_zero': True, 'memory_clean': False, 'policy_cap_applied': True, 'queue_saturated': True, 'request_count_exact': True, 'sentinel_clean': True, 'steady_duration_sufficient': True, 'token_count_exact': True, 'token_timestamps_valid': True, 'within_block_drift_clean': True, 'within_block_qps_drift_clean': True}",660.5091521680006,501,False,[],"{'active_worker_log_present': True, 'decode_admission_zero': True, 'memory_hard_clean': True, 'policy_cap_applied': True, 'request_count_exact': True, 'token_count_exact': True, 'token_timestamps_valid': True}",['memory_clean'],hard_failures_only
3.504391498744411,4.0,653808,1167152,0.3797837208796627,2,0.0,8.611428707086615,1355.3789417,16,0.49733570159857904,656896,1167104,0,2048,3.007857142857143,3.0,3,1.0,0.009802955665024631,1.0,1.0,1.0,2068.7059970701025,0,658.2693945410429,16,1453522944,1402683392,True,,0.0,0.0,7753433088,7606829056,Mac mini,31750,,False,0.3797837208796627,250,14.98516701394692,1405209264,84,89,5.5,1.5B,1.1610827487830306,1.0060905537529203,128,9.93630381102362,1359.592979,11.06950415,10.924023235565983,9.998581314173228,17.6794875,1363.6339500000001,12.906779590000001,12.79329317563679,19.941087499999995,8546,7,0,0,1558.1904792785645,1453178880,12.901146,13.29510625,13.61424983,43.94449997926131,18.53647897951305,phasegate4to3,phasegate,True,3.9956453664742146,4.0,4,1.0,1343.9007915148977,1347.2359957930166,3496.248974354921,"{'compressions_delta': 0, 'decompressions_delta': 0, 'experiment_rss_after_bytes': 54280192, 'experiment_rss_before_bytes': 54231040, 'headroom_after_bytes': 8732327936, 'headroom_before_bytes': 8709865472, 'idle_seconds': 30.0, 'memory_free_percent_after': 89, 'memory_free_percent_before': 89, 'minimum_headroom_gb': 6.5, 'observed_minimum_headroom_gb': 8.1116943359375, 'pageins_delta': 9, 'pageouts_delta': 0, 'pages_occupied_by_compressor_delta': 0, 'pages_stored_in_compressor_delta': 0, 'passed': True, 'swap_used_delta_bytes': 0, 'swapins_delta': 0, 'swapouts_delta': 0}",mean,850303601,850308601,1.0,True,4,1453522944,"{'compressions_delta': 0, 'decompressions_delta': 0, 'experiment_rss_after_bytes': 1371504640, 'experiment_rss_before_bytes': 1371488256, 'headroom_after_bytes': 7601651712, 'headroom_before_bytes': 6998966272, 'idle_seconds': 30.0, 'memory_free_percent_after': 89, 'memory_free_percent_before': 82, 'minimum_headroom_gb': 6.5, 'observed_minimum_headroom_gb': 6.5182952880859375, 'pageins_delta': 7, 'pageouts_delta': 0, 'pages_occupied_by_compressor_delta': 0, 'pages_stored_in_compressor_delta': 0, 'passed': True, 'swap_used_delta_bytes': 0, 'swapins_delta': 0, 'swapouts_delta': 0}",1316342184,single_index_process_thread_pool,5248.522209003568,9751.942141389009,0.9946690733025998,2806.4713751039976,2799.0416880575713,0.9973526588896169,-0.011286961923044682,c72b048191614ed68a94d1d4c35ed67d,static_evaluation_phasegate4to3_r04_a02,81635,14.612557250075042,"{'attempts': [{'attempt': 0, 'deviation': 0.0002691331780333428, 'median_ms': 1341.16356249433, 'passed': True, 'ratio': 1.0002691331780333}], 'passed': True, 'reference_ms': 1340.8027080004103}",0.0002691331780333428,0.0002691331780333428,"{'attempts': [{'attempt': 0, 'deviation': 0.00019767412828319841, 'median_ms': 1341.0677500069141, 'passed': True, 'ratio': 1.0001976741282832}], 'passed': True, 'reference_ms': 1340.8027080004103}",0.00019767412828319841,0.00019767412828319841,False,evaluation,valid,0,0,0,21.66358398972079,32000,True,128,1845952,32000,2804.250076501021,1.0009007803428154,False,1.001951066288836,2.6273088910948615e-05,0.9997831648818597,request_arrival,True,1.0002356762971805,-0.0005246009226782469,"{'active_worker_log_present': True, 'completion_count_sufficient': True, 'decode_admission_zero': True, 'memory_clean': False, 'policy_cap_applied': True, 'queue_saturated': True, 'request_count_exact': True, 'sentinel_clean': True, 'steady_duration_sufficient': True, 'token_count_exact': True, 'token_timestamps_valid': True, 'within_block_drift_clean': True, 'within_block_qps_drift_clean': True}",658.2910581250326,501,False,[],"{'active_worker_log_present': True, 'decode_admission_zero': True, 'memory_hard_clean': True, 'policy_cap_applied': True, 'request_count_exact': True, 'token_count_exact': True, 'token_timestamps_valid': True}",['memory_clean'],hard_failures_only
3.0128033585799687,4.0,454704,1167744,0.3850585869506215,1,0.0,8.611428707086615,1355.3789417,16,0.49639713735069907,460624,1167744,0,2048,2.015431030219101,2.0,2,1.0,0.011523814234136209,2.0,1.46137339055794,1.0,1492.1523934991753,0,649.2518501660088,16,1459830784,1402830848,True,,0.0,0.0,7690747904,7647592448,Mac mini,31750,,False,0.3850585869506215,250,13.273583026602864,1411484336,84,89,5.5,1.5B,1.1270186549228989,1.0066147430612689,128,9.649658460629922,1360.1590835,10.76561665,10.65622880414594,9.705240798425196,19.379904649999997,1364.34442515,12.520699500000001,12.532903063693082,21.58931882999999,8712,1,0,0,1558.1904792785645,1459486720,12.672833,12.99676235,13.138908,42.05708397785202,20.811458496609703,phasegate4to2,phasegate,True,3.9960142801251957,4.0,4,1.0,1343.961937003769,1347.3981350456597,3496.174856170022,"{'compressions_delta': 0, 'decompressions_delta': 0, 'experiment_rss_after_bytes': 54149120, 'experiment_rss_before_bytes': 54099968, 'headroom_after_bytes': 8877850624, 'headroom_before_bytes': 8920547328, 'idle_seconds': 30.0, 'memory_free_percent_after': 89, 'memory_free_percent_before': 89, 'minimum_headroom_gb': 6.5, 'observed_minimum_headroom_gb': 8.268142700195312, 'pageins_delta': 171, 'pageouts_delta': 0, 'pages_occupied_by_compressor_delta': 0, 'pages_stored_in_compressor_delta': 0, 'passed': True, 'swap_used_delta_bytes': 0, 'swapins_delta': 0, 'swapouts_delta': 0}",mean,850313601,850318601,1.0,True,5,1459830784,"{'compressions_delta': 0, 'decompressions_delta': 0, 'experiment_rss_after_bytes': 1371570176, 'experiment_rss_before_bytes': 1371553792, 'headroom_after_bytes': 7640563712, 'headroom_before_bytes': 7088586752, 'idle_seconds': 30.0, 'memory_free_percent_after': 89, 'memory_free_percent_before': 82, 'minimum_headroom_gb': 6.5, 'observed_minimum_headroom_gb': 6.6017608642578125, 'pageins_delta': 7, 'pageouts_delta': 0, 'pages_occupied_by_compressor_delta': 0, 'pages_stored_in_compressor_delta': 0, 'passed': True, 'swap_used_delta_bytes': 0, 'swapins_delta': 0, 'swapouts_delta': 0}",1316129192,single_index_process_thread_pool,5145.927041012328,9651.986124983523,0.9941772104096274,2539.100207268483,2530.20495273782,0.9964966902427879,-0.013701042643326868,09a725035d2b421cb5e9435f4c66173e,static_evaluation_phasegate4to2_r05_a01,81463,14.787315798457712,"{'attempts': [{'attempt': 0, 'deviation': 0.00028721936616804555, 'median_ms': 1341.1878125043586, 'passed': True, 'ratio': 1.000287219366168}], 'passed': True, 'reference_ms': 1340.8027080004103}",0.00028721936616804555,0.00028721936616804555,"{'attempts': [{'attempt': 0, 'deviation': -8.592467485668553e-05, 'median_ms': 1340.6874999636784, 'passed': True, 'ratio': 0.9999140753251433}], 'passed': True, 'reference_ms': 1340.8027080004103}",-8.592467485668553e-05,-8.592467485668553e-05,False,evaluation,valid,0,0,0,21.605833957437426,32000,True,128,1646320,32000,2535.718611474189,0.9985590214215202,False,1.001295739606137,2.0630036643101423e-05,0.9998351249305493,request_arrival,True,1.0001887406570884,0.00033818290992494244,"{'active_worker_log_present': True, 'completion_count_sufficient': True, 'decode_admission_zero': True, 'memory_clean': False, 'policy_cap_applied': True, 'queue_saturated': True, 'request_count_exact': True, 'sentinel_clean': True, 'steady_duration_sufficient': True, 'token_count_exact': True, 'token_timestamps_valid': True, 'within_block_drift_clean': True, 'within_block_qps_drift_clean': True}",649.2734559999662,501,False,[],"{'active_worker_log_present': True, 'decode_admission_zero': True, 'memory_hard_clean': True, 'policy_cap_applied': True, 'request_count_exact': True, 'token_count_exact': True, 'token_timestamps_valid': True}",['memory_clean'],hard_failures_only
3.0146901545232154,4.0,458160,1177200,0.38537963098588096,2,0.0,8.611428707086615,1355.3789417,16,0.4955560745940231,464176,1177136,0,2048,2.0160746179797577,2.0,2,1.0,0.01160944631871403,2.0,1.4807692307692308,1.0,1506.7354708034175,0,648.7109849590342,16,1452818432,1402830848,True,,0.0,0.0,7679737856,7483113472,Mac mini,31750,,False,0.38537963098588096,250,13.132666994351894,1404504752,84,89,5.5,1.5B,1.1255896457481733,1.0066794126140437,128,9.63520587007874,1360.3579795,10.610970199999999,10.582595522282645,9.692934987795274,18.874289549999997,1364.4320769,12.412352499999999,12.435855265939608,20.991051419999994,8930,16,0,0,1558.1904792785645,1452474368,12.536729000000001,12.9289955,13.06985909,45.50441697938368,20.808333007153124,phasegate4to2,phasegate,True,3.9957235716729387,4.0,4,1.0,1343.9397920155898,1346.7941043374594,3522.27337764405,"{'compressions_delta': 0, 'decompressions_delta': 0, 'experiment_rss_after_bytes': 54231040, 'experiment_rss_before_bytes': 54181888, 'headroom_after_bytes': 8874475520, 'headroom_before_bytes': 8866955264, 'idle_seconds': 30.0, 'memory_free_percent_after': 89, 'memory_free_percent_before': 89, 'minimum_headroom_gb': 6.5, 'observed_minimum_headroom_gb': 8.25799560546875, 'pageins_delta': 6, 'pageouts_delta': 0, 'pages_occupied_by_compressor_delta': 0, 'pages_stored_in_compressor_delta': 0, 'passed': True, 'swap_used_delta_bytes': 0, 'swapins_delta': 0, 'swapouts_delta': 0}",mean,850313601,850318601,1.0,True,5,1452818432,"{'compressions_delta': 0, 'decompressions_delta': 0, 'experiment_rss_after_bytes': 1371586560, 'experiment_rss_before_bytes': 1371602944, 'headroom_after_bytes': 7477706752, 'headroom_before_bytes': 7095697408, 'idle_seconds': 30.0, 'memory_free_percent_after': 89, 'memory_free_percent_before': 82, 'minimum_headroom_gb': 6.5, 'observed_minimum_headroom_gb': 6.6083831787109375, 'pageins_delta': 90, 'pageouts_delta': 0, 'pages_occupied_by_compressor_delta': 0, 'pages_stored_in_compressor_delta': 0, 'passed': True, 'swap_used_delta_bytes': 0, 'swapins_delta': 0, 'swapouts_delta': 0}",1316424104,single_index_process_thread_pool,5112.464042031206,9657.445218745852,0.9918238776032435,2563.8126877295895,2550.3119188490764,0.9947341048177475,-0.020812198434507267,c7c62289c3284164b2b011b25ec5929d,static_evaluation_phasegate4to2_r05_a02,81347,14.077384606935084,"{'attempts': [{'attempt': 0, 'deviation': 0.0003741232544405282, 'median_ms': 1341.30433347309, 'passed': True, 'ratio': 1.0003741232544405}], 'passed': True, 'reference_ms': 1340.8027080004103}",0.0003741232544405282,0.0003741232544405282,"{'attempts': [{'attempt': 0, 'deviation': 8.162086345375741e-05, 'median_ms': 1340.9121454751585, 'passed': True, 'ratio': 1.0000816208634538}], 'passed': True, 'reference_ms': 1340.8027080004103}",8.162086345375741e-05,8.162086345375741e-05,False,evaluation,valid,0,0,0,21.963790990412235,32000,True,128,1660096,32000,2559.068735524548,1.003630800351522,False,1.002050247847388,4.434272388422679e-05,1.0000247169341276,request_arrival,True,1.0003273632796827,0.0003866303277626003,"{'active_worker_log_present': True, 'completion_count_sufficient': True, 'decode_admission_zero': True, 'memory_clean': False, 'policy_cap_applied': True, 'queue_saturated': True, 'request_count_exact': True, 'sentinel_clean': True, 'steady_duration_sufficient': True, 'token_count_exact': True, 'token_timestamps_valid': True, 'within_block_drift_clean': True, 'within_block_qps_drift_clean': True}",648.7329487500247,501,False,[],"{'active_worker_log_present': True, 'decode_admission_zero': True, 'memory_hard_clean': True, 'policy_cap_applied': True, 'request_count_exact': True, 'token_count_exact': True, 'token_timestamps_valid': True}",['memory_clean'],hard_failures_only
0.9993247019374069,1.0,230736,349120,0.3929231554277251,1,0.0,8.611428707086615,1355.3789417,16,1.0,230736,349120,0,2048,0.9993903678114204,1.0,1,1.0,0.0,0.0,0.0,0.9993903678114204,777.4369597092865,1,636.2567248750129,16,1454718976,1402470400,True,1,0.0,0.0,7715389440,7591084032,Mac mini,31750,,True,0.3929231554277251,250,13.446500001009554,1406814920,84,89,5.5,1.5B,1.0865626554178327,1.0032367638783715,128,9.283567421259843,1356.2371245,9.966234799999999,10.059928806731476,9.356856842913386,18.383010299999995,1359.7659833,12.05509783,12.084604398696683,20.05367026,12807,49,0,-1,1558.1904792785645,1454374912,12.256145499999999,12.7288,13.11412017,20.98095801193267,3.7403954775072634,fixed1,fixed,True,0.9992654207626661,1.0,1,1.0,1340.325374971144,1343.2797376444796,1050.114991939725,"{'compressions_delta': 0, 'decompressions_delta': 0, 'experiment_rss_after_bytes': 54329344, 'experiment_rss_before_bytes': 54280192, 'headroom_after_bytes': 8836743168, 'headroom_before_bytes': 8836251648, 'idle_seconds': 30.0, 'memory_free_percent_after': 89, 'memory_free_percent_before': 89, 'minimum_headroom_gb': 6.5, 'observed_minimum_headroom_gb': 8.229400634765625, 'pageins_delta': 137, 'pageouts_delta': 0, 'pages_occupied_by_compressor_delta': 0, 'pages_stored_in_compressor_delta': 0, 'passed': True, 'swap_used_delta_bytes': 0, 'swapins_delta': 0, 'swapouts_delta': 0}",mean,850313601,850318601,1.0,True,5,1454718976,"{'compressions_delta': 0, 'decompressions_delta': 0, 'experiment_rss_after_bytes': 1371537408, 'experiment_rss_before_bytes': 1371537408, 'headroom_after_bytes': 7575175168, 'headroom_before_bytes': 7380680704, 'idle_seconds': 30.0, 'memory_free_percent_after': 89, 'memory_free_percent_before': 85, 'minimum_headroom_gb': 6.5, 'observed_minimum_headroom_gb': 6.8737945556640625, 'pageins_delta': 13, 'pageouts_delta': 0, 'pages_occupied_by_compressor_delta': 0, 'pages_stored_in_compressor_delta': 0, 'passed': True, 'swap_used_delta_bytes': 0, 'swapins_delta': 0, 'swapouts_delta': 0}",1316407768,single_index_process_thread_pool,4457.561957999133,4526.208525581751,0.9947247042392142,925.2868253785906,922.1877703316698,0.9966507087727604,-0.004870841780172542,7e2fd51dcf1840f8b10915cb435ed69a,static_evaluation_fixed1_r05_a01,85888,1.8914249376393855,"{'attempts': [{'attempt': 0, 'deviation': 0.00015468049040823217, 'median_ms': 1341.0101040208247, 'passed': True, 'ratio': 1.0001546804904082}], 'passed': True, 'reference_ms': 1340.8027080004103}",0.00015468049040823217,0.00015468049040823217,"{'attempts': [{'attempt': 0, 'deviation': 0.00017447609100362804, 'median_ms': 1341.0366460157093, 'passed': True, 'ratio': 1.0001744760910036}], 'passed': True, 'reference_ms': 1340.8027080004103}",0.00017447609100362804,0.00017447609100362804,False,evaluation,valid,0,0,0,22.15224999235943,32000,True,128,587600,32000,923.526584517325,1.0105971958818085,True,1.00948781439844,0.00018143470526514624,1.0005465230365795,request_arrival,True,1.0002381922014578,0.00047995016129178845,"{'active_worker_log_present': True, 'completion_count_sufficient': True, 'decode_admission_zero': True, 'memory_clean': False, 'policy_cap_applied': True, 'queue_saturated': True, 'request_count_exact': True, 'sentinel_clean': True, 'steady_duration_sufficient': True, 'token_count_exact': True, 'token_timestamps_valid': True, 'within_block_drift_clean': True, 'within_block_qps_drift_clean': True}",636.2788771250052,1,False,[],"{'active_worker_log_present': True, 'decode_admission_zero': True, 'memory_hard_clean': True, 'policy_cap_applied': True, 'request_count_exact': True, 'token_count_exact': True, 'token_timestamps_valid': True}",['memory_clean'],hard_failures_only
0.9992616812572513,1.0,220848,346800,0.394336570198915,2,0.0,8.611428707086615,1355.3789417,16,1.0,220848,346800,0,2048,0.9992840705701866,1.0,1,1.0,0.0,0.0,0.0,0.9992840705701866,750.1688210250758,0,633.976199250028,16,1454735360,1402683392,True,1,0.0,0.0,7703576576,7594475520,Mac mini,31750,,True,0.394336570198915,250,13.640624994877726,1406552728,84,89,5.5,1.5B,1.0920570762162292,1.003354649139153,128,9.139685039370079,1356.054333,10.1414455,10.013564588734878,9.404171655905511,18.331776599999998,1359.9257625,12.27391209,12.172281422535887,19.38327308,9172,9,0,0,1558.1904792785645,1454391296,12.2865,12.92624185,13.116333,23.460625030566007,3.5560624965000898,fixed1,fixed,True,0.9992388822442101,1.0,1,1.0,1340.349687525304,1343.0700167344185,1042.8141955635688,"{'compressions_delta': 0, 'decompressions_delta': 0, 'experiment_rss_after_bytes': 54116352, 'experiment_rss_before_bytes': 54067200, 'headroom_after_bytes': 8845705216, 'headroom_before_bytes': 8840364032, 'idle_seconds': 30.0, 'memory_free_percent_after': 89, 'memory_free_percent_before': 89, 'minimum_headroom_gb': 6.5, 'observed_minimum_headroom_gb': 8.233230590820312, 'pageins_delta': 61, 'pageouts_delta': 0, 'pages_occupied_by_compressor_delta': 0, 'pages_stored_in_compressor_delta': 0, 'passed': True, 'swap_used_delta_bytes': 0, 'swapins_delta': 0, 'swapouts_delta': 0}",mean,850313601,850318601,1.0,True,5,1454735360,"{'compressions_delta': 0, 'decompressions_delta': 0, 'experiment_rss_after_bytes': 1371652096, 'experiment_rss_before_bytes': 1371652096, 'headroom_after_bytes': 7579762688, 'headroom_before_bytes': 7410843648, 'idle_seconds': 30.0, 'memory_free_percent_after': 89, 'memory_free_percent_before': 85, 'minimum_headroom_gb': 6.5, 'observed_minimum_headroom_gb': 6.901885986328125, 'pageins_delta': 8, 'pageouts_delta': 0, 'pages_occupied_by_compressor_delta': 0, 'pages_stored_in_compressor_delta': 0, 'passed': True, 'swap_used_delta_bytes': 0, 'swapins_delta': 0, 'swapouts_delta': 0}",1316227520,single_index_process_thread_pool,4520.166541537037,4688.246979191899,1.0256017726983828,896.482525834678,922.9604454224672,1.0295353437738641,0.04176549776816406,7c394962fb764696a4eaba5ef4ce3fac,static_evaluation_fixed1_r05_a02,85329,1.7025854904204607,"{'attempts': [{'attempt': 0, 'deviation': 0.0006466432406411204, 'median_ms': 1341.6697290085722, 'passed': True, 'ratio': 1.0006466432406411}], 'passed': True, 'reference_ms': 1340.8027080004103}",0.0006466432406411204,0.0006466432406411204,"{'attempts': [{'attempt': 0, 'deviation': 0.00018300641776902715, 'median_ms': 1341.0480835009366, 'passed': True, 'ratio': 1.000183006417769}], 'passed': True, 'reference_ms': 1340.8027080004103}",0.00018300641776902715,0.00018300641776902715,False,evaluation,valid,0,0,0,21.821166039444506,32000,True,128,574960,32000,906.9110176062727,1.0311190518870395,True,1.0338425499644037,0.0007039028134021077,1.0000929809382282,request_arrival,True,1.001008491806948,0.0025856366225463787,"{'active_worker_log_present': True, 'completion_count_sufficient': True, 'decode_admission_zero': True, 'memory_clean': False, 'policy_cap_applied': True, 'queue_saturated': True, 'request_count_exact': True, 'sentinel_clean': True, 'steady_duration_sufficient': True, 'token_count_exact': True, 'token_timestamps_valid': True, 'within_block_drift_clean': False, 'within_block_qps_drift_clean': True}",633.9980204160674,1,False,[],"{'active_worker_log_present': True, 'decode_admission_zero': True, 'memory_hard_clean': True, 'policy_cap_applied': True, 'request_count_exact': True, 'token_count_exact': True, 'token_timestamps_valid': True}","['memory_clean', 'within_block_drift_clean']",hard_failures_only
1.998648757896682,2.0,451568,652576,0.38536581886230364,1,0.0,8.611428707086615,1355.3789417,16,1.0,451600,652576,0,2048,1.9988683051639728,2.0,2,1.0,0.0,0.0,0.0,1.0,1462.0771350756559,0,648.7342357920134,16,1455816704,1402830848,True,2,0.0,0.0,7767654400,7586217984,Mac mini,31750,,False,0.38536581886230364,250,13.090500026009977,1407486616,84,89,5.5,1.5B,1.1268620523776753,1.0042990943128358,128,9.665151082677166,1357.5913125,10.738958299999995,10.620866838144138,9.703892226771654,17.98850245,1361.2058436,12.6365795,12.590334328706376,19.966874999999995,9100,9,0,0,1558.1904792785645,1455456256,12.7046045,12.9570731,13.045825840000001,24.307999992743134,3.5417709732428193,fixed2,fixed,True,1.9984684724106245,2.0,2,1.0,1341.815374995349,1344.7339543607086,1960.4498645809617,"{'compressions_delta': 0, 'decompressions_delta': 0, 'experiment_rss_after_bytes': 54231040, 'experiment_rss_before_bytes': 54181888, 'headroom_after_bytes': 8829091840, 'headroom_before_bytes': 8865218560, 'idle_seconds': 30.0, 'memory_free_percent_after': 89, 'memory_free_percent_before': 89, 'minimum_headroom_gb': 6.5, 'observed_minimum_headroom_gb': 8.222732543945312, 'pageins_delta': 214, 'pageouts_delta': 0, 'pages_occupied_by_compressor_delta': 0, 'pages_stored_in_compressor_delta': 0, 'passed': True, 'swap_used_delta_bytes': 0, 'swapins_delta': 0, 'swapouts_delta': 0}",mean,850313601,850318601,1.0,True,5,1455816704,"{'compressions_delta': 0, 'decompressions_delta': 0, 'experiment_rss_after_bytes': 1371766784, 'experiment_rss_before_bytes': 1371750400, 'headroom_after_bytes': 7570489344, 'headroom_before_bytes': 7393525760, 'idle_seconds': 30.0, 'memory_free_percent_after': 89, 'memory_free_percent_before': 85, 'minimum_headroom_gb': 6.5, 'observed_minimum_headroom_gb': 6.8857574462890625, 'pageins_delta': 12, 'pageouts_delta': 0, 'pages_occupied_by_compressor_delta': 0, 'pages_stored_in_compressor_delta': 0, 'passed': True, 'swap_used_delta_bytes': 0, 'swapins_delta': 0, 'swapouts_delta': 0}",1316325800,single_index_process_thread_pool,4750.736500020139,5114.569374779239,0.9962866994691152,1725.8352011180045,1722.0761300875042,0.9978218829769695,-0.0057945699439598975,66313f09b28646f69a1c354a9b7bf655,static_evaluation_fixed2_r05_a01,86587,1.6830876120366156,"{'attempts': [{'attempt': 0, 'deviation': 0.00026385052222122063, 'median_ms': 1341.1564794951119, 'passed': True, 'ratio': 1.0002638505222212}], 'passed': True, 'reference_ms': 1340.8027080004103}",0.00026385052222122063,0.00026385052222122063,"{'attempts': [{'attempt': 0, 'deviation': 0.00013294313339962116, 'median_ms': 1340.9809585136827, 'passed': True, 'ratio': 1.0001329431333996}], 'passed': True, 'reference_ms': 1340.8027080004103}",0.00013294313339962116,0.00013294313339962116,False,evaluation,valid,0,0,0,21.78100001765415,32000,True,128,1118384,32000,1723.9478638499945,0.9987304571774211,False,1.0003799942097154,2.9790848085843675e-06,0.9991750457418834,request_arrival,True,1.000193663296422,-0.00024315978143827984,"{'active_worker_log_present': True, 'completion_count_sufficient': True, 'decode_admission_zero': True, 'memory_clean': False, 'policy_cap_applied': True, 'queue_saturated': True, 'request_count_exact': True, 'sentinel_clean': True, 'steady_duration_sufficient': True, 'token_count_exact': True, 'token_timestamps_valid': True, 'within_block_drift_clean': True, 'within_block_qps_drift_clean': True}",648.756016792031,1,False,[],"{'active_worker_log_present': True, 'decode_admission_zero': True, 'memory_hard_clean': True, 'policy_cap_applied': True, 'request_count_exact': True, 'token_count_exact': True, 'token_timestamps_valid': True}",['memory_clean'],hard_failures_only
1.9987671674808738,2.0,453456,651808,0.384737486507604,2,0.0,8.611428707086615,1355.3789417,16,1.0,453472,651824,0,2048,1.998529231523471,2.0,2,1.0,0.0,0.0,0.0,1.0,1462.9508427491294,2,649.7937132909428,16,1461977088,1402699776,True,2,0.0,0.0,7691583488,7586119680,Mac mini,31750,,False,0.384737486507604,250,13.191500038374215,1413663432,84,89,5.5,1.5B,1.130886148141368,1.004088516893327,128,9.69669340551181,1357.401375,11.592556849999998,10.65558722766582,9.738545440551182,17.6306272,1360.9204314,12.67629366,12.593137522344476,19.33703683,9345,15,0,-2,1558.1904792785645,1461633024,12.696895999999999,12.96033125,13.07083541,22.316624992527068,3.3286250254604965,fixed2,fixed,True,1.9989728796520903,2.0,2,1.0,1341.8388749705628,1344.835691669141,1959.2642366912341,"{'compressions_delta': 0, 'decompressions_delta': 0, 'experiment_rss_after_bytes': 54558720, 'experiment_rss_before_bytes': 54509568, 'headroom_after_bytes': 8803663872, 'headroom_before_bytes': 8821981184, 'idle_seconds': 30.0, 'memory_free_percent_after': 89, 'memory_free_percent_before': 89, 'minimum_headroom_gb': 6.5, 'observed_minimum_headroom_gb': 8.199050903320312, 'pageins_delta': 6, 'pageouts_delta': 0, 'pages_occupied_by_compressor_delta': 0, 'pages_stored_in_compressor_delta': 0, 'passed': True, 'swap_used_delta_bytes': 0, 'swapins_delta': 0, 'swapouts_delta': 0}",mean,850313601,850318601,1.0,True,5,1461977088,"{'compressions_delta': 0, 'decompressions_delta': 0, 'experiment_rss_after_bytes': 1371619328, 'experiment_rss_before_bytes': 1371619328, 'headroom_after_bytes': 7574667264, 'headroom_before_bytes': 7026409472, 'idle_seconds': 30.0, 'memory_free_percent_after': 89, 'memory_free_percent_before': 82, 'minimum_headroom_gb': 6.5, 'observed_minimum_headroom_gb': 6.543853759765625, 'pageins_delta': 10, 'pageouts_delta': 0, 'pages_occupied_by_compressor_delta': 0, 'pages_stored_in_compressor_delta': 0, 'passed': True, 'swap_used_delta_bytes': 0, 'swapins_delta': 0, 'swapouts_delta': 0}",1316456872,single_index_process_thread_pool,4757.596832991112,5116.301299608313,0.9962252500681334,1724.2763096691276,1720.5804402785454,0.9978565677844919,-0.005687878719674403,4f3a5628ff374f109b254e06023fdf2b,static_evaluation_fixed2_r05_a02,86792,2.2807238856330514,"{'attempts': [{'attempt': 0, 'deviation': 0.0005421349566832045, 'median_ms': 1341.529604018433, 'passed': True, 'ratio': 1.0005421349566832}], 'passed': True, 'reference_ms': 1340.8027080004103}",0.0005421349566832045,0.0005421349566832045,"{'attempts': [{'attempt': 0, 'deviation': -6.044133597060686e-06, 'median_ms': 1340.7946040097158, 'passed': True, 'ratio': 0.9999939558664029}], 'passed': True, 'reference_ms': 1340.8027080004103}",-6.044133597060686e-06,-6.044133597060686e-06,False,evaluation,valid,0,0,0,21.889333031140268,32000,True,128,1119392,32000,1722.6882579868793,1.0019906585903022,False,1.0013569887343379,3.542746506232012e-05,0.9999603764544506,request_arrival,True,1.0003469929073128,0.0008386309584928691,"{'active_worker_log_present': True, 'completion_count_sufficient': True, 'decode_admission_zero': True, 'memory_clean': False, 'policy_cap_applied': True, 'queue_saturated': True, 'request_count_exact': True, 'sentinel_clean': True, 'steady_duration_sufficient': True, 'token_count_exact': True, 'token_timestamps_valid': True, 'within_block_drift_clean': True, 'within_block_qps_drift_clean': True}",649.815602623974,1,False,[],"{'active_worker_log_present': True, 'decode_admission_zero': True, 'memory_hard_clean': True, 'policy_cap_applied': True, 'request_count_exact': True, 'token_count_exact': True, 'token_timestamps_valid': True}",['memory_clean'],hard_failures_only
2.537367564680603,4.0,230624,1165088,0.39722188608428055,1,0.0,8.611428707086615,1355.3789417,16,0.4909639676565935,239808,1165104,0,2048,1.0254503137016797,1.0,1,1.0,0.0133070228698644,3.0,1.9866920152091254,0.9990133576199149,830.3932571998749,0,629.3711619579699,16,1458651136,1402896384,True,,0.0,0.0,7689011200,7584579584,Mac mini,31750,,True,0.39722188608428055,250,12.850374972913414,1410386656,84,89,5.5,1.5B,1.0544253615981458,1.0061258898117347,128,9.042203578740157,1359.7163335,9.95266395,9.71988330129534,9.080108828346457,18.181070899999998,1363.6818437499999,11.51143675,10.986692395526916,19.58031491,8888,9,0,0,1558.1904792785645,1458307072,11.142854499999999,12.092381399999999,12.6263595,43.82462496869266,21.990291512338445,phasegate4to1,phasegate,True,3.9959846240481847,4.0,4,1.0,1344.0312710008584,1347.0633980730781,3488.566788579189,"{'compressions_delta': 0, 'decompressions_delta': 0, 'experiment_rss_after_bytes': 54493184, 'experiment_rss_before_bytes': 54444032, 'headroom_after_bytes': 8844263424, 'headroom_before_bytes': 8900820992, 'idle_seconds': 30.0, 'memory_free_percent_after': 89, 'memory_free_percent_before': 89, 'minimum_headroom_gb': 6.5, 'observed_minimum_headroom_gb': 8.236862182617188, 'pageins_delta': 172, 'pageouts_delta': 0, 'pages_occupied_by_compressor_delta': 0, 'pages_stored_in_compressor_delta': 0, 'passed': True, 'swap_used_delta_bytes': 0, 'swapins_delta': 0, 'swapouts_delta': 0}",mean,850313601,850318601,1.0,True,5,1458651136,"{'compressions_delta': 0, 'decompressions_delta': 0, 'experiment_rss_after_bytes': 1371635712, 'experiment_rss_before_bytes': 1371635712, 'headroom_after_bytes': 7580303360, 'headroom_before_bytes': 7093846016, 'idle_seconds': 30.0, 'memory_free_percent_after': 89, 'memory_free_percent_before': 82, 'minimum_headroom_gb': 6.5, 'observed_minimum_headroom_gb': 6.606658935546875, 'pageins_delta': 7, 'pageouts_delta': 0, 'pages_occupied_by_compressor_delta': 0, 'pages_stored_in_compressor_delta': 0, 'passed': True, 'swap_used_delta_bytes': 0, 'swapins_delta': 0, 'swapouts_delta': 0}",1316489664,single_index_process_thread_pool,8172.894207993522,9447.227899427526,0.9867947275273006,2267.3936792567574,2245.254774068497,0.9902359676703707,-0.03517699317675772,3f7c54217df54440b0addc24f2af0230,static_evaluation_phasegate4to1_r05_a01,80511,10.630283504724503,"{'attempts': [{'attempt': 0, 'deviation': 3.5690952826739064e-05, 'median_ms': 1340.8505625266116, 'passed': True, 'ratio': 1.0000356909528267}], 'passed': True, 'reference_ms': 1340.8027080004103}",3.5690952826739064e-05,3.5690952826739064e-05,"{'attempts': [{'attempt': 0, 'deviation': 0.00013925130210923342, 'median_ms': 1340.989416523371, 'passed': True, 'ratio': 1.0001392513021092}], 'passed': True, 'reference_ms': 1340.8027080004103}",0.00013925130210923342,0.00013925130210923342,False,evaluation,valid,0,0,0,22.461790998931974,32000,True,128,1418640,32000,2254.059425898415,0.998258656821198,True,1.001253029127937,8.613656756944243e-05,1.0008653723366858,request_arrival,True,1.0005772505399786,0.001457961621000448,"{'active_worker_log_present': True, 'completion_count_sufficient': True, 'decode_admission_zero': True, 'memory_clean': False, 'policy_cap_applied': True, 'queue_saturated': True, 'request_count_exact': True, 'sentinel_clean': True, 'steady_duration_sufficient': True, 'token_count_exact': True, 'token_timestamps_valid': True, 'within_block_drift_clean': True, 'within_block_qps_drift_clean': True}",629.3936237489688,501,False,[],"{'active_worker_log_present': True, 'decode_admission_zero': True, 'memory_hard_clean': True, 'policy_cap_applied': True, 'request_count_exact': True, 'token_count_exact': True, 'token_timestamps_valid': True}",['memory_clean'],hard_failures_only
2.537130434782609,4.0,230448,1165424,0.3974238300587418,2,0.0,8.611428707086615,1355.3789417,16,0.4907080745341615,239056,1165488,0,2048,1.0234165358716014,1.0,1,1.0,0.012632271783707153,3.0,1.8977955911823647,0.9994430661738646,828.9999604336105,0,629.0513579999679,16,1458520064,1402732544,True,,0.0,0.0,7713472512,7571046400,Mac mini,31750,,True,0.3974238300587418,250,12.972540978807956,1410222792,84,89,5.5,1.5B,1.0532009403210172,1.0072654924737494,128,9.033859251968504,1360.114708,9.8858503,9.676381520694122,9.069564811811023,19.16416035,1365.2264372,11.199072679999999,10.878252473776229,21.495647499999997,8697,13,0,0,1558.1904792785645,1458176000,11.030833000000001,11.943875,12.409503489999999,44.99345802469179,22.496791527373716,phasegate4to1,phasegate,True,3.995794621026895,4.0,4,1.0,1343.9511664910242,1347.5518543680664,3485.7312183707395,"{'compressions_delta': 0, 'decompressions_delta': 0, 'experiment_rss_after_bytes': 54542336, 'experiment_rss_before_bytes': 54476800, 'headroom_after_bytes': 8838201344, 'headroom_before_bytes': 8841822208, 'idle_seconds': 30.0, 'memory_free_percent_after': 89, 'memory_free_percent_before': 89, 'minimum_headroom_gb': 6.5, 'observed_minimum_headroom_gb': 8.231216430664062, 'pageins_delta': 26, 'pageouts_delta': 0, 'pages_occupied_by_compressor_delta': 0, 'pages_stored_in_compressor_delta': 0, 'passed': True, 'swap_used_delta_bytes': 0, 'swapins_delta': 0, 'swapouts_delta': 0}",mean,850313601,850318601,1.0,True,5,1458520064,"{'compressions_delta': 0, 'decompressions_delta': 0, 'experiment_rss_after_bytes': 1371521024, 'experiment_rss_before_bytes': 1371504640, 'headroom_after_bytes': 7562018816, 'headroom_before_bytes': 7073923072, 'idle_seconds': 30.0, 'memory_free_percent_after': 89, 'memory_free_percent_before': 82, 'minimum_headroom_gb': 6.5, 'observed_minimum_headroom_gb': 6.588104248046875, 'pageins_delta': 7, 'pageouts_delta': 0, 'pages_occupied_by_compressor_delta': 0, 'pages_stored_in_compressor_delta': 0, 'passed': True, 'swap_used_delta_bytes': 0, 'swapins_delta': 0, 'swapouts_delta': 0}",1316096448,single_index_process_thread_pool,8181.394250015728,9459.453632798977,0.9883652886761213,2264.289996850777,2245.949526990795,0.9919001232680046,-0.029156422761552225,ac19802d88634814820024c18d2c957c,static_evaluation_phasegate4to1_r05_a02,80500,11.507553106639534,"{'attempts': [{'attempt': 0, 'deviation': 0.0004133874289125039, 'median_ms': 1341.3569789845496, 'passed': True, 'ratio': 1.0004133874289125}], 'passed': True, 'reference_ms': 1340.8027080004103}",0.0004133874289125039,0.0004133874289125039,"{'attempts': [{'attempt': 0, 'deviation': -0.00018356541943376214, 'median_ms': 1340.5565829889383, 'passed': True, 'ratio': 0.9998164345805662}], 'passed': True, 'reference_ms': 1340.8027080004103}",-0.00018356541943376214,-0.00018356541943376214,False,evaluation,valid,0,0,0,21.98337495792657,32000,True,128,1418608,32000,2255.1544988478863,1.0030917084913833,True,1.0024101114467574,0.00012194642689171585,0.9999050947710344,request_arrival,True,1.0000087916924685,-0.0005478772725331341,"{'active_worker_log_present': True, 'completion_count_sufficient': True, 'decode_admission_zero': True, 'memory_clean': False, 'policy_cap_applied': True, 'queue_saturated': True, 'request_count_exact': True, 'sentinel_clean': True, 'steady_duration_sufficient': True, 'token_count_exact': True, 'token_timestamps_valid': True, 'within_block_drift_clean': True, 'within_block_qps_drift_clean': True}",629.0733413749258,501,False,[],"{'active_worker_log_present': True, 'decode_admission_zero': True, 'memory_hard_clean': True, 'policy_cap_applied': True, 'request_count_exact': True, 'token_count_exact': True, 'token_timestamps_valid': True}",['memory_clean'],hard_failures_only
2.0549878164006166,4.0,0,1163872,0.38921106025003815,1,0.0,8.611428707086615,1355.3789417,16,0.4894947535929186,11264,1163888,0,2048,0.03169684809387144,0.0,0,1.0,0.01330861250095243,4.0,2.381679389312977,0.01330861250095243,37.51226562208807,0,642.3250147089711,16,1459585024,1403142144,True,,0.0002519685039370079,0.0,7707181056,7709851648,Mac mini,31750,,False,0.38921106025003815,250,18.286250007804483,1411271344,84,89,5.5,1.5B,1.1167508497248857,1.0070961133112608,128,9.465352523622048,1360.6646255,9.4453649,10.92706495837774,9.616820325984252,17.90618125,1364.99686425,10.81676717,13.857649819692579,19.213608839999996,8509,13,0,0,1558.1904792785645,1459224576,14.731395500000001,16.703868749999998,17.748523659999996,36.64670797297731,22.615270485403016,phasegate4to0,phasegate,True,3.9954740061162077,4.0,4,1.0,1344.9154164991342,1348.44942309428,3486.7375615616975,"{'compressions_delta': 0, 'decompressions_delta': 0, 'experiment_rss_after_bytes': 54591488, 'experiment_rss_before_bytes': 54542336, 'headroom_after_bytes': 8747827200, 'headroom_before_bytes': 8814231552, 'idle_seconds': 30.0, 'memory_free_percent_after': 89, 'memory_free_percent_before': 89, 'minimum_headroom_gb': 6.5, 'observed_minimum_headroom_gb': 8.147048950195312, 'pageins_delta': 166, 'pageouts_delta': 0, 'pages_occupied_by_compressor_delta': 0, 'pages_stored_in_compressor_delta': 0, 'passed': True, 'swap_used_delta_bytes': 0, 'swapins_delta': 0, 'swapouts_delta': 0}",mean,850313601,850318601,1.0,True,5,1459585024,"{'compressions_delta': 0, 'decompressions_delta': 0, 'experiment_rss_after_bytes': 1371963392, 'experiment_rss_before_bytes': 1371930624, 'headroom_after_bytes': 7703773184, 'headroom_before_bytes': 7031652352, 'idle_seconds': 30.0, 'memory_free_percent_after': 89, 'memory_free_percent_before': 84, 'minimum_headroom_gb': 6.5, 'observed_minimum_headroom_gb': 6.548736572265625, 'pageins_delta': 27, 'pageouts_delta': 0, 'pages_occupied_by_compressor_delta': 0, 'pages_stored_in_compressor_delta': 0, 'passed': True, 'swap_used_delta_bytes': 0, 'swapins_delta': 0, 'swapouts_delta': 0}",1316800936,single_index_process_thread_pool,8461.575187480776,9690.90357722016,0.9829839345363186,1854.274920657713,1837.8769216103603,0.9911566516568447,-0.025529685052553867,24054b8c0aaa49f098582d67ece3ea5e,static_evaluation_phasegate4to0_r05_a01,80436,15.208681870717555,"{'attempts': [{'attempt': 0, 'deviation': 0.0003772773496484305, 'median_ms': 1341.308562492486, 'passed': True, 'ratio': 1.0003772773496484}], 'passed': True, 'reference_ms': 1340.8027080004103}",0.0003772773496484305,0.0003772773496484305,"{'attempts': [{'attempt': 0, 'deviation': 0.00018137458353062463, 'median_ms': 1341.0458955331706, 'passed': True, 'ratio': 1.0001813745835306}], 'passed': True, 'reference_ms': 1340.8027080004103}",0.00018137458353062463,0.00018137458353062463,False,evaluation,valid,0,0,0,21.728207997512072,32000,True,128,1186368,32000,1846.990188506869,1.0024751756464136,False,1.0007626346736662,2.1987276447066083e-05,1.000721380537937,request_arrival,True,1.0005206623751688,0.0012208841552795405,"{'active_worker_log_present': True, 'completion_count_sufficient': True, 'decode_admission_zero': True, 'memory_clean': False, 'policy_cap_applied': True, 'queue_saturated': True, 'request_count_exact': True, 'sentinel_clean': True, 'steady_duration_sufficient': True, 'token_count_exact': True, 'token_timestamps_valid': True, 'within_block_drift_clean': True, 'within_block_qps_drift_clean': True}",642.3467429169687,501,False,[],"{'active_worker_log_present': True, 'decode_admission_zero': True, 'memory_hard_clean': True, 'policy_cap_applied': True, 'request_count_exact': True, 'token_count_exact': True, 'token_timestamps_valid': True}",['memory_clean'],hard_failures_only
2.058998296930746,4.0,0,1165584,0.3896825122015733,2,0.0,8.611428707086615,1355.3789417,16,0.4886938577626394,11552,1165584,0,2048,0.03258547008547009,0.0,0,1.0,0.013812576312576312,4.0,2.3591160220994474,0.013812576312576312,38.53201222639911,0,641.5479067499982,16,1458454528,1402748928,True,,0.0001889763779527559,0.0,7686553600,7633846272,Mac mini,31750,,False,0.3896825122015733,250,18.818375014234334,1410140872,84,89,5.5,1.5B,1.1144076312709243,1.0080887757015387,128,9.458070377952755,1360.7459585000001,9.28648095,10.89196506945882,9.596641867322834,18.02946235,1366.34229795,10.641743159999999,13.519173993845456,19.84208374999999,8512,2,0,0,1558.1904792785645,1458094080,14.6759165,16.28908315,17.50164875,37.31387504376471,22.520124999573454,phasegate4to0,phasegate,True,3.996116172842522,4.0,4,1.0,1344.8406039969996,1349.3190249893814,3493.737214838415,"{'compressions_delta': 0, 'decompressions_delta': 0, 'experiment_rss_after_bytes': 54558720, 'experiment_rss_before_bytes': 54509568, 'headroom_after_bytes': 8863809536, 'headroom_before_bytes': 8843935744, 'idle_seconds': 30.0, 'memory_free_percent_after': 89, 'memory_free_percent_before': 89, 'minimum_headroom_gb': 6.5, 'observed_minimum_headroom_gb': 8.236557006835938, 'pageins_delta': 4, 'pageouts_delta': 0, 'pages_occupied_by_compressor_delta': 0, 'pages_stored_in_compressor_delta': 0, 'passed': True, 'swap_used_delta_bytes': 0, 'swapins_delta': 0, 'swapouts_delta': 0}",mean,850313601,850318601,1.0,True,5,1458454528,"{'compressions_delta': 0, 'decompressions_delta': 0, 'experiment_rss_after_bytes': 1371586560, 'experiment_rss_before_bytes': 1371586560, 'headroom_after_bytes': 7626637312, 'headroom_before_bytes': 7085146112, 'idle_seconds': 30.0, 'memory_free_percent_after': 89, 'memory_free_percent_before': 83, 'minimum_headroom_gb': 6.5, 'observed_minimum_headroom_gb': 6.5985565185546875, 'pageins_delta': 12, 'pageouts_delta': 0, 'pages_occupied_by_compressor_delta': 0, 'pages_stored_in_compressor_delta': 0, 'passed': True, 'swap_used_delta_bytes': 0, 'swapins_delta': 0, 'swapouts_delta': 0}",1316129168,single_index_process_thread_pool,8436.936999991303,9667.550226853928,0.9830173530169213,1863.3790616738158,1840.3181223792974,0.9876241287836499,-0.0359465651211518,571f462fda694d33a3f0d14e20caeb07,static_evaluation_phasegate4to0_r05_a02,80443,15.399745956528932,"{'attempts': [{'attempt': 0, 'deviation': 0.0003966847552461239, 'median_ms': 1341.3345839944668, 'passed': True, 'ratio': 1.0003966847552461}], 'passed': True, 'reference_ms': 1340.8027080004103}",0.0003966847552461239,0.0003966847552461239,"{'attempts': [{'attempt': 0, 'deviation': 0.0002584433158110411, 'median_ms': 1341.1492294981144, 'passed': True, 'ratio': 1.000258443315811}], 'passed': True, 'reference_ms': 1340.8027080004103}",0.0002584433158110411,0.0002584433158110411,False,evaluation,valid,0,0,0,21.909500006586313,32000,True,128,1188416,32000,1852.4197296821799,0.9950033815556676,False,1.0021774980335036,0.00012890783151769814,0.9992664638459843,request_arrival,True,1.0002430942406184,0.00020999303470203606,"{'active_worker_log_present': True, 'completion_count_sufficient': True, 'decode_admission_zero': True, 'memory_clean': False, 'policy_cap_applied': True, 'queue_saturated': True, 'request_count_exact': True, 'sentinel_clean': True, 'steady_duration_sufficient': True, 'token_count_exact': True, 'token_timestamps_valid': True, 'within_block_drift_clean': True, 'within_block_qps_drift_clean': True}",641.5698162500048,501,False,[],"{'active_worker_log_present': True, 'decode_admission_zero': True, 'memory_hard_clean': True, 'policy_cap_applied': True, 'request_count_exact': True, 'token_count_exact': True, 'token_timestamps_valid': True}",['memory_clean'],hard_failures_only
2.9980132606037806,3.0,652784,921296,0.37834889420423473,1,0.0,8.611428707086615,1355.3789417,16,1.0,652768,921280,0,2048,2.998551044966723,3.0,3,1.0,0.0,0.0,0.0,1.0,2036.5070872517983,0,660.7657742090523,16,1454931968,1402683392,True,3,0.0,0.0,7689764864,7638695936,Mac mini,31750,,False,0.37834889420423473,250,14.440374972764403,1406618288,84,89,5.5,1.5B,1.1710869262492771,1.0058208411369476,128,10.02580298425197,1359.2640415,11.877850649999996,10.922356075025164,10.08473157519685,19.2479141,1363.2683872,13.05258408,12.926114888396112,20.31996776,9181,27,0,0,1558.1904792785645,1454587904,13.056771,13.45990815,13.670499999999999,25.092916970606893,4.067582980496809,fixed3,fixed,True,2.9975106363718655,3.0,3,1.0,1342.9178750084247,1346.1741270235507,2761.549001613068,"{'compressions_delta': 0, 'decompressions_delta': 0, 'experiment_rss_after_bytes': 54607872, 'experiment_rss_before_bytes': 54558720, 'headroom_after_bytes': 8881651712, 'headroom_before_bytes': 8915664896, 'idle_seconds': 30.0, 'memory_free_percent_after': 89, 'memory_free_percent_before': 89, 'minimum_headroom_gb': 6.5, 'observed_minimum_headroom_gb': 8.271682739257812, 'pageins_delta': 161, 'pageouts_delta': 0, 'pages_occupied_by_compressor_delta': 0, 'pages_stored_in_compressor_delta': 0, 'passed': True, 'swap_used_delta_bytes': 0, 'swapins_delta': 0, 'swapouts_delta': 0}",mean,850313601,850318601,1.0,True,5,1454931968,"{'compressions_delta': 0, 'decompressions_delta': 0, 'experiment_rss_after_bytes': 1371570176, 'experiment_rss_before_bytes': 1371570176, 'headroom_after_bytes': 7630209024, 'headroom_before_bytes': 7091273728, 'idle_seconds': 30.0, 'memory_free_percent_after': 89, 'memory_free_percent_before': 82, 'minimum_headroom_gb': 6.5, 'observed_minimum_headroom_gb': 6.6042633056640625, 'pageins_delta': 11, 'pageouts_delta': 0, 'pages_occupied_by_compressor_delta': 0, 'pages_stored_in_compressor_delta': 0, 'passed': True, 'swap_used_delta_bytes': 0, 'swapins_delta': 0, 'swapouts_delta': 0}",1316129192,single_index_process_thread_pool,5114.716979005607,5340.794033117709,0.9973157901298889,2413.4734101057898,2409.8333410197747,0.9984917716222713,-0.005508977096398571,f96d534319d44c25b9849488c6287a80,static_evaluation_fixed3_r05_a01,85064,1.9882807973772287,"{'attempts': [{'attempt': 0, 'deviation': 0.0003835079618421666, 'median_ms': 1341.316916514188, 'passed': True, 'ratio': 1.0003835079618422}], 'passed': True, 'reference_ms': 1340.8027080004103}",0.0003835079618421666,0.0003835079618421666,"{'attempts': [{'attempt': 0, 'deviation': 0.0001399352016722144, 'median_ms': 1340.990333497757, 'passed': True, 'ratio': 1.0001399352016722}], 'passed': True, 'reference_ms': 1340.8027080004103}",0.0001399352016722144,0.0001399352016722144,False,evaluation,valid,0,0,0,22.138833010103554,32000,True,128,1593728,32000,2411.9409058493065,1.003452269535163,False,1.0008631117888336,3.497606263840779e-05,1.000630956657607,request_arrival,True,1.0001526547622164,7.864401425555321e-05,"{'active_worker_log_present': True, 'completion_count_sufficient': True, 'decode_admission_zero': True, 'memory_clean': False, 'policy_cap_applied': True, 'queue_saturated': True, 'request_count_exact': True, 'sentinel_clean': True, 'steady_duration_sufficient': True, 'token_count_exact': True, 'token_timestamps_valid': True, 'within_block_drift_clean': True, 'within_block_qps_drift_clean': True}",660.7879130420624,1,False,[],"{'active_worker_log_present': True, 'decode_admission_zero': True, 'memory_hard_clean': True, 'policy_cap_applied': True, 'request_count_exact': True, 'token_count_exact': True, 'token_timestamps_valid': True}",['memory_clean'],hard_failures_only
2.9975721575976144,3.0,644000,914496,0.37936491838357067,2,0.0,8.611428707086615,1355.3789417,16,1.0,644000,914496,0,2048,2.9978509497813897,3.0,3,1.0,0.0,0.0,0.0,1.0,2019.9724955468075,0,658.9960955409915,16,1460977664,1402716160,True,3,0.0,0.0,7677362176,7577796608,Mac mini,31750,,False,0.37936491838357067,250,13.805583002977073,1412713208,84,89,5.5,1.5B,1.1642742860533417,1.0054344566477929,128,9.971071523622047,1359.115,10.972327049999997,10.851924860617146,10.02606500984252,18.44331235,1362.7446898,12.91609408,12.859237758675588,20.08888166,9420,13,0,0,1558.1904792785645,1460617216,12.998729,13.4267458,13.6182405,23.452333000022918,4.018499486846849,fixed3,fixed,True,2.997353958884592,3.0,3,1.0,1342.8759374946821,1346.032549830852,2740.981116449546,"{'compressions_delta': 0, 'decompressions_delta': 0, 'experiment_rss_after_bytes': 54542336, 'experiment_rss_before_bytes': 54493184, 'headroom_after_bytes': 8875163648, 'headroom_before_bytes': 8864677888, 'idle_seconds': 30.0, 'memory_free_percent_after': 89, 'memory_free_percent_before': 89, 'minimum_headroom_gb': 6.5, 'observed_minimum_headroom_gb': 8.255874633789062, 'pageins_delta': 4, 'pageouts_delta': 0, 'pages_occupied_by_compressor_delta': 0, 'pages_stored_in_compressor_delta': 0, 'passed': True, 'swap_used_delta_bytes': 0, 'swapins_delta': 0, 'swapouts_delta': 0}",mean,850313601,850318601,1.0,True,5,1460977664,"{'compressions_delta': 0, 'decompressions_delta': 0, 'experiment_rss_after_bytes': 1371717632, 'experiment_rss_before_bytes': 1371668480, 'headroom_after_bytes': 7570997248, 'headroom_before_bytes': 7086620672, 'idle_seconds': 30.0, 'memory_free_percent_after': 89, 'memory_free_percent_before': 82, 'minimum_headroom_gb': 6.5, 'observed_minimum_headroom_gb': 6.5999298095703125, 'pageins_delta': 19, 'pageouts_delta': 0, 'pages_occupied_by_compressor_delta': 0, 'pages_stored_in_compressor_delta': 0, 'passed': True, 'swap_used_delta_bytes': 0, 'swapins_delta': 0, 'swapouts_delta': 0}",1316309464,single_index_process_thread_pool,5126.237666991074,5445.00713738089,0.9940617093149146,2398.5610619338436,2387.9455046507837,0.9955741976089193,-0.016108978454290414,1af8e4cca7b44519a7f2c3d30513a3ff,static_evaluation_fixed3_r05_a02,84849,1.8965868512168527,"{'attempts': [{'attempt': 0, 'deviation': 0.0002863489880082781, 'median_ms': 1341.186645498965, 'passed': True, 'ratio': 1.0002863489880083}], 'passed': True, 'reference_ms': 1340.8027080004103}",0.0002863489880082781,0.0002863489880082781,"{'attempts': [{'attempt': 0, 'deviation': 1.9111939801863542e-06, 'median_ms': 1340.8052705344744, 'passed': True, 'ratio': 1.0000019111939802}], 'passed': True, 'reference_ms': 1340.8027080004103}",1.9111939801863542e-06,1.9111939801863542e-06,False,evaluation,valid,0,0,0,22.405333002097905,32000,True,128,1577440,32000,2393.701587419919,1.0013439080844884,False,1.0013235630477837,2.3421304333999257e-05,0.9977173609105328,request_arrival,True,0.9996644442601901,-0.0018760652508744795,"{'active_worker_log_present': True, 'completion_count_sufficient': True, 'decode_admission_zero': True, 'memory_clean': False, 'policy_cap_applied': True, 'queue_saturated': True, 'request_count_exact': True, 'sentinel_clean': True, 'steady_duration_sufficient': True, 'token_count_exact': True, 'token_timestamps_valid': True, 'within_block_drift_clean': True, 'within_block_qps_drift_clean': True}",659.0185008739936,1,False,[],"{'active_worker_log_present': True, 'decode_admission_zero': True, 'memory_hard_clean': True, 'policy_cap_applied': True, 'request_count_exact': True, 'token_count_exact': True, 'token_timestamps_valid': True}",['memory_clean'],hard_failures_only
3.5036835793132144,4.0,654224,1166528,0.37948849055873923,1,0.0,8.611428707086615,1355.3789417,16,0.4976013902146511,657200,1166576,0,2048,3.0071075477730504,3.0,3,1.0,0.009148815818597673,1.0,1.0,1.0,2067.1567252700843,0,658.7815077920095,16,1459339264,1402617856,True,,0.0,0.0,7698268160,7592116224,Mac mini,31750,,False,0.37948849055873923,250,13.85004201438278,1411025608,84,89,5.5,1.5B,1.1617398767946656,1.0068006059533718,128,9.948467681102361,1360.2567915,11.028466999999994,10.903114403481595,10.004240125196851,18.901117,1364.5963398,12.75944833,12.757839295081792,20.700919079999995,9131,18,0,0,1558.1904792785645,1458978816,12.889125,13.281229499999998,13.438269079999998,46.420208003837615,17.948395980056375,phasegate4to3,phasegate,True,3.9955012224938877,4.0,4,1.0,1343.8698329846375,1347.3712918552337,3494.4272989959672,"{'compressions_delta': 0, 'decompressions_delta': 0, 'experiment_rss_after_bytes': 54591488, 'experiment_rss_before_bytes': 54525952, 'headroom_after_bytes': 8823341056, 'headroom_before_bytes': 8898985984, 'idle_seconds': 30.0, 'memory_free_percent_after': 89, 'memory_free_percent_before': 89, 'minimum_headroom_gb': 6.5, 'observed_minimum_headroom_gb': 8.217376708984375, 'pageins_delta': 171, 'pageouts_delta': 0, 'pages_occupied_by_compressor_delta': 0, 'pages_stored_in_compressor_delta': 0, 'passed': True, 'swap_used_delta_bytes': 0, 'swapins_delta': 0, 'swapouts_delta': 0}",mean,850313601,850318601,1.0,True,5,1459339264,"{'compressions_delta': 0, 'decompressions_delta': 0, 'experiment_rss_after_bytes': 1371406336, 'experiment_rss_before_bytes': 1371389952, 'headroom_after_bytes': 7576780800, 'headroom_before_bytes': 7061487616, 'idle_seconds': 30.0, 'memory_free_percent_after': 89, 'memory_free_percent_before': 83, 'minimum_headroom_gb': 6.5, 'observed_minimum_headroom_gb': 6.5765228271484375, 'pageins_delta': 10, 'pageouts_delta': 0, 'pages_occupied_by_compressor_delta': 0, 'pages_stored_in_compressor_delta': 0, 'passed': True, 'swap_used_delta_bytes': 0, 'swapins_delta': 0, 'swapouts_delta': 0}",1315965352,single_index_process_thread_pool,5249.456520483363,9778.549880979699,0.9939699454131236,2806.455098365652,2794.9090484667167,0.9958858953753941,-0.01752673980055642,4e6cca82687f4ff69e01d2e07ba7a0a6,static_evaluation_phasegate4to3_r05_a01,81714,13.561795291025192,"{'attempts': [{'attempt': 0, 'deviation': 0.00034376238563371686, 'median_ms': 1341.2636255379766, 'passed': True, 'ratio': 1.0003437623856337}], 'passed': True, 'reference_ms': 1340.8027080004103}",0.00034376238563371686,0.00034376238563371686,"{'attempts': [{'attempt': 0, 'deviation': 5.392294200046166e-06, 'median_ms': 1340.8099380030762, 'passed': True, 'ratio': 1.0000053922942}], 'passed': True, 'reference_ms': 1340.8027080004103}",5.392294200046166e-06,5.392294200046166e-06,False,evaluation,valid,0,0,0,21.642540988978,32000,True,128,1846208,32000,2802.4587487098756,1.0000373458593514,False,1.0010772811013402,1.5265339498331873e-05,0.9992045743111687,request_arrival,True,1.0001607489633346,-0.00019059483736356926,"{'active_worker_log_present': True, 'completion_count_sufficient': True, 'decode_admission_zero': True, 'memory_clean': False, 'policy_cap_applied': True, 'queue_saturated': True, 'request_count_exact': True, 'sentinel_clean': True, 'steady_duration_sufficient': True, 'token_count_exact': True, 'token_timestamps_valid': True, 'within_block_drift_clean': True, 'within_block_qps_drift_clean': True}",658.8031503329985,501,False,[],"{'active_worker_log_present': True, 'decode_admission_zero': True, 'memory_hard_clean': True, 'policy_cap_applied': True, 'request_count_exact': True, 'token_count_exact': True, 'token_timestamps_valid': True}",['memory_clean'],hard_failures_only
3.503278287461774,4.0,653504,1165328,0.37956665553600405,2,0.0,8.611428707086615,1355.3789417,16,0.4979816513761468,656480,1165296,0,2048,3.0070989928764433,3.0,3,1.0,0.008941292065831491,1.0,1.0,1.0,2064.5588281680098,0,658.6458435000386,16,1459027968,1402568704,True,,0.0,0.0,7726841856,7574847488,Mac mini,31750,,False,0.37956665553600405,250,14.31337499525398,1410747104,84,89,5.5,1.5B,1.161493506069299,1.0067567453043895,128,9.945983267716535,1359.766021,11.075971149999996,10.95186077291146,10.002118521259844,18.6096109,1364.536892,12.85750725,12.842762501677496,20.568705909999988,8666,4,0,0,1558.1904792785645,1458683904,12.991083499999998,13.31401645,13.457523409999999,46.75325000425801,17.287896014750004,phasegate4to3,phasegate,True,3.9954978100760967,4.0,4,1.0,1343.7785000132862,1347.5256773090223,3493.570835445352,"{'compressions_delta': 0, 'decompressions_delta': 0, 'experiment_rss_after_bytes': 54837248, 'experiment_rss_before_bytes': 54788096, 'headroom_after_bytes': 8722251776, 'headroom_before_bytes': 8851324928, 'idle_seconds': 30.0, 'memory_free_percent_after': 89, 'memory_free_percent_before': 89, 'minimum_headroom_gb': 6.5, 'observed_minimum_headroom_gb': 8.12322998046875, 'pageins_delta': 81, 'pageouts_delta': 0, 'pages_occupied_by_compressor_delta': 0, 'pages_stored_in_compressor_delta': 0, 'passed': True, 'swap_used_delta_bytes': 0, 'swapins_delta': 0, 'swapouts_delta': 0}",mean,850313601,850318601,1.0,True,5,1459027968,"{'compressions_delta': 0, 'decompressions_delta': 1, 'experiment_rss_after_bytes': 1371422720, 'experiment_rss_before_bytes': 1371422720, 'headroom_after_bytes': 7566442496, 'headroom_before_bytes': 6993264640, 'idle_seconds': 30.0, 'memory_free_percent_after': 89, 'memory_free_percent_before': 82, 'minimum_headroom_gb': 6.5, 'observed_minimum_headroom_gb': 6.5129852294921875, 'pageins_delta': 28, 'pageouts_delta': 0, 'pages_occupied_by_compressor_delta': 0, 'pages_stored_in_compressor_delta': -1, 'passed': True, 'swap_used_delta_bytes': 0, 'swapins_delta': 0, 'swapouts_delta': 0}",1315998144,single_index_process_thread_pool,5261.831708019599,9814.613168442156,0.9934711744870607,2805.757730796624,2793.0933071058503,0.9954862732616697,-0.019228350756003078,088daf1a1d2c49a1bbabc4a44d0fe980,static_evaluation_phasegate4to3_r05_a02,81750,13.996169087477028,"{'attempts': [{'attempt': 0, 'deviation': 6.347318144572789e-05, 'median_ms': 1340.8878130139783, 'passed': True, 'ratio': 1.0000634731814457}], 'passed': True, 'reference_ms': 1340.8027080004103}",6.347318144572789e-05,6.347318144572789e-05,"{'attempts': [{'attempt': 0, 'deviation': -5.115107256581375e-05, 'median_ms': 1340.734124503797, 'passed': True, 'ratio': 0.9999488489274342}], 'passed': True, 'reference_ms': 1340.8027080004103}",-5.115107256581375e-05,-5.115107256581375e-05,False,evaluation,valid,0,0,0,21.95020904764533,32000,True,128,1844272,32000,2800.096619754789,1.0020619100172152,False,1.0007894227585854,1.4306400793952058e-05,1.0004804911278056,request_arrival,True,1.0001767904019265,5.267440067064523e-06,"{'active_worker_log_present': True, 'completion_count_sufficient': True, 'decode_admission_zero': True, 'memory_clean': False, 'policy_cap_applied': True, 'queue_saturated': True, 'request_count_exact': True, 'sentinel_clean': True, 'steady_duration_sufficient': True, 'token_count_exact': True, 'token_timestamps_valid': True, 'within_block_drift_clean': True, 'within_block_qps_drift_clean': True}",658.6677937090863,501,False,[],"{'active_worker_log_present': True, 'decode_admission_zero': True, 'memory_hard_clean': True, 'policy_cap_applied': True, 'request_count_exact': True, 'token_count_exact': True, 'token_timestamps_valid': True}",['memory_clean'],hard_failures_only
3.9956240627381567,4.0,859952,1166208,0.36958904662384406,1,0.0,8.611428707086615,1355.3789417,16,0.0,859984,1166208,0,2048,3.9957617666741023,4.0,4,1.0,0.0,0.0,0.0,1.0,2561.636561075541,0,676.4269728329964,16,1459208192,1402896384,True,4,9.448818897637796e-05,0.0,7700480000,7595442176,Mac mini,31750,,False,0.36958904662384406,250,19.848458003252745,1410829024,84,89,5.5,1.5B,1.2267453378334845,1.0065560323217466,128,10.504759023622046,1360.032104,11.849353499999998,12.283970971475355,10.564030018503937,18.986918449999994,1364.26484985,13.79185476,14.217044821707532,20.994410499999994,8549,25,0,0,1558.1904792785645,1458847744,14.715021,16.25382745,17.868985169999984,22.6103329914622,4.785124969203025,fixed4,fixed,True,3.9955177819143723,4.0,4,1.0,1343.7999590241816,1346.8166107311845,3496.6698166601723,"{'compressions_delta': 0, 'decompressions_delta': 0, 'experiment_rss_after_bytes': 54820864, 'experiment_rss_before_bytes': 54771712, 'headroom_after_bytes': 8856682496, 'headroom_before_bytes': 8891088896, 'idle_seconds': 30.0, 'memory_free_percent_after': 89, 'memory_free_percent_before': 89, 'minimum_headroom_gb': 6.5, 'observed_minimum_headroom_gb': 8.248428344726562, 'pageins_delta': 163, 'pageouts_delta': 0, 'pages_occupied_by_compressor_delta': 0, 'pages_stored_in_compressor_delta': 0, 'passed': True, 'swap_used_delta_bytes': 0, 'swapins_delta': 0, 'swapouts_delta': 0}",mean,850313601,850318601,1.0,True,5,1459208192,"{'compressions_delta': 0, 'decompressions_delta': 0, 'experiment_rss_after_bytes': 1371701248, 'experiment_rss_before_bytes': 1371701248, 'headroom_after_bytes': 7566229504, 'headroom_before_bytes': 7062536192, 'idle_seconds': 30.0, 'memory_free_percent_after': 89, 'memory_free_percent_before': 82, 'minimum_headroom_gb': 6.5, 'observed_minimum_headroom_gb': 6.5774993896484375, 'pageins_delta': 39, 'pageouts_delta': 0, 'pages_occupied_by_compressor_delta': 0, 'pages_stored_in_compressor_delta': 0, 'passed': True, 'swap_used_delta_bytes': 0, 'swapins_delta': 0, 'swapouts_delta': 0}",1316276672,single_index_process_thread_pool,5402.873458515387,5613.200178853003,0.9966552488141258,3035.8255092950544,3030.8068210372558,0.9983468456133489,-0.007419548181278112,a719af18e7d04eeb96e3d3691d26e2cc,static_evaluation_fixed4_r05_a01,81354,3.7260966491885483,"{'attempts': [{'attempt': 0, 'deviation': 0.0003098737264122242, 'median_ms': 1341.218187531922, 'passed': True, 'ratio': 1.0003098737264122}], 'passed': True, 'reference_ms': 1340.8027080004103}",0.0003098737264122242,0.0003098737264122242,"{'attempts': [{'attempt': 0, 'deviation': -0.00013154433771478402, 'median_ms': 1340.6263329961803, 'passed': True, 'ratio': 0.9998684556622852}], 'passed': True, 'reference_ms': 1340.8027080004103}",-0.00013154433771478402,-0.00013154433771478402,False,evaluation,valid,0,0,0,22.175666003022343,32000,True,128,2052256,32000,3033.9653538722546,1.0002667164236654,False,1.0004541354637755,1.3872062087236416e-05,1.0011995490285277,request_arrival,True,1.0002882219780505,0.0012809960162281212,"{'active_worker_log_present': True, 'completion_count_sufficient': True, 'decode_admission_zero': True, 'memory_clean': False, 'policy_cap_applied': True, 'queue_saturated': True, 'request_count_exact': True, 'sentinel_clean': True, 'steady_duration_sufficient': True, 'token_count_exact': True, 'token_timestamps_valid': True, 'within_block_drift_clean': True, 'within_block_qps_drift_clean': True}",676.4491484989994,1,False,[],"{'active_worker_log_present': True, 'decode_admission_zero': True, 'memory_hard_clean': True, 'policy_cap_applied': True, 'request_count_exact': True, 'token_count_exact': True, 'token_timestamps_valid': True}",['memory_clean'],hard_failures_only
3.996057237609777,4.0,857488,1164048,0.36954815631293425,2,0.0,8.611428707086615,1355.3789417,16,0.0,857456,1164016,0,2048,3.996359854394176,4.0,4,1.0,0.0,0.0,0.0,1.0,2553.9851485837207,0,676.5018191250274,16,1459388416,1403158528,True,4,6.299212598425197e-05,0.0,7724826624,7543996416,Mac mini,31750,,False,0.36954815631293425,250,19.70487501239404,1410976456,84,89,5.5,1.5B,1.2269120861614828,1.0064662281007608,128,10.503199311023621,1360.2490630000002,12.163994099999998,12.18998313124757,10.56546595984252,19.79405855,1364.1431311000001,14.10326383,14.007239931379436,21.210632909999994,8696,30,0,0,1558.1904792785645,1458995200,14.471271,15.88565465,16.844536579999996,23.07620894862339,4.72281250404194,fixed4,fixed,True,3.995742910968121,4.0,4,1.0,1343.8659999810625,1345.774382998934,3486.9665033201372,"{'compressions_delta': 0, 'decompressions_delta': 0, 'experiment_rss_after_bytes': 54951936, 'experiment_rss_before_bytes': 54902784, 'headroom_after_bytes': 8862810112, 'headroom_before_bytes': 8854437888, 'idle_seconds': 30.0, 'memory_free_percent_after': 89, 'memory_free_percent_before': 89, 'minimum_headroom_gb': 6.5, 'observed_minimum_headroom_gb': 8.246337890625, 'pageins_delta': 10, 'pageouts_delta': 0, 'pages_occupied_by_compressor_delta': 0, 'pages_stored_in_compressor_delta': 0, 'passed': True, 'swap_used_delta_bytes': 0, 'swapins_delta': 0, 'swapouts_delta': 0}",mean,850313601,850318601,1.0,True,5,1459388416,"{'compressions_delta': 0, 'decompressions_delta': 0, 'experiment_rss_after_bytes': 1371963392, 'experiment_rss_before_bytes': 1371963392, 'headroom_after_bytes': 7539900416, 'headroom_before_bytes': 7093977088, 'idle_seconds': 30.0, 'memory_free_percent_after': 89, 'memory_free_percent_before': 82, 'minimum_headroom_gb': 6.5, 'observed_minimum_headroom_gb': 6.606781005859375, 'pageins_delta': 87, 'pageouts_delta': 0, 'pages_occupied_by_compressor_delta': 0, 'pages_stored_in_compressor_delta': 0, 'passed': True, 'swap_used_delta_bytes': 0, 'swapins_delta': 0, 'swapouts_delta': 0}",1316538816,single_index_process_thread_pool,5415.574292012025,5636.690287239617,0.9947680567582893,3032.037117866322,3019.994659904332,0.9960282616954027,-0.01780140636863074,915a0f4590c94108bd894225bc9237db,static_evaluation_fixed4_r05_a02,81415,2.8529888950288296,"{'attempts': [{'attempt': 0, 'deviation': 0.000240682678368076, 'median_ms': 1341.1254159873351, 'passed': True, 'ratio': 1.000240682678368}], 'passed': True, 'reference_ms': 1340.8027080004103}",0.000240682678368076,0.000240682678368076,"{'attempts': [{'attempt': 0, 'deviation': 9.931848758437667e-05, 'median_ms': 1340.935874497518, 'passed': True, 'ratio': 1.0000993184875844}], 'passed': True, 'reference_ms': 1340.8027080004103}",9.931848758437667e-05,9.931848758437667e-05,False,evaluation,valid,0,0,0,21.85950003331527,32000,True,128,2047440,32000,3026.5107086454163,1.0018267428875889,False,1.001236253458536,3.672530355527915e-05,1.0006148771207948,request_arrival,True,1.0000955421031283,-0.00010414786986497668,"{'active_worker_log_present': True, 'completion_count_sufficient': True, 'decode_admission_zero': True, 'memory_clean': False, 'policy_cap_applied': True, 'queue_saturated': True, 'request_count_exact': True, 'sentinel_clean': True, 'steady_duration_sufficient': True, 'token_count_exact': True, 'token_timestamps_valid': True, 'within_block_drift_clean': True, 'within_block_qps_drift_clean': True}",676.5236786250607,1,False,[],"{'active_worker_log_present': True, 'decode_admission_zero': True, 'memory_hard_clean': True, 'policy_cap_applied': True, 'request_count_exact': True, 'token_count_exact': True, 'token_timestamps_valid': True}",['memory_clean'],hard_failures_only
0.023906839508561477,0.0,0,0,0.40895686883943,1,0.0,8.611428707086615,1355.3789417,16,0.9981256650865822,0,14432,0,2048,0.0,0.0,0,1.0,0.0,0.0,0.0,0.0,0.0,15,611.3114097079961,16,1459683328,1402732544,True,,3.1496062992125985e-05,0.0,7691616256,7548633088,Mac mini,31750,,True,0.40895686883943,250,23.061208019498736,1411369648,84,89,5.5,1.5B,1.0068714017421727,1.0021900916479318,128,8.517404692913384,1354.394563,9.217477399999998,9.221766144037247,8.670601293307087,14.57028735,1358.3473457999999,10.30953041,10.345732769928873,15.925033509999999,20006,172,-4,-15,1558.1904792785645,1459322880,10.469458,10.8909958,11.16357408,16.157583973836154,3.3132919925265014,fixed0,fixed0,True,0.03003809817437072,0.0,0,1.0,1341.3837709813379,1344.315006409306,43.33210393456845,"{'compressions_delta': 0, 'decompressions_delta': 0, 'experiment_rss_after_bytes': 54837248, 'experiment_rss_before_bytes': 54788096, 'headroom_after_bytes': 8836874240, 'headroom_before_bytes': 8875147264, 'idle_seconds': 30.0, 'memory_free_percent_after': 89, 'memory_free_percent_before': 89, 'minimum_headroom_gb': 6.5, 'observed_minimum_headroom_gb': 8.22998046875, 'pageins_delta': 33, 'pageouts_delta': 0, 'pages_occupied_by_compressor_delta': 0, 'pages_stored_in_compressor_delta': 0, 'passed': True, 'swap_used_delta_bytes': 0, 'swapins_delta': 0, 'swapouts_delta': 0}",mean,850313601,850318601,1.0,True,5,1459683328,"{'compressions_delta': 0, 'decompressions_delta': 0, 'experiment_rss_after_bytes': 1371586560, 'experiment_rss_before_bytes': 1371570176, 'headroom_after_bytes': 7537983488, 'headroom_before_bytes': 7036993536, 'idle_seconds': 30.0, 'memory_free_percent_after': 89, 'memory_free_percent_before': 82, 'minimum_headroom_gb': 6.5, 'observed_minimum_headroom_gb': 6.5537109375, 'pageins_delta': 7, 'pageouts_delta': 0, 'pages_occupied_by_compressor_delta': 0, 'pages_stored_in_compressor_delta': 0, 'passed': True, 'swap_used_delta_bytes': 0, 'swapins_delta': 0, 'swapouts_delta': 0}",1316145576,single_index_process_thread_pool,479704.63752100477,481785.2420169831,0.9819211773141653,26.36251218460326,26.060854627070913,0.9885573288531839,-0.0004934701368789336,2a67033eaf6e415fbdb2685e9c67d19d,static_evaluation_fixed0_r05_a01,82696,8.196166425477713,"{'attempts': [{'attempt': 0, 'deviation': 0.00039739926065496256, 'median_ms': 1341.335542005254, 'passed': True, 'ratio': 1.000397399260655}], 'passed': True, 'reference_ms': 1340.8027080004103}",0.00039739926065496256,0.00039739926065496256,"{'attempts': [{'attempt': 0, 'deviation': -2.8232351615198326e-05, 'median_ms': 1340.7648539869115, 'passed': True, 'ratio': 0.9999717676483848}], 'passed': True, 'reference_ms': 1340.8027080004103}",-2.8232351615198326e-05,-2.8232351615198326e-05,False,evaluation,valid,0,0,0,22.12291699834168,32000,True,128,16528,32000,27.036956512712397,1.0279813954411527,True,1.0182584707867428,0.0003657250640654723,0.9994538766844354,request_arrival,True,0.9998664734977115,-0.0003150183107030382,"{'active_worker_log_present': True, 'completion_count_sufficient': True, 'decode_admission_zero': True, 'memory_clean': False, 'policy_cap_applied': True, 'queue_saturated': True, 'request_count_exact': True, 'sentinel_clean': True, 'steady_duration_sufficient': True, 'token_count_exact': True, 'token_timestamps_valid': True, 'within_block_drift_clean': True, 'within_block_qps_drift_clean': True}",611.3335326249944,501,False,[],"{'active_worker_log_present': True, 'decode_admission_zero': True, 'memory_hard_clean': True, 'policy_cap_applied': True, 'request_count_exact': True, 'token_count_exact': True, 'token_timestamps_valid': True}",['memory_clean'],hard_failures_only
0.02300445130704368,0.0,0,0,0.4067949376423464,2,0.0,8.611428707086615,1355.3789417,16,0.9981905255919997,0,14320,0,2048,0.0,0.0,0,1.0,0.0,0.0,0.0,0.0,0.0,0,614.5602535000071,16,1453735936,1403060224,True,,6.299212598425197e-05,0.0,7774994432,7624753152,Mac mini,31750,,True,0.4067949376423464,250,21.163124998565763,1405405848,84,89,5.5,1.5B,1.0348573445830485,1.0019475768501236,128,8.626846948818898,1354.297729,9.4021285,9.381920672603883,8.911600244881889,14.74842095,1358.01864635,10.498876339999999,10.581168182543479,16.39267867,10980,154,0,0,1558.1904792785645,1453408256,10.69875,11.2977439,11.702532739999999,17.471458006184548,3.803728992352262,fixed0,fixed0,True,0.028859104859899756,0.0,0,1.0,1341.4411669946276,1344.1943546553375,42.98808646555942,"{'compressions_delta': 0, 'decompressions_delta': 0, 'experiment_rss_after_bytes': 55132160, 'experiment_rss_before_bytes': 55083008, 'headroom_after_bytes': 8425635840, 'headroom_before_bytes': 8409939968, 'idle_seconds': 30.0, 'memory_free_percent_after': 89, 'memory_free_percent_before': 89, 'minimum_headroom_gb': 6.5, 'observed_minimum_headroom_gb': 7.832366943359375, 'pageins_delta': 5, 'pageouts_delta': 0, 'pages_occupied_by_compressor_delta': 0, 'pages_stored_in_compressor_delta': 0, 'passed': True, 'swap_used_delta_bytes': 0, 'swapins_delta': 0, 'swapouts_delta': 0}",mean,850313601,850318601,1.0,True,5,1453735936,"{'compressions_delta': 0, 'decompressions_delta': 22, 'experiment_rss_after_bytes': 1371930624, 'experiment_rss_before_bytes': 1371963392, 'headroom_after_bytes': 7600209920, 'headroom_before_bytes': 7362019328, 'idle_seconds': 30.0, 'memory_free_percent_after': 89, 'memory_free_percent_before': 84, 'minimum_headroom_gb': 6.5, 'observed_minimum_headroom_gb': 6.856414794921875, 'pageins_delta': 411, 'pageouts_delta': 0, 'pages_occupied_by_compressor_delta': -3, 'pages_stored_in_compressor_delta': -22, 'passed': True, 'swap_used_delta_bytes': 0, 'swapins_delta': 0, 'swapouts_delta': 0}",1316489640,single_index_process_thread_pool,481349.38541648444,488853.4010892996,0.9737290032569627,26.3024112896195,25.753218780372414,0.9791200698977804,-0.000893654505917729,4d9803a3e632479d9c1741ab1f577168,static_evaluation_fixed0_r05_a02,82897,9.361712087411433,"{'attempts': [{'attempt': 0, 'deviation': 0.0002677970483602188, 'median_ms': 1341.1617710080463, 'passed': True, 'ratio': 1.0002677970483602}], 'passed': True, 'reference_ms': 1340.8027080004103}",0.0002677970483602188,0.0002677970483602188,"{'attempts': [{'attempt': 0, 'deviation': 6.376812629182993e-05, 'median_ms': 1340.8882084768265, 'passed': True, 'ratio': 1.0000637681262918}], 'passed': True, 'reference_ms': 1340.8027080004103}",6.376812629182993e-05,6.376812629182993e-05,False,evaluation,valid,0,0,0,22.11233403068036,32000,True,128,16544,32000,26.92006179341992,1.0326229477234359,True,1.0113414431507795,0.0004186476009742542,0.9986161810665929,request_arrival,True,1.0001793673787327,-0.0005343376025501057,"{'active_worker_log_present': True, 'completion_count_sufficient': True, 'decode_admission_zero': True, 'memory_clean': False, 'policy_cap_applied': True, 'queue_saturated': True, 'request_count_exact': True, 'sentinel_clean': True, 'steady_duration_sufficient': True, 'token_count_exact': True, 'token_timestamps_valid': True, 'within_block_drift_clean': False, 'within_block_qps_drift_clean': True}",614.5823658340378,501,False,[],"{'active_worker_log_present': True, 'decode_admission_zero': True, 'memory_hard_clean': True, 'policy_cap_applied': True, 'request_count_exact': True, 'token_count_exact': True, 'token_timestamps_valid': True}","['memory_clean', 'within_block_drift_clean']",hard_failures_only
2.0600072312890396,4.0,0,1163968,0.39072336811832287,1,0.0,8.611428707086615,1355.3789417,16,0.4882865585298041,11664,1164032,0,2048,0.032402206107649885,0.0,0,1.0,0.01355836993156981,4.0,2.389830508474576,0.01355836993156981,39.11757249819088,0,639.8388742500101,16,1458651136,1403125760,True,,0.0002834645669291339,0.0,7669465088,7513391104,Mac mini,31750,,False,0.39072336811832287,250,19.241917005274445,1410370272,84,89,5.5,1.5B,1.1134254756635553,1.0087917109255469,128,9.439917326771653,1360.8692915000001,9.30372885,10.792212636442855,9.58818410433071,18.72072079999999,1367.29504155,10.76241042,13.583658930729142,20.324741659999994,8371,19,0,0,1558.1904792785645,1458290688,14.4927295,16.7218959,17.822577499999998,38.62745797960088,21.65545799653046,phasegate4to0,phasegate,True,3.9953006828695203,4.0,4,1.0,1344.7743540164083,1350.5408017605077,3489.3515704099896,"{'compressions_delta': 0, 'decompressions_delta': 0, 'experiment_rss_after_bytes': 54902784, 'experiment_rss_before_bytes': 54853632, 'headroom_after_bytes': 8962375680, 'headroom_before_bytes': 9012183040, 'idle_seconds': 30.0, 'memory_free_percent_after': 89, 'memory_free_percent_before': 89, 'minimum_headroom_gb': 6.5, 'observed_minimum_headroom_gb': 8.34686279296875, 'pageins_delta': 169, 'pageouts_delta': 0, 'pages_occupied_by_compressor_delta': 0, 'pages_stored_in_compressor_delta': 0, 'passed': True, 'swap_used_delta_bytes': 0, 'swapins_delta': 0, 'swapouts_delta': 0}",mean,850323601,850328601,1.0,True,6,1458651136,"{'compressions_delta': 0, 'decompressions_delta': 0, 'experiment_rss_after_bytes': 1371979776, 'experiment_rss_before_bytes': 1371963392, 'headroom_after_bytes': 7491977216, 'headroom_before_bytes': 7412498432, 'idle_seconds': 30.0, 'memory_free_percent_after': 89, 'memory_free_percent_before': 84, 'minimum_headroom_gb': 6.5, 'observed_minimum_headroom_gb': 6.9034271240234375, 'pageins_delta': 105, 'pageouts_delta': 0, 'pages_occupied_by_compressor_delta': 0, 'pages_stored_in_compressor_delta': 0, 'passed': True, 'swap_used_delta_bytes': 0, 'swapins_delta': 0, 'swapouts_delta': 0}",1316800960,single_index_process_thread_pool,8394.750437495532,9654.623539271415,0.9829172537853433,1864.266933485148,1844.7892641139267,0.9895521027480711,-0.030442187057791937,da314f2195174190a20f19429772baf3,static_evaluation_phasegate4to0_r06_a01,80207,15.089760767295957,"{'attempts': [{'attempt': 0, 'deviation': 0.00024621445708250533, 'median_ms': 1341.1328330112156, 'passed': True, 'ratio': 1.0002462144570825}], 'passed': True, 'reference_ms': 1340.8027080004103}",0.00024621445708250533,0.00024621445708250533,"{'attempts': [{'attempt': 0, 'deviation': -0.00010447696180504451, 'median_ms': 1340.6626250070985, 'passed': True, 'ratio': 0.999895523038195}], 'passed': True, 'reference_ms': 1340.8027080004103}",-0.00010447696180504451,-0.00010447696180504451,False,evaluation,valid,0,0,0,21.905999979935586,32000,True,128,1187040,32000,1855.217067564696,1.0000486407868738,False,1.0001957808182642,4.7962943341856594e-05,1.0012733181690898,request_arrival,True,1.0000635610909652,0.0013144942517903575,"{'active_worker_log_present': True, 'completion_count_sufficient': True, 'decode_admission_zero': True, 'memory_clean': False, 'policy_cap_applied': True, 'queue_saturated': True, 'request_count_exact': True, 'sentinel_clean': True, 'steady_duration_sufficient': True, 'token_count_exact': True, 'token_timestamps_valid': True, 'within_block_drift_clean': True, 'within_block_qps_drift_clean': True}",639.8607802499901,501,False,[],"{'active_worker_log_present': True, 'decode_admission_zero': True, 'memory_hard_clean': True, 'policy_cap_applied': True, 'request_count_exact': True, 'token_count_exact': True, 'token_timestamps_valid': True}",['memory_clean'],hard_failures_only
2.0571257738636506,4.0,0,1163072,0.38977133393897784,2,0.0,8.611428707086615,1355.3789417,16,0.4891067402434011,11552,1163088,0,2048,0.03193683942442379,0.0,0,1.0,0.01367630205017191,4.0,2.335195530726257,0.01367630205017191,38.57234310399431,4,641.4017097500036,16,1458470912,1402880000,True,,0.0002834645669291339,0.0,7688273920,7605141504,Mac mini,31750,,False,0.38977133393897784,250,17.9585000150837,1410173664,84,89,5.5,1.5B,1.1122033583654591,1.007472713341183,128,9.451237862204724,1360.4278125,9.391730949999998,10.95448111591395,9.577659928346456,18.734665099999994,1365.5073,10.78083107,13.792873585480262,20.185321919999996,8953,5,0,-4,1558.1904792785645,1458110464,14.6327085,16.848991849999997,17.49427084,38.131500012241304,22.348062513628975,phasegate4to0,phasegate,True,3.9960302874365947,4.0,4,1.0,1344.8915624758229,1348.522520493134,3487.4263390228966,"{'compressions_delta': 0, 'decompressions_delta': 0, 'experiment_rss_after_bytes': 55132160, 'experiment_rss_before_bytes': 55083008, 'headroom_after_bytes': 8966340608, 'headroom_before_bytes': 8911962112, 'idle_seconds': 30.0, 'memory_free_percent_after': 89, 'memory_free_percent_before': 89, 'minimum_headroom_gb': 6.5, 'observed_minimum_headroom_gb': 8.299911499023438, 'pageins_delta': 14, 'pageouts_delta': 0, 'pages_occupied_by_compressor_delta': 0, 'pages_stored_in_compressor_delta': 0, 'passed': True, 'swap_used_delta_bytes': 0, 'swapins_delta': 0, 'swapouts_delta': 0}",mean,850323601,850328601,1.0,True,6,1458470912,"{'compressions_delta': 0, 'decompressions_delta': 0, 'experiment_rss_after_bytes': 1371750400, 'experiment_rss_before_bytes': 1371750400, 'headroom_after_bytes': 7590510592, 'headroom_before_bytes': 7117553664, 'idle_seconds': 30.0, 'memory_free_percent_after': 89, 'memory_free_percent_before': 83, 'minimum_headroom_gb': 6.5, 'observed_minimum_headroom_gb': 6.6287384033203125, 'pageins_delta': 22, 'pageouts_delta': 0, 'pages_occupied_by_compressor_delta': 0, 'pages_stored_in_compressor_delta': 0, 'passed': True, 'swap_used_delta_bytes': 0, 'swapins_delta': 0, 'swapouts_delta': 0}",1316325824,single_index_process_thread_pool,8469.983061979292,9678.106651743292,0.9861253716033916,1855.3328421472822,1838.2291043285236,0.9907813102693943,-0.02666677204562133,c3da74803ad246b3bd2557627805cf89,static_evaluation_phasegate4to0_r06_a02,80279,13.720836315769702,"{'attempts': [{'attempt': 0, 'deviation': 0.0003205169418523113, 'median_ms': 1341.232457984006, 'passed': True, 'ratio': 1.0003205169418523}], 'passed': True, 'reference_ms': 1340.8027080004103}",0.0003205169418523113,0.0003205169418523113,"{'attempts': [{'attempt': 0, 'deviation': 0.00015227183204924444, 'median_ms': 1341.0068744851742, 'passed': True, 'ratio': 1.0001522718320492}], 'passed': True, 'reference_ms': 1340.8027080004103}",0.00015227183204924444,0.00015227183204924444,False,evaluation,valid,0,0,0,21.75824996083975,32000,True,128,1185872,32000,1848.8756452835341,1.0023794362254783,False,0.9994595709285887,-2.366966646896816e-05,1.000563076679568,request_arrival,True,1.00076078223116,0.001834576205914601,"{'active_worker_log_present': True, 'completion_count_sufficient': True, 'decode_admission_zero': True, 'memory_clean': False, 'policy_cap_applied': True, 'queue_saturated': True, 'request_count_exact': True, 'sentinel_clean': True, 'steady_duration_sufficient': True, 'token_count_exact': True, 'token_timestamps_valid': True, 'within_block_drift_clean': True, 'within_block_qps_drift_clean': True}",641.4234679999645,501,False,[],"{'active_worker_log_present': True, 'decode_admission_zero': True, 'memory_hard_clean': True, 'policy_cap_applied': True, 'request_count_exact': True, 'token_count_exact': True, 'token_timestamps_valid': True}",['memory_clean'],hard_failures_only
1.9985669047453944,2.0,450496,652256,0.3854265104568552,1,0.0,8.611428707086615,1355.3789417,16,1.0,450496,652224,0,2048,1.9987431303447767,2.0,2,1.0,0.0,0.0,0.0,1.0,1458.2706772882734,7,648.6320821670233,16,1461731328,1402617856,True,2,0.0,0.0,7711604736,7656996864,Mac mini,31750,,False,0.3854265104568552,250,13.044874998740852,1413434080,84,89,5.5,1.5B,1.1273266139634996,1.0036648285192993,128,9.66399294488189,1356.845333,10.695739249999999,10.61932063603308,9.707892765748031,16.91673955,1360.3461731,12.51838767,12.560673990519716,18.20436808,9567,13,0,-7,1558.1904792785645,1461370880,12.657729,12.8703,12.94955817,21.843166963662952,3.612229018472135,fixed2,fixed,True,1.9984032896607538,2.0,2,1.0,1341.7674169759266,1344.779010885395,1960.634551930714,"{'compressions_delta': 0, 'decompressions_delta': 0, 'experiment_rss_after_bytes': 55132160, 'experiment_rss_before_bytes': 55066624, 'headroom_after_bytes': 8947220480, 'headroom_before_bytes': 8985853952, 'idle_seconds': 30.0, 'memory_free_percent_after': 89, 'memory_free_percent_before': 89, 'minimum_headroom_gb': 6.5, 'observed_minimum_headroom_gb': 8.332748413085938, 'pageins_delta': 161, 'pageouts_delta': 0, 'pages_occupied_by_compressor_delta': 0, 'pages_stored_in_compressor_delta': 0, 'passed': True, 'swap_used_delta_bytes': 0, 'swapins_delta': 0, 'swapouts_delta': 0}",mean,850323601,850328601,1.0,True,6,1461731328,"{'compressions_delta': 0, 'decompressions_delta': 0, 'experiment_rss_after_bytes': 1371521024, 'experiment_rss_before_bytes': 1371488256, 'headroom_after_bytes': 7641694208, 'headroom_before_bytes': 7105806336, 'idle_seconds': 30.0, 'memory_free_percent_after': 89, 'memory_free_percent_before': 82, 'minimum_headroom_gb': 6.5, 'observed_minimum_headroom_gb': 6.6177978515625, 'pageins_delta': 37, 'pageouts_delta': 0, 'pages_occupied_by_compressor_delta': 0, 'pages_stored_in_compressor_delta': 0, 'passed': True, 'swap_used_delta_bytes': 0, 'swapins_delta': 0, 'swapouts_delta': 0}",1316096448,single_index_process_thread_pool,4742.726041993592,5088.024582993239,0.9956175142258833,1725.8089887946421,1719.5658753598673,0.9963825003373431,-0.009625211228434735,2e5d2326830f4a2bbb760a9088afd725,static_evaluation_fixed2_r06_a01,86526,1.6433189157396555,"{'attempts': [{'attempt': 0, 'deviation': 0.0003732376167702167, 'median_ms': 1341.3031460077036, 'passed': True, 'ratio': 1.0003732376167702}], 'passed': True, 'reference_ms': 1340.8027080004103}",0.0003732376167702167,0.0003732376167702167,"{'attempts': [{'attempt': 0, 'deviation': -8.685461503121772e-06, 'median_ms': 1340.7910625101067, 'passed': True, 'ratio': 0.9999913145384969}], 'passed': True, 'reference_ms': 1340.8027080004103}",-8.685461503121772e-06,-8.685461503121772e-06,False,evaluation,valid,0,0,0,21.763666998595,32000,True,128,1117488,32000,1722.838001269641,1.0006350033643239,False,1.0003121166522317,1.569958822935985e-05,0.9999912275244264,request_arrival,True,0.9999234459222638,-0.0003682661642016495,"{'active_worker_log_present': True, 'completion_count_sufficient': True, 'decode_admission_zero': True, 'memory_clean': False, 'policy_cap_applied': True, 'queue_saturated': True, 'request_count_exact': True, 'sentinel_clean': True, 'steady_duration_sufficient': True, 'token_count_exact': True, 'token_timestamps_valid': True, 'within_block_drift_clean': True, 'within_block_qps_drift_clean': True}",648.6538458340219,1,False,[],"{'active_worker_log_present': True, 'decode_admission_zero': True, 'memory_hard_clean': True, 'policy_cap_applied': True, 'request_count_exact': True, 'token_count_exact': True, 'token_timestamps_valid': True}",['memory_clean'],hard_failures_only
1.9988675495158197,2.0,452160,653792,0.38527034937135274,2,0.0,8.611428707086615,1355.3789417,16,1.0,452144,653744,0,2048,1.9992128889435494,2.0,2,1.0,0.0,0.0,0.0,1.0,1462.9371249283502,0,648.8949912909884,16,1462124544,1403109376,True,2,0.0,0.0,7757217792,7513325568,Mac mini,31750,,False,0.38527034937135274,250,13.225541973952204,1413794480,84,89,5.5,1.5B,1.1283408785212432,1.0048359534358553,128,9.667345803149606,1357.383562,10.919274999999988,10.637989276438018,9.716627032677165,17.320112799999997,1361.93349115,12.54734792,12.59687619691249,21.770082669999997,9301,4,0,0,1558.1904792785645,1461764096,12.717749999999999,12.962812349999998,13.08952842,20.96379199065268,3.6813119950238615,fixed2,fixed,True,1.998575904300769,2.0,2,1.0,1341.7866460222285,1344.8761456325883,1964.1722777787757,"{'compressions_delta': 0, 'decompressions_delta': 0, 'experiment_rss_after_bytes': 55246848, 'experiment_rss_before_bytes': 55197696, 'headroom_after_bytes': 8838168576, 'headroom_before_bytes': 8954855424, 'idle_seconds': 30.0, 'memory_free_percent_after': 89, 'memory_free_percent_before': 89, 'minimum_headroom_gb': 6.5, 'observed_minimum_headroom_gb': 8.231185913085938, 'pageins_delta': 52, 'pageouts_delta': 0, 'pages_occupied_by_compressor_delta': 0, 'pages_stored_in_compressor_delta': 0, 'passed': True, 'swap_used_delta_bytes': 0, 'swapins_delta': 0, 'swapouts_delta': 0}",mean,850323601,850328601,1.0,True,6,1462124544,"{'compressions_delta': 0, 'decompressions_delta': 0, 'experiment_rss_after_bytes': 1372061696, 'experiment_rss_before_bytes': 1372061696, 'headroom_after_bytes': 7502004224, 'headroom_before_bytes': 7334051840, 'idle_seconds': 30.0, 'memory_free_percent_after': 89, 'memory_free_percent_before': 84, 'minimum_headroom_gb': 6.5, 'observed_minimum_headroom_gb': 6.8303680419921875, 'pageins_delta': 23, 'pageouts_delta': 0, 'pages_occupied_by_compressor_delta': 0, 'pages_stored_in_compressor_delta': 0, 'passed': True, 'swap_used_delta_bytes': 0, 'swapins_delta': 0, 'swapouts_delta': 0}",1316899240,single_index_process_thread_pool,4735.355917015113,5098.343650030438,0.994806787016934,1730.829944131304,1723.2979069546543,0.9956483089501724,-0.011607689776153255,b7a84f51f20a46459434877fafa0418b,static_evaluation_fixed2_r06_a02,86538,1.8659509951248765,"{'attempts': [{'attempt': 0, 'deviation': 0.00035038151841915166, 'median_ms': 1341.27250048914, 'passed': True, 'ratio': 1.0003503815184192}], 'passed': True, 'reference_ms': 1340.8027080004103}",0.00035038151841915166,0.00035038151841915166,"{'attempts': [{'attempt': 0, 'deviation': 0.0003486874088813874, 'median_ms': 1341.2702290224843, 'passed': True, 'ratio': 1.0003486874088814}], 'passed': True, 'reference_ms': 1340.8027080004103}",0.0003486874088813874,0.0003486874088813874,False,evaluation,valid,0,0,0,21.90462499856949,32000,True,128,1120688,32000,1727.0714291851302,1.0024276686277722,False,1.0019669816596704,4.088947327722896e-05,1.001040113910015,request_arrival,True,1.000129851790879,0.0004067903733753075,"{'active_worker_log_present': True, 'completion_count_sufficient': True, 'decode_admission_zero': True, 'memory_clean': False, 'policy_cap_applied': True, 'queue_saturated': True, 'request_count_exact': True, 'sentinel_clean': True, 'steady_duration_sufficient': True, 'token_count_exact': True, 'token_timestamps_valid': True, 'within_block_drift_clean': True, 'within_block_qps_drift_clean': True}",648.916895915987,1,False,[],"{'active_worker_log_present': True, 'decode_admission_zero': True, 'memory_hard_clean': True, 'policy_cap_applied': True, 'request_count_exact': True, 'token_count_exact': True, 'token_timestamps_valid': True}",['memory_clean'],hard_failures_only
0.0,0.0,0,0,0.41265023941167267,1,0.0,,,0,0.0,0,0,0,2048,0.0,0.0,0,1.0,0.0,0.0,0.0,0.0,0.0,0,605.8399489999865,0,1166508032,1130217472,True,,,,7918747648,7823097856,Mac mini,31750,,True,0.41265023941167267,250,10.796083020977676,1146275472,84,89,5.5,1.5B,1.0,1.0,128,8.381083007874015,1353.1534375,8.7910503,8.757285587489605,8.458722208661417,13.863234899999997,1355.410975,9.608495499999998,10.036567753995762,15.16782067,4536,4,0,0,1558.1904792785645,1166147584,10.254645499999999,10.56720975,10.70760168,0.0,0.0,llm-only,llm-only,True,0.0,0.0,0,1.0,1340.4408954957034,1341.4154271682492,0.0,"{'compressions_delta': 0, 'decompressions_delta': 0, 'experiment_rss_after_bytes': 55083008, 'experiment_rss_before_bytes': 55017472, 'headroom_after_bytes': 8922841088, 'headroom_before_bytes': 8993964032, 'idle_seconds': 30.0, 'memory_free_percent_after': 89, 'memory_free_percent_before': 89, 'minimum_headroom_gb': 6.5, 'observed_minimum_headroom_gb': 8.310043334960938, 'pageins_delta': 168, 'pageouts_delta': 0, 'pages_occupied_by_compressor_delta': 0, 'pages_stored_in_compressor_delta': 0, 'passed': True, 'swap_used_delta_bytes': 0, 'swapins_delta': 0, 'swapouts_delta': 0}",mean,850323601,850328601,1.0,True,6,1166508032,"{'compressions_delta': 0, 'decompressions_delta': 0, 'experiment_rss_after_bytes': 1130217472, 'experiment_rss_before_bytes': 1130217472, 'headroom_after_bytes': 7798849536, 'headroom_before_bytes': 7303725056, 'idle_seconds': 30.0, 'memory_free_percent_after': 89, 'memory_free_percent_before': 82, 'minimum_headroom_gb': 6.5, 'observed_minimum_headroom_gb': 6.8021240234375, 'pageins_delta': 61, 'pageouts_delta': 0, 'pages_occupied_by_compressor_delta': 0, 'pages_stored_in_compressor_delta': 0, 'passed': True, 'swap_used_delta_bytes': 0, 'swapins_delta': 0, 'swapouts_delta': 0}",1100809872,,,,1.0,0.0,0.0,1.0,0.0,b636371151fe4671bef2813cb2435ae9,static_evaluation_llm-only_r06_a01,78382,0.0,"{'attempts': [{'attempt': 0, 'deviation': 0.00025751103135895903, 'median_ms': 1341.1479794885963, 'passed': True, 'ratio': 1.000257511031359}], 'passed': True, 'reference_ms': 1340.8027080004103}",0.00025751103135895903,0.00025751103135895903,"{'attempts': [{'attempt': 0, 'deviation': 0.00014862105388835367, 'median_ms': 1341.0019795119297, 'passed': True, 'ratio': 1.0001486210538884}], 'passed': True, 'reference_ms': 1340.8027080004103}",0.00014862105388835367,0.00014862105388835367,False,evaluation,valid,0,0,0,21.791917039081454,32000,True,128,0,32000,0.0,1.0148023413907645,True,1.0128051053721483,0.00025112155616817817,1.0002787250587024,request_arrival,True,1.0000998052647347,-0.00010823606313666972,"{'active_worker_log_present': True, 'completion_count_sufficient': True, 'decode_admission_zero': True, 'memory_clean': False, 'policy_cap_applied': True, 'queue_saturated': True, 'request_count_exact': True, 'sentinel_clean': True, 'steady_duration_sufficient': True, 'token_count_exact': True, 'token_timestamps_valid': True, 'within_block_drift_clean': True, 'within_block_qps_drift_clean': True}",605.8617409170256,0,False,[],"{'active_worker_log_present': True, 'decode_admission_zero': True, 'memory_hard_clean': True, 'policy_cap_applied': True, 'request_count_exact': True, 'token_count_exact': True, 'token_timestamps_valid': True}",['memory_clean'],hard_failures_only
0.0,0.0,0,0,0.4098038341663023,2,0.0,,,0,0.0,0,0,0,2048,0.0,0.0,0,1.0,0.0,0.0,0.0,0.0,0.0,2,610.0479770000093,0,1166508032,1129873408,True,,,,7942209536,7819526144,Mac mini,31750,,True,0.4098038341663023,250,10.994332958944142,1146275472,84,89,5.5,1.5B,1.0,1.0,128,8.543198161417322,1353.1035625,8.97876875,9.16283316037152,8.596679346850394,13.389383149999999,1354.4747661499998,10.069997,10.043356591486372,14.90380442,4401,2,-1,-2,1558.1904792785645,1166163968,10.2729795,10.668670350000001,10.89905166,0.0,0.0,llm-only,llm-only,True,0.0,0.0,0,1.0,1340.3783119865693,1341.2179375009146,0.0,"{'compressions_delta': 0, 'decompressions_delta': 0, 'experiment_rss_after_bytes': 55181312, 'experiment_rss_before_bytes': 55132160, 'headroom_after_bytes': 8913666048, 'headroom_before_bytes': 8905228288, 'idle_seconds': 30.0, 'memory_free_percent_after': 89, 'memory_free_percent_before': 89, 'minimum_headroom_gb': 6.5, 'observed_minimum_headroom_gb': 8.29364013671875, 'pageins_delta': 12, 'pageouts_delta': 0, 'pages_occupied_by_compressor_delta': 0, 'pages_stored_in_compressor_delta': 0, 'passed': True, 'swap_used_delta_bytes': 0, 'swapins_delta': 0, 'swapouts_delta': 0}",mean,850323601,850328601,1.0,True,6,1166508032,"{'compressions_delta': 0, 'decompressions_delta': 0, 'experiment_rss_after_bytes': 1129873408, 'experiment_rss_before_bytes': 1129873408, 'headroom_after_bytes': 7802224640, 'headroom_before_bytes': 7259701248, 'idle_seconds': 30.0, 'memory_free_percent_after': 89, 'memory_free_percent_before': 81, 'minimum_headroom_gb': 6.5, 'observed_minimum_headroom_gb': 6.7611236572265625, 'pageins_delta': 9, 'pageouts_delta': 0, 'pages_occupied_by_compressor_delta': 0, 'pages_stored_in_compressor_delta': 0, 'passed': True, 'swap_used_delta_bytes': 0, 'swapins_delta': 0, 'swapouts_delta': 0}",1100449400,,,,1.0,0.0,0.0,1.0,0.0,14856054f62c45968703244a9052c5c1,static_evaluation_llm-only_r06_a02,78996,0.0,"{'attempts': [{'attempt': 0, 'deviation': 0.00020730752446174172, 'median_ms': 1341.0806664905977, 'passed': True, 'ratio': 1.0002073075244617}], 'passed': True, 'reference_ms': 1340.8027080004103}",0.00020730752446174172,0.00020730752446174172,"{'attempts': [{'attempt': 0, 'deviation': 0.00015248963279890226, 'median_ms': 1341.007166513009, 'passed': True, 'ratio': 1.000152489632799}], 'passed': True, 'reference_ms': 1340.8027080004103}",0.00015248963279890226,0.00015248963279890226,False,evaluation,valid,0,0,0,22.09341700654477,32000,True,128,0,32000,0.0,1.0044051388036401,True,1.011920205006417,0.00025132009627795666,1.0007659457369222,request_arrival,True,1.0001825611875754,0.00043225509321158893,"{'active_worker_log_present': True, 'completion_count_sufficient': True, 'decode_admission_zero': True, 'memory_clean': False, 'policy_cap_applied': True, 'queue_saturated': True, 'request_count_exact': True, 'sentinel_clean': True, 'steady_duration_sufficient': True, 'token_count_exact': True, 'token_timestamps_valid': True, 'within_block_drift_clean': True, 'within_block_qps_drift_clean': True}",610.0700704170158,0,False,[],"{'active_worker_log_present': True, 'decode_admission_zero': True, 'memory_hard_clean': True, 'policy_cap_applied': True, 'request_count_exact': True, 'token_count_exact': True, 'token_timestamps_valid': True}",['memory_clean'],hard_failures_only
0.9992872332967213,1.0,227696,347408,0.39292156291573155,1,0.0,8.611428707086615,1355.3789417,16,1.0,227712,347376,0,2048,0.9992345767209266,1.0,1,1.0,0.0,0.0,0.0,0.9992345767209266,768.0418662565368,2,636.2593036249746,16,1455243264,1402568704,True,1,0.0,0.0,7739768832,7585513472,Mac mini,31750,,True,0.39292156291573155,250,13.310000009369105,1407044248,84,89,5.5,1.5B,1.0895036552787594,1.004109379398365,128,9.324708822834646,1356.313625,10.11203475,10.047975144698285,9.382183053543308,18.918243899999993,1360.948708,12.29320666,12.345313426922075,20.161045259999998,9132,12,-2,-2,1558.1904792785645,1454899200,12.535958,13.00722325,13.208624419999998,20.910582970827818,4.5652084809262305,fixed1,fixed,True,0.9993283501245802,1.0,1,1.0,1340.6100624706596,1343.4479690535227,1044.289321611009,"{'compressions_delta': 0, 'decompressions_delta': 0, 'experiment_rss_after_bytes': 55246848, 'experiment_rss_before_bytes': 55197696, 'headroom_after_bytes': 8888549376, 'headroom_before_bytes': 8950710272, 'idle_seconds': 30.0, 'memory_free_percent_after': 89, 'memory_free_percent_before': 89, 'minimum_headroom_gb': 6.5, 'observed_minimum_headroom_gb': 8.278106689453125, 'pageins_delta': 168, 'pageouts_delta': 0, 'pages_occupied_by_compressor_delta': 0, 'pages_stored_in_compressor_delta': 0, 'passed': True, 'swap_used_delta_bytes': 0, 'swapins_delta': 0, 'swapouts_delta': 0}",mean,850323601,850328601,1.0,True,6,1455243264,"{'compressions_delta': 0, 'decompressions_delta': 0, 'experiment_rss_after_bytes': 1371635712, 'experiment_rss_before_bytes': 1371635712, 'headroom_after_bytes': 7570472960, 'headroom_before_bytes': 7411679232, 'idle_seconds': 30.0, 'memory_free_percent_after': 89, 'memory_free_percent_before': 84, 'minimum_headroom_gb': 6.5, 'observed_minimum_headroom_gb': 6.9026641845703125, 'pageins_delta': 41, 'pageouts_delta': 0, 'pages_occupied_by_compressor_delta': 0, 'pages_stored_in_compressor_delta': 0, 'passed': True, 'swap_used_delta_bytes': 0, 'swapins_delta': 0, 'swapouts_delta': 0}",1316473256,single_index_process_thread_pool,4496.405187499477,4672.537020558957,1.0263878232406747,904.2871789282389,921.630032067878,1.0191784795181924,0.02725806465803575,b5669ec13dbd4d62ba8f0c8b8d07f4d0,static_evaluation_fixed1_r06_a01,85582,1.8532861722633243,"{'attempts': [{'attempt': 0, 'deviation': 0.0005060092054895993, 'median_ms': 1341.4811665134039, 'passed': True, 'ratio': 1.0005060092054896}], 'passed': True, 'reference_ms': 1340.8027080004103}",0.0005060092054895993,0.0005060092054895993,"{'attempts': [{'attempt': 0, 'deviation': 3.2070715392906735e-05, 'median_ms': 1340.8457085024565, 'passed': True, 'ratio': 1.000032070715393}], 'passed': True, 'reference_ms': 1340.8027080004103}",3.2070715392906735e-05,3.2070715392906735e-05,False,evaluation,valid,0,0,0,21.829458011779934,32000,True,128,582848,32000,916.0541884092332,1.0054214870726876,True,1.0287435334013015,0.0004549505059893204,1.001919673825101,request_arrival,True,1.0013339878492413,0.004095050756993529,"{'active_worker_log_present': True, 'completion_count_sufficient': True, 'decode_admission_zero': True, 'memory_clean': False, 'policy_cap_applied': True, 'queue_saturated': True, 'request_count_exact': True, 'sentinel_clean': True, 'steady_duration_sufficient': True, 'token_count_exact': True, 'token_timestamps_valid': True, 'within_block_drift_clean': True, 'within_block_qps_drift_clean': True}",636.2811330829863,1,False,[],"{'active_worker_log_present': True, 'decode_admission_zero': True, 'memory_hard_clean': True, 'policy_cap_applied': True, 'request_count_exact': True, 'token_count_exact': True, 'token_timestamps_valid': True}",['memory_clean'],hard_failures_only
0.9992911757187013,1.0,232560,348928,0.3916663035156476,2,0.0,8.611428707086615,1355.3789417,16,1.0,232528,348928,0,2048,0.9992157259594707,1.0,1,1.0,0.0,0.0,0.0,0.9992157259594707,778.486729413204,2,638.29846416699,16,1455603712,1403011072,True,1,0.0,0.0,7691436032,7663108096,Mac mini,31750,,True,0.3916663035156476,250,13.250124990008771,1407273624,84,89,5.5,1.5B,1.0945026638943431,1.0036611627916958,128,9.361533956692913,1356.4008745,10.07149935,10.178212617756799,9.42523165984252,18.18922515,1360.34120465,12.393930000000001,12.340991061064413,20.963488839999997,9604,58,0,-2,1558.1904792785645,1455226880,12.519771,12.98074565,13.16523741,21.010041993577033,4.08587499987334,fixed1,fixed,True,0.999352135792338,1.0,1,1.0,1340.5886455147993,1343.7015909818,1049.3102133099014,"{'compressions_delta': 0, 'decompressions_delta': 0, 'experiment_rss_after_bytes': 55312384, 'experiment_rss_before_bytes': 55263232, 'headroom_after_bytes': 8870264832, 'headroom_before_bytes': 8784773120, 'idle_seconds': 30.0, 'memory_free_percent_after': 89, 'memory_free_percent_before': 89, 'minimum_headroom_gb': 6.5, 'observed_minimum_headroom_gb': 8.18145751953125, 'pageins_delta': 9, 'pageouts_delta': 0, 'pages_occupied_by_compressor_delta': 0, 'pages_stored_in_compressor_delta': 0, 'passed': True, 'swap_used_delta_bytes': 0, 'swapins_delta': 0, 'swapouts_delta': 0}",mean,850323601,850328601,1.0,True,6,1455603712,"{'compressions_delta': 0, 'decompressions_delta': 0, 'experiment_rss_after_bytes': 1372094464, 'experiment_rss_before_bytes': 1372094464, 'headroom_after_bytes': 7648051200, 'headroom_before_bytes': 7394377728, 'idle_seconds': 30.0, 'memory_free_percent_after': 89, 'memory_free_percent_before': 84, 'minimum_headroom_gb': 6.5, 'observed_minimum_headroom_gb': 6.8865509033203125, 'pageins_delta': 12, 'pageouts_delta': 0, 'pages_occupied_by_compressor_delta': 0, 'pages_stored_in_compressor_delta': 0, 'passed': True, 'swap_used_delta_bytes': 0, 'swapins_delta': 0, 'swapouts_delta': 0}",1316653480,single_index_process_thread_pool,4454.930458479794,4531.6727026423905,1.0005972729188484,921.7806130827772,922.4659418638245,1.0007434836134763,0.0010736981062099836,275e75f325db471eaa5f0040fe53b2b0,static_evaluation_fixed1_r06_a02,86058,2.3174419184215367,"{'attempts': [{'attempt': 0, 'deviation': 0.00029587389623131344, 'median_ms': 1341.1994165217038, 'passed': True, 'ratio': 1.0002958738962313}], 'passed': True, 'reference_ms': 1340.8027080004103}",0.00029587389623131344,0.00029587389623131344,"{'attempts': [{'attempt': 0, 'deviation': 4.3459780101118284e-05, 'median_ms': 1340.860978991259, 'passed': True, 'ratio': 1.0000434597801011}], 'passed': True, 'reference_ms': 1340.8027080004103}",4.3459780101118284e-05,4.3459780101118284e-05,False,evaluation,valid,0,0,0,22.400749963708222,32000,True,128,589024,32000,922.8034110480031,1.0030762994228382,True,1.0047817479273822,0.0002625052117040338,1.0002626863551627,request_arrival,True,1.0009472411078724,0.002926760025569481,"{'active_worker_log_present': True, 'completion_count_sufficient': True, 'decode_admission_zero': True, 'memory_clean': False, 'policy_cap_applied': True, 'queue_saturated': True, 'request_count_exact': True, 'sentinel_clean': True, 'steady_duration_sufficient': True, 'token_count_exact': True, 'token_timestamps_valid': True, 'within_block_drift_clean': True, 'within_block_qps_drift_clean': True}",638.3208649169537,1,False,[],"{'active_worker_log_present': True, 'decode_admission_zero': True, 'memory_hard_clean': True, 'policy_cap_applied': True, 'request_count_exact': True, 'token_count_exact': True, 'token_timestamps_valid': True}",['memory_clean'],hard_failures_only
3.503075136027389,4.0,655792,1165296,0.37897461216354555,1,0.0,8.611428707086615,1355.3789417,16,0.4982209451610931,658768,1165248,0,2048,3.0069207549022012,3.0,3,1.0,0.008810464574079073,1.0,1.0,1.0,2066.0359928279504,0,659.6747960840003,16,1459699712,1403109376,True,,0.0,0.0,7703920640,7598391296,Mac mini,31750,,False,0.37897461216354555,250,13.82650004234165,1411418848,84,89,5.5,1.5B,1.1649480498954046,1.0060343444540623,128,9.977874342519684,1359.9881875,10.7971503,10.951503814430907,10.031867079133857,18.701321049999997,1363.5577651,12.819929819999999,12.893356916029006,20.340274159999996,8904,3,0,0,1558.1904792785645,1459355648,13.0307085,13.41779985,13.54937067,46.81570897810161,17.417041497537866,phasegate4to3,phasegate,True,3.995698188839733,4.0,4,1.0,1343.9225204638205,1346.8904560635565,3486.9356974742395,"{'compressions_delta': 0, 'decompressions_delta': 0, 'experiment_rss_after_bytes': 55558144, 'experiment_rss_before_bytes': 55508992, 'headroom_after_bytes': 8919842816, 'headroom_before_bytes': 8957689856, 'idle_seconds': 30.0, 'memory_free_percent_after': 89, 'memory_free_percent_before': 89, 'minimum_headroom_gb': 6.5, 'observed_minimum_headroom_gb': 8.3072509765625, 'pageins_delta': 169, 'pageouts_delta': 0, 'pages_occupied_by_compressor_delta': 0, 'pages_stored_in_compressor_delta': 0, 'passed': True, 'swap_used_delta_bytes': 0, 'swapins_delta': 0, 'swapouts_delta': 0}",mean,850323601,850328601,1.0,True,6,1459699712,"{'compressions_delta': 0, 'decompressions_delta': 0, 'experiment_rss_after_bytes': 1371832320, 'experiment_rss_before_bytes': 1371848704, 'headroom_after_bytes': 7582695424, 'headroom_before_bytes': 7073005568, 'idle_seconds': 30.0, 'memory_free_percent_after': 89, 'memory_free_percent_before': 82, 'minimum_headroom_gb': 6.5, 'observed_minimum_headroom_gb': 6.587249755859375, 'pageins_delta': 31, 'pageouts_delta': 0, 'pages_occupied_by_compressor_delta': 0, 'pages_stored_in_compressor_delta': 0, 'passed': True, 'swap_used_delta_bytes': 0, 'swapins_delta': 0, 'swapouts_delta': 0}",1316391336,single_index_process_thread_pool,5259.419687499758,9815.093668882037,0.9957545724452748,2802.6071758706394,2793.5307968153775,0.996761451575017,-0.013759146901999607,1842e47549e440708775028e8bd61839,static_evaluation_phasegate4to3_r06_a01,81785,13.055134622845799,"{'attempts': [{'attempt': 0, 'deviation': 0.0003224284831329083, 'median_ms': 1341.2350209837314, 'passed': True, 'ratio': 1.000322428483133}], 'passed': True, 'reference_ms': 1340.8027080004103}",0.0003224284831329083,0.0003224284831329083,"{'attempts': [{'attempt': 0, 'deviation': -6.819572857330591e-05, 'median_ms': 1340.7112709828652, 'passed': True, 'ratio': 0.9999318042714267}], 'passed': True, 'reference_ms': 1340.8027080004103}",-6.819572857330591e-05,-6.819572857330591e-05,False,evaluation,valid,0,0,0,21.8452499830164,32000,True,128,1846016,32000,2798.372790590799,1.0016733227380283,False,1.0016041945745,2.381229882688524e-05,1.0005911229761684,request_arrival,True,1.000226643819033,0.0005338714184828851,"{'active_worker_log_present': True, 'completion_count_sufficient': True, 'decode_admission_zero': True, 'memory_clean': False, 'policy_cap_applied': True, 'queue_saturated': True, 'request_count_exact': True, 'sentinel_clean': True, 'steady_duration_sufficient': True, 'token_count_exact': True, 'token_timestamps_valid': True, 'within_block_drift_clean': True, 'within_block_qps_drift_clean': True}",659.6966413339833,501,False,[],"{'active_worker_log_present': True, 'decode_admission_zero': True, 'memory_hard_clean': True, 'policy_cap_applied': True, 'request_count_exact': True, 'token_count_exact': True, 'token_timestamps_valid': True}",['memory_clean'],hard_failures_only
3.502528336916162,4.0,662704,1170272,0.3784683894642873,2,0.0,8.611428707086615,1355.3789417,16,0.49844879812390075,665648,1170336,0,2048,3.006738709598373,3.0,3,1.0,0.008601043887377785,1.0,1.0,1.0,2081.678555157155,0,660.5571481250226,16,1459847168,1403027456,True,,0.0,0.0,7685423104,7548502016,Mac mini,31750,,False,0.3784683894642873,250,13.641541998367757,1411549896,84,89,5.5,1.5B,1.1686783594155605,1.0069339066816343,128,10.000691275590551,1360.7260625,11.049264599999999,10.972672564093955,10.063990373622048,19.845792,1364.7770128,12.95522783,12.910705420072187,22.599521079999995,8726,6,0,0,1558.1904792785645,1459486720,13.042604,13.403091850000001,13.51930733,41.328666964545846,17.831896024290472,phasegate4to3,phasegate,True,3.9952559117697404,4.0,4,1.0,1344.0152289986145,1347.0538285298971,3505.9593181669634,"{'compressions_delta': 0, 'decompressions_delta': 0, 'experiment_rss_after_bytes': 55476224, 'experiment_rss_before_bytes': 55427072, 'headroom_after_bytes': 8924823552, 'headroom_before_bytes': 8926969856, 'idle_seconds': 30.0, 'memory_free_percent_after': 89, 'memory_free_percent_before': 89, 'minimum_headroom_gb': 6.5, 'observed_minimum_headroom_gb': 8.3118896484375, 'pageins_delta': 6, 'pageouts_delta': 0, 'pages_occupied_by_compressor_delta': 0, 'pages_stored_in_compressor_delta': 0, 'passed': True, 'swap_used_delta_bytes': 0, 'swapins_delta': 0, 'swapouts_delta': 0}",mean,850323601,850328601,1.0,True,6,1459847168,"{'compressions_delta': 0, 'decompressions_delta': 0, 'experiment_rss_after_bytes': 1371979776, 'experiment_rss_before_bytes': 1371963392, 'headroom_after_bytes': 7539376128, 'headroom_before_bytes': 7148224512, 'idle_seconds': 30.0, 'memory_free_percent_after': 89, 'memory_free_percent_before': 85, 'minimum_headroom_gb': 6.5, 'observed_minimum_headroom_gb': 6.6573028564453125, 'pageins_delta': 69, 'pageouts_delta': 0, 'pages_occupied_by_compressor_delta': 0, 'pages_stored_in_compressor_delta': 0, 'passed': True, 'swap_used_delta_bytes': 0, 'swapins_delta': 0, 'swapouts_delta': 0}",1316538792,single_index_process_thread_pool,5226.922853995347,9719.511206107563,0.9977824454733623,2815.0553462689327,2806.6157658517322,0.9970019841960173,-0.012776715700008897,42afdf8e77014c76b39b0f4697f273de,static_evaluation_phasegate4to3_r06_a02,81872,16.135223500896245,"{'attempts': [{'attempt': 0, 'deviation': 0.00040726536979307504, 'median_ms': 1341.3487705111038, 'passed': True, 'ratio': 1.000407265369793}], 'passed': True, 'reference_ms': 1340.8027080004103}",0.00040726536979307504,0.00040726536979307504,"{'attempts': [{'attempt': 0, 'deviation': 2.781528727346938e-06, 'median_ms': 1340.8064374816604, 'passed': True, 'ratio': 1.0000027815287273}], 'passed': True, 'reference_ms': 1340.8027080004103}",2.781528727346938e-06,2.781528727346938e-06,False,evaluation,valid,0,0,0,22.125915973447263,32000,True,128,1858800,32000,2813.988169344869,1.0008737904840777,False,1.0017401283653193,3.594113166315596e-05,0.9988612131442446,request_arrival,True,0.9999788412182871,-0.0004427607498485429,"{'active_worker_log_present': True, 'completion_count_sufficient': True, 'decode_admission_zero': True, 'memory_clean': False, 'policy_cap_applied': True, 'queue_saturated': True, 'request_count_exact': True, 'sentinel_clean': True, 'steady_duration_sufficient': True, 'token_count_exact': True, 'token_timestamps_valid': True, 'within_block_drift_clean': True, 'within_block_qps_drift_clean': True}",660.5792740409961,501,False,[],"{'active_worker_log_present': True, 'decode_admission_zero': True, 'memory_hard_clean': True, 'policy_cap_applied': True, 'request_count_exact': True, 'token_count_exact': True, 'token_timestamps_valid': True}",['memory_clean'],hard_failures_only
0.023710801181892244,0.0,0,0,0.41117118128591407,1,0.0,8.611428707086615,1355.3789417,16,0.9980180202088983,0,14512,0,2048,0.0,0.0,0,1.0,0.0,0.0,0.0,0.0,0.0,0,608.0192663749913,16,1459634176,1402945536,True,,3.1496062992125985e-05,0.0,7723859968,7670644736,Mac mini,31750,,True,0.41117118128591407,250,20.032749976962805,1411353312,84,89,5.5,1.5B,0.9909530840579995,1.0014530840338494,128,8.404233598425197,1354.2259374999999,9.119174999999998,9.111721045337617,8.533521835433072,13.8338061,1357.3484211999998,9.844350239999999,10.225667342310771,14.2402655,8744,8,0,0,1558.1904792785645,1459666944,10.337104,10.58666425,10.96185384,16.45308401202783,3.432562487432733,fixed0,fixed0,True,0.028835978835978836,0.0,0,1.0,1341.6018749703653,1343.5465002810815,43.56815920521216,"{'compressions_delta': 0, 'decompressions_delta': 0, 'experiment_rss_after_bytes': 55377920, 'experiment_rss_before_bytes': 55328768, 'headroom_after_bytes': 8968159232, 'headroom_before_bytes': 8956198912, 'idle_seconds': 30.0, 'memory_free_percent_after': 89, 'memory_free_percent_before': 89, 'minimum_headroom_gb': 6.5, 'observed_minimum_headroom_gb': 8.341110229492188, 'pageins_delta': 165, 'pageouts_delta': 0, 'pages_occupied_by_compressor_delta': 0, 'pages_stored_in_compressor_delta': 0, 'passed': True, 'swap_used_delta_bytes': 0, 'swapins_delta': 0, 'swapouts_delta': 0}",mean,850323601,850328601,1.0,True,6,1459634176,"{'compressions_delta': 0, 'decompressions_delta': 0, 'experiment_rss_after_bytes': 1371701248, 'experiment_rss_before_bytes': 1371668480, 'headroom_after_bytes': 7651000320, 'headroom_before_bytes': 7120404480, 'idle_seconds': 30.0, 'memory_free_percent_after': 89, 'memory_free_percent_before': 82, 'minimum_headroom_gb': 6.5, 'observed_minimum_headroom_gb': 6.6313934326171875, 'pageins_delta': 20, 'pageouts_delta': 0, 'pages_occupied_by_compressor_delta': 0, 'pages_stored_in_compressor_delta': 0, 'passed': True, 'swap_used_delta_bytes': 0, 'swapins_delta': 0, 'swapouts_delta': 0}",1316293080,single_index_process_thread_pool,470236.3876454765,470244.95364371105,0.9824241506838504,26.560893305312295,26.200112735084048,0.9864168510418251,-0.0005933751161168764,8599c5a042374935b025584c622d93c5,static_evaluation_fixed0_r06_a01,82241,8.11042042914778,"{'attempts': [{'attempt': 0, 'deviation': 8.131022497193108e-05, 'median_ms': 1340.9117289702408, 'passed': True, 'ratio': 1.000081310224972}], 'passed': True, 'reference_ms': 1340.8027080004103}",8.131022497193108e-05,8.131022497193108e-05,"{'attempts': [{'attempt': 0, 'deviation': 2.4348100775117842e-05, 'median_ms': 1340.8353539998643, 'passed': True, 'ratio': 1.0000243481007751}], 'passed': True, 'reference_ms': 1340.8027080004103}",2.4348100775117842e-05,2.4348100775117842e-05,False,evaluation,valid,0,0,0,22.316791000775993,32000,True,128,16608,32000,27.31492391518584,1.0070119463929852,True,1.005864768259556,0.0001333931085591965,0.9996172212296879,request_arrival,True,1.0000924602140338,1.4508633171726234e-05,"{'active_worker_log_present': True, 'completion_count_sufficient': True, 'decode_admission_zero': True, 'memory_clean': False, 'policy_cap_applied': True, 'queue_saturated': True, 'request_count_exact': True, 'sentinel_clean': True, 'steady_duration_sufficient': True, 'token_count_exact': True, 'token_timestamps_valid': True, 'within_block_drift_clean': True, 'within_block_qps_drift_clean': True}",608.041583165992,501,False,[],"{'active_worker_log_present': True, 'decode_admission_zero': True, 'memory_hard_clean': True, 'policy_cap_applied': True, 'request_count_exact': True, 'token_count_exact': True, 'token_timestamps_valid': True}",['memory_clean'],hard_failures_only
0.022599348770774574,0.0,0,0,0.40895626143129726,2,0.0,8.611428707086615,1355.3789417,16,0.9980753634415891,0,13808,0,2048,0.0,0.0,0,1.0,0.0,0.0,0.0,0.0,0.0,8,611.3123176670051,16,1453637632,1403027456,True,,0.0,0.0,7730511872,7660879872,Mac mini,31750,,True,0.40895626143129726,250,11.159125017002225,1405323952,84,89,5.5,1.5B,0.9993921757681088,1.0023226421063112,128,8.532688322834645,1354.281937,9.267191999999998,9.19041889719665,8.606194472047244,14.206790999999999,1358.5270019,10.34097899,10.366112730116582,16.07872467,8805,1,-2,-8,1558.1904792785645,1453293568,10.5111875,10.83304375,11.07871166,16.9183750404045,3.7559580232482404,fixed0,fixed0,True,0.027506948427229012,0.0,0,1.0,1341.4476249890868,1344.964679115219,41.469536167490865,"{'compressions_delta': 0, 'decompressions_delta': 1, 'experiment_rss_after_bytes': 55476224, 'experiment_rss_before_bytes': 55427072, 'headroom_after_bytes': 8955838464, 'headroom_before_bytes': 8933130240, 'idle_seconds': 30.0, 'memory_free_percent_after': 89, 'memory_free_percent_before': 89, 'minimum_headroom_gb': 6.5, 'observed_minimum_headroom_gb': 8.319625854492188, 'pageins_delta': 13, 'pageouts_delta': 0, 'pages_occupied_by_compressor_delta': 0, 'pages_stored_in_compressor_delta': -1, 'passed': True, 'swap_used_delta_bytes': 0, 'swapins_delta': 0, 'swapouts_delta': 0}",mean,850323601,850328601,1.0,True,6,1453637632,"{'compressions_delta': 0, 'decompressions_delta': 0, 'experiment_rss_after_bytes': 1371734016, 'experiment_rss_before_bytes': 1371734016, 'headroom_after_bytes': 7646265344, 'headroom_before_bytes': 7115767808, 'idle_seconds': 30.0, 'memory_free_percent_after': 89, 'memory_free_percent_before': 84, 'minimum_headroom_gb': 6.5, 'observed_minimum_headroom_gb': 6.6270751953125, 'pageins_delta': 17, 'pageouts_delta': 0, 'pages_occupied_by_compressor_delta': 0, 'pages_stored_in_compressor_delta': 0, 'passed': True, 'swap_used_delta_bytes': 0, 'swapins_delta': 0, 'swapouts_delta': 0}",1316293032,single_index_process_thread_pool,481224.2951670196,486615.8525857754,0.9772081039408526,26.423140953345012,25.96961622159081,0.9828360779456544,-0.0007419026275362242,b346dac3c4f045f8a45701577b40543a,static_evaluation_fixed0_r06_a02,82613,8.971106144599617,"{'attempts': [{'attempt': 0, 'deviation': 9.063339508785795e-05, 'median_ms': 1340.9242295019794, 'passed': True, 'ratio': 1.0000906333950879}], 'passed': True, 'reference_ms': 1340.8027080004103}",9.063339508785795e-05,9.063339508785795e-05,"{'attempts': [{'attempt': 0, 'deviation': 0.00015264511483681353, 'median_ms': 1341.0073749837466, 'passed': True, 'ratio': 1.0001526451148368}], 'passed': True, 'reference_ms': 1340.8027080004103}",0.00015264511483681353,0.00015264511483681353,False,evaluation,valid,0,0,0,22.31708395993337,32000,True,128,16528,32000,27.036916355745927,1.0129833353882498,True,1.0129046540189286,0.00029672620801427993,1.0003078786666186,request_arrival,True,0.999912543735598,-0.00010630936225420725,"{'active_worker_log_present': True, 'completion_count_sufficient': True, 'decode_admission_zero': True, 'memory_clean': False, 'policy_cap_applied': True, 'queue_saturated': True, 'request_count_exact': True, 'sentinel_clean': True, 'steady_duration_sufficient': True, 'token_count_exact': True, 'token_timestamps_valid': True, 'within_block_drift_clean': True, 'within_block_qps_drift_clean': True}",611.334634750965,501,False,[],"{'active_worker_log_present': True, 'decode_admission_zero': True, 'memory_hard_clean': True, 'policy_cap_applied': True, 'request_count_exact': True, 'token_count_exact': True, 'token_timestamps_valid': True}",['memory_clean'],hard_failures_only
2.997490959207473,3.0,647840,921664,0.3794250277149058,1,0.0,8.611428707086615,1355.3789417,16,1.0,647824,921680,0,2048,2.9980985306828005,3.0,3,1.0,0.0,0.0,0.0,1.0,2032.7640036694256,0,658.8916959580383,16,1455030272,1396654080,True,3,0.0,0.0,7646658560,7607238656,Mac mini,31750,,False,0.3794250277149058,250,14.468084031250328,1406733000,84,89,5.5,1.5B,1.1644333462371579,1.0060164311242523,128,9.965680771653544,1358.8415415,12.050843099999998,10.829148089396767,10.02743474527559,18.513624699999987,1363.53348575,12.884234750000001,12.796416707569726,20.361716249999997,9450,6,0,0,1558.1904792785645,1454686208,12.920792,13.37372295,13.62683875,23.99791602510959,3.8816669839434326,fixed3,fixed,True,2.996926345288946,3.0,3,1.0,1342.9273959773127,1346.3531025743578,2762.226574524708,"{'compressions_delta': 0, 'decompressions_delta': 0, 'experiment_rss_after_bytes': 55607296, 'experiment_rss_before_bytes': 55558144, 'headroom_after_bytes': 8937242624, 'headroom_before_bytes': 9006563328, 'idle_seconds': 30.0, 'memory_free_percent_after': 89, 'memory_free_percent_before': 89, 'minimum_headroom_gb': 6.5, 'observed_minimum_headroom_gb': 8.323455810546875, 'pageins_delta': 174, 'pageouts_delta': 0, 'pages_occupied_by_compressor_delta': 0, 'pages_stored_in_compressor_delta': 0, 'passed': True, 'swap_used_delta_bytes': 0, 'swapins_delta': 0, 'swapouts_delta': 0}",mean,850323601,850328601,1.0,True,6,1455030272,"{'compressions_delta': 0, 'decompressions_delta': 0, 'experiment_rss_after_bytes': 1371832320, 'experiment_rss_before_bytes': 1371815936, 'headroom_after_bytes': 7601307648, 'headroom_before_bytes': 7437139968, 'idle_seconds': 30.0, 'memory_free_percent_after': 89, 'memory_free_percent_before': 85, 'minimum_headroom_gb': 6.5, 'observed_minimum_headroom_gb': 6.9263763427734375, 'pageins_delta': 10, 'pageouts_delta': 0, 'pages_occupied_by_compressor_delta': 0, 'pages_stored_in_compressor_delta': 0, 'passed': True, 'swap_used_delta_bytes': 0, 'swapins_delta': 0, 'swapouts_delta': 0}",1316653504,single_index_process_thread_pool,5099.124874977861,5308.234462415567,0.9958768144920633,2412.9923506761183,2407.063765349375,0.9975430567257778,-0.008997977935028571,fa41edec6df14a2cbe713e950e25dcf7,static_evaluation_fixed3_r06_a01,84893,1.934765256009996,"{'attempts': [{'attempt': 0, 'deviation': 0.00014099164600955838, 'median_ms': 1340.9917499811854, 'passed': True, 'ratio': 1.0001409916460096}], 'passed': True, 'reference_ms': 1340.8027080004103}",0.00014099164600955838,0.00014099164600955838,"{'attempts': [{'attempt': 0, 'deviation': -3.9932054805236206e-05, 'median_ms': 1340.7491669931915, 'passed': True, 'ratio': 0.9999600679451948}], 'passed': True, 'reference_ms': 1340.8027080004103}",-3.9932054805236206e-05,-3.9932054805236206e-05,False,evaluation,valid,0,0,0,21.740500000305474,32000,True,128,1589680,32000,2412.657512231326,1.0006479506677766,False,1.0013047740694738,3.114255971168102e-05,1.000218178262254,request_arrival,True,1.0004982893702468,0.0005412901831603685,"{'active_worker_log_present': True, 'completion_count_sufficient': True, 'decode_admission_zero': True, 'memory_clean': False, 'policy_cap_applied': True, 'queue_saturated': True, 'request_count_exact': True, 'sentinel_clean': True, 'steady_duration_sufficient': True, 'token_count_exact': True, 'token_timestamps_valid': True, 'within_block_drift_clean': True, 'within_block_qps_drift_clean': True}",658.9134364580386,1,False,[],"{'active_worker_log_present': True, 'decode_admission_zero': True, 'memory_hard_clean': True, 'policy_cap_applied': True, 'request_count_exact': True, 'token_count_exact': True, 'token_timestamps_valid': True}",['memory_clean'],hard_failures_only
2.9978102705375433,3.0,648976,920224,0.3791603304220125,2,0.0,8.611428707086615,1355.3789417,16,1.0,648960,920208,0,2048,2.998199531384881,3.0,3,1.0,0.0,0.0,0.0,1.0,2032.1691500712009,2,659.3516777500045,16,1461157888,1402830848,True,3,0.0,0.0,7671496704,7625359360,Mac mini,31750,,False,0.3791603304220125,250,14.529665990266949,1413106376,84,89,5.5,1.5B,1.1655848614249598,1.0062827449121492,128,9.979855153543308,1358.9493750000001,10.79823095,10.853583112475462,10.037350936220472,18.281989549999995,1363.89444185,12.9109025,12.855751673341729,20.499127499999997,14821,43,0,-2,1558.1904792785645,1460797440,13.01975,13.426542,14.260554249999998,24.566292006056756,3.2407919934485108,fixed3,fixed,True,2.9974453462347115,3.0,3,1.0,1342.9219580139033,1346.4547954965383,2759.77537121293,"{'compressions_delta': 0, 'decompressions_delta': 0, 'experiment_rss_after_bytes': 55705600, 'experiment_rss_before_bytes': 55656448, 'headroom_after_bytes': 8949563392, 'headroom_before_bytes': 8872869888, 'idle_seconds': 30.0, 'memory_free_percent_after': 89, 'memory_free_percent_before': 89, 'minimum_headroom_gb': 6.5, 'observed_minimum_headroom_gb': 8.263504028320312, 'pageins_delta': 4, 'pageouts_delta': 0, 'pages_occupied_by_compressor_delta': 0, 'pages_stored_in_compressor_delta': 0, 'passed': True, 'swap_used_delta_bytes': 0, 'swapins_delta': 0, 'swapouts_delta': 0}",mean,850323601,850328601,1.0,True,6,1461157888,"{'compressions_delta': 0, 'decompressions_delta': 0, 'experiment_rss_after_bytes': 1371783168, 'experiment_rss_before_bytes': 1371783168, 'headroom_after_bytes': 7610679296, 'headroom_before_bytes': 7119421440, 'idle_seconds': 30.0, 'memory_free_percent_after': 89, 'memory_free_percent_before': 82, 'minimum_headroom_gb': 6.5, 'observed_minimum_headroom_gb': 6.6304779052734375, 'pageins_delta': 15, 'pageouts_delta': 0, 'pages_occupied_by_compressor_delta': 0, 'pages_stored_in_compressor_delta': 0, 'passed': True, 'swap_used_delta_bytes': 0, 'swapins_delta': 0, 'swapouts_delta': 0}",1316342184,single_index_process_thread_pool,5104.390791035257,5363.028145470889,0.992523327176962,2416.1459656027746,2402.5012798012676,0.9943527063365549,-0.020694466834681912,7e8ecde4421b460c8fdda9e6e9688762,static_evaluation_fixed3_r06_a02,84942,2.263834758196026,"{'attempts': [{'attempt': 0, 'deviation': 0.00015962194530527718, 'median_ms': 1341.016729536932, 'passed': True, 'ratio': 1.0001596219453053}], 'passed': True, 'reference_ms': 1340.8027080004103}",0.00015962194530527718,0.00015962194530527718,"{'attempts': [{'attempt': 0, 'deviation': 0.00011867926810626983, 'median_ms': 1340.9618334844708, 'passed': True, 'ratio': 1.0001186792681063}], 'passed': True, 'reference_ms': 1340.8027080004103}",0.00011867926810626983,0.00011867926810626983,False,evaluation,valid,0,0,0,22.01133396010846,32000,True,128,1589040,32000,2410.003725815179,1.0022465043262727,False,1.0009631152412812,2.481800602529306e-05,1.0017077903786482,request_arrival,True,1.0005318322529824,0.0011228207746109982,"{'active_worker_log_present': True, 'completion_count_sufficient': True, 'decode_admission_zero': True, 'memory_clean': False, 'policy_cap_applied': True, 'queue_saturated': True, 'request_count_exact': True, 'sentinel_clean': True, 'steady_duration_sufficient': True, 'token_count_exact': True, 'token_timestamps_valid': True, 'within_block_drift_clean': True, 'within_block_qps_drift_clean': True}",659.3736890839646,1,False,[],"{'active_worker_log_present': True, 'decode_admission_zero': True, 'memory_hard_clean': True, 'policy_cap_applied': True, 'request_count_exact': True, 'token_count_exact': True, 'token_timestamps_valid': True}",['memory_clean'],hard_failures_only
3.012399941069587,4.0,456480,1179872,0.3848802284473366,1,0.0,8.611428707086615,1355.3789417,16,0.4964396208810097,462448,1179888,0,2048,2.0153328716984866,2.0,2,1.0,0.011573845088534969,2.0,1.4230769230769231,1.0,1497.7169073953112,0,649.552721916989,16,1459404800,1403027456,True,,0.0,0.0,7699988480,7660748800,Mac mini,31750,,False,0.3848802284473366,250,13.438375026453286,1411074736,84,89,5.5,1.5B,1.1280237166399765,1.0063368686319025,128,9.665127952755906,1360.148271,10.56422085,10.601231103646569,9.713895815748032,19.076483149999998,1363.9678,12.66402708,12.567109890514985,20.176093659999996,8909,57,0,0,1558.1904792785645,1459044352,12.708207999999999,13.02893355,13.26793308,45.378000009804964,20.22997901076451,phasegate4to2,phasegate,True,3.9953984726845504,4.0,4,1.0,1343.9702705072705,1347.3591748275794,3535.6025945554297,"{'compressions_delta': 0, 'decompressions_delta': 0, 'experiment_rss_after_bytes': 55803904, 'experiment_rss_before_bytes': 55754752, 'headroom_after_bytes': 8890269696, 'headroom_before_bytes': 8955969536, 'idle_seconds': 30.0, 'memory_free_percent_after': 89, 'memory_free_percent_before': 89, 'minimum_headroom_gb': 6.5, 'observed_minimum_headroom_gb': 8.279708862304688, 'pageins_delta': 202, 'pageouts_delta': 0, 'pages_occupied_by_compressor_delta': 0, 'pages_stored_in_compressor_delta': 0, 'passed': True, 'swap_used_delta_bytes': 0, 'swapins_delta': 0, 'swapouts_delta': 0}",mean,850323601,850328601,1.0,True,6,1459404800,"{'compressions_delta': 0, 'decompressions_delta': 0, 'experiment_rss_after_bytes': 1371897856, 'experiment_rss_before_bytes': 1371897856, 'headroom_after_bytes': 7648706560, 'headroom_before_bytes': 7385251840, 'idle_seconds': 30.0, 'memory_free_percent_after': 89, 'memory_free_percent_before': 85, 'minimum_headroom_gb': 6.5, 'observed_minimum_headroom_gb': 6.8780517578125, 'pageins_delta': 24, 'pageouts_delta': 0, 'pages_occupied_by_compressor_delta': 0, 'pages_stored_in_compressor_delta': 0, 'passed': True, 'swap_used_delta_bytes': 0, 'swapins_delta': 0, 'swapouts_delta': 0}",1316456872,single_index_process_thread_pool,5127.920208527939,9640.743210774963,0.9939725054133585,2562.191081387545,2552.3133426915415,0.9961448079466991,-0.01520729855440726,da50c1b6ea434f2996ffd4af4b52ad80,static_evaluation_phasegate4to2_r06_a01,81452,13.092737935949117,"{'attempts': [{'attempt': 0, 'deviation': 0.00024169288834263725, 'median_ms': 1341.1267704796046, 'passed': True, 'ratio': 1.0002416928883426}], 'passed': True, 'reference_ms': 1340.8027080004103}",0.00024169288834263725,0.00024169288834263725,"{'attempts': [{'attempt': 0, 'deviation': 0.00022185144409747615, 'median_ms': 1341.10016701743, 'passed': True, 'ratio': 1.0002218514440975}], 'passed': True, 'reference_ms': 1340.8027080004103}",0.00022185144409747615,0.00022185144409747615,False,evaluation,valid,0,0,0,21.86758298194036,32000,True,128,1661680,32000,2558.191112025481,1.0020753553664088,False,0.9997783246521552,1.4373670862766985e-05,1.0004748350346604,request_arrival,True,1.0001543139126834,2.8581346129517124e-05,"{'active_worker_log_present': True, 'completion_count_sufficient': True, 'decode_admission_zero': True, 'memory_clean': False, 'policy_cap_applied': True, 'queue_saturated': True, 'request_count_exact': True, 'sentinel_clean': True, 'steady_duration_sufficient': True, 'token_count_exact': True, 'token_timestamps_valid': True, 'within_block_drift_clean': True, 'within_block_qps_drift_clean': True}",649.5745894999709,501,False,[],"{'active_worker_log_present': True, 'decode_admission_zero': True, 'memory_hard_clean': True, 'policy_cap_applied': True, 'request_count_exact': True, 'token_count_exact': True, 'token_timestamps_valid': True}",['memory_clean'],hard_failures_only
3.0141096075611764,4.0,451232,1166400,0.3856501289285357,2,0.0,8.611428707086615,1355.3789417,16,0.4956921450782297,457152,1166384,0,2048,2.0156703280355064,2.0,2,1.0,0.011603977089583694,2.0,1.4401709401709402,1.0,1485.8083012510497,0,648.2559741250006,16,1460158464,1403207680,True,,0.0,0.0,7733772288,7508508672,Mac mini,31750,,False,0.3856501289285357,250,13.084417034406215,1411828424,84,89,5.5,1.5B,1.1235017107769636,1.0065122206627537,128,9.618366633858269,1360.318583,10.55337705,10.589731551590376,9.674954884645668,18.48824375,1364.20546845,12.29845467,12.409023949876428,20.38597925,8595,4,0,0,1558.1904792785645,1459814400,12.564437,12.8972125,13.03906209,43.553041003178805,20.26849950198084,phasegate4to2,phasegate,True,3.9955992372011147,4.0,4,1.0,1343.8823545002379,1347.0235184475314,3492.53084037712,"{'compressions_delta': 0, 'decompressions_delta': 0, 'experiment_rss_after_bytes': 55656448, 'experiment_rss_before_bytes': 55607296, 'headroom_after_bytes': 8870084608, 'headroom_before_bytes': 8924151808, 'idle_seconds': 30.0, 'memory_free_percent_after': 89, 'memory_free_percent_before': 89, 'minimum_headroom_gb': 6.5, 'observed_minimum_headroom_gb': 8.260910034179688, 'pageins_delta': 44, 'pageouts_delta': 0, 'pages_occupied_by_compressor_delta': 0, 'pages_stored_in_compressor_delta': 0, 'passed': True, 'swap_used_delta_bytes': 0, 'swapins_delta': 0, 'swapouts_delta': 0}",mean,850323601,850328601,1.0,True,6,1460158464,"{'compressions_delta': 0, 'decompressions_delta': 0, 'experiment_rss_after_bytes': 1372045312, 'experiment_rss_before_bytes': 1372045312, 'headroom_after_bytes': 7494778880, 'headroom_before_bytes': 7269793792, 'idle_seconds': 30.0, 'memory_free_percent_after': 89, 'memory_free_percent_before': 85, 'minimum_headroom_gb': 6.5, 'observed_minimum_headroom_gb': 6.7705230712890625, 'pageins_delta': 35, 'pageouts_delta': 0, 'pages_occupied_by_compressor_delta': 0, 'pages_stored_in_compressor_delta': 0, 'passed': True, 'swap_used_delta_bytes': 0, 'swapins_delta': 0, 'swapouts_delta': 0}",1316620736,single_index_process_thread_pool,5178.876124962699,9688.955641363282,0.9917736860699553,2537.362314047575,2523.3267186266235,0.9944684307230203,-0.02165174734276897,71affdba04ba4a959024908c907590a9,static_evaluation_phasegate4to2_r06_a02,81363,13.75432824715972,"{'attempts': [{'attempt': 0, 'deviation': 0.00028821355691266426, 'median_ms': 1341.1891455180012, 'passed': True, 'ratio': 1.0002882135569127}], 'passed': True, 'reference_ms': 1340.8027080004103}",0.00028821355691266426,0.00028821355691266426,"{'attempts': [{'attempt': 0, 'deviation': -5.452257781035641e-05, 'median_ms': 1340.729603980435, 'passed': True, 'ratio': 0.9999454774221896}], 'passed': True, 'reference_ms': 1340.8027080004103}",-5.452257781035641e-05,-5.452257781035641e-05,False,evaluation,valid,0,0,0,22.200707986485213,32000,True,128,1641696,32000,2532.4810962458455,1.0026714247751587,False,1.0014520629391024,3.7076083371046295e-05,0.9997177687731252,request_arrival,True,1.0004240747960087,0.00021648249374743478,"{'active_worker_log_present': True, 'completion_count_sufficient': True, 'decode_admission_zero': True, 'memory_clean': False, 'policy_cap_applied': True, 'queue_saturated': True, 'request_count_exact': True, 'sentinel_clean': True, 'steady_duration_sufficient': True, 'token_count_exact': True, 'token_timestamps_valid': True, 'within_block_drift_clean': True, 'within_block_qps_drift_clean': True}",648.2781748329871,501,False,[],"{'active_worker_log_present': True, 'decode_admission_zero': True, 'memory_hard_clean': True, 'policy_cap_applied': True, 'request_count_exact': True, 'token_count_exact': True, 'token_timestamps_valid': True}",['memory_clean'],hard_failures_only
3.9951810191161106,4.0,857184,1163488,0.36960099953040576,1,0.0,8.611428707086615,1355.3789417,16,0.0,857072,1163536,0,2048,3.995858032193259,4.0,4,1.0,0.0,0.0,0.0,1.0,2553.490457228653,0,676.4050971659599,16,1460322304,1403387904,True,4,6.299212598425197e-05,0.0,7706525696,7634878464,Mac mini,31750,,False,0.36960099953040576,250,19.873375014867634,1411926728,84,89,5.5,1.5B,1.2265083451874317,1.0069457174007679,128,10.501136645669291,1360.1076455000002,12.236186049999999,12.25644618680235,10.561989173228348,19.37565815,1364.7930208,14.210028249999999,14.16979483969044,22.585766249999995,8805,32,0,0,1558.1904792785645,1459978240,14.686209,16.08705435,17.042545909999998,24.764167028479278,4.272104473784566,fixed4,fixed,True,3.994519207242476,4.0,4,1.0,1343.8803544850089,1346.6797877947101,3485.4072289951523,"{'compressions_delta': 0, 'decompressions_delta': 0, 'experiment_rss_after_bytes': 55853056, 'experiment_rss_before_bytes': 55803904, 'headroom_after_bytes': 8965390336, 'headroom_before_bytes': 9004040192, 'idle_seconds': 30.0, 'memory_free_percent_after': 89, 'memory_free_percent_before': 89, 'minimum_headroom_gb': 6.5, 'observed_minimum_headroom_gb': 8.34967041015625, 'pageins_delta': 170, 'pageouts_delta': 0, 'pages_occupied_by_compressor_delta': 0, 'pages_stored_in_compressor_delta': 0, 'passed': True, 'swap_used_delta_bytes': 0, 'swapins_delta': 0, 'swapouts_delta': 0}",mean,850323601,850328601,1.0,True,6,1460322304,"{'compressions_delta': 0, 'decompressions_delta': 0, 'experiment_rss_after_bytes': 1372143616, 'experiment_rss_before_bytes': 1372143616, 'headroom_after_bytes': 7629029376, 'headroom_before_bytes': 7093469184, 'idle_seconds': 30.0, 'memory_free_percent_after': 89, 'memory_free_percent_before': 82, 'minimum_headroom_gb': 6.5, 'observed_minimum_headroom_gb': 6.6063079833984375, 'pageins_delta': 17, 'pageouts_delta': 0, 'pages_occupied_by_compressor_delta': 0, 'pages_stored_in_compressor_delta': 0, 'passed': True, 'swap_used_delta_bytes': 0, 'swapins_delta': 0, 'swapouts_delta': 0}",1316702632,single_index_process_thread_pool,5424.033125047572,5619.533800618956,0.996887666920256,3027.9793858158723,3020.1697247368324,0.9974208341326156,-0.011546066926340838,39f879ce0a544d2ca944f5f02d5f8084,static_evaluation_fixed4_r06_a01,81345,2.144249330740422,"{'attempts': [{'attempt': 0, 'deviation': 0.00016676910490298624, 'median_ms': 1341.026312467875, 'passed': True, 'ratio': 1.000166769104903}], 'passed': True, 'reference_ms': 1340.8027080004103}",0.00016676910490298624,0.00016676910490298624,"{'attempts': [{'attempt': 0, 'deviation': 3.649905568758882e-05, 'median_ms': 1340.8516460331157, 'passed': True, 'ratio': 1.0000364990556876}], 'passed': True, 'reference_ms': 1340.8027080004103}",3.649905568758882e-05,3.649905568758882e-05,False,evaluation,valid,0,0,0,22.130540979560465,32000,True,128,2046528,32000,3025.5951774678488,1.0000813271094462,False,0.9998162189652322,7.316558970520796e-06,0.9989449582520504,request_arrival,True,1.0001410716315793,-2.9647215371766654e-05,"{'active_worker_log_present': True, 'completion_count_sufficient': True, 'decode_admission_zero': True, 'memory_clean': False, 'policy_cap_applied': True, 'queue_saturated': True, 'request_count_exact': True, 'sentinel_clean': True, 'steady_duration_sufficient': True, 'token_count_exact': True, 'token_timestamps_valid': True, 'within_block_drift_clean': True, 'within_block_qps_drift_clean': True}",676.4272277069394,1,False,[],"{'active_worker_log_present': True, 'decode_admission_zero': True, 'memory_hard_clean': True, 'policy_cap_applied': True, 'request_count_exact': True, 'token_count_exact': True, 'token_timestamps_valid': True}",['memory_clean'],hard_failures_only
3.9962902453106,4.0,856992,1164592,0.36975819281759326,2,0.0,8.611428707086615,1355.3789417,16,0.0,857008,1164656,0,2048,3.99662982603955,4.0,4,1.0,0.0,0.0,0.0,1.0,2555.9819151632455,0,676.1175407500123,16,1459650560,1403322368,True,4,0.00012598425196850394,0.0,7657717760,7615922176,Mac mini,31750,,False,0.36975819281759326,250,21.80358301848173,1411222192,84,89,5.5,1.5B,1.2273926269699993,1.00670348529143,128,10.491942748031496,1359.927375,12.371631249999998,12.166564539074898,10.569604102755905,18.9085247,1364.4647045,14.35750051,14.088947077398167,21.348902579999994,8933,6,0,0,1558.1904792785645,1459273728,14.6625,16.2216144,17.38319884,23.114334035199136,4.630833514966071,fixed4,fixed,True,3.9959399305385706,4.0,4,1.0,1343.865437520435,1346.6445725498488,3488.402688272108,"{'compressions_delta': 0, 'decompressions_delta': 0, 'experiment_rss_after_bytes': 55853056, 'experiment_rss_before_bytes': 55803904, 'headroom_after_bytes': 8946909184, 'headroom_before_bytes': 8923643904, 'idle_seconds': 30.0, 'memory_free_percent_after': 89, 'memory_free_percent_before': 89, 'minimum_headroom_gb': 6.5, 'observed_minimum_headroom_gb': 8.310791015625, 'pageins_delta': 21, 'pageouts_delta': 0, 'pages_occupied_by_compressor_delta': 0, 'pages_stored_in_compressor_delta': 0, 'passed': True, 'swap_used_delta_bytes': 0, 'swapins_delta': 0, 'swapouts_delta': 0}",mean,850323601,850328601,1.0,True,6,1459650560,"{'compressions_delta': 0, 'decompressions_delta': 0, 'experiment_rss_after_bytes': 1372241920, 'experiment_rss_before_bytes': 1372241920, 'headroom_after_bytes': 7605026816, 'headroom_before_bytes': 7121125376, 'idle_seconds': 30.0, 'memory_free_percent_after': 89, 'memory_free_percent_before': 82, 'minimum_headroom_gb': 6.5, 'observed_minimum_headroom_gb': 6.6320648193359375, 'pageins_delta': 7, 'pageouts_delta': 0, 'pages_occupied_by_compressor_delta': 0, 'pages_stored_in_compressor_delta': 0, 'passed': True, 'swap_used_delta_bytes': 0, 'swapins_delta': 0, 'swapouts_delta': 0}",1316784528,single_index_process_thread_pool,5412.64641698217,5638.845471374225,0.9962753990355256,3034.586663240957,3024.5081261225046,0.9966787776271024,-0.014906755554894291,15b3eb1736d7406eb9a0f8a2007c73ee,static_evaluation_fixed4_r06_a02,81407,3.677675675135106,"{'attempts': [{'attempt': 0, 'deviation': 0.00031107037157096507, 'median_ms': 1341.2197919969913, 'passed': True, 'ratio': 1.000311070371571}], 'passed': True, 'reference_ms': 1340.8027080004103}",0.00031107037157096507,0.00031107037157096507,"{'attempts': [{'attempt': 0, 'deviation': 0.00015943509770188768, 'median_ms': 1341.0164790111594, 'passed': True, 'ratio': 1.0001594350977019}], 'passed': True, 'reference_ms': 1340.8027080004103}",0.00015943509770188768,0.00015943509770188768,False,evaluation,valid,0,0,0,22.22549996804446,32000,True,128,2047824,32000,3028.79880579398,1.0025318134062529,False,1.0014688643375989,2.4199527929676093e-05,0.9996616529868002,request_arrival,True,1.0002095044195518,-0.0002246327898310915,"{'active_worker_log_present': True, 'completion_count_sufficient': True, 'decode_admission_zero': True, 'memory_clean': False, 'policy_cap_applied': True, 'queue_saturated': True, 'request_count_exact': True, 'sentinel_clean': True, 'steady_duration_sufficient': True, 'token_count_exact': True, 'token_timestamps_valid': True, 'within_block_drift_clean': True, 'within_block_qps_drift_clean': True}",676.1397662499803,1,False,[],"{'active_worker_log_present': True, 'decode_admission_zero': True, 'memory_hard_clean': True, 'policy_cap_applied': True, 'request_count_exact': True, 'token_count_exact': True, 'token_timestamps_valid': True}",['memory_clean'],hard_failures_only
