baseline_set,repeat,run_key,request_index,request_id,ttft_ms,mean_tpot_ms,p50_tpot_ms,p95_tpot_ms,p99_tpot_ms,maximum_gap_ms,phase_transition_gap_ms,token_timestamp_count
A,0,static_contention_baseline_A_event_llm-only_r00_a01,0,static-000,1775.9757919993717,11.540204063140399,11.498749983729795,11.73935460683424,12.316276086494327,12.423999985912815,15.288041991880164,128
A,0,static_contention_baseline_A_event_llm-only_r00_a01,1,static-001,1781.08358400641,11.522262133740432,11.501750006573275,11.661437497241423,12.030456252978183,12.329624994890764,15.154125023400411,128
A,0,static_contention_baseline_A_event_llm-only_r00_a01,2,static-002,1782.0057080243714,11.551210960633613,11.516291997395456,11.834084006841294,12.381553570739925,12.435834010830149,15.04066601046361,128
A,0,static_contention_baseline_A_event_llm-only_r00_a01,3,static-003,1781.599833018845,11.528007220476866,11.506125010782853,11.707283108262345,12.077615580055863,12.349374999757856,15.056208008900285,128
A,0,static_contention_baseline_A_event_llm-only_r00_a01,4,static-004,1780.4560840013437,11.539376968486733,11.512333003338426,11.770104584866203,12.268858916941099,12.45470900903456,15.186084026936442,128
A,0,static_contention_baseline_A_event_llm-only_r00_a01,5,static-005,1780.1604170235805,11.509546913356909,11.493375001009554,11.676299982354976,12.012054427759722,12.333041988313198,15.105792001122609,128
A,0,static_contention_baseline_A_event_llm-only_r00_a01,6,static-006,1779.422124993289,11.51358759842857,11.484124988783151,11.604037715005688,12.088286731159313,12.397749989759177,15.231916011543944,128
A,0,static_contention_baseline_A_event_llm-only_r00_a01,7,static-007,1778.3425829838961,11.534945866300204,11.501750006573275,11.865741698420607,12.205997083219698,12.268625025171787,15.184749994659796,128
A,0,static_contention_baseline_A_event_llm-only_r00_a01,8,static-008,1777.483583020512,11.539813976250882,11.499790998641402,11.689608011511154,12.408730327733792,12.529667001217604,15.266208007233217,128
A,0,static_contention_baseline_A_event_llm-only_r00_a01,9,static-009,1777.2862919955514,11.527849078741232,11.492916994029656,11.637149995658547,12.40141064801719,12.539249990368262,15.200458990875632,128
A,0,static_contention_baseline_A_event_llm-only_r00_a01,10,static-010,1775.591749988962,11.51929527551383,11.486832983791828,11.61290010495577,12.257532163057476,12.319208006374538,15.172499988693744,128
A,0,static_contention_baseline_A_event_llm-only_r00_a01,11,static-011,1776.0419169790111,11.52132775595111,11.494374979520217,11.705921188695356,11.939532671240158,12.28925000759773,15.110124979401007,128
A,0,static_contention_baseline_A_event_llm-only_r00_a01,12,static-012,1774.8978750023525,11.529933070895945,11.503207992063835,11.680054396856576,12.337056085816585,12.412083015078679,15.006041998276487,128
A,0,static_contention_baseline_A_event_llm-only_r00_a01,13,static-013,1772.9731249855831,11.83630708663717,11.66116600506939,13.148458205978386,14.484668007935397,14.59116698242724,14.919582987204194,128
A,0,static_contention_baseline_A_event_llm-only_r00_a01,14,static-014,1780.6014170055278,11.545979984353965,11.506999988341704,11.84426679101307,12.396721925470047,12.417499994626269,15.152542007854208,128
A,0,static_contention_baseline_A_event_llm-only_r00_a01,15,static-015,1775.781458010897,11.536354661504848,11.504082998726517,11.672303502564318,12.330204677418806,12.403792003169656,15.041708014905453,128
A,0,static_contention_baseline_A_event_llm-only_r00_a01,16,static-016,1774.7812909947243,11.542759842365818,11.519209016114473,11.70949180086609,12.24907091644127,12.282833980862051,15.372708003269508,128
A,0,static_contention_baseline_A_event_llm-only_r00_a01,17,static-017,1774.2255000048317,11.52417814958562,11.491208977531642,11.760074910125695,12.209599682828411,12.275916000362486,15.143791009904817,128
A,0,static_contention_baseline_A_event_llm-only_r00_a01,18,static-018,1774.5457499986514,11.50402591351097,11.47724999464117,11.585400201147422,12.383246063254774,12.43295898893848,15.155458997469395,128
A,0,static_contention_baseline_A_event_llm-only_r00_a01,19,static-019,1774.897958006477,11.531407149429763,11.494292004499584,11.892708213417789,12.275341072236188,12.471249996451661,15.15245801419951,128
A,0,static_contention_baseline_A_event_llm-only_r00_a01,20,static-020,1773.3440840092953,11.5179055116935,11.47970900638029,11.64739990781527,12.279027019394562,12.446209002519026,15.174667001701891,128
A,0,static_contention_baseline_A_event_llm-only_r00_a01,21,static-021,1773.58695800649,11.51755544875829,11.49762497516349,11.668446191470139,12.018945412128232,12.201708013890311,15.214917017146945,128
A,0,static_contention_baseline_A_event_llm-only_r00_a01,22,static-022,1774.6623329876456,11.532746063129185,11.491374985780567,11.822920516715385,12.233907160698434,12.438165984349325,15.03637499990873,128
A,0,static_contention_baseline_A_event_llm-only_r00_a01,23,static-023,1775.7007500040345,11.534814307132487,11.50008401600644,11.855362600181252,12.198757505393587,12.316917011048645,15.115665999474004,128
A,0,static_contention_baseline_A_event_llm-only_r00_a01,24,static-024,1773.0595839966554,11.522899606167963,11.502499983180314,11.654671403812245,12.047533585573547,12.155458010965958,15.300750004826114,128
A,0,static_contention_baseline_A_event_llm-only_r00_a01,25,static-025,1773.640625004191,11.540482614297552,11.50604197755456,11.702370797866024,12.448537921300158,12.49837499926798,15.099999989615753,128
A,0,static_contention_baseline_A_event_llm-only_r00_a01,26,static-026,1774.8925000196323,11.524916992029615,11.493208003230393,11.800041887909172,12.109596574446186,12.41054100682959,15.033167001092806,128
A,0,static_contention_baseline_A_event_llm-only_r00_a01,27,static-027,1773.6085420183372,11.518486551106283,11.494792008306831,11.65268320182804,12.235933254123665,12.393207987770438,15.182625007582828,128
A,0,static_contention_baseline_A_event_llm-only_r00_a01,28,static-028,1776.2747919769026,11.525325126043983,11.484166025184095,11.752021397114731,12.38532591611147,12.46512500802055,15.119291987502947,128
A,0,static_contention_baseline_A_event_llm-only_r00_a01,29,static-029,1775.0615830009338,11.5361397636332,11.506917013321072,11.720375006552786,12.312735421583056,12.430290982592851,15.097124996827915,128
A,0,static_contention_baseline_A_event_llm-only_r00_a01,30,static-030,1774.4120830029715,11.51741470080089,11.494542006403208,11.661687499145046,12.360825647483578,12.437415978638455,15.329625020967796,128
A,0,static_contention_baseline_A_event_llm-only_r00_a01,31,static-031,1773.6697919899598,11.52444651990205,11.491125012980774,11.70605000515934,12.429520337609574,12.435542012099177,15.014791977591813,128
A,0,static_contention_baseline_A_event_llm-only_r00_a01,32,static-032,1786.0288340016268,11.68859120473031,11.569958995096385,12.422103717108255,13.645144672482274,13.747124990914017,15.268541988916695,128
A,0,static_contention_baseline_A_event_llm-only_r00_a01,33,static-033,1776.475874998141,11.564892393813697,11.516584025230259,12.06484569411259,12.464606843423098,12.47033299296163,15.107082988834009,128
A,0,static_contention_baseline_A_event_llm-only_r00_a01,34,static-034,1774.2498330189846,11.520754921297712,11.481416004244238,11.861766906804402,12.379004230606368,12.493665999500081,15.053292008815333,128
A,0,static_contention_baseline_A_event_llm-only_r00_a01,35,static-035,1776.2778339965735,11.516406495989425,11.49820801219903,11.724924799636936,12.223907933803273,12.404875014908612,15.09979201364331,128
A,0,static_contention_baseline_A_event_llm-only_r00_a01,36,static-036,1777.93416599161,11.523711614266741,11.485416995128617,11.718957996345125,12.395447924500331,12.422083993442357,15.24612499633804,128
A,0,static_contention_baseline_A_event_llm-only_r00_a01,37,static-037,1776.2915840139613,11.511961283486732,11.485209019156173,11.775353708071632,12.187190491822548,12.261665979167446,15.159625007072464,128
A,0,static_contention_baseline_A_event_llm-only_r00_a01,38,static-038,1777.2927499900106,11.53387860637928,11.495249986182898,11.869841304724105,12.365403422736563,12.39070898736827,15.543999994406477,128
A,0,static_contention_baseline_A_event_llm-only_r00_a01,39,static-039,1777.016707987059,11.533330385774873,11.493958998471498,11.959596403175963,12.282062651356682,12.31858300161548,15.249999996740371,128
A,0,static_contention_baseline_A_event_llm-only_r00_a01,40,static-040,1775.1428750052582,11.525216535298432,11.491499986732379,11.79657499305904,12.187896410468966,12.511167005868629,15.173584019066766,128
A,0,static_contention_baseline_A_event_llm-only_r00_a01,41,static-041,1776.8548329768237,11.529749677347855,11.489415977848694,11.857699899701398,12.213372499099933,12.265916011529043,15.128624974749982,128
A,0,static_contention_baseline_A_event_llm-only_r00_a01,42,static-042,1778.4588339854963,11.524103015870237,11.495500017190352,11.793800003943032,12.178924645995721,12.306167016504332,15.496334002818912,128
A,0,static_contention_baseline_A_event_llm-only_r00_a01,43,static-043,1777.5902499852236,11.567324149701012,11.532999982591718,11.91002040868625,12.272480661631562,12.328125012572855,15.11695800581947,128
A,0,static_contention_baseline_A_event_llm-only_r00_a01,44,static-044,1780.1660409895703,11.542446850606526,11.500167020130903,11.791112495120615,12.407625920022838,12.43970901123248,15.709665982285514,128
A,0,static_contention_baseline_A_event_llm-only_r00_a01,45,static-045,1779.6848750149366,11.54592060612324,11.504875001264736,11.794146412285045,12.29243908484932,12.459457997465506,15.970000007655472,128
A,0,static_contention_baseline_A_event_llm-only_r00_a01,46,static-046,1778.800833009882,11.524398952784882,11.483708018204197,11.7489664000459,12.314415929140523,12.40700000198558,15.61433300958015,128
A,0,static_contention_baseline_A_event_llm-only_r00_a01,47,static-047,1777.2298750060145,11.523037401576138,11.49445798364468,11.672546286717989,12.254687173990533,12.387084017973393,15.035749995149672,128
A,0,static_contention_baseline_A_event_llm-only_r00_a01,48,static-048,1778.1821249809582,11.542971456775398,11.504750000312924,11.815712592215275,12.242302917293271,12.453458009986207,15.108041989151388,128
A,0,static_contention_baseline_A_event_llm-only_r00_a01,49,static-049,1779.4521659961902,11.519764440948158,11.495250015286729,11.837721304618753,11.999050913145766,12.087875016732141,15.19320800434798,128
A,0,static_contention_baseline_A_event_llm-only_r00_a01,50,static-050,1779.3576249969192,11.878247047164,11.706667020916939,13.310187496244907,13.573389997472987,13.803624984575436,15.19712500157766,128
A,0,static_contention_baseline_A_event_llm-only_r00_a01,51,static-051,1781.6813749959692,11.540208007969827,11.505500006023794,11.819179487065412,12.231796240084803,12.410416995408013,15.17658299417235,128
A,0,static_contention_baseline_A_event_llm-only_r00_a01,52,static-052,1780.3887500194833,11.533576440786591,11.507624993100762,11.752487314515745,12.130559080396777,12.437917001079768,15.495041996473446,128
A,0,static_contention_baseline_A_event_llm-only_r00_a01,53,static-053,1780.5704580096062,11.519432748029903,11.500459018861875,11.684800003422424,11.984490001341328,12.09316699532792,15.664333011955023,128
A,0,static_contention_baseline_A_event_llm-only_r00_a01,54,static-054,1779.6713339921553,11.51686351183494,11.506458016810939,11.645000200951472,11.915613583405502,12.309000012464821,15.274667006451637,128
A,0,static_contention_baseline_A_event_llm-only_r00_a01,55,static-055,1779.3767499970272,11.556937338648671,11.513125005876645,11.998278691316955,12.4162599950796,12.528249993920326,14.99862500349991,128
A,0,static_contention_baseline_A_event_llm-only_r00_a01,56,static-056,1782.1557080023922,11.5502660788823,11.512124998262152,11.80002069158945,12.467342328163795,12.525917001767084,15.432332991622388,128
A,0,static_contention_baseline_A_event_llm-only_r00_a01,57,static-057,1780.2694169804454,11.51822736224629,11.496166000142694,11.80568400013726,12.151001836755311,12.311500002397224,15.032374998554587,128
A,0,static_contention_baseline_A_event_llm-only_r00_a01,58,static-058,1779.6977919933852,11.525942251914891,11.506292008562014,11.746574903372675,12.012362335226497,12.227665982209146,15.548374998616055,128
A,0,static_contention_baseline_A_event_llm-only_r00_a01,59,static-059,1781.3849579833914,11.567603023750268,11.516541009768844,11.968237391556613,12.297568910871632,12.599417008459568,15.130040992517024,128
A,0,static_contention_baseline_A_event_llm-only_r00_a01,60,static-060,1780.271083000116,11.53821948806638,11.498000007122755,12.007841700688,12.268174496712163,12.294582993490621,15.11095801834017,128
A,0,static_contention_baseline_A_event_llm-only_r00_a01,61,static-061,1781.211749999784,11.545937669217793,11.518832994624972,11.673295794753358,12.35181717784144,12.660375010455027,15.109041007235646,128
A,0,static_contention_baseline_A_event_llm-only_r00_a01,62,static-062,1781.591707986081,11.548935039487748,11.521790991537273,11.764025109005159,12.1855674975086,12.482042016927153,15.095166978426278,128
A,0,static_contention_baseline_A_event_llm-only_r00_a01,63,static-063,1779.242416989291,11.554067582717003,11.509250005474314,11.990375202731228,12.35442124074325,12.41987501271069,15.076167008373886,128
A,0,static_contention_baseline_A_event_llm-only_r00_a01,64,static-064,1783.6070409975946,11.539448165393427,11.49295800132677,11.826712402398698,12.27066539984662,12.448416993720457,15.191290993243456,128
A,0,static_contention_baseline_A_event_llm-only_r00_a01,65,static-065,1783.5363330086693,11.527069551204734,11.505749978823587,11.62562049285043,12.221624421654267,12.314333027461544,15.529416996287182,128
A,0,static_contention_baseline_A_event_llm-only_r00_a01,66,static-066,1783.567625010619,11.545595149674607,11.501249973662198,11.917100104619749,12.382899513468146,12.43854101630859,15.83991601364687,128
A,0,static_contention_baseline_A_event_llm-only_r00_a01,67,static-067,1780.8402910013683,11.54839600011061,11.517166974954307,11.770375000196509,12.231639663805254,12.540167022962123,15.032750001410022,128
A,0,static_contention_baseline_A_event_llm-only_r00_a01,68,static-068,1782.3590410116594,11.354937669353589,11.273916985373944,11.632620720774867,12.110848754527979,12.127334019169211,15.06199999130331,128
A,0,static_contention_baseline_A_event_llm-only_r00_a01,69,static-069,1795.3754999907687,11.645542653635012,11.548957991180941,12.188674995559268,13.583543176646344,13.667833001818508,15.454124979441985,128
A,0,static_contention_baseline_A_event_llm-only_r00_a01,70,static-070,1783.977415994741,11.536691606404098,11.501041997689754,11.689287598710507,12.382820433122106,12.40775000769645,15.354790986748412,128
A,0,static_contention_baseline_A_event_llm-only_r00_a01,71,static-071,1784.3314159836154,11.541864504042177,11.502792011015117,11.90217941184528,12.269318941398524,12.505042017437518,15.05600000382401,128
A,0,static_contention_baseline_A_event_llm-only_r00_a01,72,static-072,1784.6462919842452,11.538153874053524,11.498874984681606,11.812774912687017,12.210850905394182,12.217500014230609,15.044875006424263,128
A,0,static_contention_baseline_A_event_llm-only_r00_a01,73,static-073,1783.4722910192795,11.520758535443461,11.490750010125339,11.81347501114942,12.166723769623786,12.270874984096736,15.143083001021296,128
A,0,static_contention_baseline_A_event_llm-only_r00_a01,74,static-074,1785.535541974241,11.5079491419395,11.48620797903277,11.643620501854457,12.189778398023918,12.194667011499405,15.971416985848919,128
A,0,static_contention_baseline_A_event_llm-only_r00_a01,75,static-075,1784.6677089983132,11.534774275615767,11.49966599768959,11.879962609964421,12.299906912376171,12.361666013021022,15.14666699222289,128
A,0,static_contention_baseline_A_event_llm-only_r00_a01,76,static-076,1784.638624987565,11.525646323020988,11.492290999740362,11.725437306449749,12.264566998928784,12.411333998898044,15.100624994374812,128
A,0,static_contention_baseline_A_event_llm-only_r00_a01,77,static-077,1784.5007079886273,11.544709645695692,11.51124999159947,11.78046228887979,12.210016424651258,12.277916976017877,15.17283299472183,128
A,0,static_contention_baseline_A_event_llm-only_r00_a01,78,static-078,1785.1917079824489,11.522486873977547,11.494041013065726,11.70282490493264,12.115628762403501,12.459291989216581,15.214042010484263,128
A,0,static_contention_baseline_A_event_llm-only_r00_a01,79,static-079,1783.2289169891737,11.553299866294063,11.51499999104999,11.744349807850085,12.315716917510144,12.557624984765425,15.155874978518113,128
A,0,static_contention_baseline_A_event_llm-only_r00_a01,80,static-080,1783.9883750129957,11.547079070803056,11.50504098040983,11.95887129579205,12.29286264278926,12.411125004291534,15.046499989693984,128
A,0,static_contention_baseline_A_event_llm-only_r00_a01,81,static-081,1785.2725830161944,11.544403212610632,11.512332974234596,11.674216992105357,12.454224419197997,12.608416000148281,15.188417019089684,128
A,0,static_contention_baseline_A_event_llm-only_r00_a01,82,static-082,1785.743457992794,11.551087267750024,11.526666989084333,11.699491797480732,12.381329669733528,12.562749994685873,15.248957992298529,128
A,0,static_contention_baseline_A_event_llm-only_r00_a01,83,static-083,1785.040749993641,11.564580378063962,11.52562498464249,11.820333206560461,12.472686078981496,12.531207990832627,15.091916982783005,128
A,0,static_contention_baseline_A_event_llm-only_r00_a01,84,static-084,1785.5941669840831,11.541488519677246,11.50229200720787,11.746796112856828,12.303285667439923,12.34812499023974,15.205666975816712,128
A,0,static_contention_baseline_A_event_llm-only_r00_a01,85,static-085,1785.1080409891438,11.52615551172213,11.4985840045847,11.730770600843242,12.153737668995744,12.422457977663726,15.025208005681634,128
A,0,static_contention_baseline_A_event_llm-only_r00_a01,86,static-086,1786.7644159996416,11.541571197013818,11.513874982483685,11.725116815068757,12.204896071343681,12.327124975854531,15.134957997361198,128
A,0,static_contention_baseline_A_event_llm-only_r00_a01,87,static-087,1788.997499999823,12.099431102360255,11.845083005027846,13.539687599404715,14.356367498403413,14.611291990149766,15.947667008731514,128
A,0,static_contention_baseline_A_event_llm-only_r00_a01,88,static-088,1788.54779098765,11.553769031499227,11.523290973855183,11.78835810860619,12.454127193777822,12.568875012220815,15.133332984987646,128
A,0,static_contention_baseline_A_event_llm-only_r00_a01,89,static-089,1787.663249997422,11.521202094548595,11.505083995871246,11.63502499985043,12.222825922071932,12.493916001403704,15.092208981513977,128
A,0,static_contention_baseline_A_event_llm-only_r00_a01,90,static-090,1786.9815409940202,11.52227100009634,11.499166983412579,11.676670497399755,12.029170924797654,12.271624989807606,15.04762499826029,128
A,0,static_contention_baseline_A_event_llm-only_r00_a01,91,static-091,1787.465000001248,11.551921590466023,11.507749994052574,11.86967500252649,12.333102495758794,12.352334015304223,15.52387501578778,128
A,0,static_contention_baseline_A_event_llm-only_r00_a01,92,static-092,1786.0707500076387,11.529341866225591,11.507374991197139,11.70191679848358,12.093666858854704,12.427125009708107,15.063166996696964,128
A,0,static_contention_baseline_A_event_llm-only_r00_a01,93,static-093,1787.743708002381,11.539300850282723,11.506250011734664,11.853208107640965,12.242151077953167,12.30491601745598,15.315917000407353,128
A,0,static_contention_baseline_A_event_llm-only_r00_a01,94,static-094,1786.5767919865903,11.550149929161572,11.515999998664483,11.697982999612577,12.400559234665705,12.474332994315773,14.987500006100163,128
A,0,static_contention_baseline_A_event_llm-only_r00_a01,95,static-095,1787.1372500085272,11.54212630697614,11.513375007780269,11.68506710382644,12.12832749064546,12.321290996624157,15.135584020754322,128
A,0,static_contention_baseline_A_event_llm-only_r00_a01,96,static-096,1786.0603330191225,11.55575492105806,11.507667019031942,11.893574800342321,12.241618261905387,12.318875000346452,15.116791008040309,128
A,0,static_contention_baseline_A_event_llm-only_r00_a01,97,static-097,1788.3889999939129,11.544064960559815,11.507291987072676,11.988621408818288,12.333585147862323,12.461709004128352,15.162791009061038,128
A,0,static_contention_baseline_A_event_llm-only_r00_a01,98,static-098,1789.3758749996778,11.5461866770079,11.505291011417285,11.8501873803325,12.289353428641334,12.305374984862283,15.061750018503517,128
A,0,static_contention_baseline_A_event_llm-only_r00_a01,99,static-099,1786.7516249825712,11.556926834686681,11.521042004460469,11.830229405313728,12.401921426644549,12.534333014627919,15.255749982316047,128
A,0,static_contention_baseline_A_event_llm-only_r00_a01,100,static-100,1788.9792500063777,11.523768700628109,11.49462501052767,11.692087398841975,12.10110122745391,12.448207999113947,15.112916997168213,128
A,0,static_contention_baseline_A_event_llm-only_r00_a01,101,static-101,1788.3177079784218,11.531074472481208,11.495790997287259,11.704341808217578,12.372279345290735,12.553792010294273,15.663124999264255,128
A,0,static_contention_baseline_A_event_llm-only_r00_a01,102,static-102,1788.5429590241984,11.57990255893582,11.533375014550984,12.016862505697645,12.425670593511313,12.552333006169647,15.070499997818843,128
A,0,static_contention_baseline_A_event_llm-only_r00_a01,103,static-103,1789.4104580045678,11.543036748125314,11.499249987537041,11.83951680723112,12.272374989115633,12.396665988489985,15.313582989620045,128
A,0,static_contention_baseline_A_event_llm-only_r00_a01,104,static-104,1789.2149580002297,11.550416338521488,11.525208014063537,11.678379290970042,12.375299099367112,12.391084019327536,15.384792000986636,128
A,0,static_contention_baseline_A_event_llm-only_r00_a01,105,static-105,1789.1604999895208,11.657257220619835,11.502374982228503,12.368895689724011,13.408278593560675,14.517416973831132,15.153916989220306,128
A,0,static_contention_baseline_A_event_llm-only_r00_a01,106,static-106,1803.2957079994958,11.545816606449653,11.51275000302121,11.796509000123477,12.346958913840353,12.48308300273493,15.186165983323008,128
A,0,static_contention_baseline_A_event_llm-only_r00_a01,107,static-107,1788.980708020972,11.570460306971855,11.538874998223037,11.737841973081231,12.316523155313917,12.529625004390255,15.11562502128072,128
A,0,static_contention_baseline_A_event_llm-only_r00_a01,108,static-108,1789.9968749843538,11.532814307257489,11.496457998873666,11.651791882468387,12.281477658543736,12.493415997596458,15.263332985341549,128
A,0,static_contention_baseline_A_event_llm-only_r00_a01,109,static-109,1789.8157500021625,11.539158795173757,11.519249994307756,11.65273759397678,11.943115172325633,12.55558300181292,15.101375000085682,128
A,0,static_contention_baseline_A_event_llm-only_r00_a01,110,static-110,1789.5697499916423,11.553724732260974,11.511958000482991,11.902774902409872,12.343291089637205,12.521917000412941,15.057959011755884,128
A,0,static_contention_baseline_A_event_llm-only_r00_a01,111,static-111,1789.741665998008,11.548155189059147,11.520375002874061,11.777887496282345,12.168335662572645,12.314000021433458,15.034374984679744,128
A,0,static_contention_baseline_A_event_llm-only_r00_a01,112,static-112,1790.2914580190554,11.532499346291779,11.505000002216548,11.716179607901722,12.090939583722502,12.190042005386204,15.160583017859608,128
A,0,static_contention_baseline_A_event_llm-only_r00_a01,113,static-113,1791.4077920140699,11.539388448687447,11.495916987769306,11.763000101200305,12.395758421043865,12.42812498821877,15.141875017434359,128
A,0,static_contention_baseline_A_event_llm-only_r00_a01,114,static-114,1788.8024999992922,11.539168307313872,11.49987502139993,11.761370708700268,12.428525424329564,12.554916989756748,15.615916985552758,128
A,0,static_contention_baseline_A_event_llm-only_r00_a01,115,static-115,1790.212749998318,11.547143047209829,11.510540993185714,11.841725106933154,12.413965503801592,12.459624995244667,15.155041997786611,128
A,0,static_contention_baseline_A_event_llm-only_r00_a01,116,static-116,1792.4733749823645,11.52972145671553,11.509417003253475,11.662646406330168,12.003928163903765,12.273166998056695,15.119457995751873,128
A,0,static_contention_baseline_A_event_llm-only_r00_a01,117,static-117,1790.370749979047,11.543467842541107,11.513665987877175,11.731212507584132,12.14768783887848,12.55033302004449,15.09095900109969,128
A,0,static_contention_baseline_A_event_llm-only_r00_a01,118,static-118,1790.1389579928946,11.566783795380731,11.533584009157494,11.82948748464696,12.299946087878197,12.544625002192333,15.15841597574763,128
A,0,static_contention_baseline_A_event_llm-only_r00_a01,119,static-119,1791.0888330079615,11.52658529921552,11.501833010697737,11.708696183632128,12.031977086444385,12.166874977992848,15.065957995830104,128
A,0,static_contention_baseline_A_event_llm-only_r00_a01,120,static-120,1792.2310419962741,11.559749669285388,11.522083019372076,11.87695790140424,12.340614423155783,12.453625007765368,15.270124975359067,128
A,0,static_contention_baseline_A_event_llm-only_r00_a01,121,static-121,1790.9015839977656,11.530470795329938,11.500207998324186,11.653787520481274,12.161564074340276,12.42662497679703,15.035709016956389,128
A,0,static_contention_baseline_A_event_llm-only_r00_a01,122,static-122,1791.7101250204723,12.787323488164546,11.991499981377274,15.026117008528672,15.528010929701848,15.747166995424777,15.082249999977648,128
A,0,static_contention_baseline_A_event_llm-only_r00_a01,123,static-123,1789.5242919912562,11.46822834642252,11.483665992273018,11.817379493732004,12.061594647821039,12.6139170024544,15.4839169990737,128
A,0,static_contention_baseline_A_event_llm-only_r00_a01,124,static-124,1802.1811670041643,11.744052818866344,11.61183402291499,13.041870796587311,13.710805494338272,13.943957979790866,15.799583023181185,128
A,0,static_contention_baseline_A_event_llm-only_r00_a01,125,static-125,1791.4644169795793,12.530455047239029,11.706500023137778,14.642725110752506,15.10354049212765,15.219875000184402,15.224499977193773,128
A,0,static_contention_baseline_A_event_llm-only_r00_a01,126,static-126,1791.2650420039427,11.523036740208777,11.48995797848329,11.846887477440758,12.325051069492474,12.540124997030944,15.350542002124712,128
A,0,static_contention_baseline_A_event_llm-only_r00_a01,127,static-127,1791.4222500112373,12.965704724385118,13.392374996328726,14.511724910698831,15.10109359922353,15.52387498668395,15.216166008030996,128
A,0,static_contention_baseline_A_event_llm-only_r00_a01,128,static-128,1789.8376250232104,11.520679456669486,11.494000005768612,11.836692001088522,12.078526748809963,12.368249997962266,15.302542014978826,128
A,0,static_contention_baseline_A_event_llm-only_r00_a01,129,static-129,1789.6170830063056,11.542138779457057,11.524667002959177,11.690287484088913,11.827287343912758,12.473292008507997,15.370499982964247,128
A,0,static_contention_baseline_A_event_llm-only_r00_a01,130,static-130,1791.5612919896375,11.523172897552543,11.486667004646733,11.712803592672572,12.387582826195283,12.508999992860481,15.102667006431147,128
A,0,static_contention_baseline_A_event_llm-only_r00_a01,131,static-131,1789.9916250025854,12.444739834740979,11.562166997464374,14.709016401320696,15.758898924686942,15.974625013768673,15.183540992438793,128
A,0,static_contention_baseline_A_event_llm-only_r00_a01,132,static-132,1789.9525410030037,11.529615488293851,11.491832992760465,11.74808741779998,12.1537531435024,12.54962501116097,15.159458009293303,128
A,0,static_contention_baseline_A_event_llm-only_r00_a01,133,static-133,1791.102499992121,11.52555511803293,11.501500004669651,11.72184549504891,11.96710683987476,12.14287499897182,15.24237499688752,128
A,0,static_contention_baseline_A_event_llm-only_r00_a01,134,static-134,1791.4454579877201,11.54856627562274,11.511416989378631,11.788753810105845,12.273142070043832,12.364374997559935,15.518291998887435,128
A,0,static_contention_baseline_A_event_llm-only_r00_a01,135,static-135,1792.2107090125792,13.006503275535106,13.51320801768452,14.805100098601542,15.27849541627802,15.532209014054388,15.239708998706192,128
A,0,static_contention_baseline_A_event_llm-only_r00_a01,136,static-136,1788.7807500083,11.542528212541626,11.511916003655642,11.808949889382346,12.322846418246627,12.441666011000052,15.221874986309558,128
A,0,static_contention_baseline_A_event_llm-only_r00_a01,137,static-137,1791.023875004612,11.538291338548856,11.50641599087976,11.741866994998416,12.21428891411051,12.35779101261869,15.072917012730613,128
A,0,static_contention_baseline_A_event_llm-only_r00_a01,138,static-138,1792.3826249898411,11.54541240168156,11.50512500316836,11.775354403653182,12.377469345228747,12.4864169920329,15.16683300724253,128
A,0,static_contention_baseline_A_event_llm-only_r00_a01,139,static-139,1790.193458989961,11.539979984270643,11.520875006681308,11.692466997192241,12.07092693541199,12.331167003139853,15.232416975777596,128
A,0,static_contention_baseline_A_event_llm-only_r00_a01,140,static-140,1791.8221250001807,11.529710629861436,11.498750012833625,11.68613760964945,12.277500006021,12.41579101770185,15.017208002973348,128
A,0,static_contention_baseline_A_event_llm-only_r00_a01,141,static-141,1792.9137499886565,11.565125322768713,11.512166005559266,11.971483085653745,12.463993738638237,12.51595898065716,15.337958990130574,128
A,0,static_contention_baseline_A_event_llm-only_r00_a01,142,static-142,1796.043667010963,11.896925527596935,11.721708026016131,13.30240819370374,13.783931404468603,14.535624999552965,15.181708004092798,128
A,0,static_contention_baseline_A_event_llm-only_r00_a01,143,static-143,1792.3817499831785,11.530936685093774,11.506292008562014,11.67134989227634,12.30501433543395,12.445333995856345,15.446540986886248,128
A,0,static_contention_baseline_A_event_llm-only_r00_a01,144,static-144,1791.9509999919683,11.566417322926752,11.527499998919666,11.936653606244363,12.31685250531882,12.536584021290764,15.031999995699152,128
A,0,static_contention_baseline_A_event_llm-only_r00_a01,145,static-145,1791.7692080081906,11.545041338613947,11.510334006743506,11.938587497570552,12.245084993774071,12.34641601331532,15.05899999756366,128
A,0,static_contention_baseline_A_event_llm-only_r00_a01,146,static-146,1792.7504999970552,11.536977031565176,11.511624994454905,11.730399998486973,11.989998085191473,12.290875019971281,15.272458986146376,128
A,0,static_contention_baseline_A_event_llm-only_r00_a01,147,static-147,1793.3946670091245,11.545213905537105,11.511374992551282,11.814679301460274,12.191244330606423,12.487708998378366,15.004709013737738,128
A,0,static_contention_baseline_A_event_llm-only_r00_a01,148,static-148,1791.4755420060828,11.541915023479405,11.521999986143783,11.694166902452707,12.169185663224198,12.420749990269542,15.166042023338377,128
A,0,static_contention_baseline_A_event_llm-only_r00_a01,149,static-149,1792.5575420085806,11.563409118011124,11.52775000082329,11.996620800346136,12.327099998365156,12.446582986740395,15.125167003134266,128
A,0,static_contention_baseline_A_event_llm-only_r00_a01,150,static-150,1792.3323330178391,11.555393700585077,11.528541013831273,11.864816109300591,12.089817167143337,12.50158398761414,15.158708003582433,128
A,0,static_contention_baseline_A_event_llm-only_r00_a01,151,static-151,1792.4090409942437,11.554908141902626,11.528709001140669,11.809266082127579,11.94825951999519,12.47129202238284,15.133874985622242,128
A,0,static_contention_baseline_A_event_llm-only_r00_a01,152,static-152,1792.8455410001334,11.55821751967241,11.517625011038035,11.830208700848743,12.254910342744552,12.408624985255301,15.16833301866427,128
A,0,static_contention_baseline_A_event_llm-only_r00_a01,153,static-153,1793.273584014969,11.576086283417595,11.536667007021606,11.995695604127832,12.39397185621783,12.470000016037375,15.01829200424254,128
A,0,static_contention_baseline_A_event_llm-only_r00_a01,154,static-154,1791.8100419919938,11.54764303932971,11.530332994880155,11.672095602261834,12.138422493007964,12.562874995637685,15.475583990337327,128
A,0,static_contention_baseline_A_event_llm-only_r00_a01,155,static-155,1794.1685830010101,11.563279858275177,11.529874987900257,11.872728893649763,12.250648427871056,12.351000012131408,15.118583018193021,128
A,0,static_contention_baseline_A_event_llm-only_r00_a01,156,static-156,1794.822750001913,11.564229330640124,11.528125003678724,11.931849888060242,12.343745922553353,12.489000015193596,15.452541992999613,128
A,0,static_contention_baseline_A_event_llm-only_r00_a01,157,static-157,1792.6899579761084,11.559796913510452,11.527958995429799,11.827641987474633,12.374995430582203,12.470916990423575,15.169166988926008,128
A,0,static_contention_baseline_A_event_llm-only_r00_a01,158,static-158,1792.5866660079919,11.533152558849977,11.518999992404133,11.662800217163749,11.94834066205658,12.349207972874865,15.108040999621153,128
A,0,static_contention_baseline_A_event_llm-only_r00_a01,159,static-159,1795.2101670089178,11.538026905499443,11.505792004754767,11.679787500179373,12.30520716169849,12.475124996853992,15.05004201317206,128
A,0,static_contention_baseline_A_event_llm-only_r00_a01,160,static-160,1794.582915987121,11.789434055264262,11.57841700478457,12.985532998573031,14.147626247722654,14.422458014450967,15.193625004030764,128
A,0,static_contention_baseline_A_event_llm-only_r00_a01,161,static-161,1804.8261670046486,11.564233267677977,11.538500024471432,11.764895590022206,12.110045489971526,12.416457990184426,15.171209000982344,128
A,0,static_contention_baseline_A_event_llm-only_r00_a01,162,static-162,1793.6922920052893,11.537674543361627,11.529959010658786,11.637349787633866,11.852089101448653,12.07520900061354,15.22516700788401,128
A,0,static_contention_baseline_A_event_llm-only_r00_a01,163,static-163,1793.8145420048386,11.57350492123771,11.523082997882739,11.884754494531078,12.451453582034446,12.548667000373825,15.102333010872826,128
A,0,static_contention_baseline_A_event_llm-only_r00_a01,164,static-164,1794.8038750037085,11.559821850451545,11.518124985741451,11.848691813065669,12.468616582336836,12.528416991699487,15.166916011366993,128
A,0,static_contention_baseline_A_event_llm-only_r00_a01,165,static-165,1793.941541982349,11.54112106319297,11.515499994857237,11.74275830562692,12.168943581636993,12.321957998210564,15.502833994105458,128
A,0,static_contention_baseline_A_event_llm-only_r00_a01,166,static-166,1795.5182080040686,11.744086291250502,11.517374980030581,13.625149996369142,15.129264671704732,16.334125015418977,15.176999993855134,128
A,0,static_contention_baseline_A_event_llm-only_r00_a01,167,static-167,1794.6499999961816,11.54520636214508,11.519958992721513,11.731125100050122,11.944297178997658,12.389542011078447,15.765666990773752,128
A,0,static_contention_baseline_A_event_llm-only_r00_a01,168,static-168,1794.6740839979611,11.54314238586331,11.515165999298915,11.656183100421913,12.320019995095207,12.420042010489851,15.319041995098814,128
A,0,static_contention_baseline_A_event_llm-only_r00_a01,169,static-169,1796.0717089881655,11.565132212584956,11.519916006363928,11.884737401851453,12.387982332729734,12.436750024789944,15.637375006917864,128
A,0,static_contention_baseline_A_event_llm-only_r00_a01,170,static-170,1795.5670000228565,11.54423753527455,11.500874999910593,11.913346310029736,12.338703735149466,12.467583001125604,15.175125008681789,128
A,0,static_contention_baseline_A_event_llm-only_r00_a01,171,static-171,1794.1465000039898,11.559049535394228,11.524333996931091,11.83800810831599,12.320326088811271,12.56795899826102,15.067041997099295,128
A,0,static_contention_baseline_A_event_llm-only_r00_a01,172,static-172,1795.5229170038365,11.54564992904179,11.509290983667597,11.83888759696856,12.427331434446387,12.508915999205783,15.292709023924544,128
A,0,static_contention_baseline_A_event_llm-only_r00_a01,173,static-173,1793.9248330076225,11.530107944813286,11.50733299436979,11.69394620519597,11.979652493610047,12.305917014600709,15.075250004883856,128
A,0,static_contention_baseline_A_event_llm-only_r00_a01,174,static-174,1795.530541014159,13.160246062985307,13.837167003657669,14.689329202519728,15.11113190150354,15.196458989521489,15.134415996726602,128
A,0,static_contention_baseline_A_event_llm-only_r00_a01,175,static-175,1794.4418750121258,11.536314629758964,11.503790999995545,11.654374905629084,12.207749985391274,12.308417004533112,15.274333010893315,128
A,0,static_contention_baseline_A_event_llm-only_r00_a01,176,static-176,1795.9050420031417,11.562285102412515,11.528874980285764,11.827716886182316,12.395125920884311,12.482417019782588,15.208291995804757,128
A,0,static_contention_baseline_A_event_llm-only_r00_a01,177,static-177,1795.4315000097267,11.560770015664927,11.523416003910825,11.966466909507288,12.403381402837113,12.542666983790696,15.034207986900583,128
A,0,static_contention_baseline_A_event_llm-only_r00_a01,178,static-178,1795.6607500091195,11.398816929019137,11.403749987948686,11.62012917920947,12.111395739484578,12.193833012133837,15.612540999427438,128
A,0,static_contention_baseline_A_event_llm-only_r00_a01,179,static-179,1813.3394579926971,12.85581758285242,12.892458005808294,14.472287701210007,14.711160502629355,14.942125009838492,15.45529198483564,128
A,0,static_contention_baseline_A_event_llm-only_r00_a01,180,static-180,1796.4135419751983,11.549048228409347,11.519416992086917,11.809258814901114,12.002573924837634,12.497042014729232,15.128582977922633,128
A,0,static_contention_baseline_A_event_llm-only_r00_a01,181,static-181,1794.933166995179,11.540247700782126,11.50674998643808,11.723704513860865,12.276365435100159,12.494833004893735,15.093916998011991,128
A,0,static_contention_baseline_A_event_llm-only_r00_a01,182,static-182,1795.5974170181435,11.543895999990829,11.501750006573275,11.860529406112615,12.435771851451136,12.478500022552907,15.16087501659058,128
A,0,static_contention_baseline_A_event_llm-only_r00_a01,183,static-183,1795.9357090003323,11.540686677065201,11.524500005180016,11.72089988249354,12.180414324393494,12.241541990078986,15.26725001167506,128
A,0,static_contention_baseline_A_event_llm-only_r00_a01,184,static-184,1796.2503749877214,11.560866141721137,11.515457998029888,11.945421301061288,12.334089489886537,12.433624971890822,15.191915998002514,128
A,0,static_contention_baseline_A_event_llm-only_r00_a01,185,static-185,1795.0102089962456,11.551610236312813,11.523124994710088,11.66571601643227,12.248797659995033,12.536624999484047,15.177124994806945,128
A,0,static_contention_baseline_A_event_llm-only_r00_a01,186,static-186,1795.4557909979485,11.555953417431681,11.52416699915193,11.716571287252009,12.319938922883011,12.464166997233406,15.150124992942438,128
A,0,static_contention_baseline_A_event_llm-only_r00_a01,187,static-187,1796.8225000076927,11.534214566789904,11.51112501975149,11.618583201197907,12.20125793130137,12.352958001429215,15.113125002244487,128
A,0,static_contention_baseline_A_event_llm-only_r00_a01,188,static-188,1795.3037080005743,11.551067913473606,11.518999992404133,11.708412488223985,12.162892844644375,12.525291997008026,15.159832983044907,128
A,0,static_contention_baseline_A_event_llm-only_r00_a01,189,static-189,1796.3542499928735,11.553888779553386,11.52100000763312,11.82416249939706,12.394470486906357,12.624916998902336,15.111666987650096,128
A,0,static_contention_baseline_A_event_llm-only_r00_a01,190,static-190,1796.6852909885347,11.533181433058088,11.510874988744035,11.67273728933651,12.0228168356698,12.073666992364451,15.11545799439773,128
A,0,static_contention_baseline_A_event_llm-only_r00_a01,191,static-191,1794.72762500518,11.564665677036913,11.528749979333952,11.779774990282021,12.43519606301561,12.549957988085225,15.07566700456664,128
A,0,static_contention_baseline_A_event_llm-only_r00_a01,192,static-192,1797.0132080081385,11.565219157413894,11.52154098963365,11.852778610773385,12.223800659412518,12.294125015614554,15.104374993825331,128
A,0,static_contention_baseline_A_event_llm-only_r00_a01,193,static-193,1798.0818339856341,11.560802488206468,11.521416017785668,11.858849992859174,12.354382353369147,12.431749986717477,15.103083977010101,128
A,0,static_contention_baseline_A_event_llm-only_r00_a01,194,static-194,1795.7472910056822,11.549246393640958,11.534666002262384,11.687741210334934,12.14171715429984,12.273041997104883,15.197208005702123,128
A,0,static_contention_baseline_A_event_llm-only_r00_a01,195,static-195,1798.325083014788,11.568640425203617,11.52941701002419,11.846954486100003,12.248991582309827,12.41612498415634,15.109250001842156,128
A,0,static_contention_baseline_A_event_llm-only_r00_a01,196,static-196,1796.7276249837596,11.55734285056833,11.509250005474314,11.964441899908705,12.389951077057049,12.448416993720457,15.093166992301121,128
A,0,static_contention_baseline_A_event_llm-only_r00_a01,197,static-197,1804.5137079898268,11.857852362202642,11.701042007189244,13.15314189705532,13.811325000133365,13.825958012603223,16.281999996863306,128
A,0,static_contention_baseline_A_event_llm-only_r00_a01,198,static-198,1797.2854590043426,11.544332015703938,11.51279199984856,11.808733787620437,12.174730356200598,12.299291993258521,15.155000000959262,128
A,0,static_contention_baseline_A_event_llm-only_r00_a01,199,static-199,1795.8920419914648,11.562870078633987,11.533082986716181,11.871600002632475,12.325808001332916,12.422500003594905,15.27487501152791,128
A,0,static_contention_baseline_A_event_llm-only_r00_a01,200,static-200,1798.0490420013666,11.54442224422411,11.518791987327859,11.703345598652959,12.252314568031577,12.457875011023134,15.914083982352167,128
A,0,static_contention_baseline_A_event_llm-only_r00_a01,201,static-201,1795.8776250015944,11.52572474019844,11.50529200094752,11.635546197067015,12.231567331473341,12.298290996113792,15.854792000027373,128
A,0,static_contention_baseline_A_event_llm-only_r00_a01,202,static-202,1796.9983339717146,11.567510496256652,11.536375008290634,11.840324886725284,12.400434992159717,12.448833003873006,14.995958976214752,128
A,0,static_contention_baseline_A_event_llm-only_r00_a01,203,static-203,1797.9008750116918,11.585691275522406,11.543417000211775,11.945457899128085,12.4192359339213,12.616457999683917,15.400000003864989,128
A,0,static_contention_baseline_A_event_llm-only_r00_a01,204,static-204,1795.8941670076456,11.543791338491554,11.517792008817196,11.739158787531778,12.03236908535473,12.468166998587549,15.24554201751016,128
A,0,static_contention_baseline_A_event_llm-only_r00_a01,205,static-205,1798.7649170099758,11.551161740098046,11.522541986778378,11.81927947909571,12.344838997814804,12.401834013871849,15.283500018995255,128
A,0,static_contention_baseline_A_event_llm-only_r00_a01,206,static-206,1798.4962089976761,11.583643700738666,11.538875027326867,11.935391803854145,12.29772292310372,12.369625008432195,15.075292001711205,128
A,0,static_contention_baseline_A_event_llm-only_r00_a01,207,static-207,1796.494791022269,11.55325066134165,11.524292000103742,11.703729498549365,12.260010920581408,12.52495899097994,15.180415997747332,128
A,0,static_contention_baseline_A_event_llm-only_r00_a01,208,static-208,1798.6334580054972,11.567071850428094,11.534499994013458,11.755003803409636,12.447883420973085,12.496333016315475,15.070583001943305,128
A,0,static_contention_baseline_A_event_llm-only_r00_a01,209,static-209,1797.4430420144927,11.535568566815048,11.522332992171869,11.63692049740348,12.007660496165045,12.189790984848514,15.106209000805393,128
A,0,static_contention_baseline_A_event_llm-only_r00_a01,210,static-210,1797.3623749858234,11.552424543385035,11.52100000763312,11.87050879234448,12.245407982845789,12.475665978854522,15.255457983585075,128
A,0,static_contention_baseline_A_event_llm-only_r00_a01,211,static-211,1799.2318329925183,11.569407811172043,11.5245409833733,11.907291799434459,12.376887101563625,12.52099999692291,16.009915998438373,128
A,0,static_contention_baseline_A_event_llm-only_r00_a01,212,static-212,1795.6117499852553,11.553149275512867,11.518041981616989,11.780804296722634,12.288824086426757,12.509749998571351,15.048250003019348,128
A,0,static_contention_baseline_A_event_llm-only_r00_a01,213,static-213,1797.6327079813927,11.583575133947422,11.545791989192367,11.801237496547401,12.396813416853547,12.470874993596226,15.044500003568828,128
A,0,static_contention_baseline_A_event_llm-only_r00_a01,214,static-214,1798.956333019305,11.564293968414256,11.540999985300004,11.817741804406978,12.055724700330757,12.314333987887949,15.314582997234538,128
A,0,static_contention_baseline_A_event_llm-only_r00_a01,215,static-215,1796.8182080076076,11.870324480352835,11.723500007065013,13.258937498903833,14.013454641681165,14.46199999190867,15.221125009702519,128
A,0,static_contention_baseline_A_event_llm-only_r00_a01,216,static-216,1805.097417003708,11.559098747909054,11.53445799718611,11.682612702134065,12.34272784087807,12.571166997076944,15.054167015478015,128
A,0,static_contention_baseline_A_event_llm-only_r00_a01,217,static-217,1798.4190840215888,11.561140417136018,11.542166001163423,11.720350082032382,12.122704657958819,12.567874975502491,15.14204201521352,128
A,0,static_contention_baseline_A_event_llm-only_r00_a01,218,static-218,1798.4816249809228,13.237489173353804,13.946833001682535,14.783741990686394,15.064339829259552,15.074291994096711,15.08070799172856,128
A,0,static_contention_baseline_A_event_llm-only_r00_a01,219,static-219,1796.6218749934342,11.532242779526493,11.511666991282254,11.671342002227902,11.949596257763915,12.225290993228555,15.08537499466911,128
A,0,static_contention_baseline_A_event_llm-only_r00_a01,220,static-220,1795.653792010853,11.549177488145293,11.526125017553568,11.718416883377358,12.226160512655042,12.35333300428465,15.198125009192154,128
A,0,static_contention_baseline_A_event_llm-only_r00_a01,221,static-221,1796.3781660073437,11.548706692896461,11.5278750017751,11.739521089475602,12.00509000744205,12.077583000063896,15.246291004586965,128
A,0,static_contention_baseline_A_event_llm-only_r00_a01,222,static-222,1797.0011249999516,11.528602039522132,11.505750007927418,11.650095490040258,12.292872498510404,12.610499979928136,15.094582980964333,128
A,0,static_contention_baseline_A_event_llm-only_r00_a01,223,static-223,1796.7767499794718,11.54735268507974,11.526667018188164,11.667703796410933,12.138702069059946,12.309541983995587,15.106541977729648,128
A,0,static_contention_baseline_A_event_llm-only_r00_a01,224,static-224,1798.185082996497,11.632838913223038,11.572541989153251,12.062445806805044,12.487388919107616,12.5012080243323,15.067041997099295,128
A,0,static_contention_baseline_A_event_llm-only_r00_a01,225,static-225,1797.640583012253,11.592607283378094,11.549290997209027,11.972770595457405,12.526110566104762,12.561917013954371,15.094833011971787,128
A,0,static_contention_baseline_A_event_llm-only_r00_a01,226,static-226,1798.605541989673,11.52868667735689,11.517750011989847,11.62679199478589,12.078795591369271,12.166375003289431,15.124999976251274,128
A,0,static_contention_baseline_A_event_llm-only_r00_a01,227,static-227,1798.1044999905862,11.56412925998365,11.52641698718071,11.791954495129175,12.48194482468534,12.551374995382503,15.104041987797245,128
A,0,static_contention_baseline_A_event_llm-only_r00_a01,228,static-228,1795.3011249774136,11.565664370166592,11.53316700947471,11.832433895324357,12.047646575956605,12.446916021872312,15.134874993236735,128
A,0,static_contention_baseline_A_event_llm-only_r00_a01,229,static-229,1798.4256670169998,11.563361220439441,11.52770797489211,11.884912697132677,12.251971589284949,12.459999998100102,15.030792012112215,128
A,0,static_contention_baseline_A_event_llm-only_r00_a01,230,static-230,1798.9587499760091,11.549251307146697,11.521084001287818,11.779012603801675,12.353088416275567,12.584042007802054,15.070833993377164,128
A,0,static_contention_baseline_A_event_llm-only_r00_a01,231,static-231,1797.0728340151254,11.568609574685006,11.529457988217473,11.904542002594098,12.185234081698582,12.310166988754645,15.055333991767839,128
A,0,static_contention_baseline_A_event_llm-only_r00_a01,232,static-232,1799.6285410190467,11.56948523606929,11.539208004251122,11.822633093106559,12.281070167664438,12.44404201861471,15.395041002193466,128
A,0,static_contention_baseline_A_event_llm-only_r00_a01,233,static-233,1798.5721669974737,11.393611543256364,11.337416974129155,11.627145492821,11.909993006265722,12.085125024896115,15.400000003864989,128
A,0,static_contention_baseline_A_event_llm-only_r00_a01,234,static-234,1830.9245000127703,11.603121716560297,11.55070899403654,11.876503689563833,12.50982343335636,12.569584010634571,17.11191699723713,128
A,0,static_contention_baseline_A_event_llm-only_r00_a01,235,static-235,1799.065208004322,11.549546590485559,11.52041699970141,11.695879400940612,12.032491253339685,12.40266699460335,15.257999999448657,128
A,0,static_contention_baseline_A_event_llm-only_r00_a01,236,static-236,1797.3453750018962,11.55336252752853,11.535583005752414,11.66221259336453,11.99691999470815,12.115874997107312,16.03791699744761,128
A,0,static_contention_baseline_A_event_llm-only_r00_a01,237,static-237,1799.4462499918882,11.533180118114943,11.519374995259568,11.694295713095926,11.891676004743204,12.02887500403449,15.409374987939373,128
A,0,static_contention_baseline_A_event_llm-only_r00_a01,238,static-238,1797.924584010616,11.562818897600234,11.531416996149346,11.76765440905001,12.174468780285679,12.502500001573935,15.1225840090774,128
A,0,static_contention_baseline_A_event_llm-only_r00_a01,239,static-239,1798.6841250094585,13.178256889631033,13.822584005538374,14.807266797288321,15.60012750327587,16.15337500697933,15.065542014781386,128
A,0,static_contention_baseline_A_event_llm-only_r00_a01,240,static-240,1798.5967909917235,11.53732578734882,11.531416996149346,11.66014649788849,11.96884157776367,12.036125001031905,15.24441599030979,128
A,0,static_contention_baseline_A_event_llm-only_r00_a01,241,static-241,1797.9600409744307,12.695907480376736,11.968999984674156,14.612741989549248,14.849425179418176,14.880041999276727,15.118957991944626,128
A,0,static_contention_baseline_A_event_llm-only_r00_a01,242,static-242,1798.0434159981087,11.560119094517757,11.529709008755162,11.7707206052728,12.320303000160491,12.61695902212523,15.224915987346321,128
A,0,static_contention_baseline_A_event_llm-only_r00_a01,243,static-243,1797.2826669865754,11.559841204727963,11.528875009389594,11.859349996666424,12.315023920382371,12.446624983567744,15.15245798509568,128
A,0,static_contention_baseline_A_event_llm-only_r00_a01,244,static-244,1796.046125004068,11.545975393511164,11.524041998200119,11.763932899339123,12.151823152671568,12.339417007751763,15.0711250025779,128
A,0,static_contention_baseline_A_event_llm-only_r00_a01,245,static-245,1798.1707500002813,11.572142716453182,11.530541989486665,12.007854497642256,12.268723431625403,12.54045800305903,15.240500011714175,128
A,0,static_contention_baseline_A_event_llm-only_r00_a01,246,static-246,1797.6382500200998,11.549837928994991,11.52041699970141,11.731404397869483,12.208210757817142,12.408250011503696,15.076875017257407,128
A,0,static_contention_baseline_A_event_llm-only_r00_a01,247,static-247,1794.8050830163993,11.545116472329328,11.519082996528596,11.763787386007605,12.180904842680318,12.457416974939406,15.155375003814697,128
A,0,static_contention_baseline_A_event_llm-only_r00_a01,248,static-248,1799.409375002142,11.582446527735176,11.55295898206532,11.787328493664972,12.348849244881421,12.563374999444932,15.105375001439825,128
A,0,static_contention_baseline_A_event_llm-only_r00_a01,249,static-249,1800.0645409920253,11.564876314978607,11.526249989401549,11.74888749665115,12.328845657757483,12.540166993858293,15.279040992027149,128
A,0,static_contention_baseline_A_event_llm-only_r00_a01,250,static-250,1796.202124998672,11.559662401564346,11.527374997967854,11.786987510276958,12.277063992223702,12.331000005360693,15.339332981966436,128
A,0,static_contention_baseline_A_event_llm-only_r00_a01,251,static-251,1799.5671249809675,11.562661740124064,11.535666009876877,11.697533811093308,12.23482800356578,12.281875009648502,15.160583978286013,128
A,0,static_contention_baseline_A_event_llm-only_r00_a01,252,static-252,1816.4836250070948,11.75293142519576,11.637290997896343,12.615512398770079,13.424175517284311,13.831750024110079,15.291709016310051,128
A,0,static_contention_baseline_A_event_llm-only_r00_a01,253,static-253,1799.480791989481,11.572365811063476,11.542416992597282,11.921712581533939,12.178576741716824,12.502208002842963,15.170333004789427,128
A,0,static_contention_baseline_A_event_llm-only_r00_a01,254,static-254,1796.5202500054147,11.572900259826978,11.539500002982095,11.854803789174182,12.299640143755823,12.42362498305738,15.17374999821186,128
A,0,static_contention_baseline_A_event_llm-only_r00_a01,255,static-255,1798.139166989131,11.548108267726185,11.527958995429799,11.67298311193008,12.122926063020712,12.44849999784492,15.061084006447345,128
A,0,static_contention_baseline_A_event_llm-only_r00_a01,256,static-256,1798.2732500240672,11.545688645615368,11.51183299953118,11.730016904766671,12.079187505296431,12.492667010519654,15.149417013162747,128
A,0,static_contention_baseline_A_event_llm-only_r00_a01,257,static-257,1797.2047500079498,11.552042322779647,11.518832994624972,11.732595498324372,12.213387673837133,12.33162498101592,15.076040988788009,128
A,0,static_contention_baseline_A_event_llm-only_r00_a01,258,static-258,1798.728249996202,11.536362858243493,11.525125009939075,11.636896210256964,11.917923168512061,12.125957990065217,15.129375009564683,128
A,0,static_contention_baseline_A_event_llm-only_r00_a01,259,static-259,1797.5580829952378,11.558086283396797,11.515541991684586,11.90468739659991,12.309093911317177,12.3413750261534,15.219833003357053,128
A,0,static_contention_baseline_A_event_llm-only_r00_a01,260,static-260,1798.7393749936018,11.564553803287623,11.535291996551678,11.717100196983665,12.386210158001631,12.507124978583306,15.674083988415077,128
A,0,static_contention_baseline_A_event_llm-only_r00_a01,261,static-261,1799.552250013221,11.556826771592618,11.521292006364092,11.693575090612285,12.474975481745787,12.515999987954274,15.235209022648633,128
A,0,static_contention_baseline_A_event_llm-only_r00_a01,262,static-262,1796.4880419895053,11.546581362302629,11.523332999786362,11.723124998388812,12.070083930157125,12.087375012924895,15.138582995859906,128
A,0,static_contention_baseline_A_event_llm-only_r00_a01,263,static-263,1798.2551669992972,11.549569882028992,11.519124993355945,11.835725101991557,12.151172489393502,12.208875006763265,15.147500002058223,128
A,0,static_contention_baseline_A_event_llm-only_r00_a01,264,static-264,1799.04208399239,11.555192913258756,11.524083005497232,11.876754314289427,12.313365917652845,12.348208983894438,15.13679200434126,128
A,0,static_contention_baseline_A_event_llm-only_r00_a01,265,static-265,1797.1754169848282,11.549844488356717,11.522582994075492,11.660896090324968,12.424989082501268,12.56025000475347,15.467166987946257,128
A,0,static_contention_baseline_A_event_llm-only_r00_a01,266,static-266,1798.30012502498,11.539414039204322,11.512625002069399,11.698904188233428,12.164237987599334,12.29445799253881,15.130875020986423,128
A,0,static_contention_baseline_A_event_llm-only_r00_a01,267,static-267,1798.0366669944488,11.571673228355916,11.543125001480803,11.803828805568626,12.429206083761528,12.54383401828818,15.171000006375834,128
A,0,static_contention_baseline_A_event_llm-only_r00_a01,268,static-268,1797.303416999057,11.592552165306488,11.548458016477525,11.889262599288482,12.46055233757943,12.580000009620562,15.12070800526999,128
A,0,static_contention_baseline_A_event_llm-only_r00_a01,269,static-269,1799.424791999627,11.543587267703163,11.52100000763312,11.6639590007253,12.144480511196885,12.439000012818724,15.109874977497384,128
A,0,static_contention_baseline_A_event_llm-only_r00_a01,270,static-270,1797.421958995983,12.158948488352,11.815542005933821,14.23806701204739,14.734386826166883,15.230457996949553,15.104624995728955,128
A,0,static_contention_baseline_A_event_llm-only_r00_a01,271,static-271,1802.5830420083366,11.555900590541942,11.52904101763852,11.715291917789727,12.211372852325438,12.549959006719291,15.131042018765584,128
A,0,static_contention_baseline_A_event_llm-only_r00_a01,272,static-272,1798.2819160097279,11.553172905531557,11.538791004568338,11.705404397798702,11.963479500846006,12.42979199741967,15.082708006957546,128
A,0,static_contention_baseline_A_event_llm-only_r00_a01,273,static-273,1800.2450409985613,11.556438653451192,11.516958009451628,11.87489999574609,12.281940003740601,12.509499996667728,15.08087498950772,128
A,0,static_contention_baseline_A_event_llm-only_r00_a01,274,static-274,1796.7863749945536,11.555572181085756,11.521583015564829,11.768478684825823,12.370379334897732,12.480792007409036,15.217750013107434,128
A,0,static_contention_baseline_A_event_llm-only_r00_a01,275,static-275,1799.2871669994202,11.562920929213224,11.526958987815306,11.852416704641655,12.215028569335118,12.452708993805572,15.034999989438802,128
A,0,static_contention_baseline_A_event_llm-only_r00_a01,276,static-276,1798.2503339881077,11.535052488297664,11.529541981872171,11.644675003481098,11.850019481498748,12.465458014048636,15.18200000282377,128
A,0,static_contention_baseline_A_event_llm-only_r00_a01,277,static-277,1797.4893330247141,11.556732936947437,11.520041996845976,11.85390430036932,12.25116934219841,12.552500003948808,15.009000024292618,128
A,0,static_contention_baseline_A_event_llm-only_r00_a01,278,static-278,1800.1981250126846,11.568772307034275,11.540292005520314,11.83521240018308,12.243612989550456,12.392459000693634,15.827083989279345,128
A,0,static_contention_baseline_A_event_llm-only_r00_a01,279,static-279,1796.994292002637,11.577628606308883,11.541790998307988,11.863349910709076,12.372122844099067,12.494416994741186,15.3164170042146,128
A,0,static_contention_baseline_A_event_llm-only_r00_a01,280,static-280,1798.8482080108952,11.527314960432246,11.514958983752877,11.611241890932433,11.914906849851832,12.032665981678292,15.193916013231501,128
A,0,static_contention_baseline_A_event_llm-only_r00_a01,281,static-281,1798.364957998274,11.545955054975284,11.521417007315904,11.753412403049877,12.182009487878531,12.226124992594123,15.141167008550838,128
A,0,static_contention_baseline_A_event_llm-only_r00_a01,282,static-282,1796.394417004194,11.575800850235776,11.527499998919666,11.989721123245545,12.269542518188244,12.472667003748938,15.268334012944251,128
A,0,static_contention_baseline_A_event_llm-only_r00_a01,283,static-283,1799.1354169789702,11.550288055253429,11.518999992404133,11.776846289285457,12.306160161388107,12.340499990386888,15.079207980306819,128
A,0,static_contention_baseline_A_event_llm-only_r00_a01,284,static-284,1798.5854159924202,11.551807748197806,11.52025000192225,11.784179421374573,12.330181833240204,12.344542017672211,15.101457975106314,128
A,0,static_contention_baseline_A_event_llm-only_r00_a01,285,static-285,1796.8176669965032,11.587434055056335,11.5572499926202,11.846808614791371,12.35935842618346,12.556958012282848,15.14425000641495,128
A,0,static_contention_baseline_A_event_llm-only_r00_a01,286,static-286,1799.1287079930771,11.562131889765775,11.549374990863726,11.735733898240142,12.065254999906756,12.361375003820285,15.386749990284443,128
A,0,static_contention_baseline_A_event_llm-only_r00_a01,287,static-287,1797.8603329975158,11.53251870079736,11.513833014760166,11.659882913227193,11.95402500743512,12.093792000086978,15.305416978662834,128
A,0,static_contention_baseline_A_event_llm-only_r00_a01,288,static-288,1798.013458988862,11.51908103144713,11.450541001977399,12.326732900692148,13.14706700039096,13.976082991575822,15.107916988199577,128
A,0,static_contention_baseline_A_event_llm-only_r00_a01,289,static-289,1822.7682080178056,11.556152228218334,11.520291009219363,11.79576689901296,12.228760346188208,12.295332999201491,15.145042008953169,128
A,0,static_contention_baseline_A_event_llm-only_r00_a01,290,static-290,1798.8645839795936,11.564495732437628,11.531166994245723,11.676474806154147,12.496429096790962,12.563916010549292,15.67337499000132,128
A,0,static_contention_baseline_A_event_llm-only_r00_a01,291,static-291,1798.5577920044307,11.558365157446055,11.52791702770628,11.728754514479078,12.284670667140745,12.423208012478426,15.127249993383884,128
A,0,static_contention_baseline_A_event_llm-only_r00_a01,292,static-292,1797.2594999882858,11.572649937093727,11.538833001395687,11.854466909426264,12.363472511060534,12.51037500333041,15.092499990714714,128
A,0,static_contention_baseline_A_event_llm-only_r00_a01,293,static-293,1799.3100000021514,11.556706039508159,11.532541015185416,11.748253781115636,12.296031007426791,12.375624995911494,15.539457992417738,128
A,0,static_contention_baseline_A_event_llm-only_r00_a01,294,static-294,1797.0386669912841,11.543573818983525,11.511624994454905,11.719192095915785,12.12090659129899,12.369375006528571,15.13004198204726,128
A,0,static_contention_baseline_A_event_llm-only_r00_a01,295,static-295,1795.04487500526,11.542112204680718,11.511374992551282,11.754071406903677,12.282813576166516,12.517499999376014,15.113790985196829,128
A,0,static_contention_baseline_A_event_llm-only_r00_a01,296,static-296,1798.508000007132,11.56560039375982,11.518791987327859,11.829670509905554,12.477075173519552,12.574541004141793,15.080165991093963,128
A,0,static_contention_baseline_A_event_llm-only_r00_a01,297,static-297,1799.5226670172997,11.53843274008204,11.519124993355945,11.717933593899943,12.004574682214297,12.343208014499396,15.058667020639405,128
A,0,static_contention_baseline_A_event_llm-only_r00_a01,298,static-298,1795.9910829958972,11.546659449025563,11.536417005117983,11.68287949403748,12.025102520128712,12.4153750075493,15.402291988721117,128
A,0,static_contention_baseline_A_event_llm-only_r00_a01,299,static-299,1798.9078749960754,11.556152881794118,11.533084005350247,11.666570510715246,12.247208757908083,12.382540997350588,15.269791998434812,128
A,1,static_contention_baseline_A_event_llm-only_r01_a01,0,static-000,1734.704790986143,12.887531496157253,12.48925001709722,14.735849999124184,15.211096241837366,15.390374988783151,15.491833008127287,128
A,1,static_contention_baseline_A_event_llm-only_r01_a01,1,static-001,1746.187833021395,11.523616803153674,11.509333999129012,11.70506639755331,11.86931673786603,11.895125004230067,15.00683301128447,128
A,1,static_contention_baseline_A_event_llm-only_r01_a01,2,static-002,1766.6322079894599,11.54382185053491,11.510916985571384,11.697175010340288,12.417273904429749,12.509959022281691,15.475249994779006,128
A,1,static_contention_baseline_A_event_llm-only_r01_a01,3,static-003,1775.5121669906657,11.575549535451486,11.534541990840808,11.944458112702705,12.314115913468413,12.335582985542715,14.968749979743734,128
A,1,static_contention_baseline_A_event_llm-only_r01_a01,4,static-004,1782.328959001461,11.550102684936508,11.525834008352831,11.81412059231661,12.235086909495294,12.327291973633692,15.0515420245938,128
A,1,static_contention_baseline_A_event_llm-only_r01_a01,5,static-005,1787.9069999908097,11.570917976393151,11.539416009327397,11.837937298696486,12.323881824268026,12.522292003268376,15.088124986505136,128
A,1,static_contention_baseline_A_event_llm-only_r01_a01,6,static-006,1790.3272080002353,11.568142063127405,11.522416985826567,11.756825097836554,12.459208745858632,12.534083012724295,15.004832996055484,128
A,1,static_contention_baseline_A_event_llm-only_r01_a01,7,static-007,1792.7427910035476,11.584169952763522,11.54058301472105,11.873745487537235,12.405417002737519,12.6853330002632,15.327875007642433,128
A,1,static_contention_baseline_A_event_llm-only_r01_a01,8,static-008,1793.9027080137748,11.585187338573096,11.549542017746717,11.85065419122111,12.298336835228838,12.445959000615403,14.97058299719356,128
A,1,static_contention_baseline_A_event_llm-only_r01_a01,9,static-009,1796.0807079798542,11.58542519684617,11.555624980246648,11.736637388821691,12.144590917159803,12.4319999886211,15.030707989353687,128
A,1,static_contention_baseline_A_event_llm-only_r01_a01,10,static-010,1797.9003329819534,11.579162401777847,11.5512500051409,11.715350110898726,12.376202074228786,12.547084013931453,14.993124990724027,128
A,1,static_contention_baseline_A_event_llm-only_r01_a01,11,static-011,1794.8484169901349,11.604523622177863,11.578500008909032,11.764346298878081,12.315362837980501,12.433249998139217,15.107291983440518,128
A,1,static_contention_baseline_A_event_llm-only_r01_a01,12,static-012,1798.9431669993792,11.605611873981287,11.593167000683025,11.798116308636963,12.188980926875956,12.304833013331518,14.998917002230883,128
A,1,static_contention_baseline_A_event_llm-only_r01_a01,13,static-013,1799.814208992757,11.619495078747153,11.577958008274436,11.91933379159309,12.495555001660248,12.614792009117082,15.084874990861863,128
A,1,static_contention_baseline_A_event_llm-only_r01_a01,14,static-014,1798.0071250058245,11.620278866213607,11.581166996620595,11.94786619162187,12.406772852409631,12.515084003098309,15.043749997857958,128
A,1,static_contention_baseline_A_event_llm-only_r01_a01,15,static-015,1802.395083999727,11.62006036221695,11.581750004552305,12.01119569595903,12.418808414367959,12.5148750084918,15.379291988210753,128
A,1,static_contention_baseline_A_event_llm-only_r01_a01,16,static-016,1799.8882080137264,11.702387795121753,11.58545899670571,12.467658595414832,13.361836075200696,13.894375006202608,15.209708013571799,128
A,1,static_contention_baseline_A_event_llm-only_r01_a01,17,static-017,1824.5264170109294,11.648878606181137,11.604416999034584,12.126262512174435,12.418656586669385,12.502666999353096,15.046542015625164,128
A,1,static_contention_baseline_A_event_llm-only_r01_a01,18,static-018,1798.3051660121419,11.643808401523406,11.609999986831099,12.106125010177493,12.307900332380086,12.464667001040652,15.018416015664116,128
A,1,static_contention_baseline_A_event_llm-only_r01_a01,19,static-019,1803.9590829866938,11.644617456614634,11.608417000388727,12.084437301382422,12.366829835809767,12.501999997766688,15.635916992323473,128
A,1,static_contention_baseline_A_event_llm-only_r01_a01,20,static-020,1799.9439169943798,12.382062007883915,11.651500011794269,15.113692099112084,15.621607081266118,15.973583998857066,15.128625003853813,128
A,1,static_contention_baseline_A_event_llm-only_r01_a01,21,static-021,1806.2913749890868,11.639062007916651,11.616500007221475,11.895808103145098,12.05189700180199,12.259750015800819,15.05841698963195,128
A,1,static_contention_baseline_A_event_llm-only_r01_a01,22,static-022,1804.3944160162937,11.639039369949,11.605208012042567,11.945687420666218,12.348031576257199,12.384125002427027,15.039666002849117,128
A,1,static_contention_baseline_A_event_llm-only_r01_a01,23,static-023,1800.8753749891184,11.655260503977743,11.620125005720183,11.960462515708057,12.363923586672172,12.695833982434124,15.156790992477909,128
A,1,static_contention_baseline_A_event_llm-only_r01_a01,24,static-024,1805.9445839899126,11.648378936953359,11.621333018410951,11.953066303976811,12.19856391660869,12.400792009430006,15.174125001067296,128
A,1,static_contention_baseline_A_event_llm-only_r01_a01,25,static-025,1800.124458008213,11.654196519498148,11.630166991380975,11.943850002717227,12.15060816379264,12.368249997962266,15.225542010739446,128
A,1,static_contention_baseline_A_event_llm-only_r01_a01,26,static-026,1807.1564589918125,11.639209968582398,11.607916007051244,11.788858301588334,12.404638574807905,12.532499997178093,16.196958982618526,128
A,1,static_contention_baseline_A_event_llm-only_r01_a01,27,static-027,1802.0808330038562,11.643724086580754,11.613290989771485,11.843941890401766,12.203408580389805,12.409833987476304,15.066666004713625,128
A,1,static_contention_baseline_A_event_llm-only_r01_a01,28,static-028,1806.1945419758558,11.659087267874806,11.63016600185074,11.952737302635796,12.178728173021225,12.625333009054884,15.242124994983897,128
A,1,static_contention_baseline_A_event_llm-only_r01_a01,29,static-029,1800.921791989822,11.642784118106016,11.612000002060086,11.896954395342616,12.38444234651979,12.441875005606562,15.056917007314041,128
A,1,static_contention_baseline_A_event_llm-only_r01_a01,30,static-030,1806.0340840020217,11.63724179523557,11.615333001827821,11.887487280182539,12.236687003751284,12.471416004700586,15.05899999756366,128
A,1,static_contention_baseline_A_event_llm-only_r01_a01,31,static-031,1801.9659999990836,11.63527427569369,11.607332999119535,11.87720809248276,12.20615716476459,12.448166991816834,14.98195799649693,128
A,1,static_contention_baseline_A_event_llm-only_r01_a01,32,static-032,1805.2752920193598,11.652910432917631,11.595666001085192,12.228691997006536,12.437734996783547,12.508041021646932,15.043249994050711,128
A,1,static_contention_baseline_A_event_llm-only_r01_a01,33,static-033,1801.2637500069104,11.641783141815214,11.616083007538691,11.841566098155454,12.248911575297825,12.534082983620465,15.137915994273499,128
A,1,static_contention_baseline_A_event_llm-only_r01_a01,34,static-034,1805.0250000087544,11.654711614214397,11.60925001022406,12.12424580589868,12.431630899664015,12.465917010558769,15.004374989075586,128
A,1,static_contention_baseline_A_event_llm-only_r01_a01,35,static-035,1817.7525420032907,11.768073818873702,11.67554099811241,12.585628678789362,12.904985412606038,13.189332996262237,15.225207986077294,128
A,1,static_contention_baseline_A_event_llm-only_r01_a01,36,static-036,1799.59904201678,11.634617779444257,11.599958001170307,11.796287601464428,12.397128260927275,12.477958021918312,15.018917009001598,128
A,1,static_contention_baseline_A_event_llm-only_r01_a01,37,static-037,1803.0312079936266,11.642491803128697,11.586999986320734,12.151883993647061,12.428966425941326,12.498333002440631,15.007041016360745,128
A,1,static_contention_baseline_A_event_llm-only_r01_a01,38,static-038,1799.6293339820113,11.617874015786311,11.583665997022763,11.83531250571832,12.243767322506756,12.466708023566753,15.193208993878216,128
A,1,static_contention_baseline_A_event_llm-only_r01_a01,39,static-039,1803.1074160244316,11.617713259747545,11.5835829928983,11.85227068781387,12.386295431642793,12.47950000106357,14.990124996984378,128
A,1,static_contention_baseline_A_event_llm-only_r01_a01,40,static-040,1800.0527920085005,11.610635173118373,11.568374990019947,11.933716686326079,12.410229346714914,12.574542022775859,15.103917015949264,128
A,1,static_contention_baseline_A_event_llm-only_r01_a01,41,static-041,1802.3127909982577,11.614305779381883,11.584708001464605,11.872929503442718,12.260757347685285,12.569041980896145,15.015125012723729,128
A,1,static_contention_baseline_A_event_llm-only_r01_a01,42,static-042,1800.2057079866063,11.613962267787658,11.55875000404194,12.312678707530722,12.524017007090151,12.571958010084927,15.106832986930385,128
A,1,static_contention_baseline_A_event_llm-only_r01_a01,43,static-043,1802.2115000057966,11.59611909455935,11.556957993889228,12.103749913512727,12.458769844961353,12.486124993301928,15.804208000190556,128
A,1,static_contention_baseline_A_event_llm-only_r01_a01,44,static-044,1802.5464590173215,11.57841929115399,11.546833004103974,11.721024897997268,12.300984654575586,12.407666014041752,15.063584025483578,128
A,1,static_contention_baseline_A_event_llm-only_r01_a01,45,static-045,1798.252708016662,11.60551050396482,11.562040977878496,12.011674998211674,12.476678062230349,12.611041980562732,15.197583008557558,128
A,1,static_contention_baseline_A_event_llm-only_r01_a01,46,static-046,1802.0252080168575,11.607905842481166,11.56795900897123,11.976933921687303,12.500174564193003,12.557166977785528,15.653958020266145,128
A,1,static_contention_baseline_A_event_llm-only_r01_a01,47,static-047,1798.2888330006972,11.577134842408718,11.550374998478219,11.792516088462433,12.045152089558542,12.517499999376014,15.105541999218985,128
A,1,static_contention_baseline_A_event_llm-only_r01_a01,48,static-048,1801.2771669891663,11.57261974817164,11.550999974133447,11.7123502161121,12.306194402626714,12.457207980332896,14.99791699461639,128
A,1,static_contention_baseline_A_event_llm-only_r01_a01,49,static-049,1798.4249999863096,11.594306755953975,11.559582984773442,11.922745694755577,12.326007916708477,12.540541996713728,15.024374995846301,128
A,1,static_contention_baseline_A_event_llm-only_r01_a01,50,static-050,1800.5685409880243,11.574000330764697,11.545167013537139,11.858499998925252,12.270434819511138,12.447791988961399,15.008249989477918,128
A,1,static_contention_baseline_A_event_llm-only_r01_a01,51,static-051,1798.697791993618,11.558897637690631,11.532667005667463,11.69819998613093,12.188409997615961,12.445250002201647,15.140917006647214,128
A,1,static_contention_baseline_A_event_llm-only_r01_a01,52,static-052,1798.9395839977078,11.571677818740389,11.530041985679418,11.859987713978626,12.511897495714948,12.535625020973384,14.99175000935793,128
A,1,static_contention_baseline_A_event_llm-only_r01_a01,53,static-053,1805.8269169996493,11.92416666913411,11.712625011568889,13.047753801220097,13.879931435221803,14.630209014285356,16.016917012166232,128
A,1,static_contention_baseline_A_event_llm-only_r01_a01,54,static-054,1800.111124990508,11.57468799217494,11.548084003152326,11.762537504546344,12.437009994755497,12.503541016485542,15.119958989089355,128
A,1,static_contention_baseline_A_event_llm-only_r01_a01,55,static-055,1796.5290420106612,11.597609905504042,11.55279201338999,11.974712598021142,12.48414909641724,12.53054098924622,14.960458996938542,128
A,1,static_contention_baseline_A_event_llm-only_r01_a01,56,static-056,1797.539291990688,11.562449472367867,11.539333005202934,11.792858209810218,12.220063922577538,12.4213749950286,14.984584006015211,128
A,1,static_contention_baseline_A_event_llm-only_r01_a01,57,static-057,1798.6829159781337,11.59036778762394,11.53666601749137,11.927487381035462,12.524631247506477,12.548750004498288,15.454124979441985,128
A,1,static_contention_baseline_A_event_llm-only_r01_a01,58,static-058,1795.9494999959134,11.560717519688032,11.542666994500905,11.70766691211611,12.066973572946152,12.380000000121072,15.362540987553075,128
A,1,static_contention_baseline_A_event_llm-only_r01_a01,59,static-059,1797.8348339966033,11.574592842586616,11.548417009180412,11.706366899306886,12.11952250334434,12.368083000183105,15.030791983008385,128
A,1,static_contention_baseline_A_event_llm-only_r01_a01,60,static-060,1797.0388749963604,11.61862663786279,11.563708976609632,12.177658308064562,12.421164347906597,12.544500001240522,15.24537499062717,128
A,1,static_contention_baseline_A_event_llm-only_r01_a01,61,static-061,1797.7932500070892,11.564070535328709,11.533375014550984,11.659045700798742,12.445182650117204,12.581874994793907,15.020749997347593,128
A,1,static_contention_baseline_A_event_llm-only_r01_a01,62,static-062,1796.9638340000529,11.581896322799524,11.540332983713597,11.86891260149423,12.25700949958991,12.350167002296075,15.138083981582895,128
A,1,static_contention_baseline_A_event_llm-only_r01_a01,63,static-063,1795.8941659890115,11.579104661382368,11.54374997713603,11.96958748041652,12.360468152910471,12.403582979459316,15.464416006579995,128
A,1,static_contention_baseline_A_event_llm-only_r01_a01,64,static-064,1796.80399998324,11.57489992924746,11.548250011401251,11.793924888479522,12.215990152326412,12.575749977258965,15.474249987164512,128
A,1,static_contention_baseline_A_event_llm-only_r01_a01,65,static-065,1796.4508330042008,11.570343181012404,11.530749994562939,11.814475193386896,12.367492847843096,12.55037498776801,15.081749996170402,128
A,1,static_contention_baseline_A_event_llm-only_r01_a01,66,static-066,1795.5725000065286,11.560622700783387,11.530041985679418,11.68349549989216,12.320344420149922,12.562667019665241,15.121875010663643,128
A,1,static_contention_baseline_A_event_llm-only_r01_a01,67,static-067,1796.6182499949355,11.556612535546659,11.526667018188164,11.77132509474177,12.232987343450075,12.58491599583067,15.075040981173515,128
A,1,static_contention_baseline_A_event_llm-only_r01_a01,68,static-068,1795.103000011295,11.555951110208333,11.532917007571086,11.672391899628565,12.299728752113877,12.561874988023192,15.18070898600854,128
A,1,static_contention_baseline_A_event_llm-only_r01_a01,69,static-069,1796.8476660025772,11.556962275589765,11.528999981237575,11.701058986363932,12.376406586845404,12.514792004367337,15.618500008713454,128
A,1,static_contention_baseline_A_event_llm-only_r01_a01,70,static-070,1794.7400840057526,11.564422244119905,11.534249992109835,11.80263398855459,12.27348933171015,12.45745801134035,14.968625007895753,128
A,1,static_contention_baseline_A_event_llm-only_r01_a01,71,static-071,1793.3022500074003,11.765110558980533,11.625207989709452,12.541624912410043,13.327636436442845,13.52849998511374,15.15266700880602,128
A,1,static_contention_baseline_A_event_llm-only_r01_a01,72,static-072,1805.1170829858165,11.536859905605725,11.523166002007201,11.685787496389821,12.052401430555618,12.445000000298023,15.381499979412183,128
A,1,static_contention_baseline_A_event_llm-only_r01_a01,73,static-073,1794.338167004753,11.551907811062703,11.533792014233768,11.709962598979473,12.077386091696098,12.327208009082824,15.032374998554587,128
A,1,static_contention_baseline_A_event_llm-only_r01_a01,74,static-074,1793.6243749863934,11.567726708613115,11.543583997990936,11.806074911146425,12.079517844831571,12.181083002360538,15.288291993783787,128
A,1,static_contention_baseline_A_event_llm-only_r01_a01,75,static-075,1794.0179580182303,11.563441275452139,11.53758299187757,11.79797918885015,12.188566416152751,12.432499992428347,15.033042000140995,128
A,1,static_contention_baseline_A_event_llm-only_r01_a01,76,static-076,1792.9498330049682,11.529311023498556,11.511749995406717,11.702149792108685,11.940335643012077,12.015790998702869,15.062833001138642,128
A,1,static_contention_baseline_A_event_llm-only_r01_a01,77,static-077,1796.311499987496,11.546996063011969,11.512375000165775,11.795695513137614,12.24598892382346,12.591834005434066,14.93229198968038,128
A,1,static_contention_baseline_A_event_llm-only_r01_a01,78,static-078,1794.1254159959499,11.547599086587457,11.522707995027304,11.735641799168661,12.088459987426177,12.445542000932619,15.03337500616908,128
A,1,static_contention_baseline_A_event_llm-only_r01_a01,79,static-079,1793.0953330069315,11.553748031366823,11.53445799718611,11.746558285085484,12.07614499493502,12.11254097870551,15.125958016142249,128
A,1,static_contention_baseline_A_event_llm-only_r01_a01,80,static-080,1795.0797920057084,11.556600063065742,11.53404198703356,11.89652500906959,12.080000507412478,12.284625001484528,15.169208985753357,128
A,1,static_contention_baseline_A_event_llm-only_r01_a01,81,static-081,1793.6129579902627,11.559372377998056,11.5359160117805,11.689637694507837,12.282465436728671,12.3142919910606,15.004374989075586,128
A,1,static_contention_baseline_A_event_llm-only_r01_a01,82,static-082,1793.8763750134967,11.57783596055934,11.52720901882276,11.910791191621684,12.361814352334477,12.545250006951392,15.11116701294668,128
A,1,static_contention_baseline_A_event_llm-only_r01_a01,83,static-083,1792.7511250018142,11.572561677321644,11.542624997673556,11.827237607212737,12.407527992036194,12.50941600301303,15.191833983408287,128
A,1,static_contention_baseline_A_event_llm-only_r01_a01,84,static-084,1792.7428339899052,11.580858590662494,11.54754200251773,11.815853792359121,12.275968425674364,12.584082985995337,14.999708975665271,128
A,1,static_contention_baseline_A_event_llm-only_r01_a01,85,static-085,1792.2270830022171,11.562753283358216,11.53908300329931,11.72407940030098,12.372441060142592,12.401709012920037,15.100457996595651,128
A,1,static_contention_baseline_A_event_llm-only_r01_a01,86,static-086,1794.3112920038402,11.559339897435775,11.526667018188164,11.921216791961342,12.182211433537304,12.32958398759365,15.25658302125521,128
A,1,static_contention_baseline_A_event_llm-only_r01_a01,87,static-087,1794.3210829980671,11.546641401671549,11.51799998478964,11.705154288210904,12.395176429417914,12.487708998378366,15.054957999382168,128
A,1,static_contention_baseline_A_event_llm-only_r01_a01,88,static-088,1792.3364579910412,11.527698496209942,11.500041000545025,11.700358908274211,12.07220675132703,12.103334011044353,15.055708005093038,128
A,1,static_contention_baseline_A_event_llm-only_r01_a01,89,static-089,1792.2323750099167,11.56405479519804,11.52695799828507,11.902475098031571,12.262186255538836,12.517541996203363,15.2126660104841,128
A,1,static_contention_baseline_A_event_llm-only_r01_a01,90,static-090,1815.269749989966,11.691365480389974,11.574167001526803,12.466229201527312,13.358291272306813,13.462833012454212,16.026208992116153,128
A,1,static_contention_baseline_A_event_llm-only_r01_a01,91,static-091,1793.0867499962915,11.536528874054829,11.518499988596886,11.69795441091992,11.973365507437848,12.030665995553136,15.020582999568433,128
A,1,static_contention_baseline_A_event_llm-only_r01_a01,92,static-092,1793.246375018498,11.547112535395637,11.521208012709394,11.778554305783471,12.001816253759898,12.537208996945992,14.967708004405722,128
A,1,static_contention_baseline_A_event_llm-only_r01_a01,93,static-093,1790.8872500120196,11.555237204705431,11.527041991939768,11.783770588226615,12.162023004493674,12.318374996539205,15.067792002810165,128
A,1,static_contention_baseline_A_event_llm-only_r01_a01,94,static-094,1792.8628329827916,11.544933070989662,11.507166986120865,11.773149896180257,12.201089829904959,12.397333019180223,15.269041003193706,128
A,1,static_contention_baseline_A_event_llm-only_r01_a01,95,static-095,1794.255458022235,11.553403212391867,11.527458991622552,11.720670593786053,12.067247334634885,12.516667018644512,15.220250003039837,128
A,1,static_contention_baseline_A_event_llm-only_r01_a01,96,static-096,1790.9012499731034,11.573471456874294,11.538166989339516,11.74432499683462,12.42231484327931,12.522000004537404,14.974791993154213,128
A,1,static_contention_baseline_A_event_llm-only_r01_a01,97,static-097,1792.0205420232378,11.562955708519784,11.522540997248143,11.818945605773477,12.388099989038892,12.44383299490437,15.00704200589098,128
A,1,static_contention_baseline_A_event_llm-only_r01_a01,98,static-098,1792.3730839975178,11.561832346496956,11.539792001713067,11.752970595262013,12.35434982285369,12.622874986846,15.036124998005107,128
A,1,static_contention_baseline_A_event_llm-only_r01_a01,99,static-099,1792.4228749761824,11.597147315014594,11.563334002858028,11.859049796476029,12.353345001465641,12.515709007857367,14.971665979828686,128
A,1,static_contention_baseline_A_event_llm-only_r01_a01,100,static-100,1791.787916998146,11.543254259841765,11.509709001984447,11.825270805275066,12.348176439991219,12.455041985958815,14.960417000111192,128
A,1,static_contention_baseline_A_event_llm-only_r01_a01,101,static-101,1792.416249983944,12.172488519769734,11.573750001844019,14.307641907362267,14.962270315154454,15.090708999196067,15.082249999977648,128
A,1,static_contention_baseline_A_event_llm-only_r01_a01,102,static-102,1790.5880000034813,12.24445800001799,11.551375006092712,14.579887414583935,15.799435931839978,16.145417001098394,15.020375023595989,128
A,1,static_contention_baseline_A_event_llm-only_r01_a01,103,static-103,1790.636290999828,11.562818244253615,11.538582999492064,11.767621213220991,12.177539239055475,12.26229200256057,15.11187499272637,128
A,1,static_contention_baseline_A_event_llm-only_r01_a01,104,static-104,1789.65474999859,11.538566929136044,11.513458011904731,11.674928903812543,12.227475753752515,12.474791990825906,15.114541980437934,128
A,1,static_contention_baseline_A_event_llm-only_r01_a01,105,static-105,1792.2917089890689,11.578263448850127,11.550458002602682,11.904167095781304,12.308610900072381,12.573749991133809,15.019041980849579,128
A,1,static_contention_baseline_A_event_llm-only_r01_a01,106,static-106,1792.1917080238927,11.568190614045708,11.548124981345609,11.771075206343085,12.154591584112493,12.52025002031587,14.994416997069493,128
A,1,static_contention_baseline_A_event_llm-only_r01_a01,107,static-107,1790.7275829929858,11.578500984231098,11.5309169923421,11.876133206533266,12.533116922713816,12.567875004606321,15.04912500968203,128
A,1,static_contention_baseline_A_event_llm-only_r01_a01,108,static-108,1803.5355000174604,11.887454393633282,11.692750005749986,13.289116689702496,13.685422661947086,13.899208017392084,16.28616702510044,128
A,1,static_contention_baseline_A_event_llm-only_r01_a01,109,static-109,1791.9277089822572,11.581865810985333,11.540749983396381,11.890271498123182,12.474570150952786,12.629999982891604,15.130499989027157,128
A,1,static_contention_baseline_A_event_llm-only_r01_a01,110,static-110,1791.5707920037676,11.554544614206296,11.517916020238772,11.78056688804645,12.43581958406139,12.58512501954101,15.051833994220942,128
A,1,static_contention_baseline_A_event_llm-only_r01_a01,111,static-111,1791.9287089898717,11.587905180988848,11.553124990314245,11.895020498195663,12.408117991872132,12.535834015579894,15.10891699581407,128
A,1,static_contention_baseline_A_event_llm-only_r01_a01,112,static-112,1791.9909580086824,11.55225951183316,11.51629097876139,11.794691099203192,12.16741092095617,12.28570900275372,14.99641698319465,128
A,1,static_contention_baseline_A_event_llm-only_r01_a01,113,static-113,1791.526499990141,11.542682417239407,11.511625023558736,11.779012597980907,12.29895699827466,12.453833012841642,15.01733300392516,128
A,1,static_contention_baseline_A_event_llm-only_r01_a01,114,static-114,1791.5568749886006,11.55615944894742,11.510958982398733,11.741758088464849,12.399784080334939,12.508791987784207,14.97133300290443,128
A,1,static_contention_baseline_A_event_llm-only_r01_a01,115,static-115,1790.7476250256877,11.566114173074597,11.53316700947471,11.762974903103895,12.439032658585345,12.557207985082641,15.012625022791326,128
A,1,static_contention_baseline_A_event_llm-only_r01_a01,116,static-116,1790.8712499774992,11.528959645849367,11.507458024425432,11.655787285417318,12.149091014871372,12.48454101732932,15.033582982141525,128
A,1,static_contention_baseline_A_event_llm-only_r01_a01,117,static-117,1791.5403330116533,11.575886810805253,11.531040974659845,11.93347510707099,12.27188358141575,12.341833004029468,15.067625005031005,128
A,1,static_contention_baseline_A_event_llm-only_r01_a01,118,static-118,1791.268000000855,11.569959315009356,11.530999996466562,11.739895597565917,12.371628572582267,12.509332998888567,15.119249990675598,128
A,1,static_contention_baseline_A_event_llm-only_r01_a01,119,static-119,1791.1820000153966,11.550738511737215,11.521207983605564,11.757370599661954,12.192753590643404,12.556250003399327,15.277834027074277,128
A,1,static_contention_baseline_A_event_llm-only_r01_a01,120,static-120,1791.6815409844276,11.54397605523269,11.523583001689985,11.707062606001273,12.073159089195542,12.286457989830524,15.157332993112504,128
A,1,static_contention_baseline_A_event_llm-only_r01_a01,121,static-121,1790.471707994584,11.553351708695175,11.519958003191277,11.806596285896376,12.265935434843414,12.388917006319389,14.925291005056351,128
A,1,static_contention_baseline_A_event_llm-only_r01_a01,122,static-122,1792.1182500140276,11.550000984236364,11.52175001334399,11.801158997695891,12.300369343720376,12.434500007657334,15.061000012792647,128
A,1,static_contention_baseline_A_event_llm-only_r01_a01,123,static-123,1793.017833988415,11.563680771789624,11.525374982738867,11.970637508784417,12.454205422545783,12.5547909992747,15.102709003258497,128
A,1,static_contention_baseline_A_event_llm-only_r01_a01,124,static-124,1790.9978329844307,11.54317913391796,11.521333013661206,11.682349990587682,11.988764652051032,12.150875001680106,15.128083003219217,128
A,1,static_contention_baseline_A_event_llm-only_r01_a01,125,static-125,1791.338083014125,11.569961944895642,11.540124978637323,11.747462602215817,12.294179490418173,12.583417003042996,14.984500012360513,128
A,1,static_contention_baseline_A_event_llm-only_r01_a01,126,static-126,1792.6267079892568,11.790428811126924,11.59037501201965,13.185350189451125,13.975380912888795,14.558958006091416,15.15937500516884,128
A,1,static_contention_baseline_A_event_llm-only_r01_a01,127,static-127,1802.7105840155855,11.577189299112963,11.544917011633515,11.773691701819189,12.398649997194298,12.465084000723436,15.492834005272016,128
A,1,static_contention_baseline_A_event_llm-only_r01_a01,128,static-128,1791.9559169968124,11.538552165244097,11.527208989718929,11.634653605869971,11.921421743463725,11.967582977376878,15.248917014105245,128
A,1,static_contention_baseline_A_event_llm-only_r01_a01,129,static-129,1790.8098750049248,11.570781495928118,11.542499996721745,11.712246193201281,12.329067495302295,12.529916974017397,15.055708005093038,128
A,1,static_contention_baseline_A_event_llm-only_r01_a01,130,static-130,1792.109709000215,11.577367126037858,11.542042018845677,11.843504398711955,12.299641935387625,12.481707992265001,15.151291998336092,128
A,1,static_contention_baseline_A_event_llm-only_r01_a01,131,static-131,1793.192666984396,11.541122047452433,11.522416985826567,11.672962302691303,12.079809072311035,12.34733301680535,15.105291997315362,128
A,1,static_contention_baseline_A_event_llm-only_r01_a01,132,static-132,1792.4781669862568,11.554418307248737,11.517875012941658,11.70962960459292,12.42369966872502,12.494916009018198,15.206791984383017,128
A,1,static_contention_baseline_A_event_llm-only_r01_a01,133,static-133,1791.426167008467,11.555386157422216,11.52791699860245,11.879554207553156,12.194546737591734,12.361375003820285,14.966042013838887,128
A,1,static_contention_baseline_A_event_llm-only_r01_a01,134,static-134,1790.9150829946157,11.580585299277912,11.53704198077321,11.880995487445034,12.498107079882175,12.581166985910386,15.07100000162609,128
A,1,static_contention_baseline_A_event_llm-only_r01_a01,135,static-135,1791.0235000017565,11.56471030718801,11.543542001163587,11.68749610078521,12.175343925482592,12.401041982229799,15.229540993459523,128
A,1,static_contention_baseline_A_event_llm-only_r01_a01,136,static-136,1793.0682919977698,11.557412401619038,11.54362500528805,11.716616214835085,11.962018166086636,12.453875009668991,15.441166993696243,128
A,1,static_contention_baseline_A_event_llm-only_r01_a01,137,static-137,1792.5816670176573,11.561413708520599,11.53070799773559,11.77235009963624,12.42650765168946,12.531167012639344,15.294209006242454,128
A,1,static_contention_baseline_A_event_llm-only_r01_a01,138,static-138,1790.6996669771615,11.555756889806151,11.52045899652876,11.809542097034864,12.351101996027865,12.402292020851746,15.205167001113296,128
A,1,static_contention_baseline_A_event_llm-only_r01_a01,139,static-139,1792.0682079857215,11.534695212654109,11.51650000247173,11.67608370888047,11.883500010007992,12.362874986138195,14.988332986831665,128
A,1,static_contention_baseline_A_event_llm-only_r01_a01,140,static-140,1791.164750000462,11.523906165352605,11.497999978018925,11.655358714051545,12.094693166436628,12.326583993854001,15.323500003432855,128
A,1,static_contention_baseline_A_event_llm-only_r01_a01,141,static-141,1791.622709017247,11.567344488236891,11.52808399638161,11.883133891387843,12.378240339457987,12.531999993370846,15.003084001364186,128
A,1,static_contention_baseline_A_event_llm-only_r01_a01,142,static-142,1791.8355829897337,11.543845472303696,11.514791985973716,11.798982991604133,12.024917663657106,12.422250001691282,14.971291006077081,128
A,1,static_contention_baseline_A_event_llm-only_r01_a01,143,static-143,1791.2632079969626,13.530374999849244,14.05770899145864,15.033533103996888,15.512218909570947,15.663124999264255,15.220125002088025,128
A,1,static_contention_baseline_A_event_llm-only_r01_a01,144,static-144,1787.8942920069676,11.552451440824314,11.520875006681308,11.795799902756698,12.149711417732759,12.404915993101895,15.060125006129965,128
A,1,static_contention_baseline_A_event_llm-only_r01_a01,145,static-145,1823.3107499836478,11.722439960769092,11.559834005311131,12.731046206317838,14.055821912479585,14.379291998920962,15.030041977297515,128
A,1,static_contention_baseline_A_event_llm-only_r01_a01,146,static-146,1791.1204579868354,11.57222047249244,11.537792015587911,11.839479490299707,12.362289240700193,12.549832987133414,14.966540999012068,128
A,1,static_contention_baseline_A_event_llm-only_r01_a01,147,static-147,1791.753957979381,11.557358598490575,11.527374997967854,11.741721408907324,12.266018591471948,12.481125013437122,15.511957986745983,128
A,1,static_contention_baseline_A_event_llm-only_r01_a01,148,static-148,1791.0393750062212,11.561598425261735,11.520833009853959,11.731691818567924,12.405499665765092,12.45654100785032,15.145625016884878,128
A,1,static_contention_baseline_A_event_llm-only_r01_a01,149,static-149,1791.3043749867938,11.5514130551115,11.524083005497232,11.7283125029644,12.34579641371965,12.605958007043228,14.925416995538399,128
A,1,static_contention_baseline_A_event_llm-only_r01_a01,150,static-150,1790.8105409878772,11.564347771771883,11.533333017723635,11.734229599824175,12.058587509673089,12.533416011137888,15.05504100350663,128
A,1,static_contention_baseline_A_event_llm-only_r01_a01,151,static-151,1792.1183749858756,11.555105637746138,11.514500016346574,11.89045439532492,12.328706994303502,12.572792009450495,15.014000004157424,128
A,1,static_contention_baseline_A_event_llm-only_r01_a01,152,static-152,1793.128124991199,11.57469848811619,11.548375012353063,11.80216671200469,12.349160766461864,12.484333012253046,15.155291999690235,128
A,1,static_contention_baseline_A_event_llm-only_r01_a01,153,static-153,1789.6788749785628,11.562610889773993,11.540207982761785,11.881441378500309,12.254648928064853,12.405249988660216,14.989541989052668,128
A,1,static_contention_baseline_A_event_llm-only_r01_a01,154,static-154,1792.1091669995803,11.539115157532029,11.519375024363399,11.693270786781795,11.949239492532797,12.06658300361596,15.049667010316625,128
A,1,static_contention_baseline_A_event_llm-only_r01_a01,155,static-155,1792.0631669985596,11.57043766144179,11.538207996636629,11.823895722045561,12.202600003220141,12.465417006751522,14.959042018745095,128
A,1,static_contention_baseline_A_event_llm-only_r01_a01,156,static-156,1790.4958329745568,11.56125262225648,11.524125002324581,11.705649891518988,12.533737499616109,12.566666991915554,15.757332992507145,128
A,1,static_contention_baseline_A_event_llm-only_r01_a01,157,static-157,1791.6416660009418,11.56614436222585,11.53608298045583,11.899337588693014,12.286433744593523,12.3376669944264,15.18049999140203,128
A,1,static_contention_baseline_A_event_llm-only_r01_a01,158,static-158,1792.3652500030585,11.551673882035905,11.52420899597928,11.81363400828559,12.233230324927717,12.440499995136634,14.958916988689452,128
A,1,static_contention_baseline_A_event_llm-only_r01_a01,159,static-159,1791.5147079911549,11.579417322916308,11.536042002262548,11.842399995657615,12.293620006530546,12.623082991922274,15.010708011686802,128
A,1,static_contention_baseline_A_event_llm-only_r01_a01,160,static-160,1792.4878750054631,11.570354330758601,11.539792001713067,11.807370508904567,12.143270770320669,12.256415997399017,15.037083008792251,128
A,1,static_contention_baseline_A_event_llm-only_r01_a01,161,static-161,1792.4863749940414,11.548937669374034,11.521416978212073,11.655174902989529,12.28796050301753,12.48904099338688,14.98404101585038,128
A,1,static_contention_baseline_A_event_llm-only_r01_a01,162,static-162,1791.5884160029236,11.558404527595414,11.539750004885718,11.670766898896545,12.273524668416938,12.488167005358264,15.034915995784104,128
A,1,static_contention_baseline_A_event_llm-only_r01_a01,163,static-163,1797.0879589847755,11.94360268514926,11.747916985768825,13.222425014828332,13.771518080029635,14.06725001288578,16.37691698851995,128
A,1,static_contention_baseline_A_event_llm-only_r01_a01,164,static-164,1791.4632500032894,11.570313322773995,11.547625006642193,11.814087710808963,11.959508928121068,12.357958999928087,15.143583004828542,128
A,1,static_contention_baseline_A_event_llm-only_r01_a01,165,static-165,1792.3380419961177,11.548592519715399,11.530042014783248,11.658737604739144,12.0359581586672,12.470292014768347,15.113624976947904,128
A,1,static_contention_baseline_A_event_llm-only_r01_a01,166,static-166,1794.1010410140734,11.581290684920905,11.538042017491534,11.844225102686323,12.358919662656263,12.480540986871347,15.393000008771196,128
A,1,static_contention_baseline_A_event_llm-only_r01_a01,167,static-167,1791.6391670005396,11.571479653508776,11.539375002030283,11.725666088750586,12.387803407036698,12.55204199696891,15.222708985675126,128
A,1,static_contention_baseline_A_event_llm-only_r01_a01,168,static-168,1791.686667012982,11.563499346302132,11.533042008522898,11.953958083176985,12.21243807929568,12.333833001321182,15.047666995087638,128
A,1,static_contention_baseline_A_event_llm-only_r01_a01,169,static-169,1791.7038330051582,11.559812992116377,11.543833010364324,11.672571310191415,11.976732655894011,12.449124973500147,15.137874986976385,128
A,1,static_contention_baseline_A_event_llm-only_r01_a01,170,static-170,1792.6391660002992,11.5772408190803,11.534999997820705,11.816970503423361,12.392965500475839,12.438167002983391,15.627124987076968,128
A,1,static_contention_baseline_A_event_llm-only_r01_a01,171,static-171,1792.4114580091555,11.554742126091288,11.520583007950336,11.820216893102042,12.246801256551406,12.491915986174718,15.008124988526106,128
A,1,static_contention_baseline_A_event_llm-only_r01_a01,172,static-172,1791.5843749942724,11.567284448867971,11.52937498409301,11.87952060427051,12.159550933283752,12.320000008912757,15.137707989197224,128
A,1,static_contention_baseline_A_event_llm-only_r01_a01,173,static-173,1791.5634170058183,11.55062992122083,11.526125017553568,11.63171700318344,12.1241054154234,12.271917017642409,14.957375009544194,128
A,1,static_contention_baseline_A_event_llm-only_r01_a01,174,static-174,1793.0327499925625,11.556155834572508,11.529582989169285,11.741758207790552,12.268146994756535,12.319958972511813,15.044750005472451,128
A,1,static_contention_baseline_A_event_llm-only_r01_a01,175,static-175,1793.3217090030666,11.557455708577084,11.529791983775795,11.684462413541041,12.381822072784416,12.509292020695284,15.117500006454065,128
A,1,static_contention_baseline_A_event_llm-only_r01_a01,176,static-176,1791.652250016341,11.557832023625695,11.530416988534853,11.829195788595824,12.092306729755364,12.440042017260566,14.973958022892475,128
A,1,static_contention_baseline_A_event_llm-only_r01_a01,177,static-177,1792.0312079950236,11.563352362333438,11.526249989401549,11.790596289210951,12.392477840185164,12.596249987836927,15.033624978968874,128
A,1,static_contention_baseline_A_event_llm-only_r01_a01,178,static-178,1792.5290829734877,11.57181003950463,11.524583009304479,12.118824984645467,12.421796912676655,12.443750019883737,15.020040998933837,128
A,1,static_contention_baseline_A_event_llm-only_r01_a01,179,static-179,1792.0529580151197,11.562556763753427,11.534958000993356,11.721816108911298,12.439948921091855,12.596582993865013,14.955958002246916,128
A,1,static_contention_baseline_A_event_llm-only_r01_a01,180,static-180,1793.4177499846555,11.548593173291183,11.51037501404062,11.808500098413788,12.032198925153352,12.484375009080395,14.99808399239555,128
A,1,static_contention_baseline_A_event_llm-only_r01_a01,181,static-181,1793.0988330044784,11.771207354279001,11.571582988835871,12.90095438889693,13.665318085695617,13.947667001048103,15.65137502620928,128
A,1,static_contention_baseline_A_event_llm-only_r01_a01,182,static-182,1804.8678330087569,11.5525662756019,11.524583009304479,11.779054297949186,12.100378921604715,12.520582997240126,15.258125000400469,128
A,1,static_contention_baseline_A_event_llm-only_r01_a01,183,static-183,1792.9449999937788,11.54068733087015,11.515833000885323,11.692754301475361,12.210035571479237,12.389833020279184,14.977291983086616,128
A,1,static_contention_baseline_A_event_llm-only_r01_a01,184,static-184,1792.2703750082292,11.560521976321965,11.525957990670577,11.83177080238238,12.189558256068267,12.49966601608321,15.019417012808844,128
A,1,static_contention_baseline_A_event_llm-only_r01_a01,185,static-185,1791.2246249907184,11.57184908653272,11.528666014783084,11.786708890576847,12.43541108793579,12.50362498103641,14.981499989517033,128
A,1,static_contention_baseline_A_event_llm-only_r01_a01,186,static-186,1795.6163340131752,11.569016401547806,11.522125016199425,11.91414550121408,12.413226576172745,12.55466599832289,15.511542005697265,128
A,1,static_contention_baseline_A_event_llm-only_r01_a01,187,static-187,1791.1212909966707,11.537566606421024,11.527041991939768,11.647287616506219,11.870307665667497,12.031624995870516,15.06270800018683,128
A,1,static_contention_baseline_A_event_llm-only_r01_a01,188,static-188,1792.96645798604,11.55656692915684,11.528959003044292,11.803412513108922,12.067191056557931,12.39183300640434,15.0354579964187,128
A,1,static_contention_baseline_A_event_llm-only_r01_a01,189,static-189,1793.2112079870421,11.553786748169562,11.530125018907711,11.840666900388896,12.015565148903988,12.47262500692159,14.935874991351739,128
A,1,static_contention_baseline_A_event_llm-only_r01_a01,190,static-190,1793.3413329883479,11.577946196931714,11.538084014318883,11.91882050188724,12.321132514625788,12.421291990904137,15.074915980221704,128
A,1,static_contention_baseline_A_event_llm-only_r01_a01,191,static-191,1791.6789159935433,11.537178810942537,11.507874995004386,11.745596188120544,12.226596425171008,12.312375009059906,15.047374996356666,128
A,1,static_contention_baseline_A_event_llm-only_r01_a01,192,static-192,1793.63087497768,11.55694062211074,11.53145800344646,11.745791105204262,12.19315749767702,12.338583008386195,15.10645798407495,128
A,1,static_contention_baseline_A_event_llm-only_r01_a01,193,static-193,1793.1866660073865,11.57415879516327,11.546374997124076,11.83132080186624,12.244893265888095,12.44470800156705,15.085708000697196,128
A,1,static_contention_baseline_A_event_llm-only_r01_a01,194,static-194,1792.0041249890346,11.541967850369145,11.515374993905425,11.69945371511858,12.368533585686235,12.459416000638157,14.993499993579462,128
A,1,static_contention_baseline_A_event_llm-only_r01_a01,195,static-195,1793.5743749840185,11.556410110385091,11.536040983628482,11.750371503876522,12.027175009716302,12.548958999104798,15.09054098278284,128
A,1,static_contention_baseline_A_event_llm-only_r01_a01,196,static-196,1792.673999996623,11.54892880324729,11.528917006216943,11.78795019222889,12.080372911877928,12.224916979903355,15.331292001064867,128
A,1,static_contention_baseline_A_event_llm-only_r01_a01,197,static-197,1794.7890420036856,11.550719488144479,11.522083019372076,11.715533008100465,12.146544847055337,12.37016697996296,15.115958987735212,128
A,1,static_contention_baseline_A_event_llm-only_r01_a01,198,static-198,1793.10916599934,11.552527889712003,11.528292001457885,11.648045794572681,12.322043570457023,12.57633400382474,15.067582979099825,128
A,1,static_contention_baseline_A_event_llm-only_r01_a01,199,static-199,1793.0855840095319,11.554681425125844,11.521999986143783,11.73652940778993,12.33192234125454,12.420042010489851,14.916666987119243,128
A,1,static_contention_baseline_A_event_llm-only_r01_a01,200,static-200,1813.3426250133198,11.721555448841215,11.586166016058996,12.60618759843055,13.62810850900132,13.749958015978336,15.186583012109622,128
A,1,static_contention_baseline_A_event_llm-only_r01_a01,201,static-201,1793.6646669986658,11.584933071010417,11.546916997758672,11.899737315252422,12.505341569776647,12.551541993161663,15.79566698637791,128
A,1,static_contention_baseline_A_event_llm-only_r01_a01,202,static-202,1794.2301250004675,11.565074141734963,11.521834006998688,11.892170409555547,12.373482188559137,12.584875017637387,15.112499997485429,128
A,1,static_contention_baseline_A_event_llm-only_r01_a01,203,static-203,1793.9576250209939,11.553185362200157,11.519332998432219,11.877692092093639,12.258671836461872,12.489917018683627,14.962000015657395,128
A,1,static_contention_baseline_A_event_llm-only_r01_a01,204,static-204,1792.3353749793023,11.5766272993344,11.534374993061647,11.988941917661574,12.419835001928732,12.495875009335577,15.158916998188943,128
A,1,static_contention_baseline_A_event_llm-only_r01_a01,205,static-205,1792.3578749760054,11.534854653520568,11.50866600801237,11.684404496918432,12.071273154579101,12.15729198884219,14.986833994043991,128
A,1,static_contention_baseline_A_event_llm-only_r01_a01,206,static-206,1794.2117909842636,13.928695543353834,14.115499972831458,15.01045000331942,15.469590421416795,15.791457990417257,15.39937499910593,128
A,1,static_contention_baseline_A_event_llm-only_r01_a01,207,static-207,1790.429541026242,11.557097117990388,11.527499998919666,11.707816907437518,12.375484668882562,12.51183298882097,15.139291004743427,128
A,1,static_contention_baseline_A_event_llm-only_r01_a01,208,static-208,1790.4303749965038,11.535925850479343,11.510582990013063,11.679916401044466,12.03001125191804,12.247667007613927,15.012708987342194,128
A,1,static_contention_baseline_A_event_llm-only_r01_a01,209,static-209,1790.1298750075512,11.578971125904149,11.533625016454607,11.912366090109572,12.414699073997326,12.560417002532631,14.996250014519319,128
A,1,static_contention_baseline_A_event_llm-only_r01_a01,210,static-210,1793.799790990306,11.545236881980012,11.505541013320908,11.896732900640927,12.090728250914253,12.350082979537547,15.028499998152256,128
A,1,static_contention_baseline_A_event_llm-only_r01_a01,211,static-211,1793.3197499951348,11.539987204770565,11.504583002533764,11.740841303253545,12.443927492713556,12.491542001953349,15.136832982534543,128
A,1,static_contention_baseline_A_event_llm-only_r01_a01,212,static-212,1791.935207991628,11.561865488197434,11.520625004777685,11.901537596713752,12.369096268666908,12.392125005135313,15.109958010725677,128
A,1,static_contention_baseline_A_event_llm-only_r01_a01,213,static-213,1792.9809580091387,11.555477362181112,11.530457995831966,11.733924914733507,12.020491416333243,12.310749996686354,14.916332991560921,128
A,1,static_contention_baseline_A_event_llm-only_r01_a01,214,static-214,1792.68883401528,11.559269685017707,11.523624998517334,11.856941797304899,12.446822492056526,12.486833991715685,15.019584010588005,128
A,1,static_contention_baseline_A_event_llm-only_r01_a01,215,static-215,1791.6135829873383,11.578600724433057,11.531167023349553,11.792899781721644,12.489799985196441,12.62208298430778,14.957749983295798,128
A,1,static_contention_baseline_A_event_llm-only_r01_a01,216,static-216,1791.4577499905135,11.562501645681822,11.538499995367602,11.837524987640789,12.21879985416308,12.502208992373198,15.010708011686802,128
A,1,static_contention_baseline_A_event_llm-only_r01_a01,217,static-217,1794.3290830007754,11.544449149454966,11.513000004924834,11.697337505756877,12.252975915907882,12.304708012379706,14.975875004893169,128
A,1,static_contention_baseline_A_event_llm-only_r01_a01,218,static-218,1798.851958999876,11.928826771716873,11.694874992826954,13.48399200651329,14.005703572765924,14.444125001318753,16.864374978467822,128
A,1,static_contention_baseline_A_event_llm-only_r01_a01,219,static-219,1795.553916017525,11.543234582673245,11.511374992551282,11.872282900731078,12.228577513596974,12.389458977850154,14.989125018473715,128
A,1,static_contention_baseline_A_event_llm-only_r01_a01,220,static-220,1793.8763340061996,11.544465220498479,11.52920801541768,11.647745702066459,11.94428317307029,12.171125010354444,15.013541997177526,128
A,1,static_contention_baseline_A_event_llm-only_r01_a01,221,static-221,1792.1276669949293,11.585453740141435,11.548500013304874,11.844591979752295,12.303514704108238,12.4748750240542,15.303167019737884,128
A,1,static_contention_baseline_A_event_llm-only_r01_a01,222,static-222,1794.3881250103004,11.566582677141565,11.535958998138085,11.73063289897982,12.274521412909962,12.534083012724295,15.79004101222381,128
A,1,static_contention_baseline_A_event_llm-only_r01_a01,223,static-223,1793.0741250165738,11.553891078755992,11.522875021910295,11.792253894964233,12.153292917064391,12.45691700023599,15.637166012311354,128
A,1,static_contention_baseline_A_event_llm-only_r01_a01,224,static-224,1792.0582910010125,11.537224409540778,11.512208002386615,11.742674803826958,11.973232661257498,12.063999980455264,15.043040999444202,128
A,1,static_contention_baseline_A_event_llm-only_r01_a01,225,static-225,1793.7337909825146,11.559554133940063,11.519166990183294,11.860875017009676,12.37137750373222,12.453041010303423,14.978416002122685,128
A,1,static_contention_baseline_A_event_llm-only_r01_a01,226,static-226,1793.9662089920603,11.545951771742379,11.525499983690679,11.704203506815247,12.16465701290872,12.502207973739132,15.085958992131054,128
A,1,static_contention_baseline_A_event_llm-only_r01_a01,227,static-227,1792.7260830183513,11.606597771508781,11.552707990631461,11.954978597350419,12.427445666398853,12.465833977330476,15.016541990917176,128
A,1,static_contention_baseline_A_event_llm-only_r01_a01,228,static-228,1794.5049999980256,11.556946850559623,11.534999997820705,11.868537610280326,12.317211419576779,12.416541983839124,15.13899999554269,128
A,1,static_contention_baseline_A_event_llm-only_r01_a01,229,static-229,1794.1723339899909,11.557474409506884,11.53162500122562,11.752954396069981,12.16557957115583,12.408959009917453,15.051291993586347,128
A,1,static_contention_baseline_A_event_llm-only_r01_a01,230,static-230,1794.5880420156755,11.569065614062632,11.539750004885718,11.713795593823306,12.337190014077349,12.429791007889435,15.072334004798904,128
A,1,static_contention_baseline_A_event_llm-only_r01_a01,231,static-231,1795.3253340092488,11.557047243879037,11.530375020811334,11.666212396812625,12.237349656643344,12.442540988558903,15.483792027225718,128
A,1,static_contention_baseline_A_event_llm-only_r01_a01,232,static-232,1793.6642080021556,11.586525921130509,11.539500002982095,11.924395596724935,12.304726093425415,12.547999998787418,15.682583005400375,128
A,1,static_contention_baseline_A_event_llm-only_r01_a01,233,static-233,1793.39137498755,11.56917454328344,11.543166998308152,11.90675427496899,12.215020318981258,12.309207988437265,14.99770800000988,128
A,1,static_contention_baseline_A_event_llm-only_r01_a01,234,static-234,1795.3478749841452,11.553864503979653,11.532000004081056,11.683758109575137,12.299587929155678,12.38362499861978,15.161332994466648,128
A,1,static_contention_baseline_A_event_llm-only_r01_a01,235,static-235,1792.8577499988023,11.558831031397572,11.533749988302588,11.840354296145959,12.14047284272965,12.34812499023974,14.9950839986559,128
A,1,static_contention_baseline_A_event_llm-only_r01_a01,236,static-236,1794.0378339844756,11.823803472413323,11.585542000830173,13.365900208009405,14.257339999894612,14.745542022865266,15.123041986953467,128
A,1,static_contention_baseline_A_event_llm-only_r01_a01,237,static-237,1803.2051250047516,11.575097771816132,11.55274998745881,11.728450015652925,12.378031992702745,12.645417009480298,14.995832985732704,128
A,1,static_contention_baseline_A_event_llm-only_r01_a01,238,static-238,1793.3140830136836,11.550415684945705,11.518666025949642,11.709700190112926,12.221246433327904,12.427124980604276,15.02033299766481,128
A,1,static_contention_baseline_A_event_llm-only_r01_a01,239,static-239,1794.1773750062566,11.573153543359359,11.534332996234298,11.94396679929923,12.418177500367165,12.454374984372407,15.0341670087073,128
A,1,static_contention_baseline_A_event_llm-only_r01_a01,240,static-240,1794.0934590005782,11.57519815734397,11.532415985129774,11.897950115962885,12.411692502209915,12.590166996233165,15.052959002787247,128
A,1,static_contention_baseline_A_event_llm-only_r01_a01,241,static-241,1793.858958990313,11.557933724555003,11.523958994075656,11.785845502163282,12.335236415383404,12.418708007317036,15.12929197633639,128
A,1,static_contention_baseline_A_event_llm-only_r01_a01,242,static-242,1795.164333016146,11.558625330794676,11.542583000846207,11.719796099350788,12.166365904267877,12.20079098129645,15.140875009819865,128
A,1,static_contention_baseline_A_event_llm-only_r01_a01,243,static-243,1792.4472080194391,11.595633204734892,11.554917000466958,11.867233985685743,12.388121734838933,12.51733402023092,14.947874995414168,128
A,1,static_contention_baseline_A_event_llm-only_r01_a01,244,static-244,1794.0763749938924,11.553632220579678,11.531041993293911,11.66425010014791,12.187918932177126,12.278833019081503,15.128041995922104,128
A,1,static_contention_baseline_A_event_llm-only_r01_a01,245,static-245,1793.656750000082,11.581968503965681,11.537416983628646,11.981233008555137,12.50954341434408,12.538665992906317,15.076667012181133,128
A,1,static_contention_baseline_A_event_llm-only_r01_a01,246,static-246,1793.081040988909,11.549351378032336,11.517582985106856,11.768337315879762,11.977745493641123,12.49745799577795,14.999790990259498,128
A,1,static_contention_baseline_A_event_llm-only_r01_a01,247,static-247,1793.7894999922719,11.573065944725471,11.537082988070324,11.820258307852782,12.383276580367236,12.535500020021573,15.043249994050711,128
A,1,static_contention_baseline_A_event_llm-only_r01_a01,248,static-248,1793.886208004551,11.557384842354072,11.528333008754998,11.698087607510388,12.272877487703225,12.417749996529892,15.044291008962318,128
A,1,static_contention_baseline_A_event_llm-only_r01_a01,249,static-249,1793.8378329854459,11.563662401543505,11.529124982189387,11.795529405935667,12.161820004112085,12.48754101106897,15.155083005083725,128
A,1,static_contention_baseline_A_event_llm-only_r01_a01,250,static-250,1794.750875007594,11.562846125952357,11.521041014930233,11.871512394282032,12.433853406109847,12.485000013839453,15.019542013760656,128
A,1,static_contention_baseline_A_event_llm-only_r01_a01,251,static-251,1792.0627499988768,11.559250984087909,11.538874998223037,11.72712869301904,11.956344328355044,12.248707993421704,15.157042013015598,128
A,1,static_contention_baseline_A_event_llm-only_r01_a01,252,static-252,1793.7444999988656,11.54542880317959,11.505333008244634,11.808424806804394,12.357036576140672,12.418041995260864,15.211124991765246,128
A,1,static_contention_baseline_A_event_llm-only_r01_a01,253,static-253,1795.2263340121135,11.530981299203388,11.503207992063835,11.833441906492222,12.124785913038068,12.233666988322511,15.014375007012859,128
A,1,static_contention_baseline_A_event_llm-only_r01_a01,254,static-254,1793.672208004864,11.548811677058675,11.510083015309647,11.695016900193878,12.402806418831458,12.540458992589265,15.110292006283998,128
A,1,static_contention_baseline_A_event_llm-only_r01_a01,255,static-255,1816.80516700726,11.490924543275783,11.397666006814688,12.186441698577253,13.389032174600288,13.67583399405703,17.010207986459136,128
A,1,static_contention_baseline_A_event_llm-only_r01_a01,256,static-256,1797.0584159775171,11.536347118112824,11.512375000165775,11.78592940850649,12.111853425158188,12.374915997497737,15.308624977478758,128
A,1,static_contention_baseline_A_event_llm-only_r01_a01,257,static-257,1794.8190830065869,11.549969818846389,11.53779198648408,11.69334631122183,11.901802853681147,12.242791999597102,15.024583000922576,128
A,1,static_contention_baseline_A_event_llm-only_r01_a01,258,static-258,1793.4968330082484,11.552592850378238,11.522208980750293,11.869075120193884,12.271949663991109,12.312709004618227,15.031374990940094,128
A,1,static_contention_baseline_A_event_llm-only_r01_a01,259,static-259,1796.146625012625,11.53995603938059,11.517000006278977,11.74613751063589,12.167030342388898,12.55729197873734,15.090208005858585,128
A,1,static_contention_baseline_A_event_llm-only_r01_a01,260,static-260,1794.2650410113856,11.52161253532798,11.507666989928111,11.667979395133443,11.962619996047579,12.010834005195647,15.030000009573996,128
A,1,static_contention_baseline_A_event_llm-only_r01_a01,261,static-261,1795.280541991815,11.54674245681665,11.520583007950336,11.692704205051996,12.204103924450463,12.385416019242257,15.040582977235317,128
A,1,static_contention_baseline_A_event_llm-only_r01_a01,262,static-262,1796.0506250092294,11.565844810936293,11.537541984580457,11.715170505340211,12.375161837553605,12.399708008160815,14.919250010279939,128
A,1,static_contention_baseline_A_event_llm-only_r01_a01,263,static-263,1795.6310829904396,11.534783141742512,11.511666991282254,11.723187519237399,12.11773780931253,12.45745801134035,15.061499987496063,128
A,1,static_contention_baseline_A_event_llm-only_r01_a01,264,static-264,1794.9189170030877,11.52788484253642,11.499250016640872,11.676616300246678,12.179965740651824,12.350041011814028,15.140458999667317,128
A,1,static_contention_baseline_A_event_llm-only_r01_a01,265,static-265,1796.1098329978995,11.538810039390112,11.510333977639675,11.73369989846833,12.160480911843479,12.451749993488193,15.04441600991413,128
A,1,static_contention_baseline_A_event_llm-only_r01_a01,266,static-266,1795.1462920173071,11.518665677162005,11.47891697473824,11.778470608987844,12.320946570253,12.338125001406297,15.010709001217037,128
A,1,static_contention_baseline_A_event_llm-only_r01_a01,267,static-267,1795.7977080077399,11.558290684868867,11.5249170048628,11.708246296620928,12.42842216102872,12.583875010022894,15.63454102142714,128
A,1,static_contention_baseline_A_event_llm-only_r01_a01,268,static-268,1796.0160830116365,11.559599078733356,11.534999997820705,11.82627149973996,12.039767658570781,12.30512501206249,15.103916986845434,128
A,1,static_contention_baseline_A_event_llm-only_r01_a01,269,static-269,1793.8467919884715,11.555749346414126,11.531708994880319,11.787649989128111,12.155995017383248,12.557416979689151,14.978124992921948,128
A,1,static_contention_baseline_A_event_llm-only_r01_a01,270,static-270,1794.191791996127,11.569836944860487,11.540959007106721,11.689854200812988,12.389418575330637,12.496958021074533,15.723416989203542,128
A,1,static_contention_baseline_A_event_llm-only_r01_a01,271,static-271,1795.6536659912672,11.562296259950289,11.531333002494648,11.734012511442415,12.333788426476529,12.39337501465343,14.95262500247918,128
A,1,static_contention_baseline_A_event_llm-only_r01_a01,272,static-272,1794.1427500045393,11.546491141803196,11.522083019372076,11.673870802042075,12.117689007427543,12.338917003944516,15.076667012181133,128
A,1,static_contention_baseline_A_event_llm-only_r01_a01,273,static-273,1793.8969589886256,11.927536086731143,11.725541000487283,13.234770687995479,13.617342498037031,14.820083015365526,15.21137499366887,128
A,1,static_contention_baseline_A_event_llm-only_r01_a01,274,static-274,1796.8849159951787,11.559896330591144,11.526665999554098,11.8249580002157,12.257739083725026,12.407500005792826,14.985207992140204,128
A,1,static_contention_baseline_A_event_llm-only_r01_a01,275,static-275,1795.378292008536,11.547603015604569,11.527333001140505,11.69250450329855,12.126093164552003,12.332582991803065,14.998792001279071,128
A,1,static_contention_baseline_A_event_llm-only_r01_a01,276,static-276,1795.4882920021191,11.562969157468586,11.528417002409697,11.830724799074233,12.412832494010217,12.452666996978223,14.971083990531042,128
A,1,static_contention_baseline_A_event_llm-only_r01_a01,277,static-277,1794.10125000868,11.576979330788536,11.544834007509053,11.92863741016481,12.277697078534402,12.419000006048009,14.956208993680775,128
A,1,static_contention_baseline_A_event_llm-only_r01_a01,278,static-278,1794.729749992257,11.561872708697356,11.536583013366908,11.777458200231193,12.303099079290403,12.471958994865417,14.999416016507894,128
A,1,static_contention_baseline_A_event_llm-only_r01_a01,279,static-279,1794.307584001217,11.566633527720802,11.546666006324813,11.731096098083071,12.324636073317379,12.434958014637232,14.997666992712766,128
A,1,static_contention_baseline_A_event_llm-only_r01_a01,280,static-280,1793.3480830106419,11.555226055188397,11.522291984874755,11.804925213800743,12.132143266499043,12.467916996683925,15.108457999303937,128
A,1,static_contention_baseline_A_event_llm-only_r01_a01,281,static-281,1794.555540982401,11.548929133930969,11.522999993758276,11.737746410653926,12.033705316716805,12.353083002381027,15.0371250056196,128
A,1,static_contention_baseline_A_event_llm-only_r01_a01,282,static-282,1794.443417020375,11.5640406770903,11.526916990987957,11.84765440702904,12.215794661897233,12.328583019552752,15.030500013381243,128
A,1,static_contention_baseline_A_event_llm-only_r01_a01,283,static-283,1794.3047920125537,11.56265681882675,11.548749986104667,11.70229198760353,11.981007672729902,12.42041599471122,15.124959027161822,128
A,1,static_contention_baseline_A_event_llm-only_r01_a01,284,static-284,1795.649667008547,11.563338913384634,11.521084001287818,11.719066198565997,12.493574670515954,12.56008297787048,15.30816699960269,128
A,1,static_contention_baseline_A_event_llm-only_r01_a01,285,static-285,1794.1205420065671,11.569152558891572,11.52862500748597,11.909662492689675,12.460581259801984,12.500290991738439,15.04104200284928,128
A,1,static_contention_baseline_A_event_llm-only_r01_a01,286,static-286,1793.9778750005644,11.561032810879095,11.524667002959177,11.713324804441072,12.51723873836454,12.582666997332126,14.983125001890585,128
A,1,static_contention_baseline_A_event_llm-only_r01_a01,287,static-287,1795.7224170095287,11.545288716589548,11.51408298755996,11.829162386129607,12.191530500422232,12.535916990600526,14.890958002069965,128
A,1,static_contention_baseline_A_event_llm-only_r01_a01,288,static-288,1794.2721669969615,11.566735566896202,11.530625022714958,11.841650091810148,12.36767842900008,12.441500002751127,15.054916992085055,128
A,1,static_contention_baseline_A_event_llm-only_r01_a01,289,static-289,1793.3045420213602,11.569635826621322,11.531916999956593,11.88000889669638,12.313332835910842,12.539291987195611,14.962500019464642,128
A,1,static_contention_baseline_A_event_llm-only_r01_a01,290,static-290,1795.0520000013057,11.550748692807103,11.524333996931091,11.845241903210988,12.17461016611196,12.270416016690433,15.111916000023484,128
A,1,static_contention_baseline_A_event_llm-only_r01_a01,291,static-291,1794.5962910016533,11.750016732262374,11.553582997294143,12.608691392233595,14.27527549501974,14.824541984125972,14.915540989022702,128
A,1,static_contention_baseline_A_event_llm-only_r01_a01,292,static-292,1811.9654589972924,11.569604984123451,11.535790981724858,11.764066899195313,12.394957831129432,12.578583002323285,15.075208997586742,128
A,1,static_contention_baseline_A_event_llm-only_r01_a01,293,static-293,1793.3164999994915,11.562146322744876,11.53708400670439,11.751191320945509,12.428856094484217,12.480666977353394,15.272374992491677,128
A,1,static_contention_baseline_A_event_llm-only_r01_a01,294,static-294,1794.8578330106102,11.546820212626741,11.538333987118676,11.727174979750998,11.901486242422834,12.13149999966845,14.995291014201939,128
A,1,static_contention_baseline_A_event_llm-only_r01_a01,295,static-295,1796.0610830050427,11.566011488344154,11.535083001945168,11.70554579293821,12.419863421237094,12.502666999353096,14.962124987505376,128
A,1,static_contention_baseline_A_event_llm-only_r01_a01,296,static-296,1793.7092079955619,11.590146984195513,11.546458001248538,11.95460439485032,12.570094069233164,12.600916990777478,14.96833300916478,128
A,1,static_contention_baseline_A_event_llm-only_r01_a01,297,static-297,1793.1990830111317,11.548199149592978,11.53070799773559,11.647491125040688,12.053392483503558,12.490624998463318,14.96854200377129,128
A,1,static_contention_baseline_A_event_llm-only_r01_a01,298,static-298,1794.3026669963729,11.535464566912296,11.521250009536743,11.647999912383966,12.0124654925894,12.211082997964695,14.976374979596585,128
A,1,static_contention_baseline_A_event_llm-only_r01_a01,299,static-299,1794.3227079813369,11.570374015947863,11.540209001395851,11.823979299515486,12.187473768717608,12.43124998291023,15.221082983771339,128
A,2,static_contention_baseline_A_event_llm-only_r02_a01,0,static-000,1727.7850829996169,11.531786094364659,11.489833996165544,11.855316790752111,12.238421083893627,12.273959000594914,15.762041002744809,128
A,2,static_contention_baseline_A_event_llm-only_r02_a01,1,static-001,1742.7282080170698,11.73760531484846,11.50437499745749,13.19306689838413,13.936203152989037,14.248334016883746,15.05808299407363,128
A,2,static_contention_baseline_A_event_llm-only_r02_a01,2,static-002,1767.1989160007797,11.540490488144092,11.523833003593609,11.614491886575706,11.943649495369755,12.438917008694261,15.04533301340416,128
A,2,static_contention_baseline_A_event_llm-only_r02_a01,3,static-003,1772.9614580166526,11.569126968374697,11.53612500638701,11.881720690871589,12.210160914692095,12.446291977539659,15.025583008537069,128
A,2,static_contention_baseline_A_event_llm-only_r02_a01,4,static-004,1778.326667001238,11.549945866164759,11.510749987792224,11.942829395411536,12.31581608473789,12.426750006852672,15.056957985507324,128
A,2,static_contention_baseline_A_event_llm-only_r02_a01,5,static-005,1784.3214160238858,11.545106960418378,11.520375002874061,11.661658305092715,12.307363583822733,12.433167023118585,15.144916018471122,128
A,2,static_contention_baseline_A_event_llm-only_r02_a01,6,static-006,1787.8635420056526,11.556859582609416,11.525417008670047,11.771662696264682,12.31568107556086,12.440499995136634,14.955417020246387,128
A,2,static_contention_baseline_A_event_llm-only_r02_a01,7,static-007,1791.0733750031795,11.571240157629619,11.536207981407642,11.748621106380597,12.45114606921561,12.527624989161268,15.062040998600423,128
A,2,static_contention_baseline_A_event_llm-only_r02_a01,8,static-008,1792.581457993947,11.60595275591839,11.558083991985768,12.016720499377698,12.547523770481348,12.570083985337988,15.068582986714318,128
A,2,static_contention_baseline_A_event_llm-only_r02_a01,9,static-009,1794.6184590109624,11.591410102353864,11.574875010410324,11.802341288421303,12.070470651960932,12.320332985837013,15.07416702224873,128
A,2,static_contention_baseline_A_event_llm-only_r02_a01,10,static-010,1795.0819580000825,11.60084908666808,11.54974999371916,11.953991794143803,12.397202155552803,12.472290982259437,15.021750004962087,128
A,2,static_contention_baseline_A_event_llm-only_r02_a01,11,static-011,1797.8366660245229,11.605711291291142,11.573208001209423,11.869528901297597,12.236378411762416,12.483375001465902,15.102333010872826,128
A,2,static_contention_baseline_A_event_llm-only_r02_a01,12,static-012,1796.298959001433,11.617905511859966,11.58808299805969,11.886325001250952,12.210886096581817,12.373584002489224,15.03941701957956,128
A,2,static_contention_baseline_A_event_llm-only_r02_a01,13,static-013,1799.0203750086948,11.604454724244611,11.579207988688722,11.81361228809692,12.125096432864666,12.256417016033083,15.303125022910535,128
A,2,static_contention_baseline_A_event_llm-only_r02_a01,14,static-014,1800.3589999862015,11.629826448835784,11.58529199892655,11.899616802111268,12.497224999824539,12.587000004714355,14.965207985369489,128
A,2,static_contention_baseline_A_event_llm-only_r02_a01,15,static-015,1797.615459014196,11.635690283325435,11.603209015447646,11.95102920755744,12.300741251092404,12.329666002187878,15.24912501918152,128
A,2,static_contention_baseline_A_event_llm-only_r02_a01,16,static-016,1801.8892499967478,11.631730314862995,11.59350000671111,12.049574908451177,12.320098413038068,12.531749991467223,15.157290996285155,128
A,2,static_contention_baseline_A_event_llm-only_r02_a01,17,static-017,1798.5442920180503,11.64083890538978,11.608750006416813,11.861216888064519,12.308424995280802,12.317707994952798,15.022417006548494,128
A,2,static_contention_baseline_A_event_llm-only_r02_a01,18,static-018,1800.3067499957979,11.641616795320196,11.59949999419041,12.086033704690635,12.409840354230253,12.619625020306557,15.13695900212042,128
A,2,static_contention_baseline_A_event_llm-only_r02_a01,19,static-019,1803.5747079993598,11.649050196865574,11.61537499865517,11.969879406387916,12.287437341292389,12.480334000429139,15.111458022147417,128
A,2,static_contention_baseline_A_event_llm-only_r02_a01,20,static-020,1841.2970420031343,11.703674543298796,11.63016600185074,12.209270606399512,12.539195926510729,13.051916990661994,16.402791981818154,128
A,2,static_contention_baseline_A_event_llm-only_r02_a01,21,static-021,1799.3584159994498,11.675256889727788,11.629124986939132,12.00774620519951,12.577802845626138,12.640000000828877,15.22270799614489,128
A,2,static_contention_baseline_A_event_llm-only_r02_a01,22,static-022,1804.4555000087712,11.672382873866164,11.636625014944002,11.932104505831376,12.482986423419788,12.598625005921349,15.084791026310995,128
A,2,static_contention_baseline_A_event_llm-only_r02_a01,23,static-023,1799.3288750003558,11.662001637686924,11.626833002083004,11.98904981429223,12.282040343852714,12.38812500378117,15.187042008619756,128
A,2,static_contention_baseline_A_event_llm-only_r02_a01,24,static-024,1804.0487090183888,11.654478015642114,11.630958004388958,11.861629408667795,12.324029834126122,12.338291999185458,15.155417000642046,128
A,2,static_contention_baseline_A_event_llm-only_r02_a01,25,static-025,1800.0936250027735,11.655571519655696,11.635999981081113,11.954996304120868,12.174256084254012,12.227540981257334,15.13604199863039,128
A,2,static_contention_baseline_A_event_llm-only_r02_a01,26,static-026,1804.3872080161236,11.655167322679182,11.616542004048824,11.925646205781957,12.40548065281473,12.565459008328617,15.071333007654175,128
A,2,static_contention_baseline_A_event_llm-only_r02_a01,27,static-027,1799.3452500086278,11.642309055135652,11.608708009589463,11.865495692472905,12.282291270093992,12.365292001049966,15.047374996356666,128
A,2,static_contention_baseline_A_event_llm-only_r02_a01,28,static-028,1802.880750008626,11.64422966136531,11.60154098761268,12.037483917083591,12.261457513086498,12.622625014046207,15.079000004334375,128
A,2,static_contention_baseline_A_event_llm-only_r02_a01,29,static-029,1801.1599580058828,11.648450133860052,11.613290989771485,12.124746400513684,12.341405590996146,12.371209013508633,15.060125006129965,128
A,2,static_contention_baseline_A_event_llm-only_r02_a01,30,static-030,1804.1891249886248,11.626847763912474,11.590917012654245,11.793396307621151,12.46466808952391,12.566666991915554,15.13137499568984,128
A,2,static_contention_baseline_A_event_llm-only_r02_a01,31,static-031,1800.3457500017248,11.629862535523074,11.604125000303611,11.91730818536598,12.320364094921388,12.382749991957098,15.02720799180679,128
A,2,static_contention_baseline_A_event_llm-only_r02_a01,32,static-032,1803.2893750059884,11.669733267557977,11.622749996604398,11.99838369502686,12.423357850057073,12.53841700963676,15.173125022556633,128
A,2,static_contention_baseline_A_event_llm-only_r02_a01,33,static-033,1800.6724159931764,11.632367787290526,11.599833000218496,11.870875215390695,12.359418419655412,12.520375021267682,15.467916004126891,128
A,2,static_contention_baseline_A_event_llm-only_r02_a01,34,static-034,1802.8675839887,11.64091502359379,11.588833993300796,12.181787518784404,12.511035646894015,12.580708018504083,15.101833996595815,128
A,2,static_contention_baseline_A_event_llm-only_r02_a01,35,static-035,1800.2107089851052,11.657887133843024,11.602874990785494,12.215637395274825,12.377457484253682,12.393791985232383,15.152999985730276,128
A,2,static_contention_baseline_A_event_llm-only_r02_a01,36,static-036,1803.1533750181552,11.65772736206372,11.61162499920465,12.09308759716805,12.266327665420249,12.480500008678064,15.21362501080148,128
A,2,static_contention_baseline_A_event_llm-only_r02_a01,37,static-037,1800.3166249836795,11.642454724390367,11.602167011005804,12.066841387422755,12.49218649289105,12.53783400170505,15.180082991719246,128
A,2,static_contention_baseline_A_event_llm-only_r02_a01,38,static-038,1824.4383750134148,11.830932086729629,11.686749989166856,12.919028598116709,13.483640998019835,13.65295800496824,15.270542004145682,128
A,2,static_contention_baseline_A_event_llm-only_r02_a01,39,static-039,1801.5305000008084,11.641709645705914,11.586374981561676,12.194478610763326,12.48347184213344,12.571792001836002,15.082999976584688,128
A,2,static_contention_baseline_A_event_llm-only_r02_a01,40,static-040,1801.981333992444,11.621460299315592,11.58287498401478,11.853054203675129,12.51032748084981,12.557333015138283,15.170333994319662,128
A,2,static_contention_baseline_A_event_llm-only_r02_a01,41,static-041,1800.7375420129392,11.622731622004164,11.58470899099484,11.85352050815709,12.46005939960014,12.52025002031587,15.126667014556006,128
A,2,static_contention_baseline_A_event_llm-only_r02_a01,42,static-042,1802.3272919817828,11.636508196980992,11.5950420149602,12.097749905660745,12.510582333779894,12.598916015122086,15.079624979989603,128
A,2,static_contention_baseline_A_event_llm-only_r02_a01,43,static-043,1800.4628340131603,11.622761480242572,11.576209013583139,12.071282893884923,12.518672821461223,12.544874974992126,15.017666999483481,128
A,2,static_contention_baseline_A_event_llm-only_r02_a01,44,static-044,1803.7811669928487,11.595006228477775,11.560209008166566,11.867967015132306,12.36508606816642,12.473708018660545,15.048999979626387,128
A,2,static_contention_baseline_A_event_llm-only_r02_a01,45,static-045,1799.2921670083888,11.606081362307718,11.568124988116324,11.85614099376835,12.362948576337658,12.5994999834802,15.028499998152256,128
A,2,static_contention_baseline_A_event_llm-only_r02_a01,46,static-046,1803.7383340124507,11.615252622089708,11.562125000637025,12.105666816933079,12.53616900416091,12.570417020469904,15.562459011562169,128
A,2,static_contention_baseline_A_event_llm-only_r02_a01,47,static-047,1798.7286660063546,11.5698474410309,11.537457990925759,11.697454401291907,12.440761402831413,12.513416993897408,15.038582991110161,128
A,2,static_contention_baseline_A_event_llm-only_r02_a01,48,static-048,1802.0965000032447,11.578743110225705,11.55104101053439,11.7592921043979,12.118193141650407,12.370999989798293,15.202874987153336,128
A,2,static_contention_baseline_A_event_llm-only_r02_a01,49,static-049,1797.5696659996174,11.590582677245683,11.552375013707206,11.821975195198318,12.541573402704671,12.627999996766448,15.043166000396013,128
A,2,static_contention_baseline_A_event_llm-only_r02_a01,50,static-050,1801.103250007145,11.595492125864647,11.571375012863427,11.893641683855092,12.298812663648278,12.341499998001382,15.526500006671995,128
A,2,static_contention_baseline_A_event_llm-only_r02_a01,51,static-051,1797.4416670040227,11.58686482675711,11.56004099175334,11.777904484188184,12.339596103411168,12.51649999176152,15.021416998934,128
A,2,static_contention_baseline_A_event_llm-only_r02_a01,52,static-052,1798.3124169986695,11.584733598398074,11.554124997928739,11.760166214662604,12.236976242274977,12.466082989703864,14.984167006332427,128
A,2,static_contention_baseline_A_event_llm-only_r02_a01,53,static-053,1799.5082499983255,11.596455047407561,11.55575001030229,11.850850013433954,12.529885495896451,12.573332991451025,15.078041993547231,128
A,2,static_contention_baseline_A_event_llm-only_r02_a01,54,static-054,1796.4482090028469,11.588316929148965,11.545041983481497,11.832837399560958,12.466715007321909,12.560000002849847,14.974916994106025,128
A,2,static_contention_baseline_A_event_llm-only_r02_a01,55,static-055,1798.160625010496,11.574004590465488,11.545207991730422,11.712629406247288,12.38071591069456,12.50904198968783,15.094583010068163,128
A,2,static_contention_baseline_A_event_llm-only_r02_a01,56,static-056,1797.9765410127584,11.815185369887045,11.557874997379258,13.586166998720726,13.954804497770965,14.024833013536409,15.066874999320135,128
A,2,static_contention_baseline_A_event_llm-only_r02_a01,57,static-057,1803.0048749933485,11.576545598465716,11.538666993146762,11.93804181239102,12.189723491901532,12.472957983845845,15.099374984856695,128
A,2,static_contention_baseline_A_event_llm-only_r02_a01,58,static-058,1795.7575840118807,11.543801181086184,11.533959012012929,11.64848759653978,11.876462341169827,11.913124995771796,15.07041699369438,128
A,2,static_contention_baseline_A_event_llm-only_r02_a01,59,static-059,1797.888041997794,11.58617814960633,11.559541017049924,11.710692002088763,12.31532606470864,12.504290993092582,15.008292015409097,128
A,2,static_contention_baseline_A_event_llm-only_r02_a01,60,static-060,1797.0604999864008,11.595671259941108,11.553165997611359,12.034299998776985,12.435702998773195,12.578084017150104,15.17374999821186,128
A,2,static_contention_baseline_A_event_llm-only_r02_a01,61,static-061,1796.4700000011362,11.569206362249197,11.53820802574046,11.892254202393815,12.060068764840253,12.259208015166223,15.18741698237136,128
A,2,static_contention_baseline_A_event_llm-only_r02_a01,62,static-062,1797.3627079918515,11.575964566844508,11.532332981005311,11.831449999590404,12.378040174371561,12.520416988991201,15.089166990946978,128
A,2,static_contention_baseline_A_event_llm-only_r02_a01,63,static-063,1796.444750012597,11.580447834553418,11.546125024324283,11.849774903384967,12.426188998506404,12.536499998532236,15.045000007376075,128
A,2,static_contention_baseline_A_event_llm-only_r02_a01,64,static-064,1795.2004580001812,11.590471456613846,11.542084015673026,12.003078791894948,12.41637266066391,12.445041997125372,15.182708011707291,128
A,2,static_contention_baseline_A_event_llm-only_r02_a01,65,static-065,1795.6487080082297,11.59853937001679,11.541166983079165,11.978150100912899,12.52959250996355,12.549292005132884,15.067916014231741,128
A,2,static_contention_baseline_A_event_llm-only_r02_a01,66,static-066,1795.1137499767356,11.552086283542641,11.53145800344646,11.743895406834781,11.991455501993187,12.32849998632446,15.633916977094486,128
A,2,static_contention_baseline_A_event_llm-only_r02_a01,67,static-067,1795.4277920071036,11.593230315034946,11.547625006642193,11.909153615124524,12.422179581481032,12.488125008530915,15.027666988316923,128
A,2,static_contention_baseline_A_event_llm-only_r02_a01,68,static-068,1795.5126249871682,11.5595268975672,11.534874996868894,11.739933304488659,12.192021083319558,12.291291990550235,15.025041997432709,128
A,2,static_contention_baseline_A_event_llm-only_r02_a01,69,static-069,1794.8697499814443,11.569000000049778,11.532959004398435,11.826037403079681,12.353076718281955,12.514958012616262,15.109375002793968,128
A,2,static_contention_baseline_A_event_llm-only_r02_a01,70,static-070,1795.7372090022545,11.567685692836934,11.531208001542836,11.79156690777745,12.428893580217846,12.511166976764798,14.997749996837229,128
A,2,static_contention_baseline_A_event_llm-only_r02_a01,71,static-071,1793.5750409960747,11.564522315005544,11.528041999554262,11.873546105925923,12.336098161176777,12.446500011719763,15.054540999699384,128
A,2,static_contention_baseline_A_event_llm-only_r02_a01,72,static-072,1794.916667015059,11.5688215195491,11.540167004568502,11.778529494768007,12.264946830109691,12.409499991917983,15.048750006826594,128
A,2,static_contention_baseline_A_event_llm-only_r02_a01,73,static-073,1795.5415830074344,11.549073165350439,11.524417001055554,11.737112599075772,12.179961435031144,12.316792010096833,15.128875005757436,128
A,2,static_contention_baseline_A_event_llm-only_r02_a01,74,static-074,1795.3532499959692,11.694221456689158,11.54679199680686,12.526316186995244,13.428952832473442,14.490708010271192,15.056500007631257,128
A,2,static_contention_baseline_A_event_llm-only_r02_a01,75,static-075,1813.8886250089854,11.586075133733877,11.561416002223268,11.829950212268159,12.25744542432949,12.316249980358407,15.278500010026619,128
A,2,static_contention_baseline_A_event_llm-only_r02_a01,76,static-076,1793.2001250155736,11.595254921167356,11.546291003469378,11.933950003003702,12.488484668429008,12.559083988890052,15.065125015098602,128
A,2,static_contention_baseline_A_event_llm-only_r02_a01,77,static-077,1795.4750419885386,11.55681332287298,11.527791008120403,11.801953709800728,12.167730893706901,12.489500019000843,14.993582997703925,128
A,2,static_contention_baseline_A_event_llm-only_r02_a01,78,static-078,1793.6769579828251,11.58492092921318,11.542208987521008,11.843187487102114,12.357880158233456,12.37858401145786,15.117582981474698,128
A,2,static_contention_baseline_A_event_llm-only_r02_a01,79,static-079,1794.1779169777874,11.600851047395428,11.561291990801692,11.990878600045104,12.453160414588638,12.53745798021555,15.015541983302683,128
A,2,static_contention_baseline_A_event_llm-only_r02_a01,80,static-080,1794.3081670091487,11.544487527553285,11.53483398957178,11.627287708688527,11.839756579720415,12.141667015384883,15.106209000805393,128
A,2,static_contention_baseline_A_event_llm-only_r02_a01,81,static-081,1792.6144580123946,11.545031173127212,11.530791991390288,11.670737390522845,11.883649998926558,12.265459023183212,15.151416009757668,128
A,2,static_contention_baseline_A_event_llm-only_r02_a01,82,static-082,1793.6305000039283,11.577205055055948,11.543166998308152,11.791941314004362,12.497944410424678,12.625625007785857,15.067000000271946,128
A,2,static_contention_baseline_A_event_llm-only_r02_a01,83,static-083,1796.0107079998124,11.57278511017803,11.535666009876877,11.781703706947155,12.442597498302348,12.568833015393466,15.395916008856148,128
A,2,static_contention_baseline_A_event_llm-only_r02_a01,84,static-084,1791.9670839910395,11.558034118103581,11.540250008692965,11.707803601166233,12.328121998580173,12.444457999663427,15.404917008709162,128
A,2,static_contention_baseline_A_event_llm-only_r02_a01,85,static-085,1792.4002500076313,11.540207015689624,11.520874977577478,11.736412500613369,12.123541560140437,12.30433298042044,15.036958997370675,128
A,2,static_contention_baseline_A_event_llm-only_r02_a01,86,static-086,1793.6247090110555,11.556434377938084,11.523041990585625,11.750804394250736,12.366292495280504,12.414500000886619,15.094166999915615,128
A,2,static_contention_baseline_A_event_llm-only_r02_a01,87,static-087,1793.0712910019793,11.574170275593147,11.537457990925759,11.887132981792092,12.398782341042534,12.46829199953936,14.98874998651445,128
A,2,static_contention_baseline_A_event_llm-only_r02_a01,88,static-088,1792.2875829972327,11.545125661348177,11.526749993208796,11.704817003919743,11.940263566793874,12.231250002514571,15.02629101742059,128
A,2,static_contention_baseline_A_event_llm-only_r02_a01,89,static-089,1792.8910000191536,11.55230970860745,11.51945799938403,11.810537593555637,12.120469090295954,12.28791699395515,15.091334003955126,128
A,2,static_contention_baseline_A_event_llm-only_r02_a01,90,static-090,1791.794332995778,11.56302722831858,11.530582996783778,11.797004390973596,12.203598488122223,12.366500013740733,14.957667008275166,128
A,2,static_contention_baseline_A_event_llm-only_r02_a01,91,static-091,1792.4766249780077,11.565745740351597,11.527833004947752,11.895958095556125,12.264795906376094,12.498625001171604,14.968540985137224,128
A,2,static_contention_baseline_A_event_llm-only_r02_a01,92,static-092,1794.3575830140617,11.55129363774102,11.52175001334399,11.824225093005225,12.179554862086661,12.270500010345131,15.063208003994077,128
A,2,static_contention_baseline_A_event_llm-only_r02_a01,93,static-093,1809.1441669967026,11.773042653514967,11.617290991125628,13.142225012416018,13.579339988646097,13.781249988824129,15.266000002156943,128
A,2,static_contention_baseline_A_event_llm-only_r02_a01,94,static-094,1791.7715840158053,13.081153866185947,13.835958001436666,15.03025000274647,15.184471852844581,15.53958299336955,14.977334009017795,128
A,2,static_contention_baseline_A_event_llm-only_r02_a01,95,static-095,1790.175458008889,11.56349803135899,11.52245799312368,11.781254498055205,12.419291858095676,12.541665986645967,15.189375000772998,128
A,2,static_contention_baseline_A_event_llm-only_r02_a01,96,static-096,1790.7765840063803,11.562165677250459,11.530749994562939,11.749533118563702,12.311700920108706,12.432666000677273,15.09599998826161,128
A,2,static_contention_baseline_A_event_llm-only_r02_a01,97,static-097,1791.8080000090413,11.559280511871801,11.52545801596716,11.734129406977445,12.296408755937591,12.562208023155108,15.090790984686464,128
A,2,static_contention_baseline_A_event_llm-only_r02_a01,98,static-098,1791.988124983618,11.531087598537908,11.51108299382031,11.720070501905866,12.21063949225936,12.267415993846953,15.122916986001655,128
A,2,static_contention_baseline_A_event_llm-only_r02_a01,99,static-099,1791.4031659893226,11.558924874063493,11.526457994477823,11.823312391061334,12.247422341024503,12.329290999332443,15.093207999598235,128
A,2,static_contention_baseline_A_event_llm-only_r02_a01,100,static-100,1791.2055830238387,11.556493440839118,11.526624992256984,11.738737314590253,12.284565760637632,12.499499978730455,15.018750011222437,128
A,2,static_contention_baseline_A_event_llm-only_r02_a01,101,static-101,1790.708624990657,11.556118110279135,11.517415987327695,11.849337691091932,12.29240749264136,12.393334007356316,15.094458998646587,128
A,2,static_contention_baseline_A_event_llm-only_r02_a01,102,static-102,1791.6423749993555,11.553476708501167,11.525167006766424,11.75762918719556,12.436996836331673,12.510583008406684,14.983916014898568,128
A,2,static_contention_baseline_A_event_llm-only_r02_a01,103,static-103,1791.436707979301,11.54646817338103,11.525333015015349,11.665404407540336,11.839464493677951,12.465332983992994,15.003207983681932,128
A,2,static_contention_baseline_A_event_llm-only_r02_a01,104,static-104,1793.0231250065845,11.578147637833819,11.523458000738174,11.88964570465032,12.467427663505076,12.553042004583403,15.01416601240635,128
A,2,static_contention_baseline_A_event_llm-only_r02_a01,105,static-105,1790.8047499950044,11.55578018112042,11.521915992489085,11.757699892041272,12.257104832096957,12.398416991345584,15.104874997632578,128
A,2,static_contention_baseline_A_event_llm-only_r02_a01,106,static-106,1790.4575830034446,11.56851082676325,11.534541990840808,11.653445707634091,12.451704830746166,12.550749990623444,15.088499989360571,128
A,2,static_contention_baseline_A_event_llm-only_r02_a01,107,static-107,1790.7644999795593,11.565985889806537,11.541500018211082,11.676353690563701,11.96125392394606,12.374499987345189,15.069832996232435,128
A,2,static_contention_baseline_A_event_llm-only_r02_a01,108,static-108,1792.0136250031646,11.569084322784008,11.532333999639377,11.877012602053581,12.369879340985788,12.54733299720101,15.344125014962628,128
A,2,static_contention_baseline_A_event_llm-only_r02_a01,109,static-109,1790.2115840115584,11.562740480422782,11.521249980432913,11.903062494820912,12.326046081725508,12.389999988954514,15.058916993439198,128
A,2,static_contention_baseline_A_event_llm-only_r02_a01,110,static-110,1792.3407499911264,11.54629855121552,11.517291975906119,11.644767003599554,12.303157496498898,12.357166007859632,15.750166989164427,128
A,2,static_contention_baseline_A_event_llm-only_r02_a01,111,static-111,1791.3002090062946,11.953944220495462,11.68416699510999,13.490820597507991,13.890519822016358,14.76179200108163,15.003542008344084,128
A,2,static_contention_baseline_A_event_llm-only_r02_a01,112,static-112,1794.4914999825414,11.598271000158688,11.546374997124076,12.188337504630905,12.487067494657822,12.575792003190145,15.328040986787528,128
A,2,static_contention_baseline_A_event_llm-only_r02_a01,113,static-113,1793.107459001476,11.564564299228872,11.538125021615997,11.741583704133518,12.291988922515884,12.335458013694733,15.675750008085743,128
A,2,static_contention_baseline_A_event_llm-only_r02_a01,114,static-114,1791.1104160011746,11.562062669169583,11.525417008670047,11.677616988890804,12.285696281469427,12.368665979010984,15.096666000317782,128
A,2,static_contention_baseline_A_event_llm-only_r02_a01,115,static-115,1791.0095840052236,11.571500322728337,11.533832992427051,11.870267018093728,12.157452081446536,12.534290988696739,15.18741701147519,128
A,2,static_contention_baseline_A_event_llm-only_r02_a01,116,static-116,1792.0882499893196,11.559923228259587,11.5249170048628,11.838066900963895,12.321910579339601,12.455708027118817,15.010915987659246,128
A,2,static_contention_baseline_A_event_llm-only_r02_a01,117,static-117,1790.1547500223387,11.538180117917019,11.520917003508657,11.814454413251948,12.011448272387497,12.446915992768481,14.974125020671636,128
A,2,static_contention_baseline_A_event_llm-only_r02_a01,118,static-118,1791.2974579958245,11.555611220551434,11.536333011463284,11.677208699984476,12.230217502801677,12.350416014669463,15.152750012930483,128
A,2,static_contention_baseline_A_event_llm-only_r02_a01,119,static-119,1792.7437920006923,11.558220472221636,11.527540977112949,11.722945593646726,12.082825154066086,12.59129200479947,15.593834017636254,128
A,2,static_contention_baseline_A_event_llm-only_r02_a01,120,static-120,1790.540208981838,11.585327425163136,11.536459001945332,12.01701628451701,12.359859429998323,12.410583993187174,15.16629199613817,128
A,2,static_contention_baseline_A_event_llm-only_r02_a01,121,static-121,1792.7978750085458,11.540254267706265,11.522458982653916,11.642041892628185,12.112092672032302,12.275040993699804,15.481583017390221,128
A,2,static_contention_baseline_A_event_llm-only_r02_a01,122,static-122,1792.9322079871781,11.560789700854189,11.534125020261854,11.794462290708907,12.180939090903848,12.256625021109357,15.036124998005107,128
A,2,static_contention_baseline_A_event_llm-only_r02_a01,123,static-123,1792.3192080052104,11.55577329932492,11.528791976161301,11.739620799198747,12.127294498495758,12.173666007583961,15.040250000311062,128
A,2,static_contention_baseline_A_event_llm-only_r02_a01,124,static-124,1792.5044579897076,11.555202102506767,11.522207991220057,11.775578695232978,12.309323590015993,12.601666996488348,15.161749994149432,128
A,2,static_contention_baseline_A_event_llm-only_r02_a01,125,static-125,1791.813124989858,11.541235567057711,11.502417008159682,11.816379605443215,12.2635292384075,12.549667007988319,15.164249984081835,128
A,2,static_contention_baseline_A_event_llm-only_r02_a01,126,static-126,1791.593957983423,11.548115157542428,11.51666700025089,11.83194200566504,12.260141405859029,12.686082976870239,14.985874993726611,128
A,2,static_contention_baseline_A_event_llm-only_r02_a01,127,static-127,1791.4702910056803,11.57110433074037,11.536541016539559,11.742974881781265,12.329605008126236,12.585500022396445,15.096625022124499,128
A,2,static_contention_baseline_A_event_llm-only_r02_a01,128,static-128,1791.3695000170264,11.539106299196861,11.519665975356475,11.67173309950158,11.931484647211619,12.4464170075953,15.086333005456254,128
A,2,static_contention_baseline_A_event_llm-only_r02_a01,129,static-129,1791.5292080142535,11.62963188972918,11.514042009366676,12.38591249566525,13.093326982925644,13.438833993859589,15.08083299268037,128
A,2,static_contention_baseline_A_event_llm-only_r02_a01,130,static-130,1809.7792920016218,11.570292645533694,11.543417000211775,11.895245595951563,12.212686848361043,12.278250011149794,15.123417018912733,128
A,2,static_contention_baseline_A_event_llm-only_r02_a01,131,static-131,1792.2901250130963,11.547598747883036,11.52545801596716,11.67761260876432,12.134974254295228,12.301042006583884,15.164959011599422,128
A,2,static_contention_baseline_A_event_llm-only_r02_a01,132,static-132,1791.56170799979,11.567586614231498,11.52695799828507,11.830912600271404,12.380071903462522,12.539749994175509,15.2249580132775,128
A,2,static_contention_baseline_A_event_llm-only_r02_a01,133,static-133,1790.7191249832977,11.552329401588288,11.522583983605728,11.704599906806834,12.21792500349693,12.499709002440795,15.160249982727692,128
A,2,static_contention_baseline_A_event_llm-only_r02_a01,134,static-134,1792.776957998285,11.570614503878058,11.542833992280066,11.829958099406213,12.23116708744783,12.248957995325327,15.725999983260408,128
A,2,static_contention_baseline_A_event_llm-only_r02_a01,135,static-135,1791.4144159876741,11.548685700784796,11.522291984874755,11.685687402496114,12.304829578497447,12.559875001898035,15.12891601305455,128
A,2,static_contention_baseline_A_event_llm-only_r02_a01,136,static-136,1791.3243339862674,11.5420524882039,11.514166981214657,11.684875100036152,12.250727670034392,12.574459018651396,15.859917009947821,128
A,2,static_contention_baseline_A_event_llm-only_r02_a01,137,static-137,1793.0480419890955,11.538513448899685,11.508499999763444,11.666791295283474,12.181700918008573,12.353833997622132,15.145999990636483,128
A,2,static_contention_baseline_A_event_llm-only_r02_a01,138,static-138,1790.0219589937478,11.595416661465585,11.550625000381842,11.974091714364477,12.524316264898516,12.536374997580424,14.992334006819874,128
A,2,static_contention_baseline_A_event_llm-only_r02_a01,139,static-139,1791.3022080028895,11.54219980308544,11.515583988511935,11.664491792907938,12.204002506914547,12.542332988232374,15.121167001780123,128
A,2,static_contention_baseline_A_event_llm-only_r02_a01,140,static-140,1791.966083983425,11.541190944927356,11.518375016748905,11.72207880881615,11.941736988374032,12.309250014368445,15.053833980346099,128
A,2,static_contention_baseline_A_event_llm-only_r02_a01,141,static-141,1792.3100829939358,11.572971456733672,11.535666999407113,11.786267012939788,12.474792484426871,12.568042002385482,15.054415998747572,128
A,2,static_contention_baseline_A_event_llm-only_r02_a01,142,static-142,1792.9267919971608,11.562401244112504,11.538999999174848,11.713391201919876,12.137841087533161,12.546209007268772,15.764542011311278,128
A,2,static_contention_baseline_A_event_llm-only_r02_a01,143,static-143,1792.2617919975892,11.55642618119944,11.516875005327165,11.792896193219349,12.380036269896664,12.518958013970405,15.217292006127536,128
A,2,static_contention_baseline_A_event_llm-only_r02_a01,144,static-144,1791.0363750124816,11.560232614123034,11.528833012562245,11.74681258853525,12.085512157646008,12.622207985259593,15.100750024430454,128
A,2,static_contention_baseline_A_event_llm-only_r02_a01,145,static-145,1791.8754580023233,11.593672244096409,11.546333989826962,11.905825100257061,12.460950594395399,12.505958002293482,14.96683299774304,128
A,2,static_contention_baseline_A_event_llm-only_r02_a01,146,static-146,1793.0810420075431,11.564347110175358,11.526208982104436,11.808116795145907,12.326054985169321,12.536291003925726,15.033750009024516,128
A,2,static_contention_baseline_A_event_llm-only_r02_a01,147,static-147,1791.5492499887478,11.547908133975648,11.528417002409697,11.689299897989258,12.025518139707856,12.472166999941692,15.074291994096711,128
A,2,static_contention_baseline_A_event_llm-only_r02_a01,148,static-148,1809.9376670143101,11.793414039370479,11.63725001970306,12.805120809935033,13.443733572494239,13.638666016049683,15.445084020029753,128
A,2,static_contention_baseline_A_event_llm-only_r02_a01,149,static-149,1791.6053340013605,11.57966469287117,11.538291000761092,11.851671096519567,12.406976583297364,12.47725001303479,15.045042004203424,128
A,2,static_contention_baseline_A_event_llm-only_r02_a01,150,static-150,1792.3085420043208,11.553918960683898,11.525915993843228,11.716225009877235,12.176427000085823,12.301750015467405,15.045042004203424,128
A,2,static_contention_baseline_A_event_llm-only_r02_a01,151,static-151,1792.5948749762028,11.580011480365052,11.547833011718467,11.699924990534782,12.366882317001,12.504290993092582,14.994666998973116,128
A,2,static_contention_baseline_A_event_llm-only_r02_a01,152,static-152,1791.7308330070227,11.574968180938177,11.535500001627952,11.820641806116326,12.457529829698615,12.529874977190048,14.928791002603248,128
A,2,static_contention_baseline_A_event_llm-only_r02_a01,153,static-153,1791.81654099375,11.591178811004928,11.547292000614107,11.938371387077495,12.485558280604891,12.545250006951392,15.08162499521859,128
A,2,static_contention_baseline_A_event_llm-only_r02_a01,154,static-154,1794.3581670115236,11.558145669419098,11.531791999004781,11.809641905711032,12.094370913109742,12.497040996095166,15.1034579903353,128
A,2,static_contention_baseline_A_event_llm-only_r02_a01,155,static-155,1789.8998750024475,11.56163779518193,11.5368329861667,11.683349989471026,12.285350658930835,12.536208989331499,15.069999994011596,128
A,2,static_contention_baseline_A_event_llm-only_r02_a01,156,static-156,1791.9785839912947,11.564619094637537,11.53558399528265,11.732395511353388,12.30694316094741,12.518167000962421,15.124583995202556,128
A,2,static_contention_baseline_A_event_llm-only_r02_a01,157,static-157,1791.981125017628,11.555313976256059,11.530499992659315,11.830712418304756,11.966324492241256,12.139083002693951,15.085249993717298,128
A,2,static_contention_baseline_A_event_llm-only_r02_a01,158,static-158,1792.5960840075277,11.59443208667281,11.544290988240391,11.991396200028246,12.509341912227683,12.550707993796095,15.25308401323855,128
A,2,static_contention_baseline_A_event_llm-only_r02_a01,159,static-159,1791.4119170163758,11.55693307092714,11.52341699344106,11.80962938524317,12.20834075647872,12.426333996700123,15.15641700825654,128
A,2,static_contention_baseline_A_event_llm-only_r02_a01,160,static-160,1791.5449160209391,11.56242159043996,11.52733399067074,11.806028595310636,12.203105161897836,12.388667004415765,15.07100000162609,128
A,2,static_contention_baseline_A_event_llm-only_r02_a01,161,static-161,1792.7011660067365,11.57088550385161,11.534999997820705,11.799757901462726,12.437886073021218,12.56570898112841,15.101750002941117,128
A,2,static_contention_baseline_A_event_llm-only_r02_a01,162,static-162,1791.6283330123406,11.556528212583265,11.52791699860245,11.704999982612208,12.381751578650437,12.444624997442588,14.957667008275166,128
A,2,static_contention_baseline_A_event_llm-only_r02_a01,163,static-163,1791.5609999909066,11.54125918905566,11.506499984534457,11.693721383926459,12.181515336269513,12.261083000339568,15.09974998771213,128
A,2,static_contention_baseline_A_event_llm-only_r02_a01,164,static-164,1792.1998749952763,11.584380574892899,11.559124977793545,11.859366702265106,12.246535521117039,12.409167014993727,15.026791981654242,128
A,2,static_contention_baseline_A_event_llm-only_r02_a01,165,static-165,1791.9182499754243,11.573004921326252,11.530834017321467,12.032658007228745,12.291133594117127,12.325249990681186,15.025417000288144,128
A,2,static_contention_baseline_A_event_llm-only_r02_a01,166,static-166,1793.6434170114808,11.867410102290812,11.663875018712133,13.125791811035013,13.832163757761009,13.991541985888034,15.387749997898936,128
A,2,static_contention_baseline_A_event_llm-only_r02_a01,167,static-167,1796.392582997214,11.582828086514876,11.545459012268111,11.743583687348291,12.375139071373269,12.429708003764972,14.921833004336804,128
A,2,static_contention_baseline_A_event_llm-only_r02_a01,168,static-168,1791.7456660070457,11.567299212530754,11.544750013854355,11.8114873097511,12.144340425147675,12.18904199777171,15.077791002113372,128
A,2,static_contention_baseline_A_event_llm-only_r02_a01,169,static-169,1792.521041992586,11.562925850510538,11.532500007888302,11.83022499026265,12.122662983019836,12.313292012549937,15.052417002152652,128
A,2,static_contention_baseline_A_event_llm-only_r02_a01,170,static-170,1793.0634160002228,11.550263456787592,11.533958022482693,11.690454391646199,11.927927511860617,12.030874990159646,15.217957989079878,128
A,2,static_contention_baseline_A_event_llm-only_r02_a01,171,static-171,1792.3117080063093,11.570202102371322,11.533957993378863,11.78241260931827,12.25596627627965,12.550709012430161,15.017416997579858,128
A,2,static_contention_baseline_A_event_llm-only_r02_a01,172,static-172,1791.9913330115378,11.574741803094978,11.53537500067614,11.862674794974737,12.281581914285198,12.545667006634176,15.013249998446554,128
A,2,static_contention_baseline_A_event_llm-only_r02_a01,173,static-173,1793.1955000094604,12.749259181157502,11.875124997459352,14.785932921222411,15.018225015955977,15.394999994896352,15.023459010990337,128
A,2,static_contention_baseline_A_event_llm-only_r02_a01,174,static-174,1790.80350001459,11.570029196743743,11.529708019224927,11.826724896673111,12.458813934354112,12.608707998879254,15.151958010392264,128
A,2,static_contention_baseline_A_event_llm-only_r02_a01,175,static-175,1790.562208974734,11.627593173280607,11.54887501616031,12.399820692371577,12.544471079600044,12.575750006362796,15.204583993181586,128
A,2,static_contention_baseline_A_event_llm-only_r02_a01,176,static-176,1790.6063749978784,11.575397637747889,11.543000000528991,11.698262597201392,12.459908427554183,12.61000000522472,14.98649999848567,128
A,2,static_contention_baseline_A_event_llm-only_r02_a01,177,static-177,1791.6756250197068,11.553053480140337,11.532083008205518,11.619591689668596,12.205862179398535,12.491250003222376,15.05904202349484,128
A,2,static_contention_baseline_A_event_llm-only_r02_a01,178,static-178,1792.4007920082659,11.590008858103657,11.56229100888595,11.730396293569356,12.262664671288803,12.455749994842336,15.686958009609953,128
A,2,static_contention_baseline_A_event_llm-only_r02_a01,179,static-179,1790.9980829863343,11.561610236375293,11.53141600661911,11.832012404920532,12.343328003771601,12.49612498213537,15.057416982017457,128
A,2,static_contention_baseline_A_event_llm-only_r02_a01,180,static-180,1790.46816698974,11.54673195285466,11.525374982738867,11.753924895310773,12.041850324603727,12.531874992419034,15.237207990139723,128
A,2,static_contention_baseline_A_event_llm-only_r02_a01,181,static-181,1791.7576249747071,11.54874540167846,11.509208008646965,11.885958907078018,12.351244655437768,12.501291988883168,15.011083974968642,128
A,2,static_contention_baseline_A_event_llm-only_r02_a01,182,static-182,1793.5787909955252,11.550629598328726,11.519082996528596,11.709571204846725,12.235951910261065,12.499250005930662,14.99470800627023,128
A,2,static_contention_baseline_A_event_llm-only_r02_a01,183,static-183,1791.7769170016982,11.560250653685474,11.523374996613711,11.886070499895139,12.365330001339316,12.534167006378993,15.229584008920938,128
A,2,static_contention_baseline_A_event_llm-only_r02_a01,184,static-184,1791.5714580158237,11.570538054990369,11.525958980200812,11.925400095060468,12.479028580128215,12.572375009767711,15.02420799806714,128
A,2,static_contention_baseline_A_event_llm-only_r02_a01,185,static-185,1814.0265420079231,11.575617126004008,11.536667007021606,11.845683809951879,12.314054510206915,12.49245900544338,15.24762500775978,128
A,2,static_contention_baseline_A_event_llm-only_r02_a01,186,static-186,1791.8663750169799,11.586163385714382,11.550249997526407,11.895154407829978,12.334353994228877,12.427000008756295,15.079917007824406,128
A,2,static_contention_baseline_A_event_llm-only_r02_a01,187,static-187,1792.3706659930758,11.560980645815043,11.518915998749435,11.868225006037392,12.40179659158457,12.446917011402547,15.099915995961055,128
A,2,static_contention_baseline_A_event_llm-only_r02_a01,188,static-188,1793.1753750017378,11.579956031380602,11.544124979991466,11.686129213194363,12.474875775515102,12.626959010958672,15.180624992353842,128
A,2,static_contention_baseline_A_event_llm-only_r02_a01,189,static-189,1791.2986250012182,11.569826118006393,11.539624974830076,11.837624802137725,12.339149347390048,12.475541996536776,15.038250014185905,128
A,2,static_contention_baseline_A_event_llm-only_r02_a01,190,static-190,1791.97620798368,11.558642385868488,11.530082992976531,11.816628900123758,12.279054084210657,12.441791972378269,15.05224997526966,128
A,2,static_contention_baseline_A_event_llm-only_r02_a01,191,static-191,1793.2503749907482,11.564252291270716,11.540917010279372,11.699741095071658,12.379193426459095,12.51933298772201,15.054209012305364,128
A,2,static_contention_baseline_A_event_llm-only_r02_a01,192,static-192,1791.7091670096852,11.556640094353297,11.533084005350247,11.66070390609093,12.076804842799902,12.466165993828326,15.27716702548787,128
A,2,static_contention_baseline_A_event_llm-only_r02_a01,193,static-193,1791.9973749958444,11.559154196893504,11.536916019394994,11.807621299521996,11.930401721037924,12.369458010653034,15.075332979904488,128
A,2,static_contention_baseline_A_event_llm-only_r02_a01,194,static-194,1793.043542013038,12.509316275644256,11.599249992286786,14.590354490792379,15.143480497063138,15.18033299362287,15.65679200575687,128
A,2,static_contention_baseline_A_event_llm-only_r02_a01,195,static-195,1791.9253330037463,11.547318897595057,11.52850000653416,11.727833794429898,11.960394662455656,12.465541978599504,15.140625007916242,128
A,2,static_contention_baseline_A_event_llm-only_r02_a01,196,static-196,1791.0932920058258,11.548326441039162,11.511666991282254,11.695562503882684,12.262205496081151,12.547666992759332,14.985291985794902,128
A,2,static_contention_baseline_A_event_llm-only_r02_a01,197,static-197,1791.895791015122,11.579360236096614,11.536792007973418,11.856000192346983,12.468011409509927,12.630000011995435,15.20145800895989,128
A,2,static_contention_baseline_A_event_llm-only_r02_a01,198,static-198,1791.4667500008363,11.537187007910344,11.515291000250727,11.674162701820023,12.090197142097168,12.27091599139385,15.444332995684817,128
A,2,static_contention_baseline_A_event_llm-only_r02_a01,199,static-199,1792.753082991112,11.547450464783514,11.53537500067614,11.673725000582635,11.935843072715215,12.536750000435859,15.784582996275276,128
A,2,static_contention_baseline_A_event_llm-only_r02_a01,200,static-200,1793.220958992606,11.5674934331621,11.530041985679418,11.991375000798143,12.228518749470823,12.428749992977828,15.113791974727064,128
A,2,static_contention_baseline_A_event_llm-only_r02_a01,201,static-201,1790.9340420155786,11.553065614145996,11.534542019944638,11.675191397080198,12.048796422313899,12.390749994665384,15.184542018687353,128
A,2,static_contention_baseline_A_event_llm-only_r02_a01,202,static-202,1793.6385000066366,11.54716043296732,11.523166991537437,11.654004486626945,12.237978748744352,12.401541986037046,15.130832995055243,128
A,2,static_contention_baseline_A_event_llm-only_r02_a01,203,static-203,1820.2869170054328,11.875295929068068,11.670249979943037,13.048662393703124,14.042198091628961,14.56312500522472,16.20708400150761,128
A,2,static_contention_baseline_A_event_llm-only_r02_a01,204,static-204,1791.1722919961903,11.580562338647322,11.529542010976002,12.038066296372559,12.407025758875534,12.514625006588176,15.034292009659111,128
A,2,static_contention_baseline_A_event_llm-only_r02_a01,205,static-205,1791.2654590036254,11.595103346585026,11.551500007044524,11.905817111255601,12.398179226438515,12.482916994486004,15.005666995421052,128
A,2,static_contention_baseline_A_event_llm-only_r02_a01,206,static-206,1792.383665975649,11.550648622150629,11.51945799938403,11.654404480941594,12.327464669360777,12.587417004397139,15.033749979920685,128
A,2,static_contention_baseline_A_event_llm-only_r02_a01,207,static-207,1792.868707998423,11.559315614070465,11.518624989548698,11.736779601778835,12.41462734004017,12.481542013119906,15.001207997556776,128
A,2,static_contention_baseline_A_event_llm-only_r02_a01,208,static-208,1790.9881660016254,11.578899937018194,11.539458995684981,11.741662482381798,12.468074091593735,12.51279201824218,15.07862500147894,128
A,2,static_contention_baseline_A_event_llm-only_r02_a01,209,static-209,1791.2620840070304,11.553062330683927,11.528542003361508,11.671025108080357,12.385938162915407,12.470999994548038,15.034541982458904,128
A,2,static_contention_baseline_A_event_llm-only_r02_a01,210,static-210,1792.5420830142684,11.567137472461688,11.548874987056479,11.689317083801143,12.41685032728128,12.502333003794774,15.049625013489276,128
A,2,static_contention_baseline_A_event_llm-only_r02_a01,211,static-211,1791.7658330115955,11.546874015755204,11.525999987497926,11.820667106076142,12.006348167196847,12.130375020205975,15.089249995071441,128
A,2,static_contention_baseline_A_event_llm-only_r02_a01,212,static-212,1792.8871659969445,11.575835960684344,11.534082994330674,11.871929507469758,12.306893162894994,12.398874998325482,15.142832999117672,128
A,2,static_contention_baseline_A_event_llm-only_r02_a01,213,static-213,1792.00770900934,11.559517385885412,11.53404198703356,11.716887602233328,12.299028770066798,12.512540997704491,15.100916993105784,128
A,2,static_contention_baseline_A_event_llm-only_r02_a01,214,static-214,1792.6621249935124,11.547127622179687,11.529542010976002,11.659945591236465,11.886342338984832,12.462249986128882,15.146624995395541,128
A,2,static_contention_baseline_A_event_llm-only_r02_a01,215,static-215,1790.867374977097,11.574112204743153,11.540083010913804,11.820549808908252,12.444144580513239,12.477541982661933,15.32462498289533,128
A,2,static_contention_baseline_A_event_llm-only_r02_a01,216,static-216,1793.0928329878952,11.56548293711669,11.522958986461163,11.862845683936028,12.446563913254067,12.524124991614372,15.255582984536886,128
A,2,static_contention_baseline_A_event_llm-only_r02_a01,217,static-217,1792.6129169936758,11.55907709443003,11.525084002641961,11.706362600671127,12.244452928425744,12.293125008000061,15.10200000484474,128
A,2,static_contention_baseline_A_event_llm-only_r02_a01,218,static-218,1792.2895410156343,11.598588913215295,11.548499984201044,12.000617006560788,12.405838000122458,12.539415998617187,14.997207996202633,128
A,2,static_contention_baseline_A_event_llm-only_r02_a01,219,static-219,1792.709041008493,11.558208338674305,11.527624999871477,11.774403901654294,12.128787082037888,12.239874980878085,15.041749982628971,128
A,2,static_contention_baseline_A_event_llm-only_r02_a01,220,static-220,1791.4779580023605,11.581456692940666,11.549416987691075,11.808191912132314,12.407744585652836,12.475333001930267,15.10499999858439,128
A,2,static_contention_baseline_A_event_llm-only_r02_a01,221,static-221,1792.4448330013547,11.871545606267118,11.685375007800758,13.149858693941496,13.716591730481014,14.640167006291449,15.182083006948233,128
A,2,static_contention_baseline_A_event_llm-only_r02_a01,222,static-222,1797.0276249980088,11.459544944983914,11.476334009785205,11.702737503219396,12.17242559418082,12.469207984395325,14.919207984348759,128
A,2,static_contention_baseline_A_event_llm-only_r02_a01,223,static-223,1793.0054999887943,11.5525721733671,11.519708001287654,11.768416810082272,12.453240568283945,12.564083008328453,15.06220898590982,128
A,2,static_contention_baseline_A_event_llm-only_r02_a01,224,static-224,1793.4809580037836,11.562141732360406,11.529499985044822,11.826229500002226,12.496059989207424,12.57858402095735,14.981540996814147,128
A,2,static_contention_baseline_A_event_llm-only_r02_a01,225,static-225,1793.997707980452,11.548203409522934,11.531708005350083,11.65622039407026,11.972105492604896,12.33466700068675,14.966957998694852,128
A,2,static_contention_baseline_A_event_llm-only_r02_a01,226,static-226,1792.6452080137096,11.571022637892426,11.542374995769933,11.709787519066595,12.383459994453005,12.441124999895692,15.300250001018867,128
A,2,static_contention_baseline_A_event_llm-only_r02_a01,227,static-227,1793.6832499981392,11.570410433089668,11.537915997905657,11.852058215299621,12.375875924481079,12.419834005413577,15.58425000985153,128
A,2,static_contention_baseline_A_event_llm-only_r02_a01,228,static-228,1793.3288750064094,11.550851047312195,11.53912500012666,11.682528909295797,11.948059823480435,12.201416015159339,15.542250010184944,128
A,2,static_contention_baseline_A_event_llm-only_r02_a01,229,static-229,1791.754875011975,11.561275259765804,11.532500007888302,11.746895508258604,12.343517190893179,12.528541992651299,15.003459004219621,128
A,2,static_contention_baseline_A_event_llm-only_r02_a01,230,static-230,1793.6507090053055,11.584884511842208,11.54583299648948,11.954283196246251,12.20786791993305,12.283125019166619,14.999750012066215,128
A,2,static_contention_baseline_A_event_llm-only_r02_a01,231,static-231,1794.453375012381,11.58058202360742,11.541916988790035,11.749462687293999,12.462856090860441,12.482082995120436,15.09379202616401,128
A,2,static_contention_baseline_A_event_llm-only_r02_a01,232,static-232,1792.202750017168,11.564949149491383,11.538124992512167,11.732441090862267,12.312917991657741,12.548416998470202,15.128125000046566,128
A,2,static_contention_baseline_A_event_llm-only_r02_a01,233,static-233,1793.6416669981554,11.59948917329458,11.552667012438178,11.854416705318727,12.403496090555564,12.483500002417713,15.010708011686802,128
A,2,static_contention_baseline_A_event_llm-only_r02_a01,234,static-234,1792.299416003516,11.570170936981349,11.532500007888302,11.731204210082069,12.45081857603509,12.514124973677099,15.164250013185665,128
A,2,static_contention_baseline_A_event_llm-only_r02_a01,235,static-235,1792.84574999474,11.5769816219704,11.53558399528265,11.808570392895488,12.466151588596404,12.497792020440102,15.10366701404564,128
A,2,static_contention_baseline_A_event_llm-only_r02_a01,236,static-236,1792.913834011415,11.54209481113165,11.52320799883455,11.653641200973652,12.270768421585672,12.498458992922679,14.954749989556149,128
A,2,static_contention_baseline_A_event_llm-only_r02_a01,237,static-237,1793.43729102402,11.58319225976625,11.557791993254796,11.677321200841106,12.385936246137135,12.487500003771856,15.054208022775128,128
A,2,static_contention_baseline_A_event_llm-only_r02_a01,238,static-238,1791.7215000197757,11.586944881769806,11.55275001656264,11.905087388004175,12.331787821603937,12.537207978311926,15.129209001315758,128
A,2,static_contention_baseline_A_event_llm-only_r02_a01,239,static-239,1794.3601250008214,11.548845141651256,11.531832977198064,11.64840869314503,12.062992074643262,12.27258300059475,15.053417009767145,128
A,2,static_contention_baseline_A_event_llm-only_r02_a01,240,static-240,1819.4364579976536,11.586269685048903,11.545165994903073,11.82351250317879,12.10638107964769,12.347832991508767,15.289000002667308,128
A,2,static_contention_baseline_A_event_llm-only_r02_a01,241,static-241,1793.1827910069842,11.583883204867726,11.556292010936886,11.826741090044377,12.199659571051598,12.323332979576662,14.989249990321696,128
A,2,static_contention_baseline_A_event_llm-only_r02_a01,242,static-242,1792.9486249922775,11.571654527655282,11.532832984812558,11.812304292107001,12.508233588305302,12.63583402032964,15.031999995699152,128
A,2,static_contention_baseline_A_event_llm-only_r02_a01,243,static-243,1792.9572080029175,11.577091866134351,11.536625010194257,11.856725011602974,12.413459497620352,12.543124990770593,15.00533299986273,128
A,2,static_contention_baseline_A_event_llm-only_r02_a01,244,static-244,1794.8554579925258,11.553303149756132,11.52770800399594,11.698737496044487,12.213625431177206,12.477333017159253,15.065207990119234,128
A,2,static_contention_baseline_A_event_llm-only_r02_a01,245,static-245,1793.1455000070855,11.565773952734018,11.533083015820011,11.763650082866661,12.45459784870036,12.469540990423411,15.38354202057235,128
A,2,static_contention_baseline_A_event_llm-only_r02_a01,246,static-246,1792.1948750154115,11.573046590449055,11.526916990987957,12.078304495662449,12.381454500718974,12.53687500138767,15.010708011686802,128
A,2,static_contention_baseline_A_event_llm-only_r02_a01,247,static-247,1794.1719590162393,11.538662070703626,11.53237500693649,11.729583187843673,12.318678419105709,12.386832997435704,15.071250003529713,128
A,2,static_contention_baseline_A_event_llm-only_r02_a01,248,static-248,1793.735209008446,14.290337598383955,14.459375001024455,15.052649786230177,15.177651235717349,15.288249996956438,15.795625018654391,128
A,2,static_contention_baseline_A_event_llm-only_r02_a01,249,static-249,1790.1757909858134,11.56057677173063,11.542499996721745,11.636703799013048,12.234562669182194,12.502416997449473,15.22724999813363,128
A,2,static_contention_baseline_A_event_llm-only_r02_a01,250,static-250,1790.2372499811463,11.556224409384491,11.528708011610433,11.711074988124892,12.130292643560097,12.189375003799796,15.00183399184607,128
A,2,static_contention_baseline_A_event_llm-only_r02_a01,251,static-251,1792.1049160067923,11.57268503929239,11.538916995050386,11.78770010883454,12.482749989721924,12.577375018736348,15.256040991516784,128
A,2,static_contention_baseline_A_event_llm-only_r02_a01,252,static-252,1791.7666250141338,11.592929464614562,11.551458010217175,11.907262404565698,12.371786984149367,12.477624986786395,15.124750003451481,128
A,2,static_contention_baseline_A_event_llm-only_r02_a01,253,static-253,1792.889208998531,11.546070866220756,11.525584006449208,11.706979290465824,11.968427676474676,12.475833005737513,15.043416991829872,128
A,2,static_contention_baseline_A_event_llm-only_r02_a01,254,static-254,1793.9922499936074,11.555221456783185,11.526000016601756,11.797187599586323,12.13889627251774,12.245666002854705,15.042416984215379,128
A,2,static_contention_baseline_A_event_llm-only_r02_a01,255,static-255,1791.455375001533,11.580197180907323,11.546875000931323,11.854729216429405,12.424412157270126,12.511917011579499,15.124249999644235,128
A,2,static_contention_baseline_A_event_llm-only_r02_a01,256,static-256,1791.95066599641,11.544054464618565,11.521291016833857,11.8062876019394,12.052575307316147,12.125000008381903,15.10874999803491,128
A,2,static_contention_baseline_A_event_llm-only_r02_a01,257,static-257,1793.6148750013672,11.563927495960279,11.542332998942584,11.734099889872596,11.996463431278244,12.339624983724207,15.107500017620623,128
A,2,static_contention_baseline_A_event_llm-only_r02_a01,258,static-258,1808.9603339903988,11.791251307146213,11.64549999521114,13.019237501430325,13.70397959719412,13.912791007896885,15.189875004580244,128
A,2,static_contention_baseline_A_event_llm-only_r02_a01,259,static-259,1793.697584012989,11.579883196867826,11.55329099856317,11.778758099535478,12.191529503907077,12.401624990161508,15.168000012636185,128
A,2,static_contention_baseline_A_event_llm-only_r02_a01,260,static-260,1793.7129169877153,11.54463844901816,11.51954202214256,11.796762389712965,12.000881415442564,12.492666981415823,15.128457976970822,128
A,2,static_contention_baseline_A_event_llm-only_r02_a01,261,static-261,1793.1419999804348,11.57738418913241,11.539166007423773,11.853920490830204,12.315240917960182,12.514583009760827,14.991415984695777,128
A,2,static_contention_baseline_A_event_llm-only_r02_a01,262,static-262,1793.3746250055265,11.548502291424391,11.519624997163191,11.827845586230978,12.123112158733418,12.183584010927007,15.023084008134902,128
A,2,static_contention_baseline_A_event_llm-only_r02_a01,263,static-263,1792.6329589972738,11.559496716436689,11.53241697466001,11.822608791408129,12.309937081881797,12.488333013607189,15.152584004681557,128
A,2,static_contention_baseline_A_event_llm-only_r02_a01,264,static-264,1792.913542012684,11.543245078614495,11.515707999933511,11.787871207343414,12.148115005693397,12.340832996414974,15.02220900147222,128
A,2,static_contention_baseline_A_event_llm-only_r02_a01,265,static-265,1794.6773749717977,11.56186417325429,11.527624999871477,11.810079411952755,12.388640005374327,12.500250013545156,15.032832976430655,128
A,2,static_contention_baseline_A_event_llm-only_r02_a01,266,static-266,1793.3643750147894,11.556102031444045,11.545625020517036,11.683083095704205,12.018176100682467,12.087332986993715,15.006250003352761,128
A,2,static_contention_baseline_A_event_llm-only_r02_a01,267,static-267,1794.237834023079,11.551191929020135,11.512875003973022,11.888891286798751,12.186108415480703,12.43350000004284,15.566667017992586,128
A,2,static_contention_baseline_A_event_llm-only_r02_a01,268,static-268,1794.7864590096287,11.549317251843231,11.533499986398965,11.712616798467934,12.033984676818362,12.208166997879744,15.881500003160909,128
A,2,static_contention_baseline_A_event_llm-only_r02_a01,269,static-269,1793.912666005781,11.552937007985832,11.517750011989847,11.769466902478598,12.235505351563914,12.429249996785074,15.062666003359482,128
A,2,static_contention_baseline_A_event_llm-only_r02_a01,270,static-270,1794.660916988505,11.554912732287097,11.527791997650638,11.734528912347741,12.206381512223743,12.229749991092831,15.415166999446228,128
A,2,static_contention_baseline_A_event_llm-only_r02_a01,271,static-271,1796.2805000133812,11.546715228235364,11.524916015332565,11.64356229128316,12.250404846854508,12.28083300520666,15.594291005982086,128
A,2,static_contention_baseline_A_event_llm-only_r02_a01,272,static-272,1794.685540982755,11.55052296853969,11.518500017700717,11.75848329148721,12.083408417529427,12.454040988814086,15.569749986752868,128
A,2,static_contention_baseline_A_event_llm-only_r02_a01,273,static-273,1792.9362079885323,11.588816929060423,11.550374998478219,11.893979497835971,12.233799825189635,12.438459001714364,15.100666001671925,128
A,2,static_contention_baseline_A_event_llm-only_r02_a01,274,static-274,1795.071000000462,11.549210630074935,11.516083002788946,11.777345603331922,12.246299341204576,12.28179200552404,15.061874990351498,128
A,2,static_contention_baseline_A_event_llm-only_r02_a01,275,static-275,1792.7410420088563,11.583290023428543,11.551125004189089,11.807041798601858,12.29967692750506,12.507083010859787,15.308417001506314,128
A,2,static_contention_baseline_A_event_llm-only_r02_a01,276,static-276,1794.5293340017088,11.923437661493168,11.671290994854644,13.37484120449517,14.570668737287631,14.71712501370348,15.064292005263269,128
A,2,static_contention_baseline_A_event_llm-only_r02_a01,277,static-277,1798.0662909976672,11.549885826795839,11.52754100621678,11.73072928795591,12.241806832025757,12.415875011356547,15.136874979361892,128
A,2,static_contention_baseline_A_event_llm-only_r02_a01,278,static-278,1793.4368750138674,11.57399114174585,11.543542001163587,11.759132993756793,12.314863435458392,12.373500008834526,15.006625006208196,128
A,2,static_contention_baseline_A_event_llm-only_r02_a01,279,static-279,1795.3385839937255,11.55968700782176,11.528875009389594,11.782124906312673,12.25690859428141,12.357624975265935,15.183916984824464,128
A,2,static_contention_baseline_A_event_llm-only_r02_a01,280,static-280,1793.6270000063814,11.559458338567532,11.524125002324581,11.770033807260916,12.36824764870107,12.453458999516442,15.006333007477224,128
A,2,static_contention_baseline_A_event_llm-only_r02_a01,281,static-281,1795.1156659983099,11.56543340170976,11.525041976710781,11.759887490188703,12.277324990136549,12.510000000474975,15.33524997648783,128
A,2,static_contention_baseline_A_event_llm-only_r02_a01,282,static-282,1794.4338340021204,11.544453409384921,11.521709006046876,11.611520798760466,12.263951422064565,12.505583988968283,15.037459001177922,128
A,2,static_contention_baseline_A_event_llm-only_r02_a01,283,static-283,1794.2404999921564,11.541788055154488,11.531042022397742,11.667207887512632,11.845430164248683,12.461917009204626,15.22274999297224,128
A,2,static_contention_baseline_A_event_llm-only_r02_a01,284,static-284,1794.5337920100428,11.560336936917889,11.532792006619275,11.756842004251666,11.923535154783167,11.932833993341774,14.989209012128413,128
A,2,static_contention_baseline_A_event_llm-only_r02_a01,285,static-285,1794.8511250142474,11.57658562975327,11.528374976478517,11.964120404445566,12.459797072224319,12.539499992271885,15.050417016027495,128
A,2,static_contention_baseline_A_event_llm-only_r02_a01,286,static-286,1793.8137919991277,11.558353015877982,11.536500009242445,11.682441909215413,12.227586412918752,12.40866701118648,15.046791988424957,128
A,2,static_contention_baseline_A_event_llm-only_r02_a01,287,static-287,1794.8057090106886,11.5466794566486,11.537125014001504,11.695520696230233,11.879050505231135,11.934250011108816,15.068334003444761,128
A,2,static_contention_baseline_A_event_llm-only_r02_a01,288,static-288,1795.6143339979462,11.58809481100656,11.555584002053365,11.827670485945417,12.343084580497816,12.443874991731718,15.232959005516022,128
A,2,static_contention_baseline_A_event_llm-only_r02_a01,289,static-289,1794.0924580034334,11.578913716421514,11.530457995831966,12.031079293228686,12.44325031468179,12.465250008972362,15.037833014503121,128
A,2,static_contention_baseline_A_event_llm-only_r02_a01,290,static-290,1794.916499988176,11.573221787487663,11.541750020114705,11.869149794802068,12.381646433495916,12.415500008501112,15.088624990312383,128
A,2,static_contention_baseline_A_event_llm-only_r02_a01,291,static-291,1796.078707993729,11.558632873957537,11.533082986716181,11.729220589040779,12.200555428280495,12.512667017290369,15.090417000465095,128
A,2,static_contention_baseline_A_event_llm-only_r02_a01,292,static-292,1793.6727089982014,11.559491464455693,11.530832998687401,11.770537588745356,12.214266420342028,12.410709023242816,15.32479200977832,128
A,2,static_contention_baseline_A_event_llm-only_r02_a01,293,static-293,1795.0395000225399,11.547988188988345,11.521542008267716,11.666053690714762,12.433436074643396,12.536207999801263,15.743750002002344,128
A,2,static_contention_baseline_A_event_llm-only_r02_a01,294,static-294,1793.8125829969067,11.58466240149138,11.522415996296331,11.99896709586028,12.530894362134859,13.767374999588355,15.216166997561231,128
A,2,static_contention_baseline_A_event_llm-only_r02_a01,295,static-295,1814.3940420122817,11.581095803151362,11.541000014403835,11.827399919275194,12.299828427494504,12.548541999422014,15.081374993314967,128
A,2,static_contention_baseline_A_event_llm-only_r02_a01,296,static-296,1796.46029198193,13.962291992098958,14.064291986869648,14.992520597297698,15.083412159583531,15.114374982658774,16.002749995095655,128
A,2,static_contention_baseline_A_event_llm-only_r02_a01,297,static-297,1791.276999982074,11.563059055305079,11.535166995599866,11.717974999919534,12.331237926264293,12.385290989186615,15.107208979316056,128
A,2,static_contention_baseline_A_event_llm-only_r02_a01,298,static-298,1792.4866669927724,11.564475724585428,11.546082998393103,11.676253794576041,12.294643904315308,12.348958000075072,15.185374999418855,128
A,2,static_contention_baseline_A_event_llm-only_r02_a01,299,static-299,1793.6506250116508,11.576953086466713,11.538125021615997,11.81327879312448,12.351472483715042,12.517041992396116,15.130458021303639,128
A,3,static_contention_baseline_A_event_llm-only_r03_a01,0,static-000,1727.2044580022339,11.501788385817415,11.468374985270202,11.70143760391511,12.028767905430868,12.423666979884729,15.540124994004145,128
A,3,static_contention_baseline_A_event_llm-only_r03_a01,1,static-001,1742.3566249781288,11.513511480453724,11.476708023110405,11.815612704958765,12.163019502768293,12.303416995564476,14.925832976587117,128
A,3,static_contention_baseline_A_event_llm-only_r03_a01,2,static-002,1759.4973750237841,11.518852362192904,11.483709007734433,11.896783910924565,12.216549088479951,12.562667019665241,15.010375005658716,128
A,3,static_contention_baseline_A_event_llm-only_r03_a01,3,static-003,1771.7770839808509,11.554115157625748,11.500958004035056,11.89630371518433,12.431966430740431,12.479833007091656,14.997999998740852,128
A,3,static_contention_baseline_A_event_llm-only_r03_a01,4,static-004,1779.6540829876903,11.845843834613678,11.631208006292582,13.574262586189432,13.956873066490516,14.09675000468269,15.011874987976626,128
A,3,static_contention_baseline_A_event_llm-only_r03_a01,5,static-005,1791.4251250040252,11.560113188960978,11.527541995747015,11.747970600845292,12.519417172297835,12.561334006022662,15.019917016616091,128
A,3,static_contention_baseline_A_event_llm-only_r03_a01,6,static-006,1789.5069590013009,11.536188314780667,11.500208027428016,11.790462519275023,12.283365172916092,12.489457993069664,15.284124994650483,128
A,3,static_contention_baseline_A_event_llm-only_r03_a01,7,static-007,1792.4073330068495,11.536925527410157,11.517167004058138,11.702537495875731,11.96648015116807,12.105583009542897,15.874125005211681,128
A,3,static_contention_baseline_A_event_llm-only_r03_a01,8,static-008,1794.8933749867138,12.384744094525223,11.59366697538644,14.751021287520416,14.99776067037601,15.497334010433406,14.993791002780199,128
A,3,static_contention_baseline_A_event_llm-only_r03_a01,9,static-009,1794.336042017676,11.582848094367078,11.556166980881244,11.71075009915512,12.455173156922683,12.503000005381182,14.997042017057538,128
A,3,static_contention_baseline_A_event_llm-only_r03_a01,10,static-010,1795.0478749989998,11.591886157604433,11.547624977538362,12.033728603273628,12.457211084547453,12.497334013460204,14.958416984882206,128
A,3,static_contention_baseline_A_event_llm-only_r03_a01,11,static-011,1798.3171249798033,11.57638352771297,11.547708010766655,11.833666809252463,12.31160076917149,12.531082989880815,15.079749980941415,128
A,3,static_contention_baseline_A_event_llm-only_r03_a01,12,static-012,1798.5498750058468,11.587114503935316,11.55033300165087,11.855195712996647,12.252984994556755,12.409332994138822,15.020374994492158,128
A,3,static_contention_baseline_A_event_llm-only_r03_a01,13,static-013,1798.183999984758,11.615566598566792,11.559916980331764,11.949871396063827,12.28173732990399,12.536541995359585,15.035499993246049,128
A,3,static_contention_baseline_A_event_llm-only_r03_a01,14,static-014,1799.7932499856688,11.620300196800528,11.575500015169382,11.95433309476357,12.357804234488867,12.531333981314674,15.201083006104454,128
A,3,static_contention_baseline_A_event_llm-only_r03_a01,15,static-015,1797.21824999433,11.625849740170896,11.585667001781985,12.157274998025967,12.579993094550446,12.59745899005793,15.297000005375594,128
A,3,static_contention_baseline_A_event_llm-only_r03_a01,16,static-016,1800.9558340127114,11.651457677179156,11.593584000365809,12.273087300127372,12.539882167475298,12.588624987984076,14.91791699663736,128
A,3,static_contention_baseline_A_event_llm-only_r03_a01,17,static-017,1800.5629160034005,11.62385728345876,11.599790974287316,11.773754295427352,12.290449062129483,12.314000021433458,15.166583005338907,128
A,3,static_contention_baseline_A_event_llm-only_r03_a01,18,static-018,1799.7842080076225,11.621232283407984,11.567625013412908,12.217258012969976,12.560284832725301,12.582374998601153,15.065374987898394,128
A,3,static_contention_baseline_A_event_llm-only_r03_a01,19,static-019,1804.4892920006532,11.620419944854687,11.584666994167492,11.73123309854418,12.393280506366864,12.531999993370846,15.132500004256144,128
A,3,static_contention_baseline_A_event_llm-only_r03_a01,20,static-020,1799.3797499802895,11.637973748092488,11.610584013396874,11.816691904095933,12.308020156924611,12.472125003114343,15.031291986815631,128
A,3,static_contention_baseline_A_event_llm-only_r03_a01,21,static-021,1804.121875000419,11.63560892116117,11.600375000853091,11.951946510816924,12.368900493020192,12.409959017531946,15.10054201935418,128
A,3,static_contention_baseline_A_event_llm-only_r03_a01,22,static-022,1798.2515420007985,11.65620013374806,11.595999996643513,12.3501749971183,12.576852991478518,12.590541009558365,15.050999994855374,128
A,3,static_contention_baseline_A_event_llm-only_r03_a01,23,static-023,1830.971415998647,11.560203086568306,11.552250012755394,11.950908103608526,12.439224577974528,12.506958999438211,15.098666015546769,128
A,3,static_contention_baseline_A_event_llm-only_r03_a01,24,static-024,1800.6079580227379,11.640051842481999,11.618542019277811,12.018232885748148,12.072962082456797,12.089916999684647,15.586875000735745,128
A,3,static_contention_baseline_A_event_llm-only_r03_a01,25,static-025,1805.0531669869088,11.645020338648006,11.609791981754825,11.958429208607411,12.457096408470534,12.485540995839983,15.175874985288829,128
A,3,static_contention_baseline_A_event_llm-only_r03_a01,26,static-026,1801.1876250093337,11.643627299157185,11.60545801394619,12.139041212503795,12.398712922586128,12.46587498462759,15.13754201005213,128
A,3,static_contention_baseline_A_event_llm-only_r03_a01,27,static-027,1803.914124990115,11.640490488310558,11.59199999528937,12.205683600041084,12.339640414575115,12.360958004137501,15.010416973382235,128
A,3,static_contention_baseline_A_event_llm-only_r03_a01,28,static-028,1799.811332981335,11.629826118152105,11.61162499920465,11.789370604674332,12.144881848362274,12.509541993495077,14.972332981415093,128
A,3,static_contention_baseline_A_event_llm-only_r03_a01,29,static-029,1804.4219999865163,11.608558071009067,11.5895829803776,11.728417000267655,11.995412843534723,12.548750004498288,15.100249991519377,128
A,3,static_contention_baseline_A_event_llm-only_r03_a01,30,static-030,1801.565291971201,11.62230675603725,11.594000010518357,11.808333289809525,12.267411087523215,12.302500021178275,15.033624978968874,128
A,3,static_contention_baseline_A_event_llm-only_r03_a01,31,static-031,1801.9024590030313,11.641337598378836,11.595375020988286,11.963142000604421,12.389398931991309,12.409167014993727,15.107333980267867,128
A,3,static_contention_baseline_A_event_llm-only_r03_a01,32,static-032,1803.031416988233,11.618092188870124,11.590957990847528,11.758383203414269,12.273131589754485,12.557542009744793,15.085624996572733,128
A,3,static_contention_baseline_A_event_llm-only_r03_a01,33,static-033,1802.62762500206,11.639008527680293,11.598250013776124,11.879433106514625,12.37775947956834,12.552750005852431,15.156541980104521,128
A,3,static_contention_baseline_A_event_llm-only_r03_a01,34,static-034,1802.6050000044052,11.633959645588742,11.59037501201965,12.259733799146487,12.451532917330042,12.556083995150402,15.027666988316923,128
A,3,static_contention_baseline_A_event_llm-only_r03_a01,35,static-035,1801.7706670216285,11.630920275512306,11.585750005906448,12.177566206082702,12.431421927758493,12.500582990469411,15.067833010107279,128
A,3,static_contention_baseline_A_event_llm-only_r03_a01,36,static-036,1805.7038749975618,11.626561684946449,11.598333017900586,11.846400104695931,12.285495434189215,12.632333993678913,15.354208007920533,128
A,3,static_contention_baseline_A_event_llm-only_r03_a01,37,static-037,1802.2210829949472,11.650119747968361,11.592208000365645,12.214866798603905,12.504810321843252,12.545915989903733,15.007708017947152,128
A,3,static_contention_baseline_A_event_llm-only_r03_a01,38,static-038,1806.15604200284,11.634746062941483,11.577957979170606,12.265433109132571,12.50922198931221,12.545957986731082,15.08929202100262,128
A,3,static_contention_baseline_A_event_llm-only_r03_a01,39,static-039,1802.3873750062194,11.61755314972215,11.588917026529089,11.896154200076124,12.238955484353937,12.407666974468157,15.089541993802413,128
A,3,static_contention_baseline_A_event_llm-only_r03_a01,40,static-040,1801.8329160113353,11.603370078566199,11.577750003198162,11.74817921128124,12.441061426652595,12.555291992612183,15.240416018059477,128
A,3,static_contention_baseline_A_event_llm-only_r03_a01,41,static-041,1821.5747499780264,11.781430118268092,11.641583987511694,12.569833200541325,13.45837108849082,13.654250011313707,15.163207979639992,128
A,3,static_contention_baseline_A_event_llm-only_r03_a01,42,static-042,1799.4626250001602,11.617282810886794,11.562416009837762,12.197966204257678,12.532676077098586,12.572584004374221,15.07341701653786,128
A,3,static_contention_baseline_A_event_llm-only_r03_a01,43,static-043,1804.5239999773912,11.595979000177733,11.554750002687797,11.974270694190636,12.511350926943123,12.544958997750655,14.941208006348461,128
A,3,static_contention_baseline_A_event_llm-only_r03_a01,44,static-044,1799.3863339943346,11.558122047191985,11.53312498354353,11.690512494533323,12.087505589006467,12.558082991745323,14.985124988015741,128
A,3,static_contention_baseline_A_event_llm-only_r03_a01,45,static-045,1801.8777079996653,11.566518047388174,11.532624979736283,11.858928686706347,12.198933747131376,12.503874982940033,15.043040999444202,128
A,3,static_contention_baseline_A_event_llm-only_r03_a01,46,static-046,1800.941709021572,11.544512133810699,11.52850000653416,11.67880869761575,11.89549541741144,12.40229100221768,15.227666997816414,128
A,3,static_contention_baseline_A_event_llm-only_r03_a01,47,static-047,1800.2782090043183,11.572344811160235,11.544000008143485,11.66680011083372,12.439413919346405,12.506666011177003,15.196791995549574,128
A,3,static_contention_baseline_A_event_llm-only_r03_a01,48,static-048,1802.1212079911493,11.544551181067954,11.520457977894694,11.767025096924042,12.091390659334138,12.47183300438337,15.007250010967255,128
A,3,static_contention_baseline_A_event_llm-only_r03_a01,49,static-049,1798.189209017437,11.561041992106365,11.524915986228734,11.927712397300638,12.429605506476944,12.570416001835838,15.538000006927177,128
A,3,static_contention_baseline_A_event_llm-only_r03_a01,50,static-050,1799.814415979199,11.564063322849528,11.540791019797325,11.713391897501424,12.469613259308971,12.532749999081716,14.997499994933605,128
A,3,static_contention_baseline_A_event_llm-only_r03_a01,51,static-051,1798.3108750195242,11.554232936931818,11.527583003044128,11.739866985590197,12.12990264641121,12.54679201520048,15.070749999722466,128
A,3,static_contention_baseline_A_event_llm-only_r03_a01,52,static-052,1800.2987499930896,11.57203116536683,11.531124997418374,11.921895603882147,12.412182192783803,12.469750014133751,15.610707981977612,128
A,3,static_contention_baseline_A_event_llm-only_r03_a01,53,static-053,1797.7047500025947,11.55732677173324,11.521500011440367,11.67763739649672,12.389374239719473,12.496583018219098,15.064374980283901,128
A,3,static_contention_baseline_A_event_llm-only_r03_a01,54,static-054,1797.5836660189088,11.544852362172017,11.50358299491927,11.888116793124935,12.381488073733635,12.421083985827863,15.009541006293148,128
A,3,static_contention_baseline_A_event_llm-only_r03_a01,55,static-055,1798.8763749890495,11.563885826837478,11.52920798631385,11.799541205982676,12.326308922492899,12.448375025996938,15.203999995719641,128
A,3,static_contention_baseline_A_event_llm-only_r03_a01,56,static-056,1797.9548750154208,11.569425850276152,11.533333017723635,11.776654297136702,12.396212661406025,12.556083005620167,15.350500005297363,128
A,3,static_contention_baseline_A_event_llm-only_r03_a01,57,static-057,1797.6345839852002,11.537340220557086,11.512708006193861,11.688312506885268,12.134254658594726,12.53891599480994,15.103374986210838,128
A,3,static_contention_baseline_A_event_llm-only_r03_a01,58,static-058,1799.3747910077218,11.551008858134985,11.514582991367206,11.684625005000271,12.361512850620784,12.42641598219052,15.012416028184816,128
A,3,static_contention_baseline_A_event_llm-only_r03_a01,59,static-059,1795.7309590128716,11.977982283368208,11.696542002027854,13.27004098566249,13.81599142390769,14.002583018736914,15.118917013751343,128
A,3,static_contention_baseline_A_event_llm-only_r03_a01,60,static-060,1800.4554999934044,11.563008527617946,11.53616700321436,11.711446207482368,12.29641049169004,12.522750010248274,15.8652089885436,128
A,3,static_contention_baseline_A_event_llm-only_r03_a01,61,static-061,1795.994874992175,11.542773621998302,11.521125008584931,11.802687504678033,12.091862922534347,12.446709006326273,14.991165982792154,128
A,3,static_contention_baseline_A_event_llm-only_r03_a01,62,static-062,1796.7723330075387,11.539270669152213,11.506500013638288,11.651275111944415,12.22894409613218,12.543749995529652,15.0431249930989,128
A,3,static_contention_baseline_A_event_llm-only_r03_a01,63,static-063,1796.8690830166452,11.576893047097792,11.52866700431332,11.981542111607267,12.44404122349806,12.52700001350604,14.97954101068899,128
A,3,static_contention_baseline_A_event_llm-only_r03_a01,64,static-064,1796.617458021501,11.548125661275254,11.512583994772285,11.799345709732732,12.166635159519501,12.489624990848824,15.02275001257658,128
A,3,static_contention_baseline_A_event_llm-only_r03_a01,65,static-065,1796.4004160021432,11.544288716537467,11.520125000970438,11.770137399435043,12.023435003939085,12.201333011034876,15.091665991349146,128
A,3,static_contention_baseline_A_event_llm-only_r03_a01,66,static-066,1794.127291010227,11.54619718096989,11.502834007842466,11.889091890770942,12.395267179235816,12.499208009103313,14.89433299866505,128
A,3,static_contention_baseline_A_event_llm-only_r03_a01,67,static-067,1795.8387919934466,11.557449141652947,11.525625013746321,11.816674994770436,12.084320909925736,12.246042024344206,14.982374996179715,128
A,3,static_contention_baseline_A_event_llm-only_r03_a01,68,static-068,1796.1542080156505,11.57070800783956,11.518083018017933,11.927871298394166,12.429922999581322,12.48620799742639,15.002125001046807,128
A,3,static_contention_baseline_A_event_llm-only_r03_a01,69,static-069,1794.6620419970714,11.536333000005083,11.502624984132126,11.721570394001901,12.28370942932088,12.311916012549773,15.049667010316625,128
A,3,static_contention_baseline_A_event_llm-only_r03_a01,70,static-070,1795.9257079928648,11.567442590603605,11.533082986716181,11.860433290712534,12.37119076307863,12.503333011409268,15.021583007182926,128
A,3,static_contention_baseline_A_event_llm-only_r03_a01,71,static-071,1795.617041992955,11.556362204792668,11.520750005729496,12.019517098087817,12.234652666375041,12.373042001854628,15.065666986629367,128
A,3,static_contention_baseline_A_event_llm-only_r03_a01,72,static-072,1794.6970000048168,11.517717188827357,11.495542014017701,11.655453691491857,12.13199949299451,12.326333002420142,15.039709018310532,128
A,3,static_contention_baseline_A_event_llm-only_r03_a01,73,static-073,1796.2533329846337,11.540602693035392,11.515082995174453,11.760341195622457,12.349620168679392,12.560125003801659,14.946832990972325,128
A,3,static_contention_baseline_A_event_llm-only_r03_a01,74,static-074,1794.446500018239,11.54640354316931,11.514291021740064,11.854091988061555,12.37391399918124,12.411208997946233,15.198750013951212,128
A,3,static_contention_baseline_A_event_llm-only_r03_a01,75,static-075,1794.0000420203432,11.568855314825361,11.525542009621859,11.93760810710955,12.443702336749993,12.53016700502485,15.070499997818843,128
A,3,static_contention_baseline_A_event_llm-only_r03_a01,76,static-076,1794.3462090042885,11.521705708605802,11.5057909861207,11.652050004340708,12.107478576363063,12.311583006521687,14.98591701965779,128
A,3,static_contention_baseline_A_event_llm-only_r03_a01,77,static-077,1794.8959170025773,11.747444881993442,11.515249992953613,13.085200000205074,14.151702506351281,14.646666997577995,15.063583996379748,128
A,3,static_contention_baseline_A_event_llm-only_r03_a01,78,static-078,1837.6329590100795,11.471312661292252,11.477916006697342,11.810745589900762,12.292797979898749,12.432290997821838,14.970999996876344,128
A,3,static_contention_baseline_A_event_llm-only_r03_a01,79,static-079,1796.143417013809,11.540843826749795,11.517165985424072,11.671074898913503,12.06680451577995,12.447041983250529,15.166750003118068,128
A,3,static_contention_baseline_A_event_llm-only_r03_a01,80,static-080,1793.9268750196788,11.543159771620802,11.513874982483685,11.770587688079104,12.317501421202905,12.437540979590267,15.067000000271946,128
A,3,static_contention_baseline_A_event_llm-only_r03_a01,81,static-081,1795.0347909936681,11.559859913449339,11.519791994942352,11.791071502375415,12.432097348500974,12.499667005613446,14.958874991862103,128
A,3,static_contention_baseline_A_event_llm-only_r03_a01,82,static-082,1794.4450420036446,11.556247047352143,11.522874992806464,11.805624884436838,12.340456564561462,12.621125002624467,14.950042008422315,128
A,3,static_contention_baseline_A_event_llm-only_r03_a01,83,static-083,1794.3581249855924,11.555091866134395,11.51350000873208,11.91948309133295,12.466701563680544,12.538082984974608,15.023207990452647,128
A,3,static_contention_baseline_A_event_llm-only_r03_a01,84,static-084,1794.7540839959402,11.547516401688473,11.514665995491669,11.678928602486849,12.292930926778354,12.50195800093934,14.993833989137784,128
A,3,static_contention_baseline_A_event_llm-only_r03_a01,85,static-085,1792.3983340151608,11.562573157459878,11.519874999066815,11.858799809124319,12.293499840889126,12.417041987646371,14.933541999198496,128
A,3,static_contention_baseline_A_event_llm-only_r03_a01,86,static-086,1793.7579579884186,11.55500033069182,11.52941698092036,11.772682997980155,12.091435000766069,12.4877079797443,14.961540990043432,128
A,3,static_contention_baseline_A_event_llm-only_r03_a01,87,static-087,1795.3806250006892,11.533128606168347,11.505791015224531,11.71970819705166,12.1089250134537,12.244709010701627,14.96537501225248,128
A,3,static_contention_baseline_A_event_llm-only_r03_a01,88,static-088,1792.6098750031088,11.545839897534758,11.519749998115003,11.736354185268283,12.109626589808613,12.32491701375693,14.964667003368959,128
A,3,static_contention_baseline_A_event_llm-only_r03_a01,89,static-089,1793.2199999922886,11.550307417321422,11.512458004290238,11.835774892824702,12.274773980607279,12.488291977206245,15.37074998486787,128
A,3,static_contention_baseline_A_event_llm-only_r03_a01,90,static-090,1795.8699579758104,11.544625330753037,11.512917000800371,11.871641399920916,12.125741501804441,12.367832998279482,15.324249980039895,128
A,3,static_contention_baseline_A_event_llm-only_r03_a01,91,static-091,1793.727582989959,11.549471787453857,11.515666992636397,11.886087496532125,12.246075669536367,12.255625013494864,15.062040998600423,128
A,3,static_contention_baseline_A_event_llm-only_r03_a01,92,static-092,1793.6838750028983,11.535083992162896,11.504499998409301,11.874145609908737,12.196280171046965,12.558707996504381,14.980582986027002,128
A,3,static_contention_baseline_A_event_llm-only_r03_a01,93,static-093,1794.176208000863,11.572632543315494,11.521292006364092,11.966196302091703,12.489689081558026,12.721166014671326,15.090500004589558,128
A,3,static_contention_baseline_A_event_llm-only_r03_a01,94,static-094,1793.0267080082558,11.533751314933097,11.52095798170194,11.725583201041445,11.924284664564766,11.964375007664785,15.180957998381928,128
A,3,static_contention_baseline_A_event_llm-only_r03_a01,95,static-095,1793.0293749959674,11.541705377817916,11.511834018165246,11.855912694591096,12.126676260959357,12.344083981588483,15.123332996154204,128
A,3,static_contention_baseline_A_event_llm-only_r03_a01,96,static-096,1809.3495000211988,11.745303803019034,11.60266701481305,12.981425190810112,13.644591236370616,13.869166985386983,16.0236670053564,128
A,3,static_contention_baseline_A_event_llm-only_r03_a01,97,static-097,1794.7163750068285,11.55553018105011,11.511167016578838,11.881662599625995,12.324084584834054,12.508000014349818,14.99583400436677,128
A,3,static_contention_baseline_A_event_llm-only_r03_a01,98,static-098,1794.310541008599,11.55062696844244,11.521457985509187,11.805895497673191,12.304338744143024,12.359167012618855,14.946541021345183,128
A,3,static_contention_baseline_A_event_llm-only_r03_a01,99,static-099,1794.9701249890495,11.556548889823565,11.519417021190748,11.73387500748504,12.315063569694757,12.572875013574958,15.096040995558724,128
A,3,static_contention_baseline_A_event_llm-only_r03_a01,100,static-100,1792.8410829917993,11.54467946456518,11.51179100270383,11.772529286099598,12.15738143539056,12.366959010250866,15.001082996604964,128
A,3,static_contention_baseline_A_event_llm-only_r03_a01,101,static-101,1793.7607500061858,11.559981952685364,11.521332984557375,11.948391806799918,12.219116428750567,12.396625010296702,15.044083003886044,128
A,3,static_contention_baseline_A_event_llm-only_r03_a01,102,static-102,1793.8035830156878,11.523614503951068,11.49670800077729,11.70737938955426,12.05450858513359,12.163333012722433,15.189083002042025,128
A,3,static_contention_baseline_A_event_llm-only_r03_a01,103,static-103,1793.6739170108922,11.55540977162859,11.537874990608543,11.70613311987836,11.99051968054846,12.443457992048934,15.001959021901712,128
A,3,static_contention_baseline_A_event_llm-only_r03_a01,104,static-104,1794.3835419719107,11.554471126117736,11.53141600661911,11.710895597934723,12.3949378344696,12.553082982776687,15.725708974059671,128
A,3,static_contention_baseline_A_event_llm-only_r03_a01,105,static-105,1793.0469580169301,11.545774275501163,11.521999986143783,11.718317001941614,12.096604482503608,12.42062501842156,15.123499993933365,128
A,3,static_contention_baseline_A_event_llm-only_r03_a01,106,static-106,1793.1378330104053,11.535310692898197,11.511624994454905,11.704920613556167,12.099554410669953,12.383417022647336,15.077791991643608,128
A,3,static_contention_baseline_A_event_llm-only_r03_a01,107,static-107,1793.8530420069583,11.528823157363593,11.502500012284145,11.638687495724298,12.242081081494687,12.409292015945539,14.990709023550153,128
A,3,static_contention_baseline_A_event_llm-only_r03_a01,108,static-108,1793.3142080146354,11.557708661425785,11.519291991135105,11.84262050082907,12.344431074452586,12.540124997030944,15.0851660000626,128
A,3,static_contention_baseline_A_event_llm-only_r03_a01,109,static-109,1793.1846249848604,11.547583007981531,11.514167010318488,11.827854422153905,12.324234675616026,12.374332989566028,15.012749994639307,128
A,3,static_contention_baseline_A_event_llm-only_r03_a01,110,static-110,1793.0380000034347,11.544313645686984,11.52245799312368,11.755778692895547,12.23296876065433,12.341249996097758,15.210459008812904,128
A,3,static_contention_baseline_A_event_llm-only_r03_a01,111,static-111,1792.964583990397,11.539936023507648,11.499666987219825,11.708587390603498,12.309279991313815,12.522667006123811,15.017124998848885,128
A,3,static_contention_baseline_A_event_llm-only_r03_a01,112,static-112,1793.745333008701,11.539832346497,11.513000004924834,11.764762582606636,12.054603926371781,12.309707992244512,15.062874997965991,128
A,3,static_contention_baseline_A_event_llm-only_r03_a01,113,static-113,1792.8048330068123,12.165345141790645,11.537458980455995,14.794575000996701,15.420353916706516,16.278416995191947,15.028249996248633,128
A,3,static_contention_baseline_A_event_llm-only_r03_a01,114,static-114,1794.413458002964,11.925557417443066,11.678666982334107,13.488670415244997,14.510693588526918,14.749209018191323,15.012916002888232,128
A,3,static_contention_baseline_A_event_llm-only_r03_a01,115,static-115,1797.220832988387,11.55005970866214,11.514917016029358,11.862800002563745,12.261280496022664,12.338000000454485,15.07470800424926,128
A,3,static_contention_baseline_A_event_llm-only_r03_a01,116,static-116,1794.1587079840247,11.53733300784874,11.506833019666374,11.737808102043346,12.266781082144005,12.484957987908274,15.01129099051468,128
A,3,static_contention_baseline_A_event_llm-only_r03_a01,117,static-117,1792.4420000053942,11.542544614268818,11.512833007145673,11.681879602838308,12.299129854654892,12.413041986292228,15.057958982652053,128
A,3,static_contention_baseline_A_event_llm-only_r03_a01,118,static-118,1792.6444169715978,11.561328086655543,11.52845800970681,11.78832500008866,12.422798569896258,12.5081249861978,15.100124990567565,128
A,3,static_contention_baseline_A_event_llm-only_r03_a01,119,static-119,1793.2640420040116,11.581770999872266,11.548707989277318,11.85495430836454,12.394379078759812,12.425666995113716,14.972792007029057,128
A,3,static_contention_baseline_A_event_llm-only_r03_a01,120,static-120,1791.6232499992475,11.539177496103555,11.50212500942871,11.83991619036533,12.170919253840111,12.423250009305775,15.043416002299637,128
A,3,static_contention_baseline_A_event_llm-only_r03_a01,121,static-121,1793.7266669759993,11.538781818986951,11.523875000420958,11.722987401299179,12.017795935971662,12.238416995387524,15.262374974554405,128
A,3,static_contention_baseline_A_event_llm-only_r03_a01,122,static-122,1794.056416983949,11.553248354347467,11.512333992868662,11.845691184862515,12.297871081973426,12.3172499879729,15.068833978148177,128
A,3,static_contention_baseline_A_event_llm-only_r03_a01,123,static-123,1792.483875004109,11.584907810948057,11.52550001279451,12.117791795753872,12.461215014918707,12.52533300430514,15.002458007074893,128
A,3,static_contention_baseline_A_event_llm-only_r03_a01,124,static-124,1793.4207919752225,11.54389566930715,11.51220899191685,11.785633800900541,12.140370342531241,12.262042000656947,15.070124994963408,128
A,3,static_contention_baseline_A_event_llm-only_r03_a01,125,static-125,1794.6565840102267,11.530409771701555,11.488374992040917,11.902337300125506,12.341079991892911,12.386874994263053,14.988292008638382,128
A,3,static_contention_baseline_A_event_llm-only_r03_a01,126,static-126,1792.921040992951,11.552604007916011,11.511916003655642,11.895646204357034,12.314366599894129,12.328541983151808,15.028040972538292,128
A,3,static_contention_baseline_A_event_llm-only_r03_a01,127,static-127,1793.5881669982336,11.55669389748176,11.510875017847866,11.761757903150283,12.411317182704806,12.424875021679327,14.958875020965934,128
A,3,static_contention_baseline_A_event_llm-only_r03_a01,128,static-128,1794.2562499956694,11.534836937079398,11.516792001202703,11.737500000162981,12.123866079491561,12.18770898412913,14.98050001100637,128
A,3,static_contention_baseline_A_event_llm-only_r03_a01,129,static-129,1792.360625026049,11.559434054973059,11.531166994245723,11.744254201767035,12.175056248088367,12.21241700113751,15.076583018526435,128
A,3,static_contention_baseline_A_event_llm-only_r03_a01,130,static-130,1792.5458340032492,11.557428472433386,11.52770800399594,11.805120395729318,12.18791684601456,12.440165999578312,15.136292000534013,128
A,3,static_contention_baseline_A_event_llm-only_r03_a01,131,static-131,1792.9512079863343,11.556034126020162,11.521334003191441,11.737796399393119,12.375044855871236,12.54883300862275,15.30125000863336,128
A,3,static_contention_baseline_A_event_llm-only_r03_a01,132,static-132,1794.2917920008767,11.586828409386138,11.496166989672929,12.182912498246878,12.967287356150335,13.542375003453344,15.275292011210695,128
A,3,static_contention_baseline_A_event_llm-only_r03_a01,133,static-133,1810.6347919965629,11.332732614076615,11.247582995565608,11.585128784645349,12.205707164830526,12.402833002852276,15.952624991768971,128
A,3,static_contention_baseline_A_event_llm-only_r03_a01,134,static-134,1794.2013749852777,11.521279197012067,11.490208009490743,11.709195596631616,12.137028425349854,12.351415993180126,15.016833989648148,128
A,3,static_contention_baseline_A_event_llm-only_r03_a01,135,static-135,1793.948917009402,11.515401574869193,11.485333001473919,11.63237118453253,12.221581411431542,12.401124986354262,14.958500018110499,128
A,3,static_contention_baseline_A_event_llm-only_r03_a01,136,static-136,1794.5687909959815,11.50794751189583,11.471500009065494,11.654812702909112,12.375711429049261,12.429291004082188,15.052540984470397,128
A,3,static_contention_baseline_A_event_llm-only_r03_a01,137,static-137,1792.4810830154456,11.531588259816727,11.488124990137294,11.984316902817225,12.29616233962588,12.406124995322898,15.167250006925315,128
A,3,static_contention_baseline_A_event_llm-only_r03_a01,138,static-138,1794.7610830015037,11.512978015720522,11.493833007989451,11.646658793324605,12.135308760916814,12.224790989421308,15.042250015540048,128
A,3,static_contention_baseline_A_event_llm-only_r03_a01,139,static-139,1794.4655000173952,11.519479330658443,11.483749985927716,11.612545710522681,12.404130158247426,12.566375022288412,15.090083004906774,128
A,3,static_contention_baseline_A_event_llm-only_r03_a01,140,static-140,1793.91375000705,11.519063653481215,11.504583002533764,11.65875450533349,12.231797155109232,12.37300000502728,14.918166009010747,128
A,3,static_contention_baseline_A_event_llm-only_r03_a01,141,static-141,1794.6758329926524,11.534105968481942,11.496499995701015,11.7429081001319,12.386995918932369,12.559291993966326,15.011874987976626,128
A,3,static_contention_baseline_A_event_llm-only_r03_a01,142,static-142,1794.3849580187816,11.549587598241,11.526582995429635,11.737329381867312,12.194581422954798,12.261832976946607,15.945999999530613,128
A,3,static_contention_baseline_A_event_llm-only_r03_a01,143,static-143,1792.8382090176456,11.541226700701802,11.505709000630304,11.749075201805681,12.406377642182632,12.521249998826534,15.099292009836063,128
A,3,static_contention_baseline_A_event_llm-only_r03_a01,144,static-144,1795.6109590013511,11.53369455123467,11.4998749922961,11.642691204906441,12.367995908716694,12.512916000559926,15.110292006283998,128
A,3,static_contention_baseline_A_event_llm-only_r03_a01,145,static-145,1793.2253330072854,11.537468834508827,11.511374992551282,11.749312482425012,12.320760155562311,12.42045799153857,15.039416000945494,128
A,3,static_contention_baseline_A_event_llm-only_r03_a01,146,static-146,1793.0683750018943,11.550142062877445,11.512458993820474,11.840003688121215,12.321193929528818,12.36620801500976,15.008707996457815,128
A,3,static_contention_baseline_A_event_llm-only_r03_a01,147,static-147,1793.405290984083,11.54330216543419,11.509708012454212,11.7739170207642,12.376519991084932,12.5008340110071,15.03766598762013,128
A,3,static_contention_baseline_A_event_llm-only_r03_a01,148,static-148,1793.6343339970335,11.552721456767566,11.524041008669883,11.726575007196516,12.315617176354863,12.382916000206023,15.100916993105784,128
A,3,static_contention_baseline_A_event_llm-only_r03_a01,149,static-149,1792.5667089875787,11.549428149582965,11.508416995638981,11.851687388843857,12.262170001049526,12.46345799881965,15.645875013433397,128
A,3,static_contention_baseline_A_event_llm-only_r03_a01,150,static-150,1793.8470829976723,11.51994094490917,11.504207999678329,11.722650087904185,11.890414063818753,11.961250012973323,15.03695800784044,128
A,3,static_contention_baseline_A_event_llm-only_r03_a01,151,static-151,1805.4558339936193,11.785420598544723,11.64229100686498,12.798033101717008,13.56662906357087,13.740875001531094,16.405917005613446,128
A,3,static_contention_baseline_A_event_llm-only_r03_a01,152,static-152,1791.9212499982677,11.57598753549584,11.51258300524205,12.267479597358031,12.529788414249197,12.596415996085852,15.036124998005107,128
A,3,static_contention_baseline_A_event_llm-only_r03_a01,153,static-153,1793.4328340052161,11.57472407886223,11.532332981005311,11.772983297123574,12.465660911984742,12.578125024447218,15.20162500673905,128
A,3,static_contention_baseline_A_event_llm-only_r03_a01,154,static-154,1794.1728750010952,11.560288055086742,11.528041999554262,11.739170606597327,12.28076682658866,12.510334025137126,15.979334013536572,128
A,3,static_contention_baseline_A_event_llm-only_r03_a01,155,static-155,1794.4199159974232,11.536280511819765,11.5155829989817,11.637770713423379,11.976680662482977,12.226874998304993,15.40145801845938,128
A,3,static_contention_baseline_A_event_llm-only_r03_a01,156,static-156,1794.30362500716,11.543797897624115,11.509125004522502,11.846878714277405,12.24657342012506,12.446500011719763,15.075333998538554,128
A,3,static_contention_baseline_A_event_llm-only_r03_a01,157,static-157,1792.337666003732,11.585334645663059,11.543000000528991,11.91406239522621,12.460538161103614,12.574334017699584,14.945957984309644,128
A,3,static_contention_baseline_A_event_llm-only_r03_a01,158,static-158,1793.544665997615,11.523127629867146,11.492582998471335,11.785141308791934,12.191093909204936,12.41612501326017,15.1319160067942,128
A,3,static_contention_baseline_A_event_llm-only_r03_a01,159,static-159,1794.6670000092126,11.53650623608718,11.502834007842466,11.691729602171106,12.17731483047828,12.432334013283253,15.00758298789151,128
A,3,static_contention_baseline_A_event_llm-only_r03_a01,160,static-160,1792.283666000003,11.560808401554823,11.502249981276691,11.968599891406484,12.335566263645887,12.365250004222617,15.263666020473465,128
A,3,static_contention_baseline_A_event_llm-only_r03_a01,161,static-161,1793.112832994666,11.54332940157789,11.511541000800207,11.75635898252949,12.181196417077444,12.193125003250316,15.148333011893556,128
A,3,static_contention_baseline_A_event_llm-only_r03_a01,162,static-162,1793.8244999968447,11.547086944878762,11.519417021190748,11.801766790449618,12.278314078575931,12.318166001932696,14.925249997759238,128
A,3,static_contention_baseline_A_event_llm-only_r03_a01,163,static-163,1792.2027920139953,11.532640417370446,11.508333001984283,11.774462391622363,12.228468506946228,12.261665979167446,14.925458002835512,128
A,3,static_contention_baseline_A_event_llm-only_r03_a01,164,static-164,1793.8364169967826,11.552625984287138,11.497333995066583,11.967728685704058,12.424853584961966,12.443208019249141,15.03562499419786,128
A,3,static_contention_baseline_A_event_llm-only_r03_a01,165,static-165,1793.9946250116918,11.551635165233165,11.520333995576948,11.736520490376279,12.508195925038308,12.552083004266024,14.95266699930653,128
A,3,static_contention_baseline_A_event_llm-only_r03_a01,166,static-166,1791.511375020491,11.548332677050457,11.51404101983644,11.77119990752544,12.413243411574513,12.44379099807702,14.996500016422942,128
A,3,static_contention_baseline_A_event_llm-only_r03_a01,167,static-167,1792.686375003541,11.549475716470969,11.515416990732774,11.71776229457464,12.262157168588601,12.295749998884276,15.027499990537763,128
A,3,static_contention_baseline_A_event_llm-only_r03_a01,168,static-168,1793.0700000142679,11.5588605589523,11.522291984874755,11.793903596117161,12.244534573983401,12.333791994024068,15.009916998678818,128
A,3,static_contention_baseline_A_event_llm-only_r03_a01,169,static-169,1793.0324999906588,11.828434716600293,11.63704099599272,12.746695507667026,14.56234843295533,14.733499992871657,15.500582987442613,128
A,3,static_contention_baseline_A_event_llm-only_r03_a01,170,static-170,1801.650667010108,11.541844818852915,11.510875017847866,11.685362487332895,12.136503017973155,12.485957995522767,14.999917009845376,128
A,3,static_contention_baseline_A_event_llm-only_r03_a01,171,static-171,1791.3452920038253,11.563038708519294,11.511707998579368,11.872462517931124,12.301774353836663,12.374417012324557,14.964542002417147,128
A,3,static_contention_baseline_A_event_llm-only_r03_a01,172,static-172,1793.02933299914,12.735893377872902,11.669708008412272,14.974929191521369,15.600388932507483,15.90741699328646,15.023000014480203,128
A,3,static_contention_baseline_A_event_llm-only_r03_a01,173,static-173,1791.1001250031404,11.534233598403384,11.515707999933511,11.660433112410828,12.101362082757987,12.375541991787031,15.004332992248237,128
A,3,static_contention_baseline_A_event_llm-only_r03_a01,174,static-174,1790.7793750055134,11.544517055108013,11.511167016578838,11.805187590653077,12.179731075884774,12.358124979073182,14.96179201058112,128
A,3,static_contention_baseline_A_event_llm-only_r03_a01,175,static-175,1792.9622090014163,11.546948157419546,11.517541017383337,11.698466690722853,12.284883158281446,12.513999972725287,15.898084006039426,128
A,3,static_contention_baseline_A_event_llm-only_r03_a01,176,static-176,1793.0834169965237,11.554018370202177,11.528375005582348,11.728503589984028,12.368229425628668,12.524666992248967,15.138874994590878,128
A,3,static_contention_baseline_A_event_llm-only_r03_a01,177,static-177,1792.5498750119004,11.546611551224716,11.518999992404133,11.720254406100139,12.296595170046201,12.504957994678989,15.106792008737102,128
A,3,static_contention_baseline_A_event_llm-only_r03_a01,178,static-178,1792.7207910106517,11.577896984187724,11.522333981702104,11.968496083864009,12.361089232726954,12.622625014046207,15.03475001663901,128
A,3,static_contention_baseline_A_event_llm-only_r03_a01,179,static-179,1793.9010830014013,11.568071196904391,11.530834017321467,11.900446316576561,12.404953431105241,12.489875021856278,15.05208300659433,128
A,3,static_contention_baseline_A_event_llm-only_r03_a01,180,static-180,1792.1778750023805,11.523643369909273,11.515165999298915,11.612474994035438,12.099258902017025,12.314332998357713,14.94354201713577,128
A,3,static_contention_baseline_A_event_llm-only_r03_a01,181,static-181,1793.6482499935664,11.555498684976456,11.514209007145837,11.827649909537284,12.259612163179554,12.563374999444932,15.035249991342425,128
A,3,static_contention_baseline_A_event_llm-only_r03_a01,182,static-182,1793.6730830115266,11.535107614160845,11.498457984998822,11.706400100956671,12.16303284978494,12.263082986464724,14.956666011130437,128
A,3,static_contention_baseline_A_event_llm-only_r03_a01,183,static-183,1793.3355839923024,11.533150590560215,11.511041026096791,11.71077080653049,12.101572171086445,12.15724999201484,15.10950000374578,128
A,3,static_contention_baseline_A_event_llm-only_r03_a01,184,static-184,1793.1425830174703,11.571621062833538,11.533457989571616,11.807133103138765,12.494196584448218,12.526332982815802,14.978582999901846,128
A,3,static_contention_baseline_A_event_llm-only_r03_a01,185,static-185,1794.4206659740303,11.554884188991831,11.516750004375353,11.763379300828092,12.239561072201468,12.38887500949204,14.950332988519222,128
A,3,static_contention_baseline_A_event_llm-only_r03_a01,186,static-186,1792.593541991664,11.537207023783287,11.50583301205188,11.68669628968928,12.333151567727327,12.369500007480383,14.941457979148254,128
A,3,static_contention_baseline_A_event_llm-only_r03_a01,187,static-187,1792.9315000073984,11.523559716563144,11.496082996018231,11.764596204739062,12.158266844344324,12.230000022100285,15.065415995195508,128
A,3,static_contention_baseline_A_event_llm-only_r03_a01,188,static-188,1810.880459001055,11.387446519871073,11.252458993112668,11.806325012003072,12.578869591816327,13.050541980192065,15.18874999601394,128
A,3,static_contention_baseline_A_event_llm-only_r03_a01,189,static-189,1792.7084589900915,11.548212598541781,11.513792007463053,11.765595391625537,12.368266589473933,12.481999990995973,14.997083984781057,128
A,3,static_contention_baseline_A_event_llm-only_r03_a01,190,static-190,1794.1578330064658,11.538821527382403,11.507749994052574,11.762683981214648,12.395434571662916,12.517875002231449,15.068500011693686,128
A,3,static_contention_baseline_A_event_llm-only_r03_a01,191,static-191,1794.14258300676,11.526233267761386,11.510874988744035,11.647729488322511,11.933245740947314,12.38116601598449,14.943207992473617,128
A,3,static_contention_baseline_A_event_llm-only_r03_a01,192,static-192,1792.6225419796538,11.52087762213026,11.497875006170943,11.674812604906037,12.239219410112126,12.335292005445808,15.137374983169138,128
A,3,static_contention_baseline_A_event_llm-only_r03_a01,193,static-193,1794.288041011896,11.551548559108646,11.507082992466167,12.00732510187663,12.276560149621218,12.51970898010768,15.027750021545216,128
A,3,static_contention_baseline_A_event_llm-only_r03_a01,194,static-194,1793.1707089883275,11.541523944997177,11.501791013870388,11.81285809725523,12.27903266204521,12.47112499549985,15.209584002150223,128
A,3,static_contention_baseline_A_event_llm-only_r03_a01,195,static-195,1792.1903749811463,11.527288716568751,11.498875013785437,11.627825003233738,12.30171609960962,12.345290975645185,15.019665996078402,128
A,3,static_contention_baseline_A_event_llm-only_r03_a01,196,static-196,1793.68400000385,11.54854953542029,11.514542013173923,11.839149895240553,12.258089081733488,12.456208001822233,14.924417017027736,128
A,3,static_contention_baseline_A_event_llm-only_r03_a01,197,static-197,1793.977207998978,11.528633858258726,11.490415985463187,11.714749998645857,12.338880918687208,12.503208999987692,15.134540997678414,128
A,3,static_contention_baseline_A_event_llm-only_r03_a01,198,static-198,1794.0061249828432,11.551678149757437,11.51350000873208,11.742216313723475,12.42066465958487,12.511915992945433,15.115082991542295,128
A,3,static_contention_baseline_A_event_llm-only_r03_a01,199,static-199,1792.8640840109438,11.548377622072914,11.512625002069399,11.713812500238419,12.307146582752466,12.499666976509616,15.21675000549294,128
A,3,static_contention_baseline_A_event_llm-only_r03_a01,200,static-200,1794.5853330020327,11.539719488029919,11.509083997225389,11.669220589101315,12.229638004791923,12.364041991531849,14.988875016570091,128
A,3,static_contention_baseline_A_event_llm-only_r03_a01,201,static-201,1793.9184580172878,11.544281173145443,11.502250010380521,11.918091811821796,12.426025670138188,12.541792006231844,15.184666001005098,128
A,3,static_contention_baseline_A_event_llm-only_r03_a01,202,static-202,1792.4746250209864,11.547293307078181,11.50883300579153,11.82035370147787,12.166849333443679,12.199707998661324,15.0294580089394,128
A,3,static_contention_baseline_A_event_llm-only_r03_a01,203,static-203,1792.341332999058,11.547850070917232,11.512375000165775,11.781378698651677,12.313343582791276,12.376541999401525,15.058916003908962,128
A,3,static_contention_baseline_A_event_llm-only_r03_a01,204,static-204,1794.0087500028312,11.553042322831727,11.520874977577478,11.769987700972704,12.284187493496574,12.441458005923778,14.960165979573503,128
A,3,static_contention_baseline_A_event_llm-only_r03_a01,205,static-205,1791.8148339958861,11.55617027557235,11.51129201753065,11.963995700352823,12.501925416872837,12.577584013342857,14.969041978474706,128
A,3,static_contention_baseline_A_event_llm-only_r03_a01,206,static-206,1798.9395000040531,11.866818244044676,11.669500003335997,13.380000003962776,13.809971073642371,13.93058299436234,16.859833005582914,128
A,3,static_contention_baseline_A_event_llm-only_r03_a01,207,static-207,1793.3192920172587,11.54393700774627,11.512375000165775,11.793295395909809,12.193618920864537,12.464250001357868,15.008292015409097,128
A,3,static_contention_baseline_A_event_llm-only_r03_a01,208,static-208,1794.2667079914827,11.565483267800369,11.51870799367316,12.088045696145851,12.412843088386579,12.504540994996205,15.025291999336332,128
A,3,static_contention_baseline_A_event_llm-only_r03_a01,209,static-209,1794.5025419758167,11.567855968578227,11.540082981809974,11.912387603661045,12.230935923289508,12.293540989048779,14.996707992395386,128
A,3,static_contention_baseline_A_event_llm-only_r03_a01,210,static-210,1792.5514999951702,11.535773944984168,11.508458002936095,11.70904180034995,12.207719064899718,12.513833004049957,15.052208997076377,128
A,3,static_contention_baseline_A_event_llm-only_r03_a01,211,static-211,1794.6402500092518,11.570786747909114,11.52562498464249,11.951270603458397,12.359400661080144,12.574416992720217,15.023375017335638,128
A,3,static_contention_baseline_A_event_llm-only_r03_a01,212,static-212,1794.0945830196142,11.533941928981106,11.496040999190882,11.74019991303794,12.393893911503255,12.526291975518689,14.929583005141467,128
A,3,static_contention_baseline_A_event_llm-only_r03_a01,213,static-213,1792.5550829968415,11.562304795393354,11.535958998138085,11.876575098722242,12.267417489201762,12.443582993000746,15.041665988974273,128
A,3,static_contention_baseline_A_event_llm-only_r03_a01,214,static-214,1793.5534169955645,11.528236220414772,11.503375018946826,11.760937693179585,12.207449437119065,12.367125018499792,14.939207991119474,128
A,3,static_contention_baseline_A_event_llm-only_r03_a01,215,static-215,1794.7414579975884,11.574265748073575,11.53312498354353,11.855892089079134,12.262715599499643,12.698083010036498,15.092874993570149,128
A,3,static_contention_baseline_A_event_llm-only_r03_a01,216,static-216,1794.069750001654,14.030659126024327,14.319540990982205,15.223903616424648,15.71736891521141,16.180167003767565,15.095000009750947,128
A,3,static_contention_baseline_A_event_llm-only_r03_a01,217,static-217,1788.947332999669,11.544057740289057,11.520916013978422,11.648295514169149,12.14632043032907,12.479666998842731,14.98366700252518,128
A,3,static_contention_baseline_A_event_llm-only_r03_a01,218,static-218,1791.7035839927848,11.55644914183003,11.505750007927418,11.92772479262203,12.445676089846529,12.539958028355613,15.020458988146856,128
A,3,static_contention_baseline_A_event_llm-only_r03_a01,219,static-219,1794.0959169936832,11.542429456828295,11.509417003253475,11.764008688624015,12.238117345841601,12.294874992221594,15.17825000337325,128
A,3,static_contention_baseline_A_event_llm-only_r03_a01,220,static-220,1793.4879999957047,11.530032149730543,11.520166997797787,11.64250010624528,12.052773925242946,12.144750013248995,14.939583983505145,128
A,3,static_contention_baseline_A_event_llm-only_r03_a01,221,static-221,1793.6308750067838,11.532665031419436,11.503374989842996,11.665362416533753,12.16596764686983,12.209125008666888,14.96999998926185,128
A,3,static_contention_baseline_A_event_llm-only_r03_a01,222,static-222,1793.812500021886,11.538306755787422,11.51929100160487,11.657783790724352,12.180767809622921,12.292333005461842,15.065500017954037,128
A,3,static_contention_baseline_A_event_llm-only_r03_a01,223,static-223,1793.8175419985782,11.56900426777131,11.523000022862107,11.917475092923267,12.378890913096257,12.512207991676405,15.618708013789728,128
A,3,static_contention_baseline_A_event_llm-only_r03_a01,224,static-224,1792.9026659985539,11.880442590634228,11.65595802012831,13.365303492173553,14.066632512840442,14.22437498695217,15.37716601160355,128
A,3,static_contention_baseline_A_event_llm-only_r03_a01,225,static-225,1799.0386250021402,11.559010826612228,11.526874994160607,11.77881629555486,12.336631077341734,12.535959016531706,15.023125015432015,128
A,3,static_contention_baseline_A_event_llm-only_r03_a01,226,static-226,1792.6714589993935,11.55034481116028,11.510041978908703,11.73612519633025,12.283456563018262,12.454083014745265,15.071083995280787,128
A,3,static_contention_baseline_A_event_llm-only_r03_a01,227,static-227,1794.0788329869974,11.535200456754987,11.504624999361113,11.753975108149461,12.175000925199129,12.454749987227842,15.024041989818215,128
A,3,static_contention_baseline_A_event_llm-only_r03_a01,228,static-228,1793.827790999785,11.536228677210229,11.513167002703995,11.695653697825037,12.242939514108002,12.36195900128223,15.000540995970368,128
A,3,static_contention_baseline_A_event_llm-only_r03_a01,229,static-229,1792.1055000042543,11.550829724516852,11.51370900333859,11.731341076665558,12.262484515085816,12.444833002518862,14.98570799594745,128
A,3,static_contention_baseline_A_event_llm-only_r03_a01,230,static-230,1793.4541670256294,11.557176834527828,11.51670899707824,11.862746300175786,12.290693143149838,12.60529100545682,15.43641701573506,128
A,3,static_contention_baseline_A_event_llm-only_r03_a01,231,static-231,1794.3633750255685,11.56075754318401,11.52850000653416,11.804157990263775,12.388956092181616,12.55408299039118,15.53454200620763,128
A,3,static_contention_baseline_A_event_llm-only_r03_a01,232,static-232,1793.218708015047,11.537498684955658,11.521417007315904,11.688245591358282,12.176378436852247,12.325624993536621,15.609042020514607,128
A,3,static_contention_baseline_A_event_llm-only_r03_a01,233,static-233,1795.3940000152215,11.561729007961565,11.50674998643808,11.977450002450496,12.235901081003249,12.342707981588319,15.031457995064557,128
A,3,static_contention_baseline_A_event_llm-only_r03_a01,234,static-234,1792.6817499974277,11.560067582571161,11.521915992489085,11.813978603458962,12.49616407614667,12.540916999569163,15.183042007265612,128
A,3,static_contention_baseline_A_event_llm-only_r03_a01,235,static-235,1793.4748340048827,11.57921850387975,11.541207990376279,11.92316610540729,12.342005326645449,12.397917016642168,15.019334008684382,128
A,3,static_contention_baseline_A_event_llm-only_r03_a01,236,static-236,1793.9105830155313,11.528059716453761,11.4998749922961,11.627737403614447,12.168839849764481,12.366541981464252,14.963458001147956,128
A,3,static_contention_baseline_A_event_llm-only_r03_a01,237,static-237,1794.1308330046013,11.574904858336351,11.533165990840644,11.873208082397468,12.302075910265557,12.4464170075953,15.059917001053691,128
A,3,static_contention_baseline_A_event_llm-only_r03_a01,238,static-238,1793.331541994121,11.561619094481296,11.525749985594302,11.886442100512795,12.283455907017924,12.41312499041669,14.999083010479808,128
A,3,static_contention_baseline_A_event_llm-only_r03_a01,239,static-239,1794.3910419999156,11.522107614171288,11.501583008794114,11.658833085675724,12.133199998061173,12.329374992987141,15.04295802442357,128
A,3,static_contention_baseline_A_event_llm-only_r03_a01,240,static-240,1792.8424580022693,11.54742946465111,11.518999992404133,11.683975005871616,12.128441227250732,12.295916996663436,15.079041011631489,128
A,3,static_contention_baseline_A_event_llm-only_r03_a01,241,static-241,1792.8869999886956,11.540662401720633,11.499707994516939,11.714991886401549,12.21510748961009,12.562916002934799,15.317332989070565,128
A,3,static_contention_baseline_A_event_llm-only_r03_a01,242,static-242,1793.8138750032522,11.551550196714729,11.514625017298386,11.897037405287847,12.138388248858973,12.383291992591694,14.967708004405722,128
A,3,static_contention_baseline_A_event_llm-only_r03_a01,243,static-243,1813.8584589760285,11.43548555908666,11.396792018786073,11.766095695202239,12.65037706994917,13.40100000379607,15.435166977113113,128
A,3,static_contention_baseline_A_event_llm-only_r03_a01,244,static-244,1793.2331250049174,11.537923228259631,11.502500012284145,11.651529488153756,12.467841084580867,12.5284579989966,14.937917003408074,128
A,3,static_contention_baseline_A_event_llm-only_r03_a01,245,static-245,1795.3440829878673,11.554474409579806,11.524458997882903,11.866175092291087,12.260555011453107,12.345625000307336,14.960499975131825,128
A,3,static_contention_baseline_A_event_llm-only_r03_a01,246,static-246,1793.2945000065956,11.552237866145713,11.524791014380753,11.697129311505705,12.42731984471902,12.547708000056446,14.96087500709109,128
A,3,static_contention_baseline_A_event_llm-only_r03_a01,247,static-247,1793.54358301498,11.530926511815464,11.506667011417449,11.68492521974258,12.220017827348782,12.363041983917356,15.774833009345457,128
A,3,static_contention_baseline_A_event_llm-only_r03_a01,248,static-248,1793.6435000156052,11.572902228345903,11.524708999786526,12.04968739184551,12.556920004426502,12.573833024362102,15.031417016871274,128
A,3,static_contention_baseline_A_event_llm-only_r03_a01,249,static-249,1795.3736670024227,11.54871948826948,11.518582992721349,11.775004395167343,12.237636740901507,12.514583999291062,15.152167004998773,128
A,3,static_contention_baseline_A_event_llm-only_r03_a01,250,static-250,1794.5732090156525,11.566692582601094,11.539792001713067,11.908579294686206,12.364547507022506,12.510208005551249,15.118959010578692,128
A,3,static_contention_baseline_A_event_llm-only_r03_a01,251,static-251,1795.5537499801721,11.547938653581417,11.504666996188462,11.849099994287823,12.475949994986875,12.55179097643122,14.949832984711975,128
A,3,static_contention_baseline_A_event_llm-only_r03_a01,252,static-252,1793.8981670013163,11.549238519565254,11.506500013638288,11.785858092480339,12.479693588102236,12.581790972035378,15.241917019011453,128
A,3,static_contention_baseline_A_event_llm-only_r03_a01,253,static-253,1793.712915998185,11.554143047116066,11.509375006426126,11.86239199596457,12.350050170207396,12.473209004383534,15.17416600836441,128
A,3,static_contention_baseline_A_event_llm-only_r03_a01,254,static-254,1793.5393330117222,11.53465518113739,11.513000004924834,11.73257059417665,11.89270893111825,11.910125002032146,15.093333000550047,128
A,3,static_contention_baseline_A_event_llm-only_r03_a01,255,static-255,1795.8455409971066,11.542941275644885,11.517583014210686,11.700220403145067,12.377564086345954,12.449458008632064,15.113458008272573,128
A,3,static_contention_baseline_A_event_llm-only_r03_a01,256,static-256,1793.2635420002043,11.553275913383269,11.513083998579532,12.050674986676311,12.412808432127349,12.447624991182238,14.989333983976394,128
A,3,static_contention_baseline_A_event_llm-only_r03_a01,257,static-257,1794.6502920240164,11.545084314888314,11.51408301666379,11.681453490746208,12.393530353438107,12.58458400843665,15.053667011670768,128
A,3,static_contention_baseline_A_event_llm-only_r03_a01,258,static-258,1794.5160419913009,11.53861515762057,11.511624994454905,11.655025102663785,12.305559677770361,12.381416978314519,14.983458997448906,128
A,3,static_contention_baseline_A_event_llm-only_r03_a01,259,static-259,1793.308624997735,11.54503511039423,11.51574999676086,11.82647937966976,12.147438008687459,12.194750015623868,14.978749997681007,128
A,3,static_contention_baseline_A_event_llm-only_r03_a01,260,static-260,1795.3551659884397,11.568470803267271,11.526166985277086,11.832504413905552,12.5391679990571,12.571625004056841,15.043916006106883,128
A,3,static_contention_baseline_A_event_llm-only_r03_a01,261,static-261,1805.7216250163037,11.981204062962435,11.750000005122274,13.2869579072576,14.202795409946702,14.28854197729379,15.371667017461732,128
A,3,static_contention_baseline_A_event_llm-only_r03_a01,262,static-262,1794.959333987208,11.54604953540467,11.528041010024026,11.63869121519383,12.024545756867155,12.469082983443514,15.051624999614432,128
A,3,static_contention_baseline_A_event_llm-only_r03_a01,263,static-263,1794.2367499927059,11.575951771700652,11.528417002409697,11.980904205120169,12.321566492901184,12.48116698116064,14.973917015595362,128
A,3,static_contention_baseline_A_event_llm-only_r03_a01,264,static-264,1794.891750003444,11.537488519698089,11.505542002851143,11.81387868418824,12.154806919279507,12.280958995688707,15.248874988174066,128
A,3,static_contention_baseline_A_event_llm-only_r03_a01,265,static-265,1795.0771250179969,11.532814307028325,11.49983299546875,11.718654513242655,12.345824327203445,12.521166994702071,15.028916008304805,128
A,3,static_contention_baseline_A_event_llm-only_r03_a01,266,static-266,1793.563416984398,11.554663708684673,11.52850000653416,11.686591894249432,12.182464329525828,12.318666995270178,15.035583986900747,128
A,3,static_contention_baseline_A_event_llm-only_r03_a01,267,static-267,1794.4453749805689,11.556991141777134,11.51745900278911,11.887387494789435,12.304844099562615,12.326333002420142,15.14054200379178,128
A,3,static_contention_baseline_A_event_llm-only_r03_a01,268,static-268,1795.6677909824066,11.539393047321822,11.51124999159947,11.695416102884337,12.33441358723212,12.599749985383824,15.226999996230006,128
A,3,static_contention_baseline_A_event_llm-only_r03_a01,269,static-269,1793.6542500101496,11.543651905477295,11.510749987792224,11.707508107065223,12.211224069469608,12.510750006185845,14.987750008003786,128
A,3,static_contention_baseline_A_event_llm-only_r03_a01,270,static-270,1795.5591249919962,11.576922897544623,11.528749979333952,11.970599996857343,12.470957497134805,12.699207989498973,15.051624999614432,128
A,3,static_contention_baseline_A_event_llm-only_r03_a01,271,static-271,1795.9841249976307,11.556449141600867,11.52341699344106,11.90326621872373,12.28299192211125,12.469459004933015,15.324250009143725,128
A,3,static_contention_baseline_A_event_llm-only_r03_a01,272,static-272,1794.1412090149242,11.545304133828113,11.523624998517334,11.678312698495574,12.239394429489037,12.333458987995982,15.454834006959572,128
A,3,static_contention_baseline_A_event_llm-only_r03_a01,273,static-273,1793.9415829896461,11.530270015795194,11.503416986670345,11.625325214117765,12.339872347656636,12.438875011866912,15.31470799818635,128
A,3,static_contention_baseline_A_event_llm-only_r03_a01,274,static-274,1796.001791022718,11.556620740076879,11.517750011989847,11.778287598281167,12.200249066227116,12.504499987699091,15.092708024894819,128
A,3,static_contention_baseline_A_event_llm-only_r03_a01,275,static-275,1794.5621669932734,11.553424535416374,11.509832984302193,12.065374897792934,12.431563593563624,12.538250011857599,15.102292003575712,128
A,3,static_contention_baseline_A_event_llm-only_r03_a01,276,static-276,1793.7501659907866,11.517129267848237,11.486124974908307,11.735233102808706,11.910246246261522,12.199291988508776,15.034915995784104,128
A,3,static_contention_baseline_A_event_llm-only_r03_a01,277,static-277,1794.5227079908364,11.582142393852724,11.55108297825791,11.851841892348602,12.08414342952892,12.200041994219646,15.045249980175868,128
A,3,static_contention_baseline_A_event_llm-only_r03_a01,278,static-278,1794.9185420002323,11.552071188967014,11.52791699860245,11.830383108463137,12.209447651403025,12.27204198949039,15.032791998237371,128
A,3,static_contention_baseline_A_event_llm-only_r03_a01,279,static-279,1794.7193330037408,11.804219818853692,11.608166998485103,13.296120506129226,14.059933423995972,14.145416993414983,15.084583021234721,128
A,3,static_contention_baseline_A_event_llm-only_r03_a01,280,static-280,1804.7745419899002,11.55494947255017,11.533415992744267,11.805533088045195,12.2145154181635,12.233582994667813,14.973084005760029,128
A,3,static_contention_baseline_A_event_llm-only_r03_a01,281,static-281,1794.6666670031846,11.54244324402319,11.509833973832428,11.690320589696057,12.202327347476965,12.443792016711086,14.970000018365681,128
A,3,static_contention_baseline_A_event_llm-only_r03_a01,282,static-282,1796.516292000888,11.58758496850047,11.530791991390288,12.047733279177919,12.369485318777151,12.569457991048694,14.977375016314909,128
A,3,static_contention_baseline_A_event_llm-only_r03_a01,283,static-283,1794.6590419742279,11.527962598575675,11.498749983729795,11.673029497615062,12.146492347237654,12.307708006119356,14.928333985153586,128
A,3,static_contention_baseline_A_event_llm-only_r03_a01,284,static-284,1794.855042011477,11.544117779428815,11.527624999871477,11.674100006348453,11.988388928002678,12.272916996153072,15.284708992112428,128
A,3,static_contention_baseline_A_event_llm-only_r03_a01,285,static-285,1794.5571659947746,11.55170308669853,11.519416992086917,11.718724897946231,12.275396838085726,12.512916990090162,14.92087499354966,128
A,3,static_contention_baseline_A_event_llm-only_r03_a01,286,static-286,1794.3560419953428,11.552795275768968,11.518250015797094,11.741417000303045,12.378474489087235,12.548583006719127,15.038541983813047,128
A,3,static_contention_baseline_A_event_llm-only_r03_a01,287,static-287,1795.8855420001782,11.564055771665926,11.538207996636629,11.710245595895685,12.50448341597803,12.579458008985966,15.350458008470014,128
A,3,static_contention_baseline_A_event_llm-only_r03_a01,288,static-288,1795.399583003018,11.56480971670629,11.52700002421625,11.869937405572273,12.135219423798842,12.405959016177803,15.260040992870927,128
A,3,static_contention_baseline_A_event_llm-only_r03_a01,289,static-289,1793.968334008241,11.558634181109102,11.521541979163885,11.86093331198208,12.517607999034226,12.575333006680012,15.054334013257176,128
A,3,static_contention_baseline_A_event_llm-only_r03_a01,290,static-290,1794.7606249945238,11.5625672519031,11.529959010658786,11.847974892589262,12.360013266443275,12.464083993108943,15.029458998469636,128
A,3,static_contention_baseline_A_event_llm-only_r03_a01,291,static-291,1796.4552500052378,11.57279494475192,11.526249989401549,11.915545596275479,12.45475340867415,12.573250016430393,15.024916996480897,128
A,3,static_contention_baseline_A_event_llm-only_r03_a01,292,static-292,1794.0778330084868,11.560211291327692,11.520333995576948,11.854496502201071,12.41349325631745,12.560625007608905,15.003041015006602,128
A,3,static_contention_baseline_A_event_llm-only_r03_a01,293,static-293,1795.8505839924328,11.56456102355838,11.536584002897143,11.689600106910802,12.455701254075393,12.510041997302324,14.996124984463677,128
A,3,static_contention_baseline_A_event_llm-only_r03_a01,294,static-294,1794.2479590128642,11.548151244000554,11.521457985509187,11.717371101258323,12.12777157081291,12.478834018111229,15.134792018216103,128
A,3,static_contention_baseline_A_event_llm-only_r03_a01,295,static-295,1794.1788329917472,11.555570212795994,11.512958008097485,11.949316979735157,12.273279859218746,12.366165989078581,15.032582974527031,128
A,3,static_contention_baseline_A_event_llm-only_r03_a01,296,static-296,1795.5392500152811,11.549697173246013,11.510583019116893,11.679241803358309,12.241353075951338,12.572208972414955,15.00708400271833,128
A,3,static_contention_baseline_A_event_llm-only_r03_a01,297,static-297,1795.626999984961,11.590333992118515,11.53516600606963,12.276737409410998,12.469903412857093,12.584207986947149,15.096541988896206,128
A,3,static_contention_baseline_A_event_llm-only_r03_a01,298,static-298,1815.8602920011617,11.520983598343514,11.477332998765633,12.075524794636294,13.70115749130491,13.757209002505988,15.049208013806492,128
A,3,static_contention_baseline_A_event_llm-only_r03_a01,299,static-299,1796.907582989661,11.549924212685735,11.508875002618879,11.910133092897011,12.277058000327088,12.346959003480151,15.056083007948473,128
A,4,static_contention_baseline_A_event_llm-only_r04_a01,0,static-000,1724.8968330095522,11.541663385803012,11.49612499284558,11.991687380941585,12.365856078104116,12.490083026932552,15.249000018229708,128
A,4,static_contention_baseline_A_event_llm-only_r04_a01,1,static-001,1734.264708997216,11.547617779496514,11.515499994857237,11.890179303009063,12.239553563413208,12.337416992522776,15.703624987509102,128
A,4,static_contention_baseline_A_event_llm-only_r04_a01,2,static-002,1749.638709006831,11.565632543409258,11.529000010341406,11.72748759854585,12.438488433836028,12.564249977003783,15.100334014277905,128
A,4,static_contention_baseline_A_event_llm-only_r04_a01,3,static-003,1758.9570409909356,11.584188653693321,11.547000001883134,11.913583808927797,12.314330420340411,12.51858301111497,14.953040983527899,128
A,4,static_contention_baseline_A_event_llm-only_r04_a01,4,static-004,1768.511457979912,11.548537401643795,11.514834011904895,11.71221230761148,12.234563584788702,12.491249974118546,15.01433298108168,128
A,4,static_contention_baseline_A_event_llm-only_r04_a01,5,static-005,1773.8044589932542,11.561707015778122,11.521416017785668,11.837612284580246,12.32460817496758,12.457042001187801,14.97824999387376,128
A,4,static_contention_baseline_A_event_llm-only_r04_a01,6,static-006,1776.4676669903565,11.533250984337958,11.512291996041313,11.762429593363775,12.08986031706445,12.254208006197587,15.015332988696173,128
A,4,static_contention_baseline_A_event_llm-only_r04_a01,7,static-007,1780.5872079916298,11.6147847793901,11.522208980750293,12.234874910791405,13.125397654366678,14.423249987885356,15.162750001763925,128
A,4,static_contention_baseline_A_event_llm-only_r04_a01,8,static-008,1799.5441670063883,11.563506559010477,11.525874986546114,11.794366806861943,12.402922007022426,12.539916002424434,15.097791998414323,128
A,4,static_contention_baseline_A_event_llm-only_r04_a01,9,static-009,1784.7287090262398,11.554863188859427,11.526292015332729,11.803079411038196,12.03996593656484,12.45745801134035,15.128958999412134,128
A,4,static_contention_baseline_A_event_llm-only_r04_a01,10,static-010,1787.4758329999167,11.56232939385919,11.517083999933675,11.873474996536968,12.454515152494423,12.501334014814347,15.303041989682242,128
A,4,static_contention_baseline_A_event_llm-only_r04_a01,11,static-011,1788.0874999973457,11.560271653588714,11.537125014001504,11.691891890950501,12.26355467340909,12.403874978190288,15.365917002782226,128
A,4,static_contention_baseline_A_event_llm-only_r04_a01,12,static-012,1790.2481660130434,11.560378283377752,11.524041008669883,11.90775799914263,12.224870923091657,12.421749997884035,15.066124993609264,128
A,4,static_contention_baseline_A_event_llm-only_r04_a01,13,static-013,1791.8019999924581,11.56668011814092,11.53816599980928,11.92061257897876,12.246972328866832,12.325000017881393,15.088667016243562,128
A,4,static_contention_baseline_A_event_llm-only_r04_a01,14,static-014,1790.1781249966007,11.541154527556385,11.51741697685793,11.64642510120757,12.174471093458124,12.309208017541096,15.038915997138247,128
A,4,static_contention_baseline_A_event_llm-only_r04_a01,15,static-015,1792.4285409972072,11.551571850422917,11.516083002788946,11.680487400735728,12.39953957730904,12.469666980905458,15.037540986668319,128
A,4,static_contention_baseline_A_event_llm-only_r04_a01,16,static-016,1793.6989160079975,11.580781495990598,11.542834021383896,11.864683107705787,12.296424493542872,12.336791987763718,14.941458008252084,128
A,4,static_contention_baseline_A_event_llm-only_r04_a01,17,static-017,1793.185665999772,11.572827755768717,11.541666986886412,11.79449191840831,12.39485466328915,12.561250012367964,15.075375005835667,128
A,4,static_contention_baseline_A_event_llm-only_r04_a01,18,static-018,1794.5407499792054,11.531386811123046,11.515332997078076,11.639687509159558,11.983369654626586,12.347749987384304,15.27004098170437,128
A,4,static_contention_baseline_A_event_llm-only_r04_a01,19,static-019,1794.928292016266,11.575077755714027,11.535249999724329,11.834808095591141,12.415941911167465,12.543083023047075,14.986833004513755,128
A,4,static_contention_baseline_A_event_llm-only_r04_a01,20,static-020,1794.8167090071365,11.565561677186244,11.536667007021606,11.836146097630262,12.384326407918707,12.466999993193895,15.455041982932016,128
A,4,static_contention_baseline_A_event_llm-only_r04_a01,21,static-021,1795.4642919939943,11.552116141781049,11.535500001627952,11.718016685335897,12.03711249574553,12.476750009227544,15.29358298284933,128
A,4,static_contention_baseline_A_event_llm-only_r04_a01,22,static-022,1798.6077089735772,11.572869417329105,11.545333982212469,11.819583119358867,12.299210155033506,12.414874974638224,15.19712497247383,128
A,4,static_contention_baseline_A_event_llm-only_r04_a01,23,static-023,1796.9643340038601,11.55829362985568,11.529082985362038,11.7277460929472,12.257266485248692,12.291458988329396,14.886999997543171,128
A,4,static_contention_baseline_A_event_llm-only_r04_a01,24,static-024,1796.3482080085669,11.569926181100456,11.532250005984679,11.85445828887168,12.441180578898638,12.479833007091656,15.556875005131587,128
A,4,static_contention_baseline_A_event_llm-only_r04_a01,25,static-025,1797.5161250215024,11.565515747904323,11.537209007656202,11.731487701763399,12.387296083616091,12.469124980270863,14.988583017839119,128
A,4,static_contention_baseline_A_event_llm-only_r04_a01,26,static-026,1808.7850410083774,11.7541387794983,11.643499979982153,12.847070695715955,13.55511057539843,13.810333010042086,16.729499999200925,128
A,4,static_contention_baseline_A_event_llm-only_r04_a01,27,static-027,1799.6135409921408,11.584565291404871,11.561207997146994,11.810196211445145,12.289881997276098,12.337292020674795,15.222332993289456,128
A,4,static_contention_baseline_A_event_llm-only_r04_a01,28,static-028,1796.584540978074,11.5710866142992,11.53687498299405,11.806724892812781,12.219097071210852,12.535540998214856,14.961499982746318,128
A,4,static_contention_baseline_A_event_llm-only_r04_a01,29,static-029,1798.7390829948708,11.572883527645269,11.553208983968943,11.720416106982157,12.206159989582373,12.379374995362014,15.253874997142702,128
A,4,static_contention_baseline_A_event_llm-only_r04_a01,30,static-030,1799.4854999997187,11.567045928998374,11.540915991645306,11.761724911048077,12.00330106599722,12.315999978454784,14.979291998315603,128
A,4,static_contention_baseline_A_event_llm-only_r04_a01,31,static-031,1796.4872919837944,11.581286086744857,11.5444999828469,11.76081620797049,12.513468008837663,12.64695799909532,15.045458974782377,128
A,4,static_contention_baseline_A_event_llm-only_r04_a01,32,static-032,1799.8160830175038,11.578114173241238,11.548166978172958,11.912812507944182,12.427255320362747,12.49933399958536,15.20762499421835,128
A,4,static_contention_baseline_A_event_llm-only_r04_a01,33,static-033,1798.268292011926,11.564832677107715,11.537666985532269,11.689499908243306,12.255714074126443,12.54137500654906,15.169666992733255,128
A,4,static_contention_baseline_A_event_llm-only_r04_a01,34,static-034,1799.1084159875754,11.573092196838871,11.544124979991466,11.717879501520656,12.245736744371243,12.544500001240522,16.200499987462536,128
A,4,static_contention_baseline_A_event_llm-only_r04_a01,35,static-035,1801.267500006361,11.597389763672139,11.551957984920591,11.802254492067732,12.49832374160178,12.623374990653247,15.64166700700298,128
A,4,static_contention_baseline_A_event_llm-only_r04_a01,36,static-036,1796.5487909968942,11.560139110161535,11.545790999662131,11.692404298810288,11.832034680410288,11.948749975999817,15.026125009171665,128
A,4,static_contention_baseline_A_event_llm-only_r04_a01,37,static-037,1800.812917004805,11.554101047309585,11.54212499386631,11.637962612439878,11.895135171362197,12.244124984135851,15.799874992808327,128
A,4,static_contention_baseline_A_event_llm-only_r04_a01,38,static-038,1799.0339169919025,11.601097441111566,11.550666997209191,11.9241660926491,12.423624994116835,12.549125007353723,15.053334005642682,128
A,4,static_contention_baseline_A_event_llm-only_r04_a01,39,static-039,1798.8040420168545,11.595007873875433,11.558625003090128,11.786404383019544,12.483399342745543,12.571707979077473,15.419083996675909,128
A,4,static_contention_baseline_A_event_llm-only_r04_a01,40,static-040,1801.1560829763766,11.603908141704613,11.571000010007992,11.840854515321553,12.413445417769253,12.46866601286456,15.716833004262298,128
A,4,static_contention_baseline_A_event_llm-only_r04_a01,41,static-041,1798.0769999849144,11.600240488219493,11.56470799469389,11.746941902674735,12.328639836632647,12.457042001187801,15.68983300239779,128
A,4,static_contention_baseline_A_event_llm-only_r04_a01,42,static-042,1801.0522499971557,11.614113188794205,11.56120898667723,12.133366893976927,12.416188933420926,12.547500024084002,15.055208001285791,128
A,4,static_contention_baseline_A_event_llm-only_r04_a01,43,static-043,1798.06579099386,11.581975724465602,11.559000005945563,11.717195599339902,12.281263436307198,12.419999984558672,15.026665991172194,128
A,4,static_contention_baseline_A_event_llm-only_r04_a01,44,static-044,1799.7748329944443,11.862734582698648,11.71854097628966,12.711000003037041,13.478214342030697,13.666957995155826,15.557083010207862,128
A,4,static_contention_baseline_A_event_llm-only_r04_a01,45,static-045,1801.195292006014,11.54755970864652,11.53070799773559,11.858975008362902,12.438307840493508,12.484832986956462,14.904125011526048,128
A,4,static_contention_baseline_A_event_llm-only_r04_a01,46,static-046,1800.892291998025,11.593820212553732,11.559209000552073,11.842662392882628,12.394247659831308,12.5004579895176,15.036708005936816,128
A,4,static_contention_baseline_A_event_llm-only_r04_a01,47,static-047,1801.2873750121798,11.595717188993865,11.560915998416021,11.764783196849747,12.401775015168823,12.485875020502135,15.253166988259181,128
A,4,static_contention_baseline_A_event_llm-only_r04_a01,48,static-048,1799.647708015982,11.62526181094187,11.572000017622486,11.976853603846392,12.533230002736673,12.562166986754164,15.022875013528392,128
A,4,static_contention_baseline_A_event_llm-only_r04_a01,49,static-049,1802.3095829994418,11.609937669342662,11.569291993509978,11.776158097200096,12.442658002837561,12.496500014094636,15.118083014385775,128
A,4,static_contention_baseline_A_event_llm-only_r04_a01,50,static-050,1798.4455420228187,11.636063314911976,11.599041987210512,12.083595697185954,12.431564496364444,12.510000000474975,16.045167023548856,128
A,4,static_contention_baseline_A_event_llm-only_r04_a01,51,static-051,1802.3108749766834,11.609471134023785,11.578583013033494,11.852828718838282,12.508121833088808,12.531792017398402,15.033749979920685,128
A,4,static_contention_baseline_A_event_llm-only_r04_a01,52,static-052,1798.976958001731,11.609481960648715,11.574333009775728,11.802699917461723,12.468614992685616,12.493709014961496,15.142207994358614,128
A,4,static_contention_baseline_A_event_llm-only_r04_a01,53,static-053,1800.1283330086153,11.640627952576725,11.584040999878198,12.058266202802768,12.386923935846426,12.406583002302796,15.067083004396409,128
A,4,static_contention_baseline_A_event_llm-only_r04_a01,54,static-054,1799.302750005154,11.62923818892308,11.579499987419695,11.982178784091957,12.571395497652702,12.656958017032593,15.092500019818544,128
A,4,static_contention_baseline_A_event_llm-only_r04_a01,55,static-055,1799.9347079894505,11.603508858463002,11.570083996048197,11.892670701490713,12.22490233310964,12.497959018219262,14.968292001867667,128
A,4,static_contention_baseline_A_event_llm-only_r04_a01,56,static-056,1801.5620410151314,11.632826118079183,11.580541002331302,12.249450091621839,12.486747989896685,12.522166012786329,14.972958015277982,128
A,4,static_contention_baseline_A_event_llm-only_r04_a01,57,static-057,1798.7385830201674,11.614175196911216,11.56795900897123,12.108675006311383,12.415061268839054,12.522583012469113,15.29583299998194,128
A,4,static_contention_baseline_A_event_llm-only_r04_a01,58,static-058,1802.6135829859413,11.592983267743023,11.575250013265759,11.748200008878484,12.134711913531644,12.4621250142809,15.05904199439101,128
A,4,static_contention_baseline_A_event_llm-only_r04_a01,59,static-059,1797.9313340038061,11.598245401391907,11.554875003639609,11.749258197960444,12.450170163065195,12.555459019495174,14.94816702324897,128
A,4,static_contention_baseline_A_event_llm-only_r04_a01,60,static-060,1802.2950839949772,11.614147307191734,11.583209008676931,11.96356690779794,12.121464315569028,12.396708014421165,15.051083988510072,128
A,4,static_contention_baseline_A_event_llm-only_r04_a01,61,static-061,1798.1646250118501,11.60171193709619,11.560750019270927,11.911146293277849,12.434911407181062,12.518625007942319,15.043624996906146,128
A,4,static_contention_baseline_A_event_llm-only_r04_a01,62,static-062,1800.3273750073276,11.724274606200112,11.59029098926112,12.562370489467867,13.438488502870314,13.794084021355957,15.053542010718957,128
A,4,static_contention_baseline_A_event_llm-only_r04_a01,63,static-063,1816.0940840025432,11.646403865998714,11.597708013141528,12.18480011448264,12.47602715913672,12.520000018412247,15.079250006237999,128
A,4,static_contention_baseline_A_event_llm-only_r04_a01,64,static-064,1803.249958989909,11.599812992137132,11.569000023882836,11.75098310050089,12.4533809319837,12.637791020097211,15.203374990960583,128
A,4,static_contention_baseline_A_event_llm-only_r04_a01,65,static-065,1801.5709999890532,11.626383204674935,11.58233400201425,11.990683103795163,12.429459857521579,12.474374991143122,15.807457995833829,128
A,4,static_contention_baseline_A_event_llm-only_r04_a01,66,static-066,1801.445709017571,11.616935362254717,11.581416998524219,12.031174809089862,12.433095147134736,12.512665998656303,14.989042014349252,128
A,4,static_contention_baseline_A_event_llm-only_r04_a01,67,static-067,1799.019625002984,11.62999147236692,11.590583017095923,12.135437384131365,12.389394576312043,12.472542002797127,15.093624999281019,128
A,4,static_contention_baseline_A_event_llm-only_r04_a01,68,static-068,1799.946208979236,11.597672897651352,11.564833985175937,11.717499999213032,12.447416430222802,12.551040999824181,14.956083992728963,128
A,4,static_contention_baseline_A_event_llm-only_r04_a01,69,static-069,1802.5352919939905,11.63147178737036,11.576249991776422,12.205782992532475,12.519246408483014,12.562999996589497,14.964292000513524,128
A,4,static_contention_baseline_A_event_llm-only_r04_a01,70,static-070,1798.3692080015317,11.618059385874068,11.56754101975821,12.05928761628456,12.443277925485745,12.462499988032505,15.050040994537994,128
A,4,static_contention_baseline_A_event_llm-only_r04_a01,71,static-071,1802.9417919751722,11.61320603958617,11.578917008591816,11.931637400994076,12.380947164492682,12.536042020656168,15.013291995273903,128
A,4,static_contention_baseline_A_event_llm-only_r04_a01,72,static-072,1798.4015830152202,11.591069228208339,11.562416999367997,11.72784980153665,12.309057180536911,12.405082990881056,15.224708011373878,128
A,4,static_contention_baseline_A_event_llm-only_r04_a01,73,static-073,1802.93583299499,11.613876315009758,11.563834006665275,12.04951628751587,12.543419095454738,12.611125013791025,15.346208005212247,128
A,4,static_contention_baseline_A_event_llm-only_r04_a01,74,static-074,1797.1906250168104,11.612964566938183,11.565583990886807,12.092420610133557,12.357028925907798,12.542582990135998,14.981290994910523,128
A,4,static_contention_baseline_A_event_llm-only_r04_a01,75,static-075,1801.154459011741,11.59527492924872,11.566666013095528,11.735628507449292,12.414483154425398,12.54062500083819,15.014959004474804,128
A,4,static_contention_baseline_A_event_llm-only_r04_a01,76,static-076,1799.8727090016473,11.618708330710733,11.591624992433935,11.852828695555218,12.293117358931339,12.438542005838826,15.02745901234448,128
A,4,static_contention_baseline_A_event_llm-only_r04_a01,77,static-077,1799.8521249974146,11.631109251954234,11.585000000195578,12.275800088536926,12.566155343083663,12.638665997656062,15.042125014588237,128
A,4,static_contention_baseline_A_event_llm-only_r04_a01,78,static-078,1801.268874987727,11.594263448766762,11.553916003322229,11.843183985911308,12.500152856810017,12.557291018310934,15.102999983355403,128
A,4,static_contention_baseline_A_event_llm-only_r04_a01,79,static-079,1798.8319589931052,11.590886480444455,11.563874984858558,11.728687502909452,12.466755911591463,12.552583997603506,15.599624981405213,128
A,4,static_contention_baseline_A_event_llm-only_r04_a01,80,static-080,1803.3294169872534,11.600759842636533,11.56325000920333,11.85163750196807,12.484026406891642,12.580124981468543,15.09358297334984,128
A,4,static_contention_baseline_A_event_llm-only_r04_a01,81,static-081,1812.5543749774806,11.775160433154362,11.655665992293507,12.51348749792669,13.375635672709905,13.740166992647573,16.49449998512864,128
A,4,static_contention_baseline_A_event_llm-only_r04_a01,82,static-082,1801.7280840140302,11.614902558925333,11.572458985028788,12.08340010780375,12.451002144953236,12.555541994515806,15.128209022805095,128
A,4,static_contention_baseline_A_event_llm-only_r04_a01,83,static-083,1799.7468749817926,11.580973755894595,11.559124977793545,11.74364651669748,12.06897908647079,12.502500001573935,15.33808300155215,128
A,4,static_contention_baseline_A_event_llm-only_r04_a01,84,static-084,1803.1498750206083,11.620439629814786,11.570250004297122,11.994624807266518,12.495992497424595,12.5314999895636,15.067917003761977,128
A,4,static_contention_baseline_A_event_llm-only_r04_a01,85,static-085,1798.3321670035366,11.602987858419137,11.564292013645172,11.874191896640696,12.402957492740823,12.510500004282221,15.07716698688455,128
A,4,static_contention_baseline_A_event_llm-only_r04_a01,86,static-086,1802.0609590166714,11.578112858298095,11.547667003469542,11.77308749174699,12.398214843706226,12.506541999755427,15.360667021013796,128
A,4,static_contention_baseline_A_event_llm-only_r04_a01,87,static-087,1796.8039170082193,11.57197177934453,11.552167008630931,11.652146212873049,12.361756921745837,12.532166001619771,14.962834015022963,128
A,4,static_contention_baseline_A_event_llm-only_r04_a01,88,static-088,1800.6030000105966,11.587752299025787,11.537583981407806,11.876816992298698,12.496175566338934,12.51199998660013,15.130041021620855,128
A,4,static_contention_baseline_A_event_llm-only_r04_a01,89,static-089,1800.237166986335,11.594642385910081,11.561708990484476,11.839979389333166,12.425341858761385,12.53766697482206,14.977624989114702,128
A,4,static_contention_baseline_A_event_llm-only_r04_a01,90,static-090,1798.6576669791248,11.613097771732724,11.572541989153251,11.873812400153836,12.457227514823899,12.47649997822009,14.935124985640869,128
A,4,static_contention_baseline_A_event_llm-only_r04_a01,91,static-091,1800.5483750021085,11.610036747948097,11.566542001673952,12.006637506419793,12.225472647696733,12.724416010314599,15.023582993308082,128
A,4,static_contention_baseline_A_event_llm-only_r04_a01,92,static-092,1797.2845420008525,11.570219157445134,11.538082995684817,11.801258294144644,12.269425650592893,12.360084016108885,15.033250005217269,128
A,4,static_contention_baseline_A_event_llm-only_r04_a01,93,static-093,1801.3151250197552,11.572660102351298,11.549999995622784,11.731966203660704,12.091867646668106,12.254208006197587,15.077667019795626,128
A,4,static_contention_baseline_A_event_llm-only_r04_a01,94,static-094,1797.8596670145635,11.555478015756895,11.540542007423937,11.66315000737086,11.93782040849328,12.014083011308685,14.925791998393834,128
A,4,static_contention_baseline_A_event_llm-only_r04_a01,95,static-095,1798.9262499904726,11.59064960620168,11.557167017599568,11.733645791537128,12.407818504725583,12.561291980091482,15.04687499254942,128
A,4,static_contention_baseline_A_event_llm-only_r04_a01,96,static-096,1798.5499580099713,11.596031495925464,11.552833020687103,11.969925087760199,12.378518173354678,12.50583300134167,15.058375021908432,128
A,4,static_contention_baseline_A_event_llm-only_r04_a01,97,static-097,1797.2054170095362,11.583083992141967,11.547583009814844,11.722004509647377,12.477492336183786,12.517499999376014,15.014000004157424,128
A,4,static_contention_baseline_A_event_llm-only_r04_a01,98,static-098,1801.2070420081727,11.577706693031818,11.536750011146069,11.715316894697025,12.468042670516297,12.484250008128583,14.987582981120795,128
A,4,static_contention_baseline_A_event_llm-only_r04_a01,99,static-099,1799.248458002694,11.936096787337199,11.709332989994437,13.472354217083193,13.588685588911176,13.867583009414375,15.241083019645885,128
A,4,static_contention_baseline_A_event_llm-only_r04_a01,100,static-100,1800.5725840048399,11.464483590473927,11.508416995638981,11.673991885618307,11.931644065771252,12.195167015306652,15.562917018542066,128
A,4,static_contention_baseline_A_event_llm-only_r04_a01,101,static-101,1798.0592909734696,11.607653543437413,11.570417002076283,11.925062609952874,12.458024071529508,12.504207988968119,15.04762499826029,128
A,4,static_contention_baseline_A_event_llm-only_r04_a01,102,static-102,1799.766708019888,11.616046590396886,11.558541998965666,12.287208801717496,12.476140927174129,12.533666013041511,15.018625010270625,128
A,4,static_contention_baseline_A_event_llm-only_r04_a01,103,static-103,1797.6862500072457,11.582599078785394,11.550374998478219,11.776658208691513,12.333839992061257,12.525750003987923,15.157332993112504,128
A,4,static_contention_baseline_A_event_llm-only_r04_a01,104,static-104,1798.4197500045411,11.567866472311055,11.53741599409841,11.73601230548229,12.358067497843873,12.520749995019287,15.194916020845994,128
A,4,static_contention_baseline_A_event_llm-only_r04_a01,105,static-105,1799.7648750024382,11.56486122040298,11.539750004885718,11.673346397583373,12.340486917528322,12.468250002712011,15.009250026196241,128
A,4,static_contention_baseline_A_event_llm-only_r04_a01,106,static-106,1797.9888750123791,11.579723747980626,11.54116599354893,11.927608889527619,12.31725697987713,12.513665977166966,15.46575000975281,128
A,4,static_contention_baseline_A_event_llm-only_r04_a01,107,static-107,1799.0027500200085,11.597024275477624,11.548707989277318,12.096424991614185,12.43244233482983,12.5255000020843,15.001709019998088,128
A,4,static_contention_baseline_A_event_llm-only_r04_a01,108,static-108,1796.9062919728458,11.559157480355573,11.520166997797787,11.8536918918835,12.032859832979739,12.529458006611094,15.085041988641024,128
A,4,static_contention_baseline_A_event_llm-only_r04_a01,109,static-109,1798.981375002768,11.592920275595715,11.546416993951425,11.788262505433522,12.47110983415041,12.559916998725384,15.011959010735154,128
A,4,static_contention_baseline_A_event_llm-only_r04_a01,110,static-110,1799.768500000937,11.557180117989898,11.521457985509187,11.709941399749368,12.241753769339994,12.463334016501904,15.034542011562735,128
A,4,static_contention_baseline_A_event_llm-only_r04_a01,111,static-111,1796.6392080124933,11.567787401557819,11.533541983226314,11.740754405036569,12.48006142792292,12.528040999313816,15.143583004828542,128
A,4,static_contention_baseline_A_event_llm-only_r04_a01,112,static-112,1798.6472499906085,11.568242125992304,11.541999992914498,11.727275003795512,12.207397496677004,12.211333989398554,14.967791008530185,128
A,4,static_contention_baseline_A_event_llm-only_r04_a01,113,static-113,1797.369499981869,11.574657157468646,11.534124991158023,11.846666887868196,12.473856564029118,12.543459015432745,15.046749991597608,128
A,4,static_contention_baseline_A_event_llm-only_r04_a01,114,static-114,1797.3067080019973,11.581384842458188,11.548707989277318,11.829999819747172,12.431956243817694,12.538958981167525,15.049624984385446,128
A,4,static_contention_baseline_A_event_llm-only_r04_a01,115,static-115,1798.2566249847878,11.56672637810652,11.537584010511637,11.674587283050641,12.402047176728956,12.457540986360982,14.975124999182299,128
A,4,static_contention_baseline_A_event_llm-only_r04_a01,116,static-116,1796.5951249934733,11.590912732328691,11.545207991730422,11.936762600089423,12.29988966777455,12.503041012678295,15.115082991542295,128
A,4,static_contention_baseline_A_event_llm-only_r04_a01,117,static-117,1797.9474579915404,11.793445212781196,11.597665987210348,12.808553603827022,14.079726993804796,14.564750017598271,15.069207991473377,128
A,4,static_contention_baseline_A_event_llm-only_r04_a01,118,static-118,1808.1719590118155,11.55456364559061,11.524125002324581,11.711483797989786,12.238440912915394,12.39145899307914,14.975416997913271,128
A,4,static_contention_baseline_A_event_llm-only_r04_a01,119,static-119,1799.1230420011561,11.568977692994972,11.535541998455301,11.75624179886654,12.40650715015363,12.440791993867606,15.114749985514209,128
A,4,static_contention_baseline_A_event_llm-only_r04_a01,120,static-120,1798.3257500163745,11.56178083455036,11.53066600090824,11.832762393169105,12.380998914595692,12.495875009335577,14.992292009992525,128
A,4,static_contention_baseline_A_event_llm-only_r04_a01,121,static-121,1795.8418329944834,11.574449480326084,11.542041000211611,11.740187508985398,12.506409241468646,12.619999994058162,15.072790993144736,128
A,4,static_contention_baseline_A_event_llm-only_r04_a01,122,static-122,1798.5174999921583,11.560786094500015,11.533999990206212,11.791887693107126,12.272697653388605,12.376583006698638,15.046165994135663,128
A,4,static_contention_baseline_A_event_llm-only_r04_a01,123,static-123,1797.2827919875272,11.569664693037854,11.548291018698364,11.696166906040162,12.263232492841778,12.467458000173792,15.018291975138709,128
A,4,static_contention_baseline_A_event_llm-only_r04_a01,124,static-124,1798.030625010142,11.588624669156426,11.544624983798712,11.861432902514933,12.493336589541286,12.555082998005673,15.018750011222437,128
A,4,static_contention_baseline_A_event_llm-only_r04_a01,125,static-125,1796.4451250154525,11.573517055014207,11.538082995684817,11.731687394785695,12.467529840068892,12.492042005760595,15.035042015369982,128
A,4,static_contention_baseline_A_event_llm-only_r04_a01,126,static-126,1795.6232919823378,11.558542322774425,11.537708982359618,11.690312513383105,12.026929328567348,12.205125007312745,14.978708000853658,128
A,4,static_contention_baseline_A_event_llm-only_r04_a01,127,static-127,1798.314040992409,11.55580938601221,11.540709005203098,11.662912694737315,12.005326084326953,12.261750001925975,15.008415997726843,128
A,4,static_contention_baseline_A_event_llm-only_r04_a01,128,static-128,1797.9427500104066,11.585692259781869,11.55633298913017,11.78814120357856,12.340119509026408,12.428500020178035,15.004916000179946,128
A,4,static_contention_baseline_A_event_llm-only_r04_a01,129,static-129,1796.3366250041872,11.574227031499998,11.543291009729728,11.66385818796698,12.473598925280385,12.618875014595687,14.997082995250821,128
A,4,static_contention_baseline_A_event_llm-only_r04_a01,130,static-130,1797.8717079968192,11.55562729915736,11.52637499035336,11.840728792594746,12.057824353105389,12.485459010349587,15.074166003614664,128
A,4,static_contention_baseline_A_event_llm-only_r04_a01,131,static-131,1795.3158750024159,11.575979330736454,11.554500000784174,11.816858098609373,12.230820908444,12.345791998086497,15.156541019678116,128
A,4,static_contention_baseline_A_event_llm-only_r04_a01,132,static-132,1796.697541984031,11.588824803136127,11.55145899974741,11.892937487573363,12.467812150134705,12.601958005689085,15.227291994960979,128
A,4,static_contention_baseline_A_event_llm-only_r04_a01,133,static-133,1797.826541995164,11.578776897710389,11.536667007021606,11.897695597144775,12.468272653059103,12.533207976957783,15.076459007104859,128
A,4,static_contention_baseline_A_event_llm-only_r04_a01,134,static-134,1795.9226249950007,11.54873622045119,11.515250022057444,11.774783296277745,12.174142497242428,12.51429200056009,14.999540988355875,128
A,4,static_contention_baseline_A_event_llm-only_r04_a01,135,static-135,1798.7399160047062,11.632854330690769,11.572708986932412,12.134225090267137,12.551470003672875,12.58645800407976,15.756458014948294,128
A,4,static_contention_baseline_A_event_llm-only_r04_a01,136,static-136,1821.2511670135427,11.7289376613321,11.581540980841964,12.548754399176687,13.47344266017899,14.069333003135398,16.977749997749925,128
A,4,static_contention_baseline_A_event_llm-only_r04_a01,137,static-137,1797.5127090176102,11.546008858103745,11.519374995259568,11.776628583902491,11.989358168211766,12.406083988025784,15.079917007824406,128
A,4,static_contention_baseline_A_event_llm-only_r04_a01,138,static-138,1795.8267499925569,11.563065614208476,11.542416003067046,11.695229410543106,11.993957858649082,12.276790977921337,14.976167003624141,128
A,4,static_contention_baseline_A_event_llm-only_r04_a01,139,static-139,1795.8449170109816,11.585537070824625,11.534040997503325,11.969558088458143,12.49111500219442,12.519041018094867,15.00983300502412,128
A,4,static_contention_baseline_A_event_llm-only_r04_a01,140,static-140,1796.5536669944413,11.571171590609213,11.543333006557077,11.730129495845176,12.254302653018385,12.401917017996311,15.025457978481427,128
A,4,static_contention_baseline_A_event_llm-only_r04_a01,141,static-141,1795.7579999929294,11.544865818912397,11.533165990840644,11.692145696724765,11.767215004074387,11.788333009462804,15.05358298891224,128
A,4,static_contention_baseline_A_event_llm-only_r04_a01,142,static-142,1796.5639169851784,11.578864173223009,11.537959013367072,11.952632982865905,12.255743172136135,12.471041991375387,14.971583994338289,128
A,4,static_contention_baseline_A_event_llm-only_r04_a01,143,static-143,1796.8554580002092,11.5894087953273,11.554333003005013,11.823308010934852,12.459136003162712,12.559082999359816,15.187082986813039,128
A,4,static_contention_baseline_A_event_llm-only_r04_a01,144,static-144,1795.8111249899957,11.552627299230283,11.524041008669883,11.662570599582978,12.357881416101007,12.520042015239596,15.656875009881333,128
A,4,static_contention_baseline_A_event_llm-only_r04_a01,145,static-145,1796.4415420137811,11.556251637736613,11.53537500067614,11.67533761181403,12.179986559203824,12.440916994819418,15.018875012174249,128
A,4,static_contention_baseline_A_event_llm-only_r04_a01,146,static-146,1795.659750001505,11.574401897625764,11.533415992744267,11.831249998067506,12.406568502192385,12.555458000861108,14.978749997681007,128
A,4,static_contention_baseline_A_event_llm-only_r04_a01,147,static-147,1795.8227089839056,11.580429456744886,11.538582999492064,11.847650009440258,12.488388254423626,12.50941600301303,15.002792002633214,128
A,4,static_contention_baseline_A_event_llm-only_r04_a01,148,static-148,1796.0085420054384,11.543138779509137,11.525707988766953,11.705300002358854,11.957561818999238,12.410333001753315,15.075250004883856,128
A,4,static_contention_baseline_A_event_llm-only_r04_a01,149,static-149,1795.945916994242,11.565967519789583,11.54416598728858,11.669095503748395,12.259904992533848,12.276458000997081,14.955582999391481,128
A,4,static_contention_baseline_A_event_llm-only_r04_a01,150,static-150,1795.6684999808203,11.618718503989045,11.571208015084267,11.957204286591148,12.50915816577617,12.522791017545387,15.078124997671694,128
A,4,static_contention_baseline_A_event_llm-only_r04_a01,151,static-151,1795.4237080120947,11.556756889858232,11.530500021763146,11.790083101368507,12.06316590658389,12.468166009057313,15.077249991009012,128
A,4,static_contention_baseline_A_event_llm-only_r04_a01,152,static-152,1795.2267079963349,11.56050656710414,11.53541699750349,11.761783217662012,12.189453423488883,12.306249991524965,15.03620800212957,128
A,4,static_contention_baseline_A_event_llm-only_r04_a01,153,static-153,1796.4863750094082,11.571020007776976,11.531707976246253,11.692370800301433,12.520900577655993,12.603959010448307,15.032541996333748,128
A,4,static_contention_baseline_A_event_llm-only_r04_a01,154,static-154,1798.7662919913419,11.934309708794183,11.700124974595383,13.303166916011833,14.171161262784151,14.805457991315052,15.335707983467728,128
A,4,static_contention_baseline_A_event_llm-only_r04_a01,155,static-155,1797.48695899616,11.445557740086132,11.49820801219903,11.619608796900138,11.91802301502321,12.261124997166917,15.745834010886028,128
A,4,static_contention_baseline_A_event_llm-only_r04_a01,156,static-156,1795.6554999982473,11.540007873990126,11.519666004460305,11.683153492049314,11.910746068460867,12.176041986094788,15.073792019393295,128
A,4,static_contention_baseline_A_event_llm-only_r04_a01,157,static-157,1796.1920829839073,11.577430448868848,11.530708987265825,11.845446313964201,12.528672806220127,12.589667021529749,15.096666989848018,128
A,4,static_contention_baseline_A_event_llm-only_r04_a01,158,static-158,1796.5642499912065,11.568819228367234,11.531166994245723,11.681596291600727,12.38577125244774,12.403082975652069,14.978374994825572,128
A,4,static_contention_baseline_A_event_llm-only_r04_a01,159,static-159,1794.3250000244007,11.570431102309229,11.539208993781358,11.706371302716434,12.529773424612358,12.550832994747907,15.128792001632974,128
A,4,static_contention_baseline_A_event_llm-only_r04_a01,160,static-160,1796.463832986774,11.56887139366045,11.543208005605265,11.681850117747672,12.266030148020944,12.34212500276044,15.055208001285791,128
A,4,static_contention_baseline_A_event_llm-only_r04_a01,161,static-161,1796.5367499855347,11.592249015912662,11.546833004103974,11.93809979886282,12.479862342006527,12.561332987388596,15.705458994489163,128
A,4,static_contention_baseline_A_event_llm-only_r04_a01,162,static-162,1795.0730409938842,11.555570543250509,11.530499992659315,11.707457999000326,12.244718158035537,12.373333011055365,15.20216598873958,128
A,4,static_contention_baseline_A_event_llm-only_r04_a01,163,static-163,1795.4903749923687,11.560138118110494,11.524083995027468,11.916512498282827,12.017947510466911,12.046415999066085,15.101583994692191,128
A,4,static_contention_baseline_A_event_llm-only_r04_a01,164,static-164,1794.9975409719627,11.58735531498678,11.544334003701806,11.808000091696158,12.47685406531673,12.543874996481463,15.017707977676764,128
A,4,static_contention_baseline_A_event_llm-only_r04_a01,165,static-165,1793.560249992879,11.571126645586753,11.533332988619804,11.914457887178287,12.370375657919794,12.442749983165413,15.029915986815467,128
A,4,static_contention_baseline_A_event_llm-only_r04_a01,166,static-166,1795.5076250073034,11.554115488080264,11.528999981237575,11.650791901047342,12.375441835029049,12.512458983110264,15.096833027200773,128
A,4,static_contention_baseline_A_event_llm-only_r04_a01,167,static-167,1794.4396249949932,11.573382873980945,11.546082998393103,11.714050007867627,12.321026999852618,12.572333012940362,15.150541992625222,128
A,4,static_contention_baseline_A_event_llm-only_r04_a01,168,static-168,1795.5373339937069,11.563736543437011,11.53016701573506,11.817103496287018,12.255673001054674,12.314332998357713,15.212792000966147,128
A,4,static_contention_baseline_A_event_llm-only_r04_a01,169,static-169,1795.2865830156952,11.578590220471067,11.533333017723635,11.992520603234878,12.48427517421078,12.526667007477954,15.136708010686561,128
A,4,static_contention_baseline_A_event_llm-only_r04_a01,170,static-170,1794.370000017807,11.561592188792112,11.54362500528805,11.69639189611189,12.015461426926777,12.385167006868869,15.189708006801084,128
A,4,static_contention_baseline_A_event_llm-only_r04_a01,171,static-171,1793.429292010842,11.566870732188928,11.539958999492228,11.70252520532813,12.310013280948624,12.361666973447427,15.054916992085055,128
A,4,static_contention_baseline_A_event_llm-only_r04_a01,172,static-172,1794.6253750124015,11.793718826599552,11.546249996172264,13.109287503175437,13.943033756222576,14.057416992727667,15.543042012723163,128
A,4,static_contention_baseline_A_event_llm-only_r04_a01,173,static-173,1804.9647499865387,11.592002291512845,11.561458988580853,11.732995600323193,12.444128567585722,12.540458992589265,14.978041988797486,128
A,4,static_contention_baseline_A_event_llm-only_r04_a01,174,static-174,1795.2645840123296,11.570287070889758,11.540999985300004,11.802912401617503,12.37740013806615,12.454291980247945,15.565917012281716,128
A,4,static_contention_baseline_A_event_llm-only_r04_a01,175,static-175,1793.2004999893252,11.560015425298685,11.527666996698827,11.805745505262166,12.35318450606428,12.562250019982457,15.09224998881109,128
A,4,static_contention_baseline_A_event_llm-only_r04_a01,176,static-176,1795.2784580120351,11.550525921318078,11.503666988573968,11.91999550210312,12.307650583679788,12.345541996182874,14.968750008847564,128
A,4,static_contention_baseline_A_event_llm-only_r04_a01,177,static-177,1794.1146249941085,11.580439630023196,11.543083004653454,11.844979494344441,12.527914682286792,12.590208003530279,15.08554199244827,128
A,4,static_contention_baseline_A_event_llm-only_r04_a01,178,static-178,1793.617124989396,11.56603149596719,11.531750002177432,11.757679589209145,12.463441918371243,12.530457985121757,15.015667013358325,128
A,4,static_contention_baseline_A_event_llm-only_r04_a01,179,static-179,1794.6422919922043,11.563254590650404,11.523541004862636,11.829329511965625,12.125067350571044,12.271582992980257,15.084666985785589,128
A,4,static_contention_baseline_A_event_llm-only_r04_a01,180,static-180,1792.9674169863574,11.58193175591103,11.540665989741683,11.897750193020329,12.496849084855057,12.56329199532047,14.924707997124642,128
A,4,static_contention_baseline_A_event_llm-only_r04_a01,181,static-181,1792.5153329852037,11.547057740216136,11.51654199929908,11.689062396180816,12.240753730293362,12.573082989547402,14.993166987551376,128
A,4,static_contention_baseline_A_event_llm-only_r04_a01,182,static-182,1794.5271669887006,11.555875322917169,11.529749986948445,11.677541193785146,12.248381493845955,12.525124999228865,15.002041996922344,128
A,4,static_contention_baseline_A_event_llm-only_r04_a01,183,static-183,1793.5431669757236,11.570274275745904,11.537792015587911,11.865516993566416,12.407891259063035,12.485792016377673,14.979416999267414,128
A,4,static_contention_baseline_A_event_llm-only_r04_a01,184,static-184,1794.067749986425,11.564983598343426,11.528542003361508,11.7204708076315,12.482398081338033,12.534790992503986,15.304125001421198,128
A,4,static_contention_baseline_A_event_llm-only_r04_a01,185,static-185,1794.459791999543,11.568875984274085,11.548250011401251,11.863850092049686,12.086907821358182,12.258542003110051,15.279499988537282,128
A,4,static_contention_baseline_A_event_llm-only_r04_a01,186,static-186,1795.164291979745,11.557521000156164,11.532125005032867,11.806579504627733,12.059114071307704,12.109499977668747,15.04929197835736,128
A,4,static_contention_baseline_A_event_llm-only_r04_a01,187,static-187,1793.656124995323,11.553124338571774,11.517875012941658,11.657258207560517,12.405940940952858,12.4681250017602,15.000416984548792,128
A,4,static_contention_baseline_A_event_llm-only_r04_a01,188,static-188,1796.0720419941936,11.569239496158099,11.536833015270531,11.73834191286005,12.31755141634494,12.471458001527935,15.002874977653846,128
A,4,static_contention_baseline_A_event_llm-only_r04_a01,189,static-189,1794.018957996741,11.567556102417306,11.540957988472655,11.724474804941565,12.362194327870382,12.528000021120533,14.985082991188392,128
A,4,static_contention_baseline_A_event_llm-only_r04_a01,190,static-190,1793.775917001767,11.572010826601787,11.536957987118512,11.824308289214969,12.469813002389856,12.626457988517359,14.933708996977657,128
A,4,static_contention_baseline_A_event_llm-only_r04_a01,191,static-191,1810.32525000046,11.742291661523884,11.607458989601582,12.969912699190898,13.588780593709089,13.651916000526398,15.273958997568116,128
A,4,static_contention_baseline_A_event_llm-only_r04_a01,192,static-192,1793.8086669892073,11.556163055301592,11.542500025825575,11.668315998394974,11.97381143225357,12.392125005135313,15.02820898895152,128
A,4,static_contention_baseline_A_event_llm-only_r04_a01,193,static-193,1797.119124996243,11.54183464580377,11.524792003910989,11.640632987837307,12.06213143072091,12.219457974424586,15.069916000356898,128
A,4,static_contention_baseline_A_event_llm-only_r04_a01,194,static-194,1795.0629999977536,11.591994755912395,11.548167007276788,11.953346405061893,12.521413585054688,12.544750003144145,15.01204099622555,128
A,4,static_contention_baseline_A_event_llm-only_r04_a01,195,static-195,1794.472167006461,11.555807740156224,11.524582980200648,11.83114100131206,12.038005317444913,12.179832992842421,15.024332999018952,128
A,4,static_contention_baseline_A_event_llm-only_r04_a01,196,static-196,1795.720958005404,11.605467850353392,11.562040977878496,12.012791182496583,12.519129073480144,12.540832976810634,15.023250016383827,128
A,4,static_contention_baseline_A_event_llm-only_r04_a01,197,static-197,1796.608875010861,11.559523299233767,11.534082994330674,11.821349992533213,12.376853163004851,12.586833006935194,15.012207994004712,128
A,4,static_contention_baseline_A_event_llm-only_r04_a01,198,static-198,1795.0790419999976,11.581956693081288,11.537042009877041,11.897541995858772,12.44792360230349,12.579290982102975,15.10033299564384,128
A,4,static_contention_baseline_A_event_llm-only_r04_a01,199,static-199,1796.1559999966994,11.562275921414408,11.52395797544159,11.833070497959852,12.238397851469927,12.314666993916035,15.03395798499696,128
A,4,static_contention_baseline_A_event_llm-only_r04_a01,200,static-200,1795.0455000100192,11.544572503863298,11.513958976138383,11.646299989661202,12.389014086220413,12.51279198913835,14.989334013080224,128
A,4,static_contention_baseline_A_event_llm-only_r04_a01,201,static-201,1796.1484160041437,11.578441929121642,11.547667003469542,11.800666913040914,12.482599490322173,12.51283401506953,15.008500020485371,128
A,4,static_contention_baseline_A_event_llm-only_r04_a01,202,static-202,1794.8937909968663,11.586706692813053,11.533417011378333,12.100387492682783,12.482677507214248,12.546041019959375,14.982332999352366,128
A,4,static_contention_baseline_A_event_llm-only_r04_a01,203,static-203,1796.0192910104524,11.562533464647581,11.526457994477823,11.856795611674896,12.481667992542498,12.512165994849056,15.429749997565523,128
A,4,static_contention_baseline_A_event_llm-only_r04_a01,204,static-204,1796.716082986677,11.543876637922834,11.525166977662593,11.707232997287065,11.89213483943604,11.978708003880456,15.041499980725348,128
A,4,static_contention_baseline_A_event_llm-only_r04_a01,205,static-205,1794.7855830134358,11.558342519707567,11.527666007168591,11.761441812268458,12.215006412588991,12.252292013727129,15.104457997949794,128
A,4,static_contention_baseline_A_event_llm-only_r04_a01,206,static-206,1795.3660410130396,11.551189637838268,11.523166002007201,11.794600111898033,12.231314245727843,12.436040997272357,14.991625008406118,128
A,4,static_contention_baseline_A_event_llm-only_r04_a01,207,static-207,1796.2950420042034,11.56991797634107,11.548500013304874,11.696466998546384,12.360993725596927,12.449125002603978,14.98145898221992,128
A,4,static_contention_baseline_A_event_llm-only_r04_a01,208,static-208,1795.4410409729462,11.553425858380258,11.524500005180016,11.808304404257795,12.418359244475141,12.494708003941923,14.930415985872969,128
A,4,static_contention_baseline_A_event_llm-only_r04_a01,209,static-209,1798.4476669807918,11.95320045675415,11.697874986566603,13.605212594848123,14.14047157159075,14.82795798801817,16.407832998083904,128
A,4,static_contention_baseline_A_event_llm-only_r04_a01,210,static-210,1797.0057920028921,11.45263057473431,11.486792005598545,11.700574908172712,12.253605925943702,12.38962498609908,14.977374987211078,128
A,4,static_contention_baseline_A_event_llm-only_r04_a01,211,static-211,1796.0402079916093,11.567576440953188,11.539458006154746,11.76894631644245,12.221626003738491,12.50141701893881,15.06949999020435,128
A,4,static_contention_baseline_A_event_llm-only_r04_a01,212,static-212,1796.2255829770584,11.571624677208451,11.547875008545816,11.717483177199028,12.245058151311241,12.293792009586468,15.058749995660037,128
A,4,static_contention_baseline_A_event_llm-only_r04_a01,213,static-213,1795.389000006253,11.599290023574342,11.55049999943003,11.928983786492605,12.541207011672668,12.600333022419363,15.122125012567267,128
A,4,static_contention_baseline_A_event_llm-only_r04_a01,214,static-214,1796.305666997796,11.553671590499873,11.5415419859346,11.673541212803684,11.966347353882156,12.55187499918975,15.132500004256144,128
A,4,static_contention_baseline_A_event_llm-only_r04_a01,215,static-215,1796.1998330138158,11.582399937085896,11.555332981515676,11.783183086663485,12.44544890592806,12.464832980185747,15.511083009187132,128
A,4,static_contention_baseline_A_event_llm-only_r04_a01,216,static-216,1795.104333985364,11.56222342520835,11.530540999956429,11.787928920239208,12.12353733018972,12.566166988108307,15.035999997053295,128
A,4,static_contention_baseline_A_event_llm-only_r04_a01,217,static-217,1796.408958005486,11.573585630055355,11.549957998795435,11.852554400684312,12.3199357627891,12.331042002188042,15.083083009812981,128
A,4,static_contention_baseline_A_event_llm-only_r04_a01,218,static-218,1794.598209002288,11.609865157492825,11.555917008081451,11.978912586346269,12.486762498156166,12.54662501742132,15.031749993795529,128
A,4,static_contention_baseline_A_event_llm-only_r04_a01,219,static-219,1797.1977080160286,11.556458338640454,11.523624998517334,11.71891250705812,12.247579837567173,12.573374988278374,15.025291009806097,128
A,4,static_contention_baseline_A_event_llm-only_r04_a01,220,static-220,1796.675707999384,11.579982614177682,11.536041012732312,12.091424991376696,12.373966253944673,12.444125022739172,15.06195799447596,128
A,4,static_contention_baseline_A_event_llm-only_r04_a01,221,static-221,1794.8421250039246,11.560023299145227,11.526042013429105,11.842683100258,12.412321478477677,12.499499978730455,15.011000010417774,128
A,4,static_contention_baseline_A_event_llm-only_r04_a01,222,static-222,1796.5014580113348,11.545228999883568,11.517916980665177,11.700437506078742,12.25360375305172,12.392332981107756,15.04383300198242,128
A,4,static_contention_baseline_A_event_llm-only_r04_a01,223,static-223,1796.295125008328,11.572308401580841,11.533290991792455,11.882557996432295,12.456298424513077,12.510250002378598,14.974166988395154,128
A,4,static_contention_baseline_A_event_llm-only_r04_a01,224,static-224,1795.4488749965094,11.549577425191854,11.530457995831966,11.690553513471968,12.149542094557546,12.189542001578957,15.049499983433634,128
A,4,static_contention_baseline_A_event_llm-only_r04_a01,225,static-225,1796.3420410233084,11.566907157351476,11.532125005032867,11.799733113730326,12.280079842312261,12.554207991342992,15.056791016831994,128
A,4,static_contention_baseline_A_event_llm-only_r04_a01,226,static-226,1797.805124981096,11.555648622181868,11.53237497783266,11.705283279297873,12.334375167847611,12.47054198756814,15.77212498523295,128
A,4,static_contention_baseline_A_event_llm-only_r04_a01,227,static-227,1796.0151669976767,11.73481069286134,11.546374997124076,13.017741809017025,13.969251414528117,14.640417008195072,14.954209007555619,128
A,4,static_contention_baseline_A_event_llm-only_r04_a01,228,static-228,1807.7324159967247,11.574533795497901,11.532834003446624,11.72690830717329,12.306856407085434,12.547124992124736,15.091624984052032,128
A,4,static_contention_baseline_A_event_llm-only_r04_a01,229,static-229,1795.8029579895083,11.572686023551853,11.54041598783806,11.769591717165895,12.369279821868984,12.487375002820045,14.973832992836833,128
A,4,static_contention_baseline_A_event_llm-only_r04_a01,230,static-230,1796.524750010576,11.594909125953679,11.565334018087015,11.833112398744559,12.176001080079004,12.291791994357482,15.00220800517127,128
A,4,static_contention_baseline_A_event_llm-only_r04_a01,231,static-231,1797.6150000176858,11.598574472444616,11.555667006177828,11.90694991091732,12.484335921471938,12.643791997106746,15.314500022213906,128
A,4,static_contention_baseline_A_event_llm-only_r04_a01,232,static-232,1796.1265420017298,11.56014370077517,11.525750014698133,11.67914989637211,12.468462334945796,12.573915999382734,15.073749993462116,128
A,4,static_contention_baseline_A_event_llm-only_r04_a01,233,static-233,1796.8403330014553,11.54747637796333,11.532875010743737,11.68980419752188,11.951812005718239,12.135290977312252,15.165791992330924,128
A,4,static_contention_baseline_A_event_llm-only_r04_a01,234,static-234,1795.347417006269,11.564304464584671,11.521833977894858,11.961875186534598,12.240754844387993,12.282665993552655,14.977000013459474,128
A,4,static_contention_baseline_A_event_llm-only_r04_a01,235,static-235,1797.3519160004798,11.579864834642448,11.529790994245559,11.920891809859313,12.551879980019294,12.587708013597876,15.028207999421284,128
A,4,static_contention_baseline_A_event_llm-only_r04_a01,236,static-236,1795.1772499945946,11.550953740292544,11.514624988194555,11.691574798896909,12.447003090637734,12.54608400631696,15.241499990224838,128
A,4,static_contention_baseline_A_event_llm-only_r04_a01,237,static-237,1795.8383750228677,11.556550527429648,11.532167001860216,11.72772919817362,12.115463737864047,12.340083019807935,15.028333000373095,128
A,4,static_contention_baseline_A_event_llm-only_r04_a01,238,static-238,1797.6715420081746,11.572282803043224,11.531374999321997,11.952895400463602,12.33574607700575,12.422500003594905,14.994125027442351,128
A,4,static_contention_baseline_A_event_llm-only_r04_a01,239,static-239,1795.2557080134284,11.58977952748207,11.54845900600776,11.810587302898057,12.495924656977875,12.54433297435753,14.98479102156125,128
A,4,static_contention_baseline_A_event_llm-only_r04_a01,240,static-240,1795.904666010756,11.579042653494522,11.549583985470235,11.763262495514937,12.280600167578086,12.477957992814481,15.701416006777436,128
A,4,static_contention_baseline_A_event_llm-only_r04_a01,241,static-241,1796.6894999844953,11.585446850554357,11.540667008375749,11.967708103475161,12.517486918950453,12.54454199806787,15.013541997177526,128
A,4,static_contention_baseline_A_event_llm-only_r04_a01,242,static-242,1795.203500019852,11.56258366142187,11.530499992659315,11.797954299254341,12.409946070401926,12.556333997054026,14.999250008258969,128
A,4,static_contention_baseline_A_event_llm-only_r04_a01,243,static-243,1796.1491669993848,11.592821196761115,11.54812501044944,11.952312587527558,12.497418073471636,12.542457989184186,15.090750006493181,128
A,4,static_contention_baseline_A_event_llm-only_r04_a01,244,static-244,1794.8122500092722,11.569397968577412,11.550458002602682,11.714062700048089,11.943551847944036,12.385749985696748,15.067166998051107,128
A,4,static_contention_baseline_A_event_llm-only_r04_a01,245,static-245,1794.4390409975313,11.546472771557077,11.525249981787056,11.729270798969083,11.93934949929826,12.377665989333764,14.963333000196144,128
A,4,static_contention_baseline_A_event_llm-only_r04_a01,246,static-246,1810.2508750162087,11.72110137775335,11.613375012530014,12.552749895257875,13.20879467006307,13.789209013339132,15.121666016057134,128
A,4,static_contention_baseline_A_event_llm-only_r04_a01,247,static-247,1795.0271670124494,11.56488779517932,11.523708002641797,11.813179301680066,12.324066069559192,12.47954199789092,15.12779202312231,128
A,4,static_contention_baseline_A_event_llm-only_r04_a01,248,static-248,1798.0514589871746,11.565093826924222,11.53141600661911,11.725612386362627,12.423639073967932,12.494958005845547,14.984833978815004,128
A,4,static_contention_baseline_A_event_llm-only_r04_a01,249,static-249,1796.788290987024,11.674011157556093,11.534750025020912,12.332820493611507,13.757993581821209,15.953875001287088,15.129500010516495,128
A,4,static_contention_baseline_A_event_llm-only_r04_a01,250,static-250,1799.54245800036,11.562837598300868,11.5300000179559,11.807087503257208,12.29501249617897,12.41762499557808,15.205208008410409,128
A,4,static_contention_baseline_A_event_llm-only_r04_a01,251,static-251,1798.6437089857645,11.566559708719398,11.540375009644777,11.709399818209931,12.21387450583279,12.319125002250075,15.599917009240016,128
A,4,static_contention_baseline_A_event_llm-only_r04_a01,252,static-252,1796.9010839879047,11.561837921140892,11.528708011610433,11.855666295741683,12.13807157066185,12.504667014582083,15.015749988378957,128
A,4,static_contention_baseline_A_event_llm-only_r04_a01,253,static-253,1797.7743329829536,11.581354330873161,11.532500007888302,12.130667106248437,12.558731507742777,12.559250026242808,15.717375004896894,128
A,4,static_contention_baseline_A_event_llm-only_r04_a01,254,static-254,1795.480500004487,11.545650259954634,11.51554100215435,11.666658098693006,12.306431581964716,12.383167020743713,15.112583991140127,128
A,4,static_contention_baseline_A_event_llm-only_r04_a01,255,static-255,1796.172958012903,11.547674212511263,11.526582995429635,11.6848294128431,11.959598425310105,12.278625014005229,15.116624999791384,128
A,4,static_contention_baseline_A_event_llm-only_r04_a01,256,static-256,1798.1539169850294,11.559435039461686,11.528166010975838,11.7656661052024,12.277997336932458,12.557916983496398,14.966332993935794,128
A,4,static_contention_baseline_A_event_llm-only_r04_a01,257,static-257,1796.4025000110269,11.588048889745378,11.552167008630931,11.867291896487586,12.477934994967654,12.557167006889358,15.774250001413748,128
A,4,static_contention_baseline_A_event_llm-only_r04_a01,258,static-258,1796.179500001017,11.571493440932835,11.54137501725927,11.781408201204611,12.38027501036413,12.462624988984317,14.953708014218137,128
A,4,static_contention_baseline_A_event_llm-only_r04_a01,259,static-259,1797.0500829978846,11.547028874028767,11.515292018884793,11.689795705024153,12.203391739167271,12.538999988464639,15.013708005426452,128
A,4,static_contention_baseline_A_event_llm-only_r04_a01,260,static-260,1795.5638330022339,11.570426834587698,11.534374993061647,11.72947499435395,12.331714997417293,12.570292019518092,15.054042014526203,128
A,4,static_contention_baseline_A_event_llm-only_r04_a01,261,static-261,1797.0865830138791,11.564261810973242,11.537916987435892,11.784966810955666,11.952200430096127,12.33354100259021,15.06425000843592,128
A,4,static_contention_baseline_A_event_llm-only_r04_a01,262,static-262,1798.1850830256008,11.56284514948447,11.528915987582877,11.749137606238946,12.397571427864023,12.64404199901037,15.027083019958809,128
A,4,static_contention_baseline_A_event_llm-only_r04_a01,263,static-263,1796.9879589800257,11.565081362234883,11.542416992597282,11.752929308568127,12.129846999887377,12.283916992601007,15.336166979977861,128
A,4,static_contention_baseline_A_event_llm-only_r04_a01,264,static-264,1799.8810000135563,12.00854756679628,11.726124997949228,13.211374985985458,14.673379681189544,14.741166989551857,17.26595900254324,128
A,4,static_contention_baseline_A_event_llm-only_r04_a01,265,static-265,1797.810332995141,11.38230019678017,11.303000006591901,11.626779293874279,12.20598483341746,12.2759590158239,15.071333007654175,128
A,4,static_contention_baseline_A_event_llm-only_r04_a01,266,static-266,1796.9995420135092,11.564776244092966,11.534499994013458,11.819291213760152,12.290178765542805,12.514500005636364,15.00779201160185,128
A,4,static_contention_baseline_A_event_llm-only_r04_a01,267,static-267,1795.7491249835584,11.57659088196343,11.537042009877041,11.726708296919242,12.453355661709793,12.55262500490062,15.037499979371205,128
A,4,static_contention_baseline_A_event_llm-only_r04_a01,268,static-268,1797.2701249818783,11.56783137011239,11.53141597751528,11.746962496545166,12.475138931768015,12.555500026792288,15.038790996186435,128
A,4,static_contention_baseline_A_event_llm-only_r04_a01,269,static-269,1797.4759999779053,11.570940614360802,11.52850000653416,11.795540997991338,12.283204996492714,12.354083999525756,15.456833003554493,128
A,4,static_contention_baseline_A_event_llm-only_r04_a01,270,static-270,1795.6937919952907,11.560612858188756,11.52004097821191,11.83265001454856,12.22594608028885,12.313500017626211,15.120625001145527,128
A,4,static_contention_baseline_A_event_llm-only_r04_a01,271,static-271,1797.3621250130236,11.569087275562397,11.526666989084333,11.805362498853354,12.477930923341773,12.502957979450002,14.989249990321696,128
A,4,static_contention_baseline_A_event_llm-only_r04_a01,272,static-272,1798.136291996343,11.571017054998586,11.54958299594,11.714087295695208,12.204107501311226,12.400957988575101,15.082124999025837,128
A,4,static_contention_baseline_A_event_llm-only_r04_a01,273,static-273,1796.8159999873023,11.588850393882169,11.546291003469378,11.899170515243895,12.377238169428892,12.678125000093132,15.138332993956283,128
A,4,static_contention_baseline_A_event_llm-only_r04_a01,274,static-274,1797.5797090039123,11.561195535436786,11.535458004800603,11.703962594037876,11.999091845354997,12.553666980238631,15.037667006254196,128
A,4,static_contention_baseline_A_event_llm-only_r04_a01,275,static-275,1795.7296250096988,11.587044621971765,11.541707994183525,11.891992096207103,12.530205761431716,12.605833995621651,15.05733301746659,128
A,4,static_contention_baseline_A_event_llm-only_r04_a01,276,static-276,1796.8493749795016,11.585611874085492,11.529084003996104,12.153104506433007,12.48229015734978,12.528167018899694,15.157291985815391,128
A,4,static_contention_baseline_A_event_llm-only_r04_a01,277,static-277,1796.4514999766834,11.560413055121899,11.530749994562939,11.739629509975202,12.38504249777179,12.522000004537404,14.996332989539951,128
A,4,static_contention_baseline_A_event_llm-only_r04_a01,278,static-278,1795.332875015447,11.572526243980974,11.533499986398965,11.79298289644066,12.559122017701156,12.583750009071082,14.989417017204687,128
A,4,static_contention_baseline_A_event_llm-only_r04_a01,279,static-279,1797.4798340001144,11.56283398415512,11.533332988619804,11.727004483691417,12.282363581471145,12.393208016874269,15.047749999212101,128
A,4,static_contention_baseline_A_event_llm-only_r04_a01,280,static-280,1797.1329579886515,11.573169952878127,11.53987500583753,11.673596210312098,12.481827504816463,12.555666005937383,15.028624999104068,128
A,4,static_contention_baseline_A_event_llm-only_r04_a01,281,static-281,1797.4292919971049,11.559502621993467,11.542457999894395,11.68548729037866,12.167246062308546,12.53687500138767,15.801375004230067,128
A,4,static_contention_baseline_A_event_llm-only_r04_a01,282,static-282,1798.334666993469,11.741391078781659,11.557165998965502,12.936908681876954,13.309654074837452,13.466916978359222,15.28533300734125,128
A,4,static_contention_baseline_A_event_llm-only_r04_a01,283,static-283,1808.8737080106512,11.583029196962466,11.543040978722274,11.809296283172444,12.367112335632555,12.495625007431954,15.01529201050289,128
A,4,static_contention_baseline_A_event_llm-only_r04_a01,284,static-284,1798.1964999926277,11.544107606379667,11.529916984727606,11.71385429915972,11.902982831816189,12.326083000516519,15.402958990307525,128
A,4,static_contention_baseline_A_event_llm-only_r04_a01,285,static-285,1797.1255000156816,11.569049212564604,11.546291992999613,11.693483209819533,12.385583428549578,12.476375006372109,15.026167005999014,128
A,4,static_contention_baseline_A_event_llm-only_r04_a01,286,static-286,1797.1591249806806,11.576502952875027,11.542917025508359,11.843720398610456,12.173942151712254,12.444500025594607,14.977624989114702,128
A,4,static_contention_baseline_A_event_llm-only_r04_a01,287,static-287,1797.4738749908283,11.557391732399477,11.520375002874061,11.722158812335692,12.49877314607147,12.57449999684468,15.016416989965364,128
A,4,static_contention_baseline_A_event_llm-only_r04_a01,288,static-288,1796.7923330143094,11.607013779369689,11.547083006007597,12.04435879481025,12.53022467077244,12.617917003808543,15.405750018544495,128
A,4,static_contention_baseline_A_event_llm-only_r04_a01,289,static-289,1797.8764589934144,11.59559251964239,11.551042000064626,11.810504496679641,12.438830666942522,12.642165995202959,15.062791993841529,128
A,4,static_contention_baseline_A_event_llm-only_r04_a01,290,static-290,1797.7640840108506,11.592241795183577,11.544167005922645,11.94351680460386,12.556287935585715,12.56699999794364,15.297167003154755,128
A,4,static_contention_baseline_A_event_llm-only_r04_a01,291,static-291,1796.3644160190597,11.5816765116513,11.544292006874457,11.727362591773272,12.479692507185973,12.505457998486236,15.094541013240814,128
A,4,static_contention_baseline_A_event_llm-only_r04_a01,292,static-292,1798.190458008321,11.567206692828716,11.546875000931323,11.704108706908299,12.143032334861344,12.32774998061359,15.095374983502552,128
A,4,static_contention_baseline_A_event_llm-only_r04_a01,293,static-293,1795.9743329847697,11.593883858276824,11.553791002370417,11.928304398315959,12.453870506142266,12.577582994708791,15.11691597988829,128
A,4,static_contention_baseline_A_event_llm-only_r04_a01,294,static-294,1797.1708750119433,11.595285763665228,11.553415999514982,11.990807901020162,12.334654073347338,12.522624980192631,15.331708011217415,128
A,4,static_contention_baseline_A_event_llm-only_r04_a01,295,static-295,1795.8753749844618,11.558607945037185,11.535750003531575,11.668083103722893,12.063868410768917,12.573332991451025,15.130040992517024,128
A,4,static_contention_baseline_A_event_llm-only_r04_a01,296,static-296,1795.464583003195,11.550067913421525,11.539500002982095,11.685195693280548,11.918015570845455,12.202334008179605,14.974457997595891,128
A,4,static_contention_baseline_A_event_llm-only_r04_a01,297,static-297,1797.312292008428,11.558664700714871,11.52920801541768,11.841904313769192,12.041165315313265,12.455166986910626,15.158292022533715,128
A,4,static_contention_baseline_A_event_llm-only_r04_a01,298,static-298,1797.5013749965,11.565036740104528,11.534332996234298,11.770433009951375,12.174156918772496,12.477415992179886,15.150874998653308,128
A,4,static_contention_baseline_A_event_llm-only_r04_a01,299,static-299,1797.863249987131,11.56200426763591,11.533792014233768,11.722729407483712,12.325472489465028,12.573125015478581,14.989916991908103,128
B,0,static_contention_baseline_B_event_llm-only_r00_a01,0,static-000,1780.4464579967316,11.556127299297982,11.507707997225225,12.032470401027236,12.327375924796796,12.502458004746586,15.17508301185444,128
B,0,static_contention_baseline_B_event_llm-only_r00_a01,1,static-001,1781.652750010835,11.543897637826076,11.503499990794808,11.809016807819715,12.403303760802373,12.475208000978455,15.145874989684671,128
B,0,static_contention_baseline_B_event_llm-only_r00_a01,2,static-002,1783.2431660208385,11.524064637771918,11.503874993650243,11.65530810249038,12.04084649682045,12.4184169981163,15.087791020050645,128
B,0,static_contention_baseline_B_event_llm-only_r00_a01,3,static-003,1781.9682500266936,11.516204062807118,11.492334015201777,11.72078739327844,12.20812234620098,12.230708001879975,15.068375010741875,128
B,0,static_contention_baseline_B_event_llm-only_r00_a01,4,static-004,1781.793333007954,11.514183724396238,11.485916009405628,11.63289119140245,12.245178589364514,12.347957992460579,15.011416980996728,128
B,0,static_contention_baseline_B_event_llm-only_r00_a01,5,static-005,1780.5582090222742,11.543062007729345,11.501041997689754,11.818591691553593,12.339054084150119,12.54137500654906,15.124875004403293,128
B,0,static_contention_baseline_B_event_llm-only_r00_a01,6,static-006,1778.2874169934075,11.546898622012616,11.490959004731849,11.931637383531775,12.458529838477261,12.48024997767061,15.032583003630862,128
B,0,static_contention_baseline_B_event_llm-only_r00_a01,7,static-007,1777.9159999918193,11.516929787444317,11.498000007122755,11.69212058885023,12.114582848735154,12.12475000647828,15.006625006208196,128
B,0,static_contention_baseline_B_event_llm-only_r00_a01,8,static-008,1786.1316250055097,11.772996716441469,11.610458022914827,13.234470601310019,13.742229337804018,13.841875013895333,15.249417017912492,128
B,0,static_contention_baseline_B_event_llm-only_r00_a01,9,static-009,1775.4659589845687,11.339359905517579,11.240041989367455,11.647245509084314,12.202757490449583,12.26362498709932,15.021750004962087,128
B,0,static_contention_baseline_B_event_llm-only_r00_a01,10,static-010,1777.012750011636,11.530631889614797,11.505749978823587,11.722474984708242,12.066924081882462,12.254583009053022,15.272749995347112,128
B,0,static_contention_baseline_B_event_llm-only_r00_a01,11,static-011,1776.379791990621,11.539444881931358,11.51654202840291,11.74948759144172,12.249160141800528,12.517083989223465,15.86741697974503,128
B,0,static_contention_baseline_B_event_llm-only_r00_a01,12,static-012,1775.4127090156544,11.533993763819806,11.49333399371244,11.875183903612195,12.341277012601495,12.539666990051046,15.025792003143579,128
B,0,static_contention_baseline_B_event_llm-only_r00_a01,13,static-013,1773.4096249914728,11.539714566961766,11.512458004290238,11.762970691779627,12.199464570730925,12.304125004447997,15.184874995611608,128
B,0,static_contention_baseline_B_event_llm-only_r00_a01,14,static-014,1771.9587920000777,11.52483136214382,11.491082987049595,11.671807992388494,12.29939957265742,12.550000014016405,15.109333995496854,128
B,0,static_contention_baseline_B_event_llm-only_r00_a01,15,static-015,1769.5004580018576,11.510861873916372,11.481082998216152,11.779874912463129,12.005623170989566,12.21000001532957,14.974042016547173,128
B,0,static_contention_baseline_B_event_llm-only_r00_a01,16,static-016,1770.8834999939427,11.529296590748617,11.507250019349158,11.647858991636895,12.048664839239791,12.118291022488847,15.100832999451086,128
B,0,static_contention_baseline_B_event_llm-only_r00_a01,17,static-017,1769.8065419972409,11.559234252135365,11.514291982166469,11.891912485589273,12.427301067509688,12.512249988503754,15.08699997793883,128
B,0,static_contention_baseline_B_event_llm-only_r00_a01,18,static-018,1768.6510419880506,11.547805771678979,11.498750012833625,12.08151259925216,12.350877849967219,12.439916987204924,14.997208985732868,128
B,0,static_contention_baseline_B_event_llm-only_r00_a01,19,static-019,1768.5260419966653,11.527200133904566,11.493375001009554,11.708067095605657,12.309471912449226,12.475249997805804,15.038082987302914,128
B,0,static_contention_baseline_B_event_llm-only_r00_a01,20,static-020,1769.4951250159647,11.57410104720538,11.542416003067046,11.830583112896418,12.371080492739564,12.529125000583008,15.028207999421284,128
B,0,static_contention_baseline_B_event_llm-only_r00_a01,21,static-021,1768.5023749945685,11.553585307038293,11.514582991367206,11.80242940026801,12.306107505573891,12.399665982229635,15.026000008219853,128
B,0,static_contention_baseline_B_event_llm-only_r00_a01,22,static-022,1768.1350839848164,11.560538055157055,11.51408298755996,12.11614999338053,12.526805158122443,12.64550001360476,15.14649999444373,128
B,0,static_contention_baseline_B_event_llm-only_r00_a01,23,static-023,1768.6830410093535,11.527040031441583,11.506124981679022,11.758187509258276,12.203242150717415,12.382625020109117,14.985500019975007,128
B,0,static_contention_baseline_B_event_llm-only_r00_a01,24,static-024,1767.2159579815343,11.518835960694874,11.48400001693517,11.703795703942886,12.236878587282263,12.400708015775308,15.067458007251844,128
B,0,static_contention_baseline_B_event_llm-only_r00_a01,25,static-025,1764.2439590126742,11.527875653517572,11.488957999972627,11.777671205345541,12.219983913819306,12.297917011892423,15.05675000953488,128
B,0,static_contention_baseline_B_event_llm-only_r00_a01,26,static-026,1765.4588329896796,11.740813976406729,11.530958989169449,13.042120588943357,14.481127168983218,14.768707973416895,15.33749999362044,128
B,0,static_contention_baseline_B_event_llm-only_r00_a01,27,static-027,1775.5444579815958,11.52906496069526,11.499749991344288,11.693154514068738,12.282821829430755,12.483917002100497,15.149207989452407,128
B,0,static_contention_baseline_B_event_llm-only_r00_a01,28,static-028,1764.7856249823235,11.537324803089357,11.504624999361113,11.750362406019121,12.231737339752726,12.40104201133363,14.986750000389293,128
B,0,static_contention_baseline_B_event_llm-only_r00_a01,29,static-029,1761.97679201141,11.53337565346027,11.50749999214895,11.704167103744112,12.09505467559211,12.446834007278085,15.024791995529085,128
B,0,static_contention_baseline_B_event_llm-only_r00_a01,30,static-030,1763.6600410041865,11.544388126055747,11.499624990392476,11.877412398462182,12.441028576577082,12.449000001652166,15.028916008304805,128
B,0,static_contention_baseline_B_event_llm-only_r00_a01,31,static-031,1764.1717910009902,11.544438322830036,11.512666998896748,11.788170391810127,12.26620907720644,12.419791979482397,14.934207982150838,128
B,0,static_contention_baseline_B_event_llm-only_r00_a01,32,static-032,1764.3351670121774,11.509963582585177,11.479707987746224,11.665274991537444,12.18510843173135,12.391249998472631,15.012667019618675,128
B,0,static_contention_baseline_B_event_llm-only_r00_a01,33,static-033,1763.2063750061207,11.535270338489374,11.510957992868498,11.763816891470922,12.256588138407094,12.45987499714829,15.1165840215981,128
B,0,static_contention_baseline_B_event_llm-only_r00_a01,34,static-034,1763.0729170050472,11.529261157407946,11.489042022731155,11.867221308057195,12.356740492396057,12.407207977958024,15.15941700199619,128
B,0,static_contention_baseline_B_event_llm-only_r00_a01,35,static-035,1761.8720419995952,11.539312992309124,11.502999986987561,11.941307899542153,12.300101419095881,12.422084022546187,14.977416984038427,128
B,0,static_contention_baseline_B_event_llm-only_r00_a01,36,static-036,1762.4759580066893,11.518532810842721,11.477833992103115,11.700421301065942,12.263423732365482,12.306374992476776,15.009167022071779,128
B,0,static_contention_baseline_B_event_llm-only_r00_a01,37,static-037,1764.8282079899218,11.544234582725325,11.506999988341704,11.917474900837986,12.287379234912805,12.297333014430478,15.785625000717118,128
B,0,static_contention_baseline_B_event_llm-only_r00_a01,38,static-038,1763.4134170075413,11.53086482681972,11.491749988636002,11.713953810976818,12.316357915406114,12.431290990207344,14.975375001085922,128
B,0,static_contention_baseline_B_event_llm-only_r00_a01,39,static-039,1764.5480420032982,11.5401929133942,11.502957990160212,11.918762509594671,12.386595428106375,12.488000007579103,15.022500010672957,128
B,0,static_contention_baseline_B_event_llm-only_r00_a01,40,static-040,1762.6924999931362,11.529964566969598,11.485166993224993,11.904391887946984,12.290780926123261,12.365250004222617,15.859709004871547,128
B,0,static_contention_baseline_B_event_llm-only_r00_a01,41,static-041,1762.7689999935683,11.536027236308126,11.50137500371784,11.712096209521404,12.28021576476749,12.392833014018834,15.421124990098178,128
B,0,static_contention_baseline_B_event_llm-only_r00_a01,42,static-042,1762.4257919960655,11.539868763867972,11.518374987645075,11.71128748974297,12.217629571678117,12.306083022849634,15.039791993331164,128
B,0,static_contention_baseline_B_event_llm-only_r00_a01,43,static-043,1762.9200409865007,11.54140584256984,11.49816601537168,11.949921300401911,12.3165049997624,12.445250002201647,15.055415977258235,128
B,0,static_contention_baseline_B_event_llm-only_r00_a01,44,static-044,1766.3080409984104,11.531846787538527,11.505166999995708,11.733458004891872,12.162781841470858,12.401290994603187,15.748499979963526,128
B,0,static_contention_baseline_B_event_llm-only_r00_a01,45,static-045,1772.7542080101557,11.808418637640246,11.6456669929903,13.127087397151625,13.71552141790744,13.916749972850084,16.14725001854822,128
B,0,static_contention_baseline_B_event_llm-only_r00_a01,46,static-046,1762.8697080072016,11.526871393764699,11.510208016261458,11.632895495858975,12.165237660519779,12.241167016327381,15.065667015733197,128
B,0,static_contention_baseline_B_event_llm-only_r00_a01,47,static-047,1763.9797080191784,11.553016078739068,11.50491600856185,11.970553701394238,12.224219251074828,12.295041990000755,15.034000010928139,128
B,0,static_contention_baseline_B_event_llm-only_r00_a01,48,static-048,1764.6164999750908,11.54370472457546,11.5112500207033,11.83626710262615,12.274741412256844,12.462791986763477,15.026707987999544,128
B,0,static_contention_baseline_B_event_llm-only_r00_a01,49,static-049,1765.119916992262,11.52304429139238,11.501041997689754,11.708458105567843,11.989065156085417,12.174125004094094,15.064541978063062,128
B,0,static_contention_baseline_B_event_llm-only_r00_a01,50,static-050,1764.7583750076592,11.529145669283741,11.506000009831041,11.680854595033452,12.180749652325176,12.249541003257036,14.991459000157192,128
B,0,static_contention_baseline_B_event_llm-only_r00_a01,51,static-051,1765.9187919925898,11.528322834789195,11.500708991661668,11.745779393822886,12.229302999330685,12.277875008294359,15.104749996680766,128
B,0,static_contention_baseline_B_event_llm-only_r00_a01,52,static-052,1765.0795000081416,11.540927488116665,11.509083007695153,11.922066315310076,12.275258588488214,12.418792000971735,14.996167010394856,128
B,0,static_contention_baseline_B_event_llm-only_r00_a01,53,static-053,1766.0902499919757,11.539363850450775,11.501583008794114,11.668542088591494,12.330221240990795,12.44320799014531,15.308625006582588,128
B,0,static_contention_baseline_B_event_llm-only_r00_a01,54,static-054,1765.9084589977283,11.533893370042064,11.49091697880067,11.875916193821467,12.009181990870275,12.37966600456275,14.97379198553972,128
B,0,static_contention_baseline_B_event_llm-only_r00_a01,55,static-055,1764.0717499889433,11.525396000058574,11.501667002448812,11.651541799074039,12.140536999795586,12.18216700362973,15.025792003143579,128
B,0,static_contention_baseline_B_event_llm-only_r00_a01,56,static-056,1765.4129580187146,11.542830377905153,11.500332999275997,11.927287589060143,12.361211428651586,12.478916993131861,14.937375002773479,128
B,0,static_contention_baseline_B_event_llm-only_r00_a01,57,static-057,1766.6469999821857,11.52173687422494,11.497083003632724,11.79432519711554,11.939428426558152,12.48620799742639,15.003624983364716,128
B,0,static_contention_baseline_B_event_llm-only_r00_a01,58,static-058,1765.1710830105003,11.537638125990657,11.502415989525616,11.75863400567323,12.276934408000669,12.488207983551547,14.961375010898337,128
B,0,static_contention_baseline_B_event_llm-only_r00_a01,59,static-059,1765.297667006962,11.524892055088522,11.490750010125339,11.695216808584519,12.286027668742463,12.320750014623627,14.979125000536442,128
B,0,static_contention_baseline_B_event_llm-only_r00_a01,60,static-060,1764.5558330114,11.530355976364671,11.501917004352435,11.740295597701332,12.060784082277676,12.416417011991143,15.142083022510633,128
B,0,static_contention_baseline_B_event_llm-only_r00_a01,61,static-061,1765.242124994984,11.54136942519887,11.508167022839189,11.839421404874882,12.294016433297656,12.458415993023664,14.986750000389293,128
B,0,static_contention_baseline_B_event_llm-only_r00_a01,62,static-062,1765.4214579961263,11.519052496172606,11.489666998386383,11.7308873886941,12.278678736765867,12.43208401137963,15.023041982203722,128
B,0,static_contention_baseline_B_event_llm-only_r00_a01,63,static-063,1767.2085840022191,11.667461614133643,11.510417010867968,12.495824994402938,13.827233164338395,14.603624993469566,15.100541990250349,128
B,0,static_contention_baseline_B_event_llm-only_r00_a01,64,static-064,1776.4182920218445,11.55336679525006,11.52174998424016,11.789062709431164,12.27574709104374,12.311916012549773,15.251500008162111,128
B,0,static_contention_baseline_B_event_llm-only_r00_a01,65,static-065,1766.5620000043418,11.552676842428788,11.521709006046876,11.692258802941069,12.31563950481359,12.507125007687137,14.903625007718801,128
B,0,static_contention_baseline_B_event_llm-only_r00_a01,66,static-066,1766.75612499821,11.540587929143445,11.51275000302121,11.660525196930394,12.385435675969347,12.539249990368262,15.03562499419786,128
B,0,static_contention_baseline_B_event_llm-only_r00_a01,67,static-067,1766.250583983492,11.526794944877011,11.49391700164415,11.69409139547497,12.160466999048367,12.336542014963925,15.004333981778473,128
B,0,static_contention_baseline_B_event_llm-only_r00_a01,68,static-068,1766.3419579912443,11.543196196783349,11.512708006193861,11.635958607075736,12.32589891180396,12.438375008059666,15.094458009116352,128
B,0,static_contention_baseline_B_event_llm-only_r00_a01,69,static-069,1768.0433749919757,11.552814307153284,11.511458025779575,11.857850197702644,12.361846084240824,12.530666019301862,15.308083005947992,128
B,0,static_contention_baseline_B_event_llm-only_r00_a01,70,static-070,1767.9234579845797,11.531968834566129,11.505541013320908,11.679662510869093,12.342915748013182,12.494916998548433,15.42291700025089,128
B,0,static_contention_baseline_B_event_llm-only_r00_a01,71,static-071,1770.7099170074798,11.534469488157532,11.503167013870552,11.704483194625936,12.253984501003288,12.48925001709722,15.084999991813675,128
B,0,static_contention_baseline_B_event_llm-only_r00_a01,72,static-072,1767.110083019361,11.560602031563826,11.523124994710088,11.91239990585018,12.279009419144131,12.335749983321875,15.028583002276719,128
B,0,static_contention_baseline_B_event_llm-only_r00_a01,73,static-073,1766.7918329825625,11.541843834822616,11.510084004839882,11.785395501647145,12.227200922206976,12.350625009275973,15.64387499820441,128
B,0,static_contention_baseline_B_event_llm-only_r00_a01,74,static-074,1768.6588749929797,11.527843503868134,11.503082991112024,11.694174888543785,11.851820906740613,12.138208985561505,15.090667002368718,128
B,0,static_contention_baseline_B_event_llm-only_r00_a01,75,static-075,1768.2159169926308,11.531197173084594,11.512333003338426,11.751478599035181,11.96224341983907,12.270957988221198,15.190000005532056,128
B,0,static_contention_baseline_B_event_llm-only_r00_a01,76,static-076,1767.6193330262322,11.536916669304153,11.484791000839323,11.927287504659034,12.406865155207925,12.493708985857666,14.951042016036808,128
B,0,static_contention_baseline_B_event_llm-only_r00_a01,77,static-077,1767.0364579826128,11.520382543286955,11.499915999593213,11.667637602658942,12.038387837819753,12.346292001893744,15.459707996342331,128
B,0,static_contention_baseline_B_event_llm-only_r00_a01,78,static-078,1768.1413749814965,11.529589889756235,11.503374989842996,11.720429189153947,11.973287499276921,12.543791002826765,15.105124999536201,128
B,0,static_contention_baseline_B_event_llm-only_r00_a01,79,static-079,1768.7527500092983,13.672293307063514,14.081291999900714,14.93988320871722,15.35877791699022,15.79991600010544,15.0498750153929,128
B,0,static_contention_baseline_B_event_llm-only_r00_a01,80,static-080,1759.9454580049496,11.521882220358389,11.495250015286729,11.720554504427128,12.124534849426707,12.275999994017184,15.230167016852647,128
B,0,static_contention_baseline_B_event_llm-only_r00_a01,81,static-081,1763.9847499958705,11.526409448830293,11.504541005706415,11.641553914523683,12.193555491976438,12.381042004562914,15.395750000607222,128
B,0,static_contention_baseline_B_event_llm-only_r00_a01,82,static-082,1776.223332999507,11.902701771702603,11.701707990141585,13.458541902946306,14.159625003230758,14.184875006321818,15.698624978540465,128
B,0,static_contention_baseline_B_event_llm-only_r00_a01,83,static-083,1764.2551249882672,11.580039692976637,11.535917001310736,12.013916083378717,12.488110664999112,12.496290990384296,14.988292008638382,128
B,0,static_contention_baseline_B_event_llm-only_r00_a01,84,static-084,1767.9252499947324,11.555911748079716,11.515416001202539,11.865183603367768,12.225965000106953,12.392165983328596,15.74870801414363,128
B,0,static_contention_baseline_B_event_llm-only_r00_a01,85,static-085,1767.361375008477,11.545981629980787,11.522249988047406,11.764521300210617,12.009146424825303,12.515124981291592,15.233375015668571,128
B,0,static_contention_baseline_B_event_llm-only_r00_a01,86,static-086,1766.2220420024823,11.533303472523277,11.511750024510548,11.680937514756806,12.23142391827423,12.4634160019923,15.000999992480502,128
B,0,static_contention_baseline_B_event_llm-only_r00_a01,87,static-087,1767.6664169994183,11.54058529925716,11.51729200500995,11.6668874892639,12.322738755028691,12.51429200056009,15.043999999761581,128
B,0,static_contention_baseline_B_event_llm-only_r00_a01,88,static-088,1768.7539169855881,11.545113189096423,11.513874982483685,11.71255890512839,12.305995994829573,12.430582981323823,14.974041987443343,128
B,0,static_contention_baseline_B_event_llm-only_r00_a01,89,static-089,1767.255999991903,11.552338251902714,11.511667020386085,11.83711239718832,12.318833249155432,12.35579198691994,15.05899999756366,128
B,0,static_contention_baseline_B_event_llm-only_r00_a01,90,static-090,1769.2139169957954,11.534558071050881,11.516665981616825,11.684620403684676,12.1463659289293,12.19800001126714,15.460374997928739,128
B,0,static_contention_baseline_B_event_llm-only_r00_a01,91,static-091,1767.8518749889918,11.55933070864609,11.522875021910295,11.861358711030334,12.270930315717123,12.447583983885124,15.016333985840902,128
B,0,static_contention_baseline_B_event_llm-only_r00_a01,92,static-092,1769.520542002283,11.552525590509397,11.510292009916157,11.827674819505772,12.396182985394262,12.51129200682044,15.954041999066249,128
B,0,static_contention_baseline_B_event_llm-only_r00_a01,93,static-093,1767.8424589976203,11.532658464724461,11.493791011162102,11.71586639538873,12.353119495674035,12.495917006162927,14.887291996274143,128
B,0,static_contention_baseline_B_event_llm-only_r00_a01,94,static-094,1769.08125000773,11.53174835425897,11.495457991259173,11.656403803499416,12.154885507188737,12.393707991577685,15.135041991015896,128
B,0,static_contention_baseline_B_event_llm-only_r00_a01,95,static-095,1769.6038330032025,11.534047574739844,11.503166984766722,11.695241802954115,12.223638007417321,12.341708003077656,15.012165997177362,128
B,0,static_contention_baseline_B_event_llm-only_r00_a01,96,static-096,1769.484000018565,11.559175858164103,11.522374988999218,11.873187505989334,12.252691567409784,12.323584000114352,15.600708022248,128
B,0,static_contention_baseline_B_event_llm-only_r00_a01,97,static-097,1768.229833978694,11.541749338580912,11.52116700541228,11.690371407894418,11.95462558302097,12.094792007701471,15.05395898129791,128
B,0,static_contention_baseline_B_event_llm-only_r00_a01,98,static-098,1769.6477090066765,11.55654559856992,11.521624983288348,11.827350009116344,12.003385334392078,12.061083019943908,15.107666986295953,128
B,0,static_contention_baseline_B_event_llm-only_r00_a01,99,static-099,1768.3014159847517,11.528567590670088,11.501291010063142,11.772087492863648,12.236049987841398,12.323332979576662,15.074833005201072,128
B,0,static_contention_baseline_B_event_llm-only_r00_a01,100,static-100,1768.6934590165038,11.696553149482412,11.502916982863098,12.703266210155562,13.23292783810757,14.319833979243413,15.0031250086613,128
B,0,static_contention_baseline_B_event_llm-only_r00_a01,101,static-101,1782.5566249957774,11.555887795398085,11.518499988596886,11.928646496380678,12.2316244879039,12.34983399626799,15.115916990907863,128
B,0,static_contention_baseline_B_event_llm-only_r00_a01,102,static-102,1770.1120419951621,11.556717519708872,11.518624989548698,11.793241690611465,12.446034072199835,12.522125005489215,15.027874993393198,128
B,0,static_contention_baseline_B_event_llm-only_r00_a01,103,static-103,1770.7323340000585,11.552620732306144,11.529084003996104,11.67537058936432,12.167630150797777,12.244208017364144,15.934042021399364,128
B,0,static_contention_baseline_B_event_llm-only_r00_a01,104,static-104,1769.811000005575,11.5397388425355,11.507124989293516,11.702562283608131,12.29989999323152,12.504041020292789,15.106250008102506,128
B,0,static_contention_baseline_B_event_llm-only_r00_a01,105,static-105,1770.2761669934262,11.533624015695334,11.504916998092085,11.772516794735564,12.345605419832282,12.487958010751754,15.066958992974833,128
B,0,static_contention_baseline_B_event_llm-only_r00_a01,106,static-106,1770.4026249994058,11.548547897585044,11.511499993503094,11.760871091973968,12.324013415491208,12.547124992124736,15.232292003929615,128
B,0,static_contention_baseline_B_event_llm-only_r00_a01,107,static-107,1771.895375015447,11.559066929172461,11.523458000738174,11.787650108453818,12.522856064024381,12.554209009977058,15.097459021490067,128
B,0,static_contention_baseline_B_event_llm-only_r00_a01,108,static-108,1771.4822079869919,11.524038055204002,11.484333022963256,11.831016204087064,12.196096435654908,12.204375001601875,14.979208004660904,128
B,0,static_contention_baseline_B_event_llm-only_r00_a01,109,static-109,1770.7761670171749,11.54378248038555,11.522082990268245,11.729750109952874,11.951108006178401,11.964417004492134,15.068375010741875,128
B,0,static_contention_baseline_B_event_llm-only_r00_a01,110,static-110,1770.9939159976784,11.525544621862515,11.502540990477428,11.6817500005709,12.226599988061935,12.327457981882617,15.020083024865016,128
B,0,static_contention_baseline_B_event_llm-only_r00_a01,111,static-111,1771.4155839930754,11.540199472526764,11.513958015711978,11.702991792117245,12.351229657651857,12.459708988899365,15.133292006794363,128
B,0,static_contention_baseline_B_event_llm-only_r00_a01,112,static-112,1770.2284590050112,11.544949803171372,11.525540990987793,11.756150203291327,12.007000496960245,12.319666013354436,14.97829199070111,128
B,0,static_contention_baseline_B_event_llm-only_r00_a01,113,static-113,1770.4490409814753,11.532626968650808,11.500374996103346,11.697824989096262,12.23437792272307,12.403708999045193,15.037374978419393,128
B,0,static_contention_baseline_B_event_llm-only_r00_a01,114,static-114,1771.374707983341,11.540476708740773,11.503749992698431,11.82235809683334,12.429892927757464,12.537833012174815,15.918874996714294,128
B,0,static_contention_baseline_B_event_llm-only_r00_a01,115,static-115,1770.7334579899907,11.530651905487739,11.512666998896748,11.721300007775426,11.938581590657122,12.051583995344117,15.051541005959734,128
B,0,static_contention_baseline_B_event_llm-only_r00_a01,116,static-116,1770.3325829934329,11.532754921235188,11.498333013150841,11.698854598216712,12.412832490517758,12.54062500083819,15.088207990629598,128
B,0,static_contention_baseline_B_event_llm-only_r00_a01,117,static-117,1770.6844999920577,11.54122801587411,11.517375009134412,11.689320707228035,12.208688255050218,12.33391699497588,15.05545899271965,128
B,0,static_contention_baseline_B_event_llm-only_r00_a01,118,static-118,1771.5052079875022,11.56067027569213,11.52400000137277,11.884504393674431,12.226003578398377,12.49891598126851,15.296457975637168,128
B,0,static_contention_baseline_B_event_llm-only_r00_a01,119,static-119,1782.017084013205,11.808100393670795,11.652290995698422,13.265275003504936,13.698416578699835,13.727875018958002,15.306584013160318,128
B,0,static_contention_baseline_B_event_llm-only_r00_a01,120,static-120,1770.2055420086253,11.393286417262248,11.406167002860457,11.593787494348362,12.025782488053665,12.353625003015622,14.971917000366375,128
B,0,static_contention_baseline_B_event_llm-only_r00_a01,121,static-121,1771.553957980359,11.568618441040913,11.521624983288348,11.948475000099279,12.443430594867095,12.48475001193583,15.229374985210598,128
B,0,static_contention_baseline_B_event_llm-only_r00_a01,122,static-122,1773.27108400641,11.56785433074298,11.535875004483387,11.892833304591477,12.265747338533401,12.324084003921598,15.05245899898,128
B,0,static_contention_baseline_B_event_llm-only_r00_a01,123,static-123,1771.8791250081267,11.526073157277661,11.512833007145673,11.66501618863549,11.955440332530998,12.015624990453944,15.063625003676862,128
B,0,static_contention_baseline_B_event_llm-only_r00_a01,124,static-124,1771.7980419984087,11.611369094494217,11.567333014681935,11.981945595471188,12.263100171694532,12.4770829861518,15.112124994629994,128
B,0,static_contention_baseline_B_event_llm-only_r00_a01,125,static-125,1773.5130839864723,11.856914692930511,11.8475409981329,12.076716683804989,12.42458932858426,12.560708011733368,15.302999992854893,128
B,0,static_contention_baseline_B_event_llm-only_r00_a01,126,static-126,1772.040708019631,11.537661417304927,11.519624997163191,11.714858692721464,11.867840164341033,12.428957998054102,15.174083004239947,128
B,0,static_contention_baseline_B_event_llm-only_r00_a01,127,static-127,1773.5470419866033,11.528165023737243,11.49816601537168,11.720342017360963,12.234418402658774,12.523417011834681,15.039874997455627,128
B,0,static_contention_baseline_B_event_llm-only_r00_a01,128,static-128,1771.4922500017565,11.570142054981662,11.52379100676626,11.86659998493269,12.456452486221679,12.512332992628217,15.012209012638777,128
B,0,static_contention_baseline_B_event_llm-only_r00_a01,129,static-129,1771.2931249989197,11.545492456694259,11.508291005156934,11.847862700233234,12.320992833701894,12.48025000677444,14.967833005357534,128
B,0,static_contention_baseline_B_event_llm-only_r00_a01,130,static-130,1773.2264160003979,11.530173228371625,11.507459013955668,11.653437584755011,12.100394679000601,12.45220800046809,15.088999993167818,128
B,0,static_contention_baseline_B_event_llm-only_r00_a01,131,static-131,1774.0067080012523,11.516844488242201,11.48399998783134,11.726617091335354,12.363465909147635,12.386541988234967,15.042124985484406,128
B,0,static_contention_baseline_B_event_llm-only_r00_a01,132,static-132,1771.7397079977673,11.534913063074983,11.49383297888562,11.872712583863173,12.281941759283654,12.395875004585832,15.117374976398423,128
B,0,static_contention_baseline_B_event_llm-only_r00_a01,133,static-133,1773.3041669998784,11.546480645632782,11.513667006511241,11.731421388685703,12.102202061214484,12.55054198554717,15.019542013760656,128
B,0,static_contention_baseline_B_event_llm-only_r00_a01,134,static-134,1772.7741249836981,11.533998692908698,11.510125012136996,11.796158892684614,12.152933750185184,12.234583002282307,15.195082989521325,128
B,0,static_contention_baseline_B_event_llm-only_r00_a01,135,static-135,1773.3474160195328,11.518930448686675,11.496499995701015,11.693920497782528,12.058682342176326,12.25891598733142,15.20891601103358,128
B,0,static_contention_baseline_B_event_llm-only_r00_a01,136,static-136,1773.2117919949815,11.552976047222348,11.506583978189155,11.926283995853735,12.340022517018951,12.610458012204617,15.012708987342194,128
B,0,static_contention_baseline_B_event_llm-only_r00_a01,137,static-137,1774.1365830006544,11.762760495941162,11.548916983883828,13.008191098924726,14.24966575228609,14.795541996136308,15.077582997037098,128
B,0,static_contention_baseline_B_event_llm-only_r00_a01,138,static-138,1782.97383399331,11.550717842517654,11.528959003044292,11.721062392462045,12.088479679077864,12.393540993798524,15.33770898822695,128
B,0,static_contention_baseline_B_event_llm-only_r00_a01,139,static-139,1774.1116249817424,11.520786417371365,11.511042015627027,11.631062717060558,11.975318920449354,12.056667008437216,14.969208976253867,128
B,0,static_contention_baseline_B_event_llm-only_r00_a01,140,static-140,1773.7318339932244,11.53128477171848,11.497750005219132,11.743258309434168,12.369218586827628,12.5050829956308,15.055708994623274,128
B,0,static_contention_baseline_B_event_llm-only_r00_a01,141,static-141,1772.9272909928113,11.523077102409177,11.487458017654717,11.666741402586922,12.217716572340578,12.45987499714829,15.04966599168256,128
B,0,static_contention_baseline_B_event_llm-only_r00_a01,142,static-142,1774.5957919978537,11.532739826888726,11.504249996505678,11.780137303867376,12.219214838114567,12.283166986890137,15.306874993257225,128
B,0,static_contention_baseline_B_event_llm-only_r00_a01,143,static-143,1773.3507920056581,11.529640086530524,11.509458010550588,11.64509630179964,12.039737162995152,12.59262501844205,15.141792013309896,128
B,0,static_contention_baseline_B_event_llm-only_r00_a01,144,static-144,1774.4624580082018,11.542253936897582,11.499375017592683,11.868978801066984,12.452797334990464,12.498166994191706,15.020749997347593,128
B,0,static_contention_baseline_B_event_llm-only_r00_a01,145,static-145,1774.2477919964585,11.545262795159827,11.505000002216548,11.851303692674264,12.134225497138686,12.481167010264471,15.273875003913417,128
B,0,static_contention_baseline_B_event_llm-only_r00_a01,146,static-146,1773.7782080075704,11.558628283573066,11.522250017151237,11.769399989861995,12.361506088054739,12.405999994371086,15.006417001131922,128
B,0,static_contention_baseline_B_event_llm-only_r00_a01,147,static-147,1773.5829589946661,11.51824803146585,11.487957992358133,11.748237485880962,12.15236499265302,12.261333002243191,14.982333988882601,128
B,0,static_contention_baseline_B_event_llm-only_r00_a01,148,static-148,1773.897292005131,11.534223755808753,11.495540995383635,11.736158095300198,12.30099125939887,12.357208994217217,14.972958015277982,128
B,0,static_contention_baseline_B_event_llm-only_r00_a01,149,static-149,1772.9248749965336,11.534929787465115,11.501957982545719,11.770954390522093,12.278730008401908,12.363624991849065,14.963624998927116,128
B,0,static_contention_baseline_B_event_llm-only_r00_a01,150,static-150,1773.2529579952825,11.541775267802208,11.51029099128209,11.76427490718197,12.210544996196404,12.487874977523461,14.977624989114702,128
B,0,static_contention_baseline_B_event_llm-only_r00_a01,151,static-151,1774.5405420137104,11.524455378008053,11.496166000142694,11.832779194810426,12.150948250782676,12.223291996633634,15.02424999489449,128
B,0,static_contention_baseline_B_event_llm-only_r00_a01,152,static-152,1773.3440000156406,11.520856629789433,11.501875007525086,11.685778794344515,12.185856075957416,12.241499993251637,14.973041019402444,128
B,0,static_contention_baseline_B_event_llm-only_r00_a01,153,static-153,1774.2344169819262,11.542450456731535,11.520667001605034,11.742092101485468,12.010567163233645,12.454749987227842,15.05449999240227,128
B,0,static_contention_baseline_B_event_llm-only_r00_a01,154,static-154,1773.4375,11.531051181166939,11.50599998072721,11.646408090018667,12.237923745997248,12.44320799014531,15.013458003522828,128
B,0,static_contention_baseline_B_event_llm-only_r00_a01,155,static-155,1773.5970829962753,11.54751345670166,11.514332989463583,11.750424807542004,12.281020481605083,12.435083015589043,15.353916009189561,128
B,0,static_contention_baseline_B_event_llm-only_r00_a01,156,static-156,1783.9238329906948,11.73763681115128,11.620708974078298,12.914320512209088,13.527792510576546,13.791792007395998,16.048999998020008,128
B,0,static_contention_baseline_B_event_llm-only_r00_a01,157,static-157,1773.2599579903763,11.584953409546296,11.543666012585163,11.876237695105374,12.310838925768621,12.735500000417233,15.067583008203655,128
B,0,static_contention_baseline_B_event_llm-only_r00_a01,158,static-158,1774.4239590247162,11.546751306901914,11.519666004460305,11.685171295539476,12.364504999131896,12.425207998603582,15.154542023083195,128
B,0,static_contention_baseline_B_event_llm-only_r00_a01,159,static-159,1774.102291004965,11.539168968452067,11.518790997797623,11.675141987507232,11.948009849875234,12.223499972606078,15.526291012065485,128
B,0,static_contention_baseline_B_event_llm-only_r00_a01,160,static-160,1775.0540420238394,11.50745144077232,11.486834002425894,11.661620388622396,12.00725499948021,12.266875011846423,15.103125013411045,128
B,0,static_contention_baseline_B_event_llm-only_r00_a01,161,static-161,1774.04737501638,11.546569551189071,11.500332999275997,11.918662406969815,12.256804979406297,12.385499983793125,14.945041999453679,128
B,0,static_contention_baseline_B_event_llm-only_r00_a01,162,static-162,1773.730290995445,11.540981629949547,11.51029099128209,11.825187399517745,12.253921588999217,12.52995801041834,15.12141598504968,128
B,0,static_contention_baseline_B_event_llm-only_r00_a01,163,static-163,1774.3565840064548,11.5580062283841,11.521416978212073,11.862345505505798,12.235306565999053,12.541041010990739,14.98124998761341,128
B,0,static_contention_baseline_B_event_llm-only_r00_a01,164,static-164,1776.5030000009574,11.541134842596287,11.520875006681308,11.680775001877919,12.22400499274954,12.501249992055818,14.999416976934299,128
B,0,static_contention_baseline_B_event_llm-only_r00_a01,165,static-165,1774.431708996417,11.551343826723732,11.501000000862405,11.838925091433339,12.227979344897904,12.25762499962002,14.99024999793619,128
B,0,static_contention_baseline_B_event_llm-only_r00_a01,166,static-166,1776.16016700631,11.528558070738397,11.50308400974609,11.685612401925027,12.104243423091248,12.50437498674728,15.7384590129368,128
B,0,static_contention_baseline_B_event_llm-only_r00_a01,167,static-167,1773.8201250031125,11.510192251839404,11.484332993859425,11.639412309159525,12.084069989505224,12.4175000237301,15.081124991411343,128
B,0,static_contention_baseline_B_event_llm-only_r00_a01,168,static-168,1774.9179160164203,11.515316275437913,11.499415995785967,11.628396398737095,12.072304074536078,12.122374988393858,15.81137502216734,128
B,0,static_contention_baseline_B_event_llm-only_r00_a01,169,static-169,1774.4925830047578,11.546037078736072,11.520583007950336,11.780870606889946,12.040922502055764,12.083959009032696,14.934375009033829,128
B,0,static_contention_baseline_B_event_llm-only_r00_a01,170,static-170,1775.0939589750487,11.544368433074908,11.502041015774012,11.831896507646888,12.316566087538376,12.396207981510088,15.302374988095835,128
B,0,static_contention_baseline_B_event_llm-only_r00_a01,171,static-171,1775.474292022409,11.534190283424595,11.510292009916157,11.636408595950343,12.034734259359539,12.38045800710097,15.312250005081296,128
B,0,static_contention_baseline_B_event_llm-only_r00_a01,172,static-172,1774.8710830055643,11.521653873996266,11.503249988891184,11.65753370441962,11.934323740424588,12.436707998858765,15.030833019409329,128
B,0,static_contention_baseline_B_event_llm-only_r00_a01,173,static-173,1776.2203339952976,11.518901574936894,11.495749989990145,11.733679301687514,11.99253291648347,12.043458002153784,14.999209000961855,128
B,0,static_contention_baseline_B_event_llm-only_r00_a01,174,static-174,1775.11587497429,11.754243763889678,11.556791985640302,12.849691894371063,13.342330351588316,14.165583997964859,15.056332980748266,128
B,0,static_contention_baseline_B_event_llm-only_r00_a01,175,static-175,1781.1303329945076,11.53266240153315,11.50208301260136,11.646462712087668,12.184577489970252,12.324082985287532,15.037749981274828,128
B,0,static_contention_baseline_B_event_llm-only_r00_a01,176,static-176,1774.3515420006588,11.543764110368596,11.509667005157098,11.90797510498669,12.055871430784464,12.11950002470985,14.897166984155774,128
B,0,static_contention_baseline_B_event_llm-only_r00_a01,177,static-177,1777.062625013059,11.537167653404763,11.494708014652133,11.768421193119138,12.315588739584198,12.48116698116064,15.138000017032027,128
B,0,static_contention_baseline_B_event_llm-only_r00_a01,178,static-178,1776.3526250200812,11.530706031508304,11.506250011734664,11.806403595255688,12.03548249148298,12.277542002266273,15.184375020908192,128
B,0,static_contention_baseline_B_event_llm-only_r00_a01,179,static-179,1776.0647920076735,11.54873293698912,11.515084013808519,11.79646688979119,12.324510347098112,12.40795900230296,15.113500005099922,128
B,0,static_contention_baseline_B_event_llm-only_r00_a01,180,static-180,1776.719041983597,11.536570866298899,11.51258300524205,11.813516088295726,12.224079226143656,12.306749995332211,15.019624988781288,128
B,0,static_contention_baseline_B_event_llm-only_r00_a01,181,static-181,1774.5873750245664,11.543003606195672,11.514749989146367,11.764416884398086,12.331030339701101,12.462915998185053,15.072000009240583,128
B,0,static_contention_baseline_B_event_llm-only_r00_a01,182,static-182,1774.8269999865443,11.539670937111616,11.489666008856148,11.845424806233495,12.378931092098355,12.401083018630743,15.1191659970209,128
B,0,static_contention_baseline_B_event_llm-only_r00_a01,183,static-183,1776.6078340064269,11.560845141817897,11.517124978126958,11.952529408154076,12.325702994712628,12.365000002318993,15.030500013381243,128
B,0,static_contention_baseline_B_event_llm-only_r00_a01,184,static-184,1775.5341249867342,11.518126315121927,11.49612499284558,11.645762604894117,12.177739569451658,12.422041996615008,15.03487498848699,128
B,0,static_contention_baseline_B_event_llm-only_r00_a01,185,static-185,1777.368667011615,11.543558724407898,11.512083990965039,11.73535809793975,12.217517653480172,12.387249997118488,15.154458989854902,128
B,0,static_contention_baseline_B_event_llm-only_r00_a01,186,static-186,1774.9597920046654,11.571482283395062,11.531958007253706,11.872891098028049,12.34337549074553,12.477957992814481,15.277667000191286,128
B,0,static_contention_baseline_B_event_llm-only_r00_a01,187,static-187,1774.210875009885,11.535291338621779,11.503209010697901,11.799475093721412,12.446266414481215,12.473999988287687,15.103750018170103,128
B,0,static_contention_baseline_B_event_llm-only_r00_a01,188,static-188,1776.9678329932503,11.527732945061986,11.503459012601525,11.720378589234313,12.048192152287811,12.210082990350202,15.136499976506457,128
B,0,static_contention_baseline_B_event_llm-only_r00_a01,189,static-189,1775.8443329948932,11.531886488142401,11.50229200720787,11.651499988511205,12.329062491771765,12.38304199068807,15.069250017404556,128
B,0,static_contention_baseline_B_event_llm-only_r00_a01,190,static-190,1776.9144999911077,11.549503606419615,11.509791016578674,11.847924996982327,12.333672507083975,12.486291001550853,15.80854199710302,128
B,0,static_contention_baseline_B_event_llm-only_r00_a01,191,static-191,1775.8012920094188,11.528556425111574,11.505625006975606,11.652720387792215,12.122232488472946,12.170125002739951,15.227167023112997,128
B,0,static_contention_baseline_B_event_llm-only_r00_a01,192,static-192,1776.8369580153376,11.535411094467515,11.514582991367206,11.666950001381338,12.075457495520823,12.214417016366497,15.006041008746251,128
B,0,static_contention_baseline_B_event_llm-only_r00_a01,193,static-193,1785.740249993978,11.75224507872866,11.623584025073797,13.169466803083193,13.701091565308161,13.755083025898784,15.366999985417351,128
B,0,static_contention_baseline_B_event_llm-only_r00_a01,194,static-194,1775.2654580108356,11.542957023567132,11.517750011989847,11.777446500491351,12.203215925837865,12.295708991587162,15.063124999869615,128
B,0,static_contention_baseline_B_event_llm-only_r00_a01,195,static-195,1777.0392910169903,11.549457677137694,11.511499993503094,11.774333193898201,12.303744325763546,12.509708001744002,15.030750015284866,128
B,0,static_contention_baseline_B_event_llm-only_r00_a01,196,static-196,1774.6552499884274,11.554345472506798,11.516625003423542,11.936754488851873,12.288246732205153,12.553874985314906,15.297000005375594,128
B,0,static_contention_baseline_B_event_llm-only_r00_a01,197,static-197,1777.1271669771522,11.52455085048848,11.491332988953218,11.775733111426234,12.326092069852166,12.382582994177938,15.00012498581782,128
B,0,static_contention_baseline_B_event_llm-only_r00_a01,198,static-198,1776.046207989566,11.539622708627089,11.506083013955504,11.760925015551038,12.319272187305614,12.469665991375223,15.046249987790361,128
B,0,static_contention_baseline_B_event_llm-only_r00_a01,199,static-199,1777.843624993693,11.520195543155529,11.491542012663558,11.604725109646097,12.232617095578462,12.427125009708107,15.164083015406504,128
B,0,static_contention_baseline_B_event_llm-only_r00_a01,200,static-200,1776.6817079973407,11.519414700905052,11.504249996505678,11.638224995112978,12.023467337130569,12.36024999525398,15.14495798619464,128
B,0,static_contention_baseline_B_event_llm-only_r00_a01,201,static-201,1775.5571670131758,11.537552495875696,11.505917005706578,11.66160001012031,12.356171268038452,12.40624999627471,15.046667016576976,128
B,0,static_contention_baseline_B_event_llm-only_r00_a01,202,static-202,1777.2949170030188,11.56214730700434,11.52416699915193,11.920703496434726,12.296807505190372,12.523791985586286,15.330167021602392,128
B,0,static_contention_baseline_B_event_llm-only_r00_a01,203,static-203,1777.7300000016112,11.521156165266673,11.50512500316836,11.64042069867719,11.895894079352729,12.149540998507291,15.067291999002919,128
B,0,static_contention_baseline_B_event_llm-only_r00_a01,204,static-204,1776.6432920179795,11.537170598391576,11.518457991769537,11.658665994764306,12.074135487200692,12.356249993899837,15.668459003791213,128
B,0,static_contention_baseline_B_event_llm-only_r00_a01,205,static-205,1778.9069169957656,11.551719818880239,11.514000012539327,11.723525007255375,12.382819838821888,12.468417000491172,15.000749990576878,128
B,0,static_contention_baseline_B_event_llm-only_r00_a01,206,static-206,1777.4162089917809,11.525263779523497,11.486959003377706,11.748000181978567,12.349400493549183,12.504708982305601,15.1081669901032,128
B,0,static_contention_baseline_B_event_llm-only_r00_a01,207,static-207,1775.4082080209628,11.547794291249103,11.510540993185714,11.786891915835438,12.38232565636281,12.570416001835838,15.027750021545216,128
B,0,static_contention_baseline_B_event_llm-only_r00_a01,208,static-208,1779.3385419936385,11.522256889780177,11.494166014017537,11.656308887177147,12.067988070775755,12.369917007163167,14.968208997743204,128
B,0,static_contention_baseline_B_event_llm-only_r00_a01,209,static-209,1777.2351250168867,11.529868771597068,11.501832981593907,11.634358891751617,12.25890358153265,12.316707987338305,14.985999994678423,128
B,0,static_contention_baseline_B_event_llm-only_r00_a01,210,static-210,1776.696416985942,11.5350656141252,11.48941699648276,11.833187506999817,12.369062671205029,12.450125010218471,15.41449999785982,128
B,0,static_contention_baseline_B_event_llm-only_r00_a01,211,static-211,1778.4914590010885,11.78679067717579,11.590207985136658,13.065133092459291,13.784025653149,14.214958006050438,15.165624994551763,128
B,0,static_contention_baseline_B_event_llm-only_r00_a01,212,static-212,1786.5921670163516,11.52497966128482,11.495540995383635,11.66649550141301,12.24845142569393,12.375333986710757,14.999500010162592,128
B,0,static_contention_baseline_B_event_llm-only_r00_a01,213,static-213,1778.5398750274908,11.562055448669662,11.518083018017933,11.888258790713735,12.46770892990753,12.59408300393261,14.982291002525017,128
B,0,static_contention_baseline_B_event_llm-only_r00_a01,214,static-214,1777.6178329950199,11.538201771625207,11.502416979055852,11.800170692731625,12.25723541690968,12.406833004206419,15.20179200451821,128
B,0,static_contention_baseline_B_event_llm-only_r00_a01,215,static-215,1777.7892920130398,11.542352031472719,11.502583016408607,11.857958190375937,12.363780330051668,12.438542005838826,15.098625008249655,128
B,0,static_contention_baseline_B_event_llm-only_r00_a01,216,static-216,1777.2674170264509,11.545068897649749,11.519125022459775,11.769400088815017,12.378153909812681,12.46641602483578,15.120417025173083,128
B,0,static_contention_baseline_B_event_llm-only_r00_a01,217,static-217,1778.1877499946859,11.54034185831941,11.498875013785437,11.937745596515015,12.232009981526062,12.350333010545,15.089624997926876,128
B,0,static_contention_baseline_B_event_llm-only_r00_a01,218,static-218,1777.467957988847,11.551630905532374,11.517082981299609,11.82937860721722,12.171876268694177,12.468333006836474,15.029583009891212,128
B,0,static_contention_baseline_B_event_llm-only_r00_a01,219,static-219,1777.9178750060964,11.532076118160113,11.514290992636234,11.704841701430269,12.06629291526042,12.363874993752688,15.090917004272342,128
B,0,static_contention_baseline_B_event_llm-only_r00_a01,220,static-220,1778.3690829819534,11.54024868504159,11.504875001264736,11.84859128552489,12.095459431875497,12.341292022028938,15.537667000899091,128
B,0,static_contention_baseline_B_event_llm-only_r00_a01,221,static-221,1779.9624580075033,11.553529527599329,11.512124998262152,11.821716284612194,12.31370483932551,12.460500001907349,15.109750005649403,128
B,0,static_contention_baseline_B_event_llm-only_r00_a01,222,static-222,1778.391665982781,11.561052826752036,11.51554100215435,12.048758097807877,12.392660002806224,12.5739170180168,15.418583003338426,128
B,0,static_contention_baseline_B_event_llm-only_r00_a01,223,static-223,1776.1945000092965,11.559352362125114,11.523041990585625,11.851083909277804,12.312051411718128,12.453583010938019,15.217917010886595,128
B,0,static_contention_baseline_B_event_llm-only_r00_a01,224,static-224,1777.4992079939693,11.56002033857526,11.531124997418374,11.71380820160266,12.41742791433353,12.44329201290384,14.968750008847564,128
B,0,static_contention_baseline_B_event_llm-only_r00_a01,225,static-225,1777.781207987573,11.566081039394861,11.524583998834714,11.82982061000075,12.454672335879877,12.549374980153516,15.017041994724423,128
B,0,static_contention_baseline_B_event_llm-only_r00_a01,226,static-226,1778.4124159952626,11.542613850448163,11.500666994834319,11.73152509436477,12.314959584618919,12.52620801096782,15.1034579903353,128
B,0,static_contention_baseline_B_event_llm-only_r00_a01,227,static-227,1778.4116659895517,11.541973425242244,11.50437499745749,11.882996282656675,12.394911249866707,12.494790978962556,15.110291016753763,128
B,0,static_contention_baseline_B_event_llm-only_r00_a01,228,static-228,1777.7575420041103,11.537688645657049,11.498291016323492,11.819908299366942,12.246111416607164,12.478165997890756,14.95566699304618,128
B,0,static_contention_baseline_B_event_llm-only_r00_a01,229,static-229,1778.9777909929398,11.52818799215941,11.50233400403522,11.722328688483683,12.132714485051109,12.369792006211355,15.008207992650568,128
B,0,static_contention_baseline_B_event_llm-only_r00_a01,230,static-230,1789.8195419984404,11.69292224405194,11.59500001813285,12.382762299966993,13.765004231245257,13.808249990688637,15.626250009518117,128
B,0,static_contention_baseline_B_event_llm-only_r00_a01,231,static-231,1777.767457999289,11.356966866099635,11.271208990365267,11.600958104827441,12.261565508670174,12.281499977689236,15.407958009745926,128
B,0,static_contention_baseline_B_event_llm-only_r00_a01,232,static-232,1780.2296660083812,11.522961944739489,11.497958999825642,11.667137598851696,12.150292907608673,12.261750001925975,15.27995799551718,128
B,0,static_contention_baseline_B_event_llm-only_r00_a01,233,static-233,1780.2627499913797,11.526825787604047,11.50583301205188,11.68910900305491,12.129235565080307,12.388749979436398,14.981208980316296,128
B,0,static_contention_baseline_B_event_llm-only_r00_a01,234,static-234,1780.5249160155654,11.536082023466886,11.501458007842302,11.746704587130807,12.285576922586188,12.3210420133546,15.34029102185741,128
B,0,static_contention_baseline_B_event_llm-only_r00_a01,235,static-235,1779.7264999826439,11.530237204778397,11.51124999159947,11.664171286975034,12.166291258181444,12.411250005243346,15.529750002315268,128
B,0,static_contention_baseline_B_event_llm-only_r00_a01,236,static-236,1779.9832500168122,11.519286417178662,11.4998749922961,11.655124995741062,11.987862152745947,12.187083018943667,15.37608401849866,128
B,0,static_contention_baseline_B_event_llm-only_r00_a01,237,static-237,1780.4380409943406,11.545709645747772,11.52100000763312,11.696387498523109,12.284282495966181,12.365625007078052,15.037207980640233,128
B,0,static_contention_baseline_B_event_llm-only_r00_a01,238,static-238,1779.5037080068141,11.540202755759669,11.503790999995545,11.867654600064268,12.243481085752137,12.367124989395961,15.086416009580716,128
B,0,static_contention_baseline_B_event_llm-only_r00_a01,239,static-239,1780.037040996831,11.528321850529732,11.495082988403738,11.768354300875215,12.202670007827692,12.371374992653728,15.059124998515472,128
B,0,static_contention_baseline_B_event_llm-only_r00_a01,240,static-240,1780.0516250135843,12.496641732332495,11.569958995096385,14.827704391791485,16.225411911727853,16.5647919930052,15.019790997030213,128
B,0,static_contention_baseline_B_event_llm-only_r00_a01,241,static-241,1779.0074580116197,11.527767393684865,11.497540981508791,11.686741191078909,12.220510660554282,12.318916997173801,15.053916024044156,128
B,0,static_contention_baseline_B_event_llm-only_r00_a01,242,static-242,1777.419625024777,11.549730645630172,11.516042024595663,11.865883794962429,12.405448933714068,12.49970798380673,15.124375000596046,128
B,0,static_contention_baseline_B_event_llm-only_r00_a01,243,static-243,1777.9558329784777,11.534687992154188,11.518375016748905,11.658721187268384,11.875019246945158,12.273166998056695,15.091666980879381,128
B,0,static_contention_baseline_B_event_llm-only_r00_a01,244,static-244,1778.8335839868523,11.550157149661494,11.52866700431332,11.745387697010301,12.127551836310884,12.517541006673127,15.04554200801067,128
B,0,static_contention_baseline_B_event_llm-only_r00_a01,245,static-245,1778.6244169983547,11.527691275480857,11.505959002533928,11.778241887805052,11.959105508285575,12.226125021697953,15.00104198930785,128
B,0,static_contention_baseline_B_event_llm-only_r00_a01,246,static-246,1778.5960829933174,11.543387141744203,11.506083013955504,11.788650200469418,12.357797488803044,12.498875003075227,15.73133299825713,128
B,0,static_contention_baseline_B_event_llm-only_r00_a01,247,static-247,1780.1429579849355,11.548919944912122,11.502500012284145,11.88254998414777,12.497920507448725,12.5905419990886,15.445750002982095,128
B,0,static_contention_baseline_B_event_llm-only_r00_a01,248,static-248,1780.6119160086382,11.83862139367293,11.696000001393259,13.147008803207425,13.700259086908773,13.96399998338893,14.988375012762845,128
B,0,static_contention_baseline_B_event_llm-only_r00_a01,249,static-249,1784.403375000693,11.528762141755951,11.50583301205188,11.64320451207459,12.304428907809779,12.30812500580214,15.197542001260445,128
B,0,static_contention_baseline_B_event_llm-only_r00_a01,250,static-250,1779.2568750155624,11.536182417244628,11.512124998262152,11.680416201124899,12.195481987437232,12.440332997357473,15.043750026961789,128
B,0,static_contention_baseline_B_event_llm-only_r00_a01,251,static-251,1779.2828340025153,11.524679456877807,11.492999998154119,11.670604487881064,12.168220653547905,12.44845800101757,15.059416997246444,128
B,0,static_contention_baseline_B_event_llm-only_r00_a01,252,static-252,1780.292332987301,11.551632220475517,11.531958007253706,11.856108100619165,12.140746902441604,12.298042012844235,14.984082983573899,128
B,0,static_contention_baseline_B_event_llm-only_r00_a01,253,static-253,1779.64987498126,11.535233921347567,11.503249988891184,11.711849810671993,12.159859329112805,12.45016697794199,15.067375003127381,128
B,0,static_contention_baseline_B_event_llm-only_r00_a01,254,static-254,1780.7581250090152,11.543719811130345,11.514917016029358,11.846425090334376,12.126919639413245,12.188541004434228,15.121333999559283,128
B,0,static_contention_baseline_B_event_llm-only_r00_a01,255,static-255,1780.065624974668,12.35904593701753,11.543915985384956,14.510224896366708,15.414462494663894,15.810749988304451,15.119832998607308,128
B,0,static_contention_baseline_B_event_llm-only_r00_a01,256,static-256,1778.0080410011578,11.546454070856443,11.51891698827967,11.830196302616967,12.256513914326206,12.31037499383092,15.058000019052997,128
B,0,static_contention_baseline_B_event_llm-only_r00_a01,257,static-257,1779.6726250089705,11.575487204671537,11.519958992721513,11.908416682854295,12.45303900388535,12.541667005280033,14.998875005403534,128
B,0,static_contention_baseline_B_event_llm-only_r00_a01,258,static-258,1779.7342090052553,11.530101047205468,11.503666988573968,11.734591706772335,12.148987656692041,12.283499992918223,15.05620899843052,128
B,0,static_contention_baseline_B_event_llm-only_r00_a01,259,static-259,1779.3956660025287,11.531060370185786,11.508541996590793,11.660937505075708,12.036062492406927,12.123458000132814,15.134540997678414,128
B,0,static_contention_baseline_B_event_llm-only_r00_a01,260,static-260,1779.293040977791,11.56229101576087,11.52712499606423,11.7936624068534,12.275683428160846,12.592457991559058,15.202290989691392,128
B,0,static_contention_baseline_B_event_llm-only_r00_a01,261,static-261,1783.1620840006508,11.557354330769043,11.52416699915193,11.807133007096125,12.414744249545036,12.523665995104238,15.139916999032721,128
B,0,static_contention_baseline_B_event_llm-only_r00_a01,262,static-262,1779.908249998698,11.540579393700382,11.508666997542605,11.732854211004451,12.197341727442108,12.477374984882772,15.195874992059544,128
B,0,static_contention_baseline_B_event_llm-only_r00_a01,263,static-263,1779.06666698982,11.542841535442927,11.511916003655642,11.773395611089654,12.186365923844276,12.484375009080395,15.066749998368323,128
B,0,static_contention_baseline_B_event_llm-only_r00_a01,264,static-264,1782.062042009784,11.541555440841668,11.495917016873136,11.890312307514249,12.311912154546008,12.52625000779517,15.190875012194738,128
B,0,static_contention_baseline_B_event_llm-only_r00_a01,265,static-265,1782.2033330157865,11.529848094356767,11.506499984534457,11.662345699733123,12.065505920909343,12.147250003181398,15.63845801865682,128
B,0,static_contention_baseline_B_event_llm-only_r00_a01,266,static-266,1781.939999986207,11.519087598600432,11.505333008244634,11.694462396553718,11.869631229201332,11.972459004027769,15.390833985293284,128
B,0,static_contention_baseline_B_event_llm-only_r00_a01,267,static-267,1804.1980830021203,11.660035433088188,11.542208987521008,12.384866882348431,13.208923161146227,13.885958993341774,15.514916012762114,128
B,0,static_contention_baseline_B_event_llm-only_r00_a01,268,static-268,1780.5403340025805,11.532036740219176,11.507249990245327,11.682559008477256,12.275273434352128,12.565250013722107,15.055208990816027,128
B,0,static_contention_baseline_B_event_llm-only_r00_a01,269,static-269,1782.1861669945065,11.556596787395248,11.511916993185878,11.934933782322332,12.361194992554374,12.511792010627687,15.096666989848018,128
B,0,static_contention_baseline_B_event_llm-only_r00_a01,270,static-270,1781.1875420156866,11.551304464595114,11.524250003276393,11.749083807808347,12.343873918871394,12.465916981454939,15.013958007330075,128
B,0,static_contention_baseline_B_event_llm-only_r00_a01,271,static-271,1781.6128329723142,11.529968181115347,11.494250007672235,11.68546240660362,12.302657159161754,12.375708000035957,15.117249975446612,128
B,0,static_contention_baseline_B_event_llm-only_r00_a01,272,static-272,1783.150375005789,11.514051180969059,11.489124997751787,11.703491289517842,12.145349829224868,12.351040990324691,15.058458026032895,128
B,0,static_contention_baseline_B_event_llm-only_r00_a01,273,static-273,1779.3903330166359,11.536568897550808,11.515333986608312,11.82503309973981,12.056267152656801,12.175708980066702,14.963249996071681,128
B,0,static_contention_baseline_B_event_llm-only_r00_a01,274,static-274,1781.732750008814,11.531166661270403,11.515707999933511,11.657791788456962,12.004356410470791,12.29687500745058,15.157417015871033,128
B,0,static_contention_baseline_B_event_llm-only_r00_a01,275,static-275,1782.9464999958873,11.53925885826782,11.501958011649549,11.944674985716118,12.339759413152931,12.457208998966962,15.13079198775813,128
B,0,static_contention_baseline_B_event_llm-only_r00_a01,276,static-276,1783.0484999867622,11.556771653521015,11.506875016493723,12.039128693868404,12.39573682891205,12.55854099872522,14.942207984859124,128
B,0,static_contention_baseline_B_event_llm-only_r00_a01,277,static-277,1781.9189169968013,11.541358267661096,11.504415975650772,11.657304389518686,12.160817338735797,12.221249984577298,15.328208013670519,128
B,0,static_contention_baseline_B_event_llm-only_r00_a01,278,static-278,1782.1488750050776,11.527119747979024,11.503917019581422,11.627295485232025,12.202428923337719,12.32249999884516,15.18204199965112,128
B,0,static_contention_baseline_B_event_llm-only_r00_a01,279,static-279,1781.9719160033856,11.538970472536775,11.505458009196445,11.786566011141984,12.23811449308414,12.394333985866979,15.07187497918494,128
B,0,static_contention_baseline_B_event_llm-only_r00_a01,280,static-280,1783.3517920225859,11.521710629903117,11.497875006170943,11.680566202267073,11.918213758035563,12.173750001238659,15.11412500985898,128
B,0,static_contention_baseline_B_event_llm-only_r00_a01,281,static-281,1783.8752919924445,11.569772307086355,11.532416014233604,11.856854404322803,12.33210967213381,12.359832995571196,15.116249996935949,128
B,0,static_contention_baseline_B_event_llm-only_r00_a01,282,static-282,1782.7236670127604,11.522695866063252,11.492624995298684,11.71763751481194,12.065384010202251,12.109458009945229,15.033625008072704,128
B,0,static_contention_baseline_B_event_llm-only_r00_a01,283,static-283,1781.6627919964958,11.52217388198909,11.496916995383799,11.669029298354872,12.153782504610717,12.378208979498595,15.04854200175032,128
B,0,static_contention_baseline_B_event_llm-only_r00_a01,284,static-284,1784.5233750122134,11.552833992113381,11.504416994284838,11.89870369271375,12.320150645100512,12.557625013869256,15.089000022271648,128
B,0,static_contention_baseline_B_event_llm-only_r00_a01,285,static-285,1784.0604159864597,11.932886811064952,11.706667020916939,13.390392091241663,14.301051068468947,14.566708996426314,15.377583011286333,128
B,0,static_contention_baseline_B_event_llm-only_r00_a01,286,static-286,1783.163957996294,11.504404858445866,11.50287501513958,11.750425113132222,11.947676268755458,12.132125004427508,15.173957974184304,128
B,0,static_contention_baseline_B_event_llm-only_r00_a01,287,static-287,1783.0228329985403,11.524298881899243,11.495667014969513,11.756095610326154,12.17851876921486,12.441250000847504,15.000542014604434,128
B,0,static_contention_baseline_B_event_llm-only_r00_a01,288,static-288,1782.0787079981528,11.533487535459466,11.507874995004386,11.68835001590196,12.177427925053053,12.234750000061467,15.103708021342754,128
B,0,static_contention_baseline_B_event_llm-only_r00_a01,289,static-289,1782.4033749930095,11.560964236296273,11.523749999469146,11.872199908248147,12.288390513276681,12.57670801714994,15.106250008102506,128
B,0,static_contention_baseline_B_event_llm-only_r00_a01,290,static-290,1781.7627909826115,11.52519389778911,11.501750006573275,11.662870508735068,12.095960908336565,12.234583002282307,14.993082993896678,128
B,0,static_contention_baseline_B_event_llm-only_r00_a01,291,static-291,1783.736916986527,11.539953740177983,11.51645797654055,11.692228890024126,12.32229825807735,12.475916999392211,14.958499989006668,128
B,0,static_contention_baseline_B_event_llm-only_r00_a01,292,static-292,1782.3567500163335,11.528884511675656,11.511209013406187,11.660208913963288,12.037175151053816,12.214874994242564,15.001542022218928,128
B,0,static_contention_baseline_B_event_llm-only_r00_a01,293,static-293,1782.9783749766648,11.537585630013762,11.498167004901916,11.837933890637942,12.224612673162483,12.433624971890822,15.078374999575317,128
B,0,static_contention_baseline_B_event_llm-only_r00_a01,294,static-294,1782.6483749959152,11.559835299171185,11.524500005180016,11.83675809588749,12.112820001202635,12.290625018067658,15.035041986266151,128
B,0,static_contention_baseline_B_event_llm-only_r00_a01,295,static-295,1783.4078750165645,11.531423228264853,11.513667006511241,11.665037483908236,11.9663039164152,12.530458014225587,15.024792024632916,128
B,0,static_contention_baseline_B_event_llm-only_r00_a01,296,static-296,1783.8012920110486,11.54841961408782,11.517042003106326,11.756925020017661,12.29197592125274,12.471541995182633,15.058916993439198,128
B,0,static_contention_baseline_B_event_llm-only_r00_a01,297,static-297,1782.9032909939997,11.5397332676624,11.5075419889763,11.875987594248723,12.17390750243794,12.446540989913046,15.060583013109863,128
B,0,static_contention_baseline_B_event_llm-only_r00_a01,298,static-298,1783.4005839831661,11.551751968529677,11.509458010550588,11.902454408118501,12.378935010638088,12.617208994925022,15.095166978426278,128
B,0,static_contention_baseline_B_event_llm-only_r00_a01,299,static-299,1782.6101669925265,11.568958984273596,11.527499998919666,12.017253899830393,12.37838908622507,12.491417001001537,15.23508399259299,128
B,1,static_contention_baseline_B_event_llm-only_r01_a01,0,static-000,1725.1601249736268,11.536264763897519,11.499416024889797,11.790937310433945,12.37443398218602,12.386999995214865,15.411791973747313,128
B,1,static_contention_baseline_B_event_llm-only_r01_a01,1,static-001,1733.4285829856526,11.523346126072227,11.48320798529312,11.916754400590431,12.438832350308076,12.53783400170505,14.950999990105629,128
B,1,static_contention_baseline_B_event_llm-only_r01_a01,2,static-002,1751.3825419882778,11.54858989762069,11.519749998115003,11.885846281074919,12.352583749452604,12.478292017476633,15.061791986227036,128
B,1,static_contention_baseline_B_event_llm-only_r01_a01,3,static-003,1762.6691250188742,11.557229653396828,11.523833003593609,11.801683704834431,12.337026583845727,12.471457972424105,14.957084000343457,128
B,1,static_contention_baseline_B_event_llm-only_r01_a01,4,static-004,1771.4307499991264,11.544144023750638,11.51574999676086,11.817866799538022,12.097639067214914,12.303291994612664,15.164959011599422,128
B,1,static_contention_baseline_B_event_llm-only_r01_a01,5,static-005,1777.55608301959,11.559160432904797,11.523708002641797,11.87303308979608,12.311725002364255,12.459332996513695,15.367542015155777,128
B,1,static_contention_baseline_B_event_llm-only_r01_a01,6,static-006,1782.013541989727,11.533152881971246,11.504249996505678,11.748187307966871,12.107448914903216,12.574874999700114,14.994541998021305,128
B,1,static_contention_baseline_B_event_llm-only_r01_a01,7,static-007,1786.0638329875655,11.551826440877699,11.533041979419068,11.648933796095662,12.213629503967239,12.45766700594686,15.02441699267365,128
B,1,static_contention_baseline_B_event_llm-only_r01_a01,8,static-008,1788.5140420112293,11.585591204636767,11.549082992132753,11.992383195320143,12.27516308426857,12.642999994568527,14.994416997069493,128
B,1,static_contention_baseline_B_event_llm-only_r01_a01,9,static-009,1791.0974580154289,11.549028543220086,11.528125003678724,11.6632463876158,12.062781280837951,12.433708005119115,15.06200002040714,128
B,1,static_contention_baseline_B_event_llm-only_r01_a01,10,static-010,1793.6481670185458,11.567622700689624,11.543959000846371,11.791512405034153,12.21084700373467,12.242374999914318,15.665333019569516,128
B,1,static_contention_baseline_B_event_llm-only_r01_a01,11,static-011,1793.7487910094205,11.992130582550848,11.774041980970651,13.369329477427524,13.97387391247321,14.476458018179983,14.98329101013951,128
B,1,static_contention_baseline_B_event_llm-only_r01_a01,12,static-012,1797.8613750019576,11.57584481099877,11.532583012012765,11.934812302934002,12.491703178384341,12.567666999530047,16.09770901268348,128
B,1,static_contention_baseline_B_event_llm-only_r01_a01,13,static-013,1795.466415991541,11.577712275696493,11.546082998393103,11.790949894930236,12.217668403754942,12.30904198018834,15.367207990493625,128
B,1,static_contention_baseline_B_event_llm-only_r01_a01,14,static-014,1798.5378750017844,11.600076440927081,11.570832983125001,11.762362605077215,12.433138086926192,12.559124996187165,15.362250007456169,128
B,1,static_contention_baseline_B_event_llm-only_r01_a01,15,static-015,1798.1154999870341,11.619609582611895,11.569916998269036,12.233809009194372,12.44456501037348,12.519540992798284,15.207791002467275,128
B,1,static_contention_baseline_B_event_llm-only_r01_a01,16,static-016,1797.7064170117956,11.613382220425914,11.571165989153087,11.927487701177597,12.502018723171204,12.61408400023356,15.091583016328514,128
B,1,static_contention_baseline_B_event_llm-only_r01_a01,17,static-017,1801.0670829971787,11.568140748184263,11.549332994036376,11.689816083526239,12.11094797879923,12.485875020502135,14.985457994043827,128
B,1,static_contention_baseline_B_event_llm-only_r01_a01,18,static-018,1797.15904200566,11.640132220386798,11.608041997533292,11.97610377566889,12.368904341128653,12.47279200470075,15.086583007359877,128
B,1,static_contention_baseline_B_event_llm-only_r01_a01,19,static-019,1800.2401659905445,11.625281826814813,11.574666976230219,12.21291230758652,12.48298014397733,12.506125000072643,15.063540980918333,128
B,1,static_contention_baseline_B_event_llm-only_r01_a01,20,static-020,1798.6796250042971,11.6303382598608,11.577333003515378,12.253220699494703,12.389432830968872,12.408334005158395,15.05504100350663,128
B,1,static_contention_baseline_B_event_llm-only_r01_a01,21,static-021,1801.4818749797996,11.632171259894161,11.589583999011666,12.072950095171107,12.474835418979637,12.505792023148388,15.084207989275455,128
B,1,static_contention_baseline_B_event_llm-only_r01_a01,22,static-022,1803.8239580055233,11.637814306996866,11.584459018195048,12.16322951077018,12.493356734630652,12.539499992271885,15.077999996719882,128
B,1,static_contention_baseline_B_event_llm-only_r01_a01,23,static-023,1799.9181249761023,11.61137007875368,11.58133300486952,11.892141911084764,12.13960501132533,12.376833008602262,15.088249987456948,128
B,1,static_contention_baseline_B_event_llm-only_r01_a01,24,static-024,1803.8454999914393,11.624664692923163,11.59579199156724,11.87917950155679,12.399862829479389,12.478333985200152,15.140417002839968,128
B,1,static_contention_baseline_B_event_llm-only_r01_a01,25,static-025,1799.7237909876276,11.645741803126088,11.59429200924933,12.118062496301716,12.52005958405789,12.576249981066212,15.058499993756413,128
B,1,static_contention_baseline_B_event_llm-only_r01_a01,26,static-026,1804.4016670028213,11.646300196779643,11.602833023061976,12.05548390862532,12.48199601599481,12.530999985756353,15.111624990822747,128
B,1,static_contention_baseline_B_event_llm-only_r01_a01,27,static-027,1799.9880829884205,11.634553480374546,11.602167011005804,11.80444188066758,12.344347002217546,12.49933399958536,15.124291006941348,128
B,1,static_contention_baseline_B_event_llm-only_r01_a01,28,static-028,1802.6859999808948,11.634406173284583,11.608207976678386,11.834220500895752,12.072030925191939,12.506125000072643,15.010665985755622,128
B,1,static_contention_baseline_B_event_llm-only_r01_a01,29,static-029,1801.0019169887528,11.855753275701469,11.660334013868123,12.866783703793772,13.832032837672157,13.896708027459681,15.064167004311457,128
B,1,static_contention_baseline_B_event_llm-only_r01_a01,30,static-030,1814.843749976717,11.639313322930105,11.60233301925473,11.91999610455241,12.20187591155991,12.535084009869024,15.319291997002438,128
B,1,static_contention_baseline_B_event_llm-only_r01_a01,31,static-031,1800.7562920101918,11.60403181900505,11.585166997974738,12.052325013792142,12.360292511875741,12.432334013283253,14.796500006923452,128
B,1,static_contention_baseline_B_event_llm-only_r01_a01,32,static-032,1804.9251670017838,11.636733921248407,11.60454101045616,11.923241298063658,12.328696585027501,12.549750012112781,15.043791994685307,128
B,1,static_contention_baseline_B_event_llm-only_r01_a01,33,static-033,1800.3868749947287,11.664708330585643,11.629874992650002,11.875737490481697,12.126514584524557,12.229749991092831,15.405250014737248,128
B,1,static_contention_baseline_B_event_llm-only_r01_a01,34,static-034,1805.764958000509,11.629297574945381,11.620374978519976,11.727895503281616,12.08304859290365,12.35054200515151,15.33433300210163,128
B,1,static_contention_baseline_B_event_llm-only_r01_a01,35,static-035,1800.6999170174822,11.641096125960013,11.602791026234627,11.940737496479413,12.405072504770942,12.568250007461756,15.015167009551078,128
B,1,static_contention_baseline_B_event_llm-only_r01_a01,36,static-036,1805.619624996325,11.641488519843712,11.597458011237904,12.172546214424074,12.337941996520385,12.58737500756979,15.176916000200436,128
B,1,static_contention_baseline_B_event_llm-only_r01_a01,37,static-037,1800.1203750027344,11.66484284253175,11.619416996836662,12.134487394359892,12.383703986997716,12.574958003824577,15.165416989475489,128
B,1,static_contention_baseline_B_event_llm-only_r01_a01,38,static-038,1804.712292010663,11.640689307117952,11.594584007980302,11.950487311696634,12.261013936367817,12.438332982128486,15.069124987348914,128
B,1,static_contention_baseline_B_event_llm-only_r01_a01,39,static-039,1801.0334160062484,11.648374015656044,11.593292001634836,12.122633104445413,12.56678499863483,12.599250010680407,15.182458009803668,128
B,1,static_contention_baseline_B_event_llm-only_r01_a01,40,static-040,1804.3577079952229,11.62589041747182,11.579207988688722,11.976383099681696,12.308365311473608,12.61916701332666,15.091374982148409,128
B,1,static_contention_baseline_B_event_llm-only_r01_a01,41,static-041,1800.9627499850467,11.618428472631178,11.572791991056874,12.032928603002798,12.526646071346477,12.58716601296328,15.188124991254881,128
B,1,static_contention_baseline_B_event_llm-only_r01_a01,42,static-042,1802.9143330059014,11.633822503985515,11.588084016693756,12.094437604537232,12.424633915652521,12.499042000854388,15.117250004550442,128
B,1,static_contention_baseline_B_event_llm-only_r01_a01,43,static-043,1798.8270840141922,11.641555771691813,11.597707984037697,12.08172499318607,12.392686993116511,12.46908400207758,15.075917006470263,128
B,1,static_contention_baseline_B_event_llm-only_r01_a01,44,static-044,1803.8975410163403,11.614355315017976,11.573166004382074,12.09849190781824,12.417696427437477,12.480375007726252,15.053208015160635,128
B,1,static_contention_baseline_B_event_llm-only_r01_a01,45,static-045,1799.790958990343,11.603857606225903,11.578000005101785,11.717287497594953,12.464528416167013,12.473416980355978,15.592959010973573,128
B,1,static_contention_baseline_B_event_llm-only_r01_a01,46,static-046,1802.4228750145994,11.613837267752503,11.572332994546741,12.077974891872143,12.252373989322223,12.37708400003612,15.125083009479567,128
B,1,static_contention_baseline_B_event_llm-only_r01_a01,47,static-047,1797.871832997771,11.598238188912726,11.554333003005013,11.990199898718856,12.440875005559063,12.566624995088205,15.099374984856695,128
B,1,static_contention_baseline_B_event_llm-only_r01_a01,48,static-048,1815.8074160164688,11.667131566842212,11.572125018574297,12.33075420022942,13.022407842800021,13.40104200062342,15.109791012946516,128
B,1,static_contention_baseline_B_event_llm-only_r01_a01,49,static-049,1798.639540997101,11.610105976335866,11.566083994694054,11.832346086157486,12.4864564294694,12.599250010680407,14.996707992395386,128
B,1,static_contention_baseline_B_event_llm-only_r01_a01,50,static-050,1802.8260840219446,11.604001968329055,11.55950000975281,12.07762480189558,12.444271414424291,12.536958005512133,15.016874996945262,128
B,1,static_contention_baseline_B_event_llm-only_r01_a01,51,static-051,1796.7920000082813,11.561853015716517,11.542499996721745,11.678058101097122,12.028926568455063,12.376958009554073,15.062249993206933,128
B,1,static_contention_baseline_B_event_llm-only_r01_a01,52,static-052,1800.49995900481,11.634472440873221,11.568957997951657,12.047703898861073,12.528548935079016,12.583750009071082,15.223916998365894,128
B,1,static_contention_baseline_B_event_llm-only_r01_a01,53,static-053,1799.7872919950169,11.572973747915537,11.543458007508889,11.767183686606586,12.259376739966681,12.517750001279637,15.105583996046335,128
B,1,static_contention_baseline_B_event_llm-only_r01_a01,54,static-054,1799.3231249856763,11.58963944089203,11.552500014659017,12.053270504111422,12.446988995652646,12.45987499714829,15.05212500342168,128
B,1,static_contention_baseline_B_event_llm-only_r01_a01,55,static-055,1801.8318329995964,11.572373362247077,11.538999999174848,11.808446288341656,12.283270434709264,12.516916991444305,15.376916999230161,128
B,1,static_contention_baseline_B_event_llm-only_r01_a01,56,static-056,1797.1393750049174,11.554610897607251,11.538999999174848,11.638775010942481,12.201240000431426,12.325999996392056,15.158708003582433,128
B,1,static_contention_baseline_B_event_llm-only_r01_a01,57,static-057,1799.716332985554,11.574469488178284,11.527208989718929,11.920241400366649,12.44873923365958,12.49312498839572,15.337582997744903,128
B,1,static_contention_baseline_B_event_llm-only_r01_a01,58,static-058,1797.463750001043,11.562403865978048,11.530916002811864,11.75129209004808,12.419356274185702,12.445167027181014,15.077292016940191,128
B,1,static_contention_baseline_B_event_llm-only_r01_a01,59,static-059,1797.9130840103608,11.571648944761442,11.549957998795435,11.791987397009507,12.197502158232963,12.489125016145408,15.273041994078085,128
B,1,static_contention_baseline_B_event_llm-only_r01_a01,60,static-060,1799.425458011683,11.555814629972465,11.524583009304479,11.705229297513142,12.342179830302484,12.425207998603582,15.644583007087931,128
B,1,static_contention_baseline_B_event_llm-only_r01_a01,61,static-061,1798.2247089967132,11.577220472294515,11.539791012182832,11.853616003645584,12.335334435920231,12.373625009786338,16.001584008336067,128
B,1,static_contention_baseline_B_event_llm-only_r01_a01,62,static-062,1799.2561249993742,11.559612204790056,11.53016701573506,11.722454414120875,12.219034483423457,12.430709000909701,15.88087499840185,128
B,1,static_contention_baseline_B_event_llm-only_r01_a01,63,static-063,1796.7287500214297,11.552251968441135,11.516083002788946,11.809353705029933,12.387707842281088,12.506667000707239,15.140041999984533,128
B,1,static_contention_baseline_B_event_llm-only_r01_a01,64,static-064,1795.8563750144094,11.572150913191827,11.53516600606963,11.853837507078424,12.448302493430674,12.53291597822681,14.920209010597318,128
B,1,static_contention_baseline_B_event_llm-only_r01_a01,65,static-065,1797.5095830042847,11.58408267702174,11.534375022165477,11.855041203671135,12.397340499446727,12.541083997348323,15.038208017358556,128
B,1,static_contention_baseline_B_event_llm-only_r01_a01,66,static-066,1803.4732500091195,11.847632543200364,11.688250000588596,13.393428691779263,13.69088000676129,14.308624988188967,15.311291994294152,128
B,1,static_contention_baseline_B_event_llm-only_r01_a01,67,static-067,1795.4181249951944,11.551793306968799,11.53541699750349,11.673854512628168,12.065208423882721,12.365209026029333,15.086792001966387,128
B,1,static_contention_baseline_B_event_llm-only_r01_a01,68,static-068,1795.0816249940544,11.574329724480346,11.5415419859346,11.811853499966674,12.39815091365017,12.638834014069289,15.001749998191372,128
B,1,static_contention_baseline_B_event_llm-only_r01_a01,69,static-069,1796.965249988716,11.563484252184836,11.546082998393103,11.756446387153119,12.016237669158727,12.558957998408005,15.036917000543326,128
B,1,static_contention_baseline_B_event_llm-only_r01_a01,70,static-070,1797.1318329800852,11.55745308671154,11.538667022250593,11.753479405888356,12.034778419183567,12.38829200156033,15.03112498903647,128
B,1,static_contention_baseline_B_event_llm-only_r01_a01,71,static-071,1795.5266660137568,11.552785432945175,11.522207991220057,11.77660889516119,12.3172418307513,12.386083020828664,15.108082996448502,128
B,1,static_contention_baseline_B_event_llm-only_r01_a01,72,static-072,1796.2652909918688,11.570936023518003,11.533624987350777,11.870812394772654,12.290613003424369,12.575665983604267,15.143583004828542,128
B,1,static_contention_baseline_B_event_llm-only_r01_a01,73,static-073,1796.1201669822913,11.55265649610133,11.528333998285234,11.791549914050847,12.339758578455076,12.566290999529883,15.446250006789342,128
B,1,static_contention_baseline_B_event_llm-only_r01_a01,74,static-074,1796.3742499996442,11.545494094529504,11.511749995406717,11.841225091484375,12.379745516809633,12.533250002888963,15.523916983511299,128
B,1,static_contention_baseline_B_event_llm-only_r01_a01,75,static-075,1794.685416010907,11.598741802969933,11.543166008777916,11.95073748822324,12.469587999512441,12.527541985036805,15.092000016011298,128
B,1,static_contention_baseline_B_event_llm-only_r01_a01,76,static-076,1795.0803750136402,11.566640417307879,11.526375019457191,11.969200015300885,12.25123650569003,12.31333299074322,15.19025000743568,128
B,1,static_contention_baseline_B_event_llm-only_r01_a01,77,static-077,1795.8076250215527,11.554982944705165,11.529666022397578,11.636766191804782,12.277600490488112,12.532416003523394,15.073000016855076,128
B,1,static_contention_baseline_B_event_llm-only_r01_a01,78,static-078,1794.9655000120401,11.53765222828608,11.50979197700508,11.776278793695381,12.149391848943196,12.26641598623246,15.067542000906542,128
B,1,static_contention_baseline_B_event_llm-only_r01_a01,79,static-079,1793.4452499903273,11.571415023755385,11.540165985934436,11.79439619590994,12.400769424275495,12.471541995182633,15.026249981019646,128
B,1,static_contention_baseline_B_event_llm-only_r01_a01,80,static-080,1796.091541997157,11.575636810964106,11.549375019967556,11.894462702912278,12.331168902455829,12.477875017793849,14.949417003663257,128
B,1,static_contention_baseline_B_event_llm-only_r01_a01,81,static-081,1794.5874170109164,11.549523622063392,11.536374979186803,11.661774999811314,12.101061843568457,12.195458024507388,15.03133398364298,128
B,1,static_contention_baseline_B_event_llm-only_r01_a01,82,static-082,1795.1762079901528,11.550326118022056,11.517499980982393,11.76824200665578,12.37146935018245,12.512957997387275,14.996042009443045,128
B,1,static_contention_baseline_B_event_llm-only_r01_a01,83,static-083,1795.3717499913182,11.562631559222716,11.540584004251286,11.754675104748458,12.169625310343688,12.461082980735227,15.076832991326228,128
B,1,static_contention_baseline_B_event_llm-only_r01_a01,84,static-084,1794.3003750115167,11.837535102367694,11.598874989431351,13.228733104187993,13.883641588618046,14.341291971504688,15.046584012452513,128
B,1,static_contention_baseline_B_event_llm-only_r01_a01,85,static-085,1803.9357910165563,11.574375984216784,11.534749995917082,11.822395501076242,12.429652845603414,12.53016700502485,15.133041015360504,128
B,1,static_contention_baseline_B_event_llm-only_r01_a01,86,static-086,1794.17204199126,11.542388448843688,11.550249997526407,11.727945593884215,12.17254907474853,12.453292001737282,14.83566698152572,128
B,1,static_contention_baseline_B_event_llm-only_r01_a01,87,static-087,1794.692750001559,11.549635503833423,11.515667021740228,11.842357899877241,12.135575012653135,12.283000018214807,15.126415994018316,128
B,1,static_contention_baseline_B_event_llm-only_r01_a01,88,static-088,1795.7211250031833,11.564430779333806,11.531250027474016,11.718712604488246,12.523654343676753,12.55650000530295,15.417916001752019,128
B,1,static_contention_baseline_B_event_llm-only_r01_a01,89,static-089,1795.3634999867063,11.551903212657491,11.525082984007895,11.760091184987687,12.358627503854223,12.474332994315773,15.036500000860542,128
B,1,static_contention_baseline_B_event_llm-only_r01_a01,90,static-090,1793.318125011865,11.548661417419487,11.50995900388807,11.78634550597053,12.14462959091179,12.332834012340754,14.98570799594745,128
B,1,static_contention_baseline_B_event_llm-only_r01_a01,91,static-091,1795.889332977822,11.579123362312167,11.527082999236882,12.007078598253429,12.38607706676703,12.42887502303347,14.975917001720518,128
B,1,static_contention_baseline_B_event_llm-only_r01_a01,92,static-092,1794.4163329957519,11.50893470855415,11.480666988063604,11.707021103939041,12.063328761141745,12.171042006229982,15.097583003807813,128
B,1,static_contention_baseline_B_event_llm-only_r01_a01,93,static-093,1795.1855410065036,11.56294751178114,11.525041976710781,11.897332905209623,12.106460173381492,12.305500014917925,14.894166000885889,128
B,1,static_contention_baseline_B_event_llm-only_r01_a01,94,static-094,1795.3999579767697,11.538227362371249,11.498665990075096,12.02594180067535,12.454645505640656,12.491333007346839,14.961040986236185,128
B,1,static_contention_baseline_B_event_llm-only_r01_a01,95,static-095,1794.0628330106847,11.506635173201913,11.484124988783151,11.682333584758453,12.103404659428634,12.161332997493446,15.070458000991493,128
B,1,static_contention_baseline_B_event_llm-only_r01_a01,96,static-096,1794.9249999946915,11.505482606287298,11.48025001748465,11.632633095723577,12.320718017290346,12.395375000778586,15.30816699960269,128
B,1,static_contention_baseline_B_event_llm-only_r01_a01,97,static-097,1794.7782090050168,11.58394618876513,11.552292009582743,11.828171313391067,12.3116431676317,12.356249993899837,15.175417007412761,128
B,1,static_contention_baseline_B_event_llm-only_r01_a01,98,static-098,1794.7734589979518,11.575290677275172,11.542708991328254,11.755242006620392,12.353481564787216,12.502625002525747,15.029791975393891,128
B,1,static_contention_baseline_B_event_llm-only_r01_a01,99,static-099,1795.3311250021216,11.591454393571375,11.545166984433308,11.83121229696553,12.51325483142864,12.532709020888433,15.873124997597188,128
B,1,static_contention_baseline_B_event_llm-only_r01_a01,100,static-100,1796.329041972058,11.569840551214659,11.547083006007597,11.797229590592904,12.266900005633943,12.278125010197982,15.018209000118077,128
B,1,static_contention_baseline_B_event_llm-only_r01_a01,101,static-101,1795.0557500007562,11.581799866288797,11.544667009729892,11.874183596228246,12.345079838414676,12.443457992048934,14.990749972639605,128
B,1,static_contention_baseline_B_event_llm-only_r01_a01,102,static-102,1795.6456250103656,11.565826771603017,11.539250001078472,11.820004376932047,12.120802150457166,12.339709006482735,15.037250006571412,128
B,1,static_contention_baseline_B_event_llm-only_r01_a01,103,static-103,1812.062707991572,11.644633204766043,11.56549999723211,11.890295578632504,13.162660907837562,13.80308298394084,15.416125010233372,128
B,1,static_contention_baseline_B_event_llm-only_r01_a01,104,static-104,1794.826415978605,11.553324149659373,11.538291000761092,11.681833304464817,11.932106579188257,11.95579199702479,15.117499977350235,128
B,1,static_contention_baseline_B_event_llm-only_r01_a01,105,static-105,1795.3445840103086,11.566949802942164,11.540166015038267,11.843537396634929,12.114452347159386,12.393667013384402,15.024834021460265,128
B,1,static_contention_baseline_B_event_llm-only_r01_a01,106,static-106,1796.6969170083757,11.579526244116375,11.544625012902543,11.784733101376332,12.510943415109068,12.53687500138767,15.05899999756366,128
B,1,static_contention_baseline_B_event_llm-only_r01_a01,107,static-107,1794.5718329865485,11.562290354393511,11.5444999828469,11.700300202937797,12.089081993908621,12.519124982645735,15.192916995147243,128
B,1,static_contention_baseline_B_event_llm-only_r01_a01,108,static-108,1795.4713329963852,11.581758527620512,11.542583990376443,11.816875083604826,12.457253079046493,12.571583007229492,14.987792004831135,128
B,1,static_contention_baseline_B_event_llm-only_r01_a01,109,static-109,1794.3969579937402,11.567357944977271,11.52095801080577,11.723033717134967,12.518087656935677,12.57825002539903,15.036291006254032,128
B,1,static_contention_baseline_B_event_llm-only_r01_a01,110,static-110,1795.0548749940936,11.547858267655874,11.517542006913573,11.847420583944766,12.149062324897386,12.393415992846712,15.19712500157766,128
B,1,static_contention_baseline_B_event_llm-only_r01_a01,111,static-111,1793.8450829824433,11.568321519866807,11.537000013049692,11.842329485807568,12.003912498475984,12.259832990821451,15.104582998901606,128
B,1,static_contention_baseline_B_event_llm-only_r01_a01,112,static-112,1794.8393750120886,11.576372047283092,11.547875008545816,11.823712603654712,12.344474992714822,12.470624991692603,15.048000001115724,128
B,1,static_contention_baseline_B_event_llm-only_r01_a01,113,static-113,1795.1304579910357,11.58042257472022,11.535958998138085,11.760354400030337,12.447565658949314,12.508167012128979,15.099166019354016,128
B,1,static_contention_baseline_B_event_llm-only_r01_a01,114,static-114,1797.2052909899503,11.55286351966811,11.535874975379556,11.712083098245785,11.926677825977094,12.425292021362111,15.681082993978634,128
B,1,static_contention_baseline_B_event_llm-only_r01_a01,115,static-115,1795.37908299244,11.553261157512063,11.535249999724329,11.693233804544434,12.199359079822894,12.529084022389725,15.06425000843592,128
B,1,static_contention_baseline_B_event_llm-only_r01_a01,116,static-116,1795.4071249987464,11.576713582566814,11.516792001202703,12.057412299327552,12.555253155878745,12.623875023564324,15.231083001708612,128
B,1,static_contention_baseline_B_event_llm-only_r01_a01,117,static-117,1795.1269590121228,11.55200393688975,11.517791979713365,11.704337591072544,12.278732848353682,12.429458001861349,15.42445900849998,128
B,1,static_contention_baseline_B_event_llm-only_r01_a01,118,static-118,1795.0530000089202,11.560873361991895,11.533374985447153,11.728679499356076,12.29601800441742,12.592125014634803,14.98554102727212,128
B,1,static_contention_baseline_B_event_llm-only_r01_a01,119,static-119,1796.4006249967497,11.540910433042853,11.512917000800371,11.76804988645017,12.212711586616932,12.48941698577255,14.983916014898568,128
B,1,static_contention_baseline_B_event_llm-only_r01_a01,120,static-120,1794.8234590003267,11.573961937083224,11.537499987753108,11.80324108863715,12.393596065230668,12.558291986351833,15.106459002709016,128
B,1,static_contention_baseline_B_event_llm-only_r01_a01,121,static-121,1801.7206249933224,11.854312338638962,11.708750011166558,13.097279495559633,13.517741844407283,13.665584003319964,15.440791990840808,128
B,1,static_contention_baseline_B_event_llm-only_r01_a01,122,static-122,1794.573457998922,11.538945866279363,11.52400000137277,11.657354503404349,12.010062172776088,12.351917015621439,15.03541599959135,128
B,1,static_contention_baseline_B_event_llm-only_r01_a01,123,static-123,1796.2697080220096,11.562514110141999,11.53633400099352,11.794558310066348,12.267196587636134,12.562749994685873,15.045166015625,128
B,1,static_contention_baseline_B_event_llm-only_r01_a01,124,static-124,1796.4853750017937,11.564491472278508,11.534791992744431,11.742391207371838,12.457123902277088,12.545625009806827,15.206667012535036,128
B,1,static_contention_baseline_B_event_llm-only_r01_a01,125,static-125,1794.4182499777526,11.544729992252313,11.523958994075656,11.73247859987896,12.247407069080507,12.38587498664856,15.044707979541272,128
B,1,static_contention_baseline_B_event_llm-only_r01_a01,126,static-126,1794.3349999841303,11.559120732300922,11.52925001224503,11.806266813073307,12.400429990375414,12.469499983126298,15.201417001662776,128
B,1,static_contention_baseline_B_event_llm-only_r01_a01,127,static-127,1796.0362920130137,11.581298881888712,11.54137498815544,11.864112506737001,12.356074347044341,12.50737498048693,15.06370899733156,128
B,1,static_contention_baseline_B_event_llm-only_r01_a01,128,static-128,1794.7553329868242,11.558271653484553,11.536542006069794,11.81187510374002,12.21730000397656,12.481208017561585,15.045791980810463,128
B,1,static_contention_baseline_B_event_llm-only_r01_a01,129,static-129,1796.175374998711,11.54898688188886,11.531124997418374,11.690087293391116,12.048358421307057,12.199082993902266,15.230666002025828,128
B,1,static_contention_baseline_B_event_llm-only_r01_a01,130,static-130,1796.4833329897374,11.57667388196294,11.544999986654148,11.888045811792836,12.363800336606799,12.5615410215687,14.977957995142788,128
B,1,static_contention_baseline_B_event_llm-only_r01_a01,131,static-131,1793.1649159872904,11.555819881953461,11.522999993758276,11.732042001676746,12.211681844783014,12.430000002495944,15.260790998581797,128
B,1,static_contention_baseline_B_event_llm-only_r01_a01,132,static-132,1796.3492499839049,11.583180118198177,11.541834013769403,11.80210458114743,12.480314335552976,12.523166980827227,15.645707986550406,128
B,1,static_contention_baseline_B_event_llm-only_r01_a01,133,static-133,1793.4708329848945,11.546192590585418,11.521583015564829,11.675899990950711,12.193247919203714,12.423833017237484,14.983166009187698,128
B,1,static_contention_baseline_B_event_llm-only_r01_a01,134,static-134,1794.948375027161,11.55839074796293,11.529124982189387,11.835512515972367,12.279351486940866,12.499333010055125,15.18745900830254,128
B,1,static_contention_baseline_B_event_llm-only_r01_a01,135,static-135,1795.8161249989644,11.592797244079485,11.558708007214591,11.889974997029638,12.451915161218494,12.678208004217595,15.255334001267329,128
B,1,static_contention_baseline_B_event_llm-only_r01_a01,136,static-136,1793.9061670040246,11.588351047317328,11.55295901116915,11.927382988505995,12.409852164564654,12.41220801603049,15.204916999209672,128
B,1,static_contention_baseline_B_event_llm-only_r01_a01,137,static-137,1795.3294170147274,11.561186677101619,11.537666985532269,11.701166900456883,12.018138145213015,12.476458010496572,15.142458025366068,128
B,1,static_contention_baseline_B_event_llm-only_r01_a01,138,static-138,1796.3422920147423,11.558410755815132,11.51708301040344,11.710949998814613,12.332472502021119,12.494208000134677,15.01450000796467,128
B,1,static_contention_baseline_B_event_llm-only_r01_a01,139,static-139,1796.646333008539,11.926779858300492,11.568916001124308,13.200799893820658,14.190068590687586,14.329916011774912,15.88595801149495,128
B,1,static_contention_baseline_B_event_llm-only_r01_a01,140,static-140,1825.369625003077,11.541351047161175,11.512999975821003,11.790916902828029,12.184195160516538,12.247374979779124,15.290167008060962,128
B,1,static_contention_baseline_B_event_llm-only_r01_a01,141,static-141,1795.1818339934107,11.3531394332728,11.288750014500692,11.63478760572616,11.793920501950197,12.074874975951388,14.941041998099536,128
B,1,static_contention_baseline_B_event_llm-only_r01_a01,142,static-142,1796.0948339896277,11.54484645661524,11.506250011734664,11.804558002040721,12.287405577953905,12.51370899262838,15.09095900109969,128
B,1,static_contention_baseline_B_event_llm-only_r01_a01,143,static-143,1796.296540996991,11.572198496121311,11.530416988534853,11.837495618965475,12.429183919448406,12.556458008475602,15.042707993416116,128
B,1,static_contention_baseline_B_event_llm-only_r01_a01,144,static-144,1795.7940000051167,11.547998684929595,11.505792004754767,11.764729410060681,12.427453906275332,12.457417004043236,15.074249997269362,128
B,1,static_contention_baseline_B_event_llm-only_r01_a01,145,static-145,1796.6650830057915,11.540284448836776,11.504292022436857,11.746616894379258,12.371177503373474,12.527375016361475,15.072124981088564,128
B,1,static_contention_baseline_B_event_llm-only_r01_a01,146,static-146,1794.9609580100514,11.565097771753653,11.527708993526176,12.054729580995623,12.410206076456234,12.516624992713332,15.064375009387732,128
B,1,static_contention_baseline_B_event_llm-only_r01_a01,147,static-147,1794.7622079809662,11.5509796614931,11.527333001140505,11.71025880612433,12.239713569870217,12.468667002394795,14.973165991250426,128
B,1,static_contention_baseline_B_event_llm-only_r01_a01,148,static-148,1796.733374998439,11.563580055119777,11.52866700431332,11.895753807039,12.015608062501997,12.383875000523403,15.016165998531505,128
B,1,static_contention_baseline_B_event_llm-only_r01_a01,149,static-149,1794.6788750123233,11.561124015637988,11.533375014550984,11.729091894812882,12.282535490230655,12.36624998273328,15.023000014480203,128
B,1,static_contention_baseline_B_event_llm-only_r01_a01,150,static-150,1796.3357080006972,11.593131566884026,11.554958007764071,11.834699808969162,12.482382173766382,12.522834003902972,15.27400000486523,128
B,1,static_contention_baseline_B_event_llm-only_r01_a01,151,static-151,1796.928250027122,11.572096125803903,11.531583993928507,11.856021208222952,12.374774071504362,12.44266697904095,15.079667005920783,128
B,1,static_contention_baseline_B_event_llm-only_r01_a01,152,static-152,1794.5935000025202,11.571169291177442,11.530999996466562,11.909950096742248,12.427999842329882,12.514333007857203,15.112749999389052,128
B,1,static_contention_baseline_B_event_llm-only_r01_a01,153,static-153,1795.0642500072718,11.568159779339412,11.529083014465868,11.816387393628247,12.39811985520646,12.482791993534192,15.011708019301295,128
B,1,static_contention_baseline_B_event_llm-only_r01_a01,154,static-154,1795.1699170225766,11.589193236088292,11.546207999344915,11.795083785546012,12.500416589900851,12.583500007167459,15.027375018689781,128
B,1,static_contention_baseline_B_event_llm-only_r01_a01,155,static-155,1794.8847499792464,11.592464566901766,11.54737500473857,11.89523308421485,12.539127342170104,12.577584013342857,15.077833988470957,128
B,1,static_contention_baseline_B_event_llm-only_r01_a01,156,static-156,1796.3634170009755,11.56503051188481,11.531124997418374,11.7629122978542,12.337849847972393,12.465667008655146,15.153208980336785,128
B,1,static_contention_baseline_B_event_llm-only_r01_a01,157,static-157,1794.553707994055,11.572312007935015,11.539541999809444,11.849462517420761,12.29121200623922,12.524833000497892,15.052374976221472,128
B,1,static_contention_baseline_B_event_llm-only_r01_a01,158,static-158,1809.6003749815281,11.673865488301375,11.562957981368527,12.256750103551894,13.4581562387757,13.629166991449893,15.22870798362419,128
B,1,static_contention_baseline_B_event_llm-only_r01_a01,159,static-159,1795.7348749914672,11.58568405525165,11.55408300110139,11.753096396569163,12.491268073790707,12.583957985043526,15.105582977412269,128
B,1,static_contention_baseline_B_event_llm-only_r01_a01,160,static-160,1794.6075410000049,11.557854008017562,11.525042005814612,11.783279501833022,12.189779846812598,12.52329201088287,14.962249988457188,128
B,1,static_contention_baseline_B_event_llm-only_r01_a01,161,static-161,1796.3223329861648,11.577079724566278,11.535500001627952,11.780165979871526,12.47757091652602,12.512249988503754,15.19112498499453,128
B,1,static_contention_baseline_B_event_llm-only_r01_a01,162,static-162,1797.2319159889594,11.555596787343168,11.530499992659315,11.706716890330425,12.21706392301712,12.530999985756353,15.596832992741838,128
B,1,static_contention_baseline_B_event_llm-only_r01_a01,163,static-163,1795.524041983299,11.562153212561117,11.53162500122562,11.70855789387133,12.400173264904879,12.441333004971966,15.091791981831193,128
B,1,static_contention_baseline_B_event_llm-only_r01_a01,164,static-164,1795.6549579976127,11.605397637706162,11.548582988325506,12.127612292533739,12.456208158982916,12.514915986685082,15.038375015137717,128
B,1,static_contention_baseline_B_event_llm-only_r01_a01,165,static-165,1793.730165984016,11.582520015823736,11.53441600035876,11.856612598057836,12.510694260126911,12.567459023557603,15.020999999251217,128
B,1,static_contention_baseline_B_event_llm-only_r01_a01,166,static-166,1796.197541989386,11.561536417373889,11.529084003996104,11.75272939435672,12.31195799773559,12.35429200460203,15.233084006467834,128
B,1,static_contention_baseline_B_event_llm-only_r01_a01,167,static-167,1797.2854579857085,11.557544291470434,11.535666999407113,11.757841188227756,12.286796076223252,12.502666999353096,14.97525000013411,128
B,1,static_contention_baseline_B_event_llm-only_r01_a01,168,static-168,1794.017874985002,11.558809708831392,11.531541997101158,11.69687481597066,12.269525162992068,12.51333300024271,15.728333994047716,128
B,1,static_contention_baseline_B_event_llm-only_r01_a01,169,static-169,1795.3569589881226,11.612051834607145,11.551542003871873,12.211867095902559,12.479333425872028,12.582625000504777,14.999000006355345,128
B,1,static_contention_baseline_B_event_llm-only_r01_a01,170,static-170,1795.1323750021402,11.60278707865523,11.556792014744133,11.953762490884401,12.503144346992485,12.572792009450495,15.027082990854979,128
B,1,static_contention_baseline_B_event_llm-only_r01_a01,171,static-171,1794.9766669771634,11.571291669347053,11.534375022165477,11.94715879682917,12.468792089493945,12.613041995791718,15.109249972738326,128
B,1,static_contention_baseline_B_event_llm-only_r01_a01,172,static-172,1796.5060840069782,11.578973425106755,11.533000011695549,11.834233286208471,12.47384208778385,12.556207977468148,15.289792005205527,128
B,1,static_contention_baseline_B_event_llm-only_r01_a01,173,static-173,1794.0887500008103,11.543068566861907,11.503124987939373,11.73947071074508,12.41285308089573,12.497458985308185,15.174416999798268,128
B,1,static_contention_baseline_B_event_llm-only_r01_a01,174,static-174,1796.5614999993704,11.558458984299659,11.532665987033397,11.688350010081194,12.17944299452938,12.400624982547015,15.295541990781203,128
B,1,static_contention_baseline_B_event_llm-only_r01_a01,175,static-175,1795.1002499903552,11.601692913274288,11.550292023457587,11.948379492969252,12.437753923004493,12.486874999012798,15.117542003281415,128
B,1,static_contention_baseline_B_event_llm-only_r01_a01,176,static-176,1801.365416002227,11.926241803182817,11.750582983950153,13.128007904742843,13.478035161388107,13.578167010564357,17.063416016753763,128
B,1,static_contention_baseline_B_event_llm-only_r01_a01,177,static-177,1796.192541019991,11.555001314951284,11.52416699915193,11.692662502173334,12.335337516269647,12.524624995421618,15.039250021800399,128
B,1,static_contention_baseline_B_event_llm-only_r01_a01,178,static-178,1795.2570000197738,11.556758527464314,11.532749980688095,11.824900191277266,12.070645008352583,12.237541988724843,15.014375007012859,128
B,1,static_contention_baseline_B_event_llm-only_r01_a01,179,static-179,1797.293791983975,11.586575456766603,11.549874994670972,11.824962485115975,12.264101559994742,12.443290994269773,15.279832994565368,128
B,1,static_contention_baseline_B_event_llm-only_r01_a01,180,static-180,1794.3062920239754,11.57457151956211,11.548042006324977,11.879607994342223,12.180049847811459,12.50195800093934,14.984834007918835,128
B,1,static_contention_baseline_B_event_llm-only_r01_a01,181,static-181,1795.4565830004867,11.547618763755978,11.528208007803187,11.693233100231737,11.925350921810605,12.168124987510964,15.20854199770838,128
B,1,static_contention_baseline_B_event_llm-only_r01_a01,182,static-182,1796.8952919763979,11.565154850552606,11.52154098963365,11.932416891795581,12.335114674060605,12.525750003987923,14.954958984162658,128
B,1,static_contention_baseline_B_event_llm-only_r01_a01,183,static-183,1796.9497500162106,11.567773952609016,11.537541984580457,11.825745605165139,12.323562176316045,12.551584019092843,15.726083016488701,128
B,1,static_contention_baseline_B_event_llm-only_r01_a01,184,static-184,1795.9077919949777,11.57040452753289,11.538791994098574,11.813266793615185,12.318497335654683,12.52720900811255,14.979708008468151,128
B,1,static_contention_baseline_B_event_llm-only_r01_a01,185,static-185,1796.314417006215,11.57624770082372,11.534709017723799,11.863583099329844,12.337649676483124,12.555250024888664,15.017708006780595,128
B,1,static_contention_baseline_B_event_llm-only_r01_a01,186,static-186,1796.0836669954006,11.565214567029424,11.5389580023475,11.709787513245828,12.160380929126404,12.503459001891315,15.244499983964488,128
B,1,static_contention_baseline_B_event_llm-only_r01_a01,187,static-187,1796.2208329990972,11.57343503927416,11.534916993696243,11.855196495889686,12.3781373311067,12.550666986498982,15.06120798876509,128
B,1,static_contention_baseline_B_event_llm-only_r01_a01,188,static-188,1795.9047500044107,11.549619755911179,11.534374993061647,11.678937304532155,12.078441836056298,12.55129199125804,15.49416600028053,128
B,1,static_contention_baseline_B_event_llm-only_r01_a01,189,static-189,1794.7142499906477,11.571619425227455,11.543832981260493,11.85317941417452,12.2470523416996,12.358083011349663,15.129457984585315,128
B,1,static_contention_baseline_B_event_llm-only_r01_a01,190,static-190,1797.5018750003073,11.630744425127077,11.56625000294298,12.271217105444519,12.539396077627316,12.550999992527068,15.046583022922277,128
B,1,static_contention_baseline_B_event_llm-only_r01_a01,191,static-191,1795.7667080045212,11.574952755908035,11.536582984263077,11.837221498717554,12.436959077604115,12.544333003461361,15.51529101561755,128
B,1,static_contention_baseline_B_event_llm-only_r01_a01,192,static-192,1796.3920420152135,11.547707015736483,11.52845798060298,11.70616700546816,12.021607075585052,12.238166993483901,15.103792014997452,128
B,1,static_contention_baseline_B_event_llm-only_r01_a01,193,static-193,1796.0364159953315,11.567835960726025,11.530708987265825,11.914904191507958,12.376913928892463,12.461582984542474,15.092874993570149,128
B,1,static_contention_baseline_B_event_llm-only_r01_a01,194,static-194,1794.4390420161653,11.804449149475278,11.597167002037168,13.132350204978138,13.662393725826403,14.626417018007487,15.13750001322478,128
B,1,static_contention_baseline_B_event_llm-only_r01_a01,195,static-195,1804.9091669963673,11.567226047105134,11.54379200306721,11.722579385968857,12.262802639743311,12.490583001635969,15.283999993698671,128
B,1,static_contention_baseline_B_event_llm-only_r01_a01,196,static-196,1795.7809589861427,11.349744748050993,11.250832991208881,11.629041901323944,11.720509081496857,11.827457987237722,15.166750003118068,128
B,1,static_contention_baseline_B_event_llm-only_r01_a01,197,static-197,1795.2403750095982,11.566619755879895,11.528417002409697,11.899195594014598,12.276290320442058,12.528207997092977,15.095375012606382,128
B,1,static_contention_baseline_B_event_llm-only_r01_a01,198,static-198,1797.7726669923868,11.59182578732267,11.555708013474941,11.898054307675919,12.398619849118404,12.476959003834054,15.137125010369346,128
B,1,static_contention_baseline_B_event_llm-only_r01_a01,199,static-199,1795.7136250042822,11.544044622023934,11.523332999786362,11.673104591318406,11.954083997989073,12.48158302041702,14.98666699626483,128
B,1,static_contention_baseline_B_event_llm-only_r01_a01,200,static-200,1796.5053750085644,11.553524606302014,11.533582990523428,11.696491908514872,11.943098593619652,11.962458986090496,15.063583996379748,128
B,1,static_contention_baseline_B_event_llm-only_r01_a01,201,static-201,1796.7577500094194,11.577542645739406,11.542666994500905,11.862045602174476,12.464302931912243,12.503416975960135,15.45008399989456,128
B,1,static_contention_baseline_B_event_llm-only_r01_a01,202,static-202,1796.4108340092935,11.578045929112934,11.546083987923339,11.809737503062934,12.118239504634403,12.560125003801659,15.043083985801786,128
B,1,static_contention_baseline_B_event_llm-only_r01_a01,203,static-203,1797.4317079933826,11.578495409358,11.546291992999613,11.807704283273779,12.25421814539004,12.519874988356605,15.100499993423,128
B,1,static_contention_baseline_B_event_llm-only_r01_a01,204,static-204,1796.666958980495,11.55172309455073,11.530791001860052,11.736828897846863,12.223644648329355,12.264166987733915,15.030209004180506,128
B,1,static_contention_baseline_B_event_llm-only_r01_a01,205,static-205,1796.295125008328,11.593870732220124,11.553791991900653,12.032954281312414,12.436305496376008,12.502041994594038,15.25991698144935,128
B,1,static_contention_baseline_B_event_llm-only_r01_a01,206,static-206,1797.6490830187686,11.53996686600552,11.510249983984977,11.672858110978268,12.113873909111133,12.534916982986033,15.05229200120084,128
B,1,static_contention_baseline_B_event_llm-only_r01_a01,207,static-207,1796.7018749914132,11.543123684933512,11.52979102334939,11.64593298744876,11.89937200048007,12.45837498572655,15.163917007157579,128
B,1,static_contention_baseline_B_event_llm-only_r01_a01,208,static-208,1796.6224589908961,11.570206362301278,11.52699999511242,11.934391714748925,12.361111433710901,12.662666995311156,15.035874996101484,128
B,1,static_contention_baseline_B_event_llm-only_r01_a01,209,static-209,1798.1138329778332,11.58185793713879,11.54379200306721,12.089954392286016,12.427204659907147,12.486624997109175,15.060832985909656,128
B,1,static_contention_baseline_B_event_llm-only_r01_a01,210,static-210,1794.903333997354,11.570749015824166,11.54679199680686,11.731841193977743,12.380372159532271,12.428791000274941,15.133999986574054,128
B,1,static_contention_baseline_B_event_llm-only_r01_a01,211,static-211,1797.694875014713,11.569772314877932,11.536540987435728,11.777145802625455,12.270181995118037,12.466874992242083,15.12066600844264,128
B,1,static_contention_baseline_B_event_llm-only_r01_a01,212,static-212,1796.416583005339,11.55112893710199,11.524708999786526,11.732599791139364,12.243528431281447,12.392125005135313,15.165749995503575,128
B,1,static_contention_baseline_B_event_llm-only_r01_a01,213,static-213,1812.121583003318,11.712364503869964,11.56616598018445,12.528908083913848,13.655609412235208,13.776499981759116,16.386416013119742,128
B,1,static_contention_baseline_B_event_llm-only_r01_a01,214,static-214,1797.1737919724546,11.570381889794403,11.55129200196825,11.848533793818206,12.309857986983841,12.42829198599793,15.008041984401643,128
B,1,static_contention_baseline_B_event_llm-only_r01_a01,215,static-215,1795.7248750026338,11.59637533087012,11.552334006410092,11.95153389708139,12.454429994686507,12.566792021971196,15.043916995637119,128
B,1,static_contention_baseline_B_event_llm-only_r01_a01,216,static-216,1798.5481250216253,11.567741464484321,11.533540993696079,11.743754296912812,12.319960416061804,12.478916993131861,15.458084002602845,128
B,1,static_contention_baseline_B_event_llm-only_r01_a01,217,static-217,1795.2504999993835,11.5762621415944,11.535541998455301,11.855754401767626,12.430773564265108,12.49895800719969,15.103458019439131,128
B,1,static_contention_baseline_B_event_llm-only_r01_a01,218,static-218,1796.549042017432,11.553661417221562,11.525957990670577,11.741754307877272,12.236873178044334,12.280458002351224,15.035375021398067,128
B,1,static_contention_baseline_B_event_llm-only_r01_a01,219,static-219,1796.8157090072054,11.56735039379367,11.518790997797623,11.9352668087231,12.352207996882498,12.574292020872235,15.270042000338435,128
B,1,static_contention_baseline_B_event_llm-only_r01_a01,220,static-220,1794.5636250078678,11.577134511725038,11.528583010658622,11.951595798018388,12.267858576378785,12.298790999921039,15.044667001347989,128
B,1,static_contention_baseline_B_event_llm-only_r01_a01,221,static-221,1798.7442500016186,11.541896984146131,11.528665985679254,11.638858090736903,11.95645543106366,11.985249991994351,15.873083000769839,128
B,1,static_contention_baseline_B_event_llm-only_r01_a01,222,static-222,1797.3063749959692,11.544295275670029,11.52883400209248,11.687512512435205,12.093786416808141,12.228624982526526,15.170249971561134,128
B,1,static_contention_baseline_B_event_llm-only_r01_a01,223,static-223,1795.1327500049956,11.57564435435613,11.532125005032867,11.905892001232132,12.395544646424241,12.555833003716543,15.78966699889861,128
B,1,static_contention_baseline_B_event_llm-only_r01_a01,224,static-224,1797.0359589962754,11.581948157409059,11.540375009644777,11.814287514425814,12.463669819408096,12.55574999959208,15.020874998299405,128
B,1,static_contention_baseline_B_event_llm-only_r01_a01,225,static-225,1797.8825419850182,11.563123031482688,11.536042002262548,11.694846214959398,12.3330450092908,12.483792001148686,15.166416997089982,128
B,1,static_contention_baseline_B_event_llm-only_r01_a01,226,static-226,1797.3218329716474,11.561612204894217,11.537749989656731,11.88651250267867,12.312870164751073,12.548458005767316,14.947374991606921,128
B,1,static_contention_baseline_B_event_llm-only_r01_a01,227,static-227,1796.710707974853,11.56382644104434,11.53241700376384,11.8351703917142,12.481243158108555,12.499832984758541,15.053541981615126,128
B,1,static_contention_baseline_B_event_llm-only_r01_a01,228,static-228,1795.2029580192175,11.569204070838168,11.536584002897143,11.834800010547042,12.305924058309756,12.586541997734457,14.97004201519303,128
B,1,static_contention_baseline_B_event_llm-only_r01_a01,229,static-229,1797.150333004538,11.554021653435083,11.528250004630536,11.74578758655116,12.113473593490196,12.264291988685727,15.080375014804304,128
B,1,static_contention_baseline_B_event_llm-only_r01_a01,230,static-230,1796.7072920000646,11.569250653466709,11.537166981725022,11.736508712056093,12.257696592714638,12.458917015464976,15.123332996154204,128
B,1,static_contention_baseline_B_event_llm-only_r01_a01,231,static-231,1798.325042007491,11.939464236186142,11.707583005772904,13.45352501084562,14.487208068603646,14.673500001663342,15.404500009026378,128
B,1,static_contention_baseline_B_event_llm-only_r01_a01,232,static-232,1798.0107080074959,11.542997708659634,11.519042018335313,11.736399796791373,12.209006430930456,12.457083008484915,15.17750002676621,128
B,1,static_contention_baseline_B_event_llm-only_r01_a01,233,static-233,1796.50299999048,11.541749015688808,11.527624999871477,11.676770594203845,11.975407484569587,12.11412501288578,15.059458994073793,128
B,1,static_contention_baseline_B_event_llm-only_r01_a01,234,static-234,1797.3670409992337,11.61368044875159,11.571499984711409,11.987908108858392,12.308914831955917,12.345916009508073,15.010666014859453,128
B,1,static_contention_baseline_B_event_llm-only_r01_a01,235,static-235,1796.771749999607,11.568006236238157,11.53533297474496,11.881599985645153,12.353405673638918,12.587416014866903,15.078541997354478,128
B,1,static_contention_baseline_B_event_llm-only_r01_a01,236,static-236,1796.9502500200178,11.560157803070592,11.533499986398965,11.675316310720518,12.247795658768153,12.508791987784207,15.664334001485258,128
B,1,static_contention_baseline_B_event_llm-only_r01_a01,237,static-237,1796.9535000156611,11.557770999997311,11.533667013281956,11.704512522555888,12.22385033557657,12.277333007659763,14.955083024688065,128
B,1,static_contention_baseline_B_event_llm-only_r01_a01,238,static-238,1797.3377089947462,11.57310039380668,11.532625008840114,11.86016700521577,12.545596581185237,12.585415999637917,15.036666998639703,128
B,1,static_contention_baseline_B_event_llm-only_r01_a01,239,static-239,1797.44891601149,11.576204070744405,11.549916991498321,11.774975006119346,12.445721070398575,12.578791007399559,15.183750016149133,128
B,1,static_contention_baseline_B_event_llm-only_r01_a01,240,static-240,1798.4792079951148,11.578649275580524,11.54004200361669,11.836749984649941,12.261240917141548,12.516458984464407,15.989957988495007,128
B,1,static_contention_baseline_B_event_llm-only_r01_a01,241,static-241,1796.0470830148552,11.565649606274647,11.545959016075358,11.666296311886981,11.954119838192128,12.598083005286753,15.211249992717057,128
B,1,static_contention_baseline_B_event_llm-only_r01_a01,242,static-242,1796.833540982334,11.567429133863225,11.53370799147524,11.848874983843416,12.270926921628416,12.455749994842336,15.041999984532595,128
B,1,static_contention_baseline_B_event_llm-only_r01_a01,243,static-243,1795.783916983055,11.587550850332105,11.550249997526407,11.871024887659585,12.514412833261304,12.586416996782646,14.98816700768657,128
B,1,static_contention_baseline_B_event_llm-only_r01_a01,244,static-244,1798.1998329923954,11.546975070900306,11.52495900169015,11.6985420929268,12.084696089732459,12.512332992628217,15.05658298265189,128
B,1,static_contention_baseline_B_event_llm-only_r01_a01,245,static-245,1797.520916996291,11.603204062984025,11.550458002602682,12.29520429333206,12.44043607963249,12.469375011278316,15.102625009603798,128
B,1,static_contention_baseline_B_event_llm-only_r01_a01,246,static-246,1795.8150829945225,11.536123692818851,11.518709012307227,11.695778704597615,11.849713497795165,11.959791008848697,15.000500017777085,128
B,1,static_contention_baseline_B_event_llm-only_r01_a01,247,static-247,1797.5048329972196,11.553629921377071,11.532625008840114,11.652849992970005,12.297811936587093,12.514333007857203,15.06812497973442,128
B,1,static_contention_baseline_B_event_llm-only_r01_a01,248,static-248,1797.7021660190076,11.586989173216482,11.548625014256686,11.804800012032501,12.363876086310482,12.564417003886774,15.125875012017787,128
B,1,static_contention_baseline_B_event_llm-only_r01_a01,249,static-249,1796.602000016719,14.018472440826788,14.510499982861802,16.99328730464913,17.529755637515336,17.794666986446828,15.062541991937906,128
B,1,static_contention_baseline_B_event_llm-only_r01_a01,250,static-250,1804.436624981463,11.56506988203417,11.526959016919136,11.808608003775587,12.381870005046949,12.510208005551249,15.05691697821021,128
B,1,static_contention_baseline_B_event_llm-only_r01_a01,251,static-251,1796.7543750128243,11.361489834641583,11.264583008596674,11.694479396101086,11.931507497793064,12.313958024606109,15.174208005191758,128
B,1,static_contention_baseline_B_event_llm-only_r01_a01,252,static-252,1797.6099580118898,11.576165685083673,11.538082995684817,11.830687514157034,12.264846839825623,12.416416982887313,15.015375014627352,128
B,1,static_contention_baseline_B_event_llm-only_r01_a01,253,static-253,1794.238000002224,11.567822503985646,11.539792001713067,11.805166205158457,12.169688749709167,12.180707999505103,14.995332981925458,128
B,1,static_contention_baseline_B_event_llm-only_r01_a01,254,static-254,1797.9570419993252,11.5746811023587,11.534416989888996,11.800120488624088,12.48395607166458,12.561208015540615,15.19550001830794,128
B,1,static_contention_baseline_B_event_llm-only_r01_a01,255,static-255,1798.5751669912133,11.605062338662899,11.562832980416715,12.019429603242314,12.531911742989905,12.549207982374355,15.22891700733453,128
B,1,static_contention_baseline_B_event_llm-only_r01_a01,256,static-256,1796.839333983371,11.563642385899728,11.531417025253177,11.707532906439155,12.401909990585409,12.496792012825608,14.981374988565221,128
B,1,static_contention_baseline_B_event_llm-only_r01_a01,257,static-257,1796.8870410113595,11.564029858256946,11.525334004545584,11.83555389579851,12.351296835695393,12.488166015828028,15.085000020917505,128
B,1,static_contention_baseline_B_event_llm-only_r01_a01,258,static-258,1796.2257079780102,11.583081039363577,11.522707995027304,11.918116989545524,12.453447004663758,12.652167002670467,15.069957997184247,128
B,1,static_contention_baseline_B_event_llm-only_r01_a01,259,static-259,1796.085584006505,11.580612858084551,11.549707996891811,11.808041800395584,12.446008597617038,12.48754098196514,15.009750000899658,128
B,1,static_contention_baseline_B_event_llm-only_r01_a01,260,static-260,1797.3529580049217,11.573537732254508,11.542332998942584,11.762107990216464,12.35934607568197,12.504874990554526,15.029875008622184,128
B,1,static_contention_baseline_B_event_llm-only_r01_a01,261,static-261,1794.9291249969974,11.56798064572128,11.544500011950731,11.727458116365597,12.113540171994828,12.559666996821761,14.987041999120265,128
B,1,static_contention_baseline_B_event_llm-only_r01_a01,262,static-262,1798.1164579978213,11.578896322872446,11.536583013366908,11.82842521520797,12.48310715134721,12.604500021552667,15.007957990746945,128
B,1,static_contention_baseline_B_event_llm-only_r01_a01,263,static-263,1798.2492920127697,11.571147968382098,11.536791978869587,11.829487519571556,12.374649486737326,12.527250015409663,15.18495799973607,128
B,1,static_contention_baseline_B_event_llm-only_r01_a01,264,static-264,1797.2738750104327,11.565935692803084,11.541874991962686,11.817583907395601,12.16792048071511,12.266167002962902,15.01920900773257,128
B,1,static_contention_baseline_B_event_llm-only_r01_a01,265,static-265,1797.9511249868665,11.54565551193563,11.5172500081826,11.710849884548225,12.145492334966548,12.22808301099576,15.041082981042564,128
B,1,static_contention_baseline_B_event_llm-only_r01_a01,266,static-266,1797.272708005039,11.583267062797951,11.550416995305568,11.73114559787791,12.367886581341736,12.503166974056512,15.05675000953488,128
B,1,static_contention_baseline_B_event_llm-only_r01_a01,267,static-267,1797.3404170188587,11.566719488061114,11.540250008692965,11.819878892856648,12.360271567013115,12.49387499410659,15.321042010327801,128
B,1,static_contention_baseline_B_event_llm-only_r01_a01,268,static-268,1819.204917002935,11.598984905432426,11.538874998223037,11.890762296388857,12.379023577668702,12.797333998605609,15.35266701830551,128
B,1,static_contention_baseline_B_event_llm-only_r01_a01,269,static-269,1796.1544169811532,11.574960629983739,11.562750005396083,11.686896294122562,12.275653567048721,12.491500005126,15.118916984647512,128
B,1,static_contention_baseline_B_event_llm-only_r01_a01,270,static-270,1796.9856669951696,11.594488842350497,11.544750013854355,12.07459569268394,12.430547490948811,12.49375002225861,15.030000009573996,128
B,1,static_contention_baseline_B_event_llm-only_r01_a01,271,static-271,1797.5733749917708,11.564774606257721,11.534165998455137,11.723791985423304,12.33785157499369,12.401667016092688,15.096499992068857,128
B,1,static_contention_baseline_B_event_llm-only_r01_a01,272,static-272,1797.509625001112,11.560434708600923,11.531541007570922,11.657487499178387,12.342894093599167,12.48400000622496,15.274625009624287,128
B,1,static_contention_baseline_B_event_llm-only_r01_a01,273,static-273,1797.1702500071842,11.575724740052507,11.537292011780664,11.711233601090498,12.35888657916803,12.578333989949897,14.952833007555455,128
B,1,static_contention_baseline_B_event_llm-only_r01_a01,274,static-274,1795.8407920086756,11.545715551075386,11.521999986143783,11.686758286668919,12.050237829680553,12.331042002188042,15.10275001055561,128
B,1,static_contention_baseline_B_event_llm-only_r01_a01,275,static-275,1799.5789159904234,11.559914370153583,11.536292004166171,11.652591888559982,12.12837515748106,12.536958995042369,15.345082996645942,128
B,1,static_contention_baseline_B_event_llm-only_r01_a01,276,static-276,1797.798249986954,11.578041008044782,11.53466699179262,11.825020506512372,12.459946722956374,12.548917002277449,15.000666986452416,128
B,1,static_contention_baseline_B_event_llm-only_r01_a01,277,static-277,1796.4858339983039,11.570083661468729,11.54974999371916,11.79316601192113,12.26804314588662,12.386666989186779,15.049167006509379,128
B,1,static_contention_baseline_B_event_llm-only_r01_a01,278,static-278,1799.0174170117825,11.562335629870484,11.538125021615997,11.693441195529886,12.294399836100638,12.43579198489897,15.058042015880346,128
B,1,static_contention_baseline_B_event_llm-only_r01_a01,279,static-279,1797.1347080019768,11.559687338505439,11.534999997820705,11.650940991239622,12.332228424493222,12.482624995755032,15.617666009347886,128
B,1,static_contention_baseline_B_event_llm-only_r01_a01,280,static-280,1797.42245801026,11.584338259756727,11.543417000211775,11.81040869851131,12.488745520822704,12.567583995405585,15.024749998701736,128
B,1,static_contention_baseline_B_event_llm-only_r01_a01,281,static-281,1798.4109160024673,11.570376314921305,11.536792007973418,11.85934560780879,12.319483578321524,12.492500012740493,15.097166004125029,128
B,1,static_contention_baseline_B_event_llm-only_r01_a01,282,static-282,1795.6034580129199,11.569446196832775,11.544707987923175,11.736821214435622,12.272919426904991,12.287124991416931,15.008458023658022,128
B,1,static_contention_baseline_B_event_llm-only_r01_a01,283,static-283,1799.5843329990748,11.565597110068587,11.532750009791926,11.724487598985434,12.327766420785338,12.55558300181292,15.292250027414411,128
B,1,static_contention_baseline_B_event_llm-only_r01_a01,284,static-284,1796.4986250153743,11.580659448733831,11.538249993463978,11.89616250921972,12.371510759112425,12.501499993959442,15.228375006699935,128
B,1,static_contention_baseline_B_event_llm-only_r01_a01,285,static-285,1797.6325419731438,11.580404850487472,11.546584020834416,11.81525019055698,12.456905748695133,12.57449999684468,15.181583992671221,128
B,1,static_contention_baseline_B_event_llm-only_r01_a01,286,static-286,1806.9175829878077,11.858797574866797,11.689292005030438,13.23256249015685,13.670935507398099,13.72458299738355,15.402416000142694,128
B,1,static_contention_baseline_B_event_llm-only_r01_a01,287,static-287,1796.9344169832766,11.561428480433285,11.537208018125966,11.763691107626073,11.987632857635617,12.42679200368002,14.983375003794208,128
B,1,static_contention_baseline_B_event_llm-only_r01_a01,288,static-288,1798.9095830125734,11.544110566949634,11.517875012941658,11.692474986193702,12.14657101256307,12.366290990030393,15.043166000396013,128
B,1,static_contention_baseline_B_event_llm-only_r01_a01,289,static-289,1795.9470420028083,11.579712929147274,11.545416986336932,11.808337300317362,12.310878583230078,12.531790998764336,15.250166994519532,128
B,1,static_contention_baseline_B_event_llm-only_r01_a01,290,static-290,1799.1719169949647,11.562367456627818,11.546249996172264,11.664258092059754,12.21378249581903,12.470416986616328,15.840083011426032,128
B,1,static_contention_baseline_B_event_llm-only_r01_a01,291,static-291,1797.5904580089264,11.559791669321033,11.516208003740758,11.822441889671607,12.43902950140182,12.589457997819409,14.996875019278377,128
B,1,static_contention_baseline_B_event_llm-only_r01_a01,292,static-292,1797.3791669937782,11.563428149624603,11.52229099534452,11.732091291924007,12.448260583914815,12.52925000153482,15.053542010718957,128
B,1,static_contention_baseline_B_event_llm-only_r01_a01,293,static-293,1797.0550419995561,11.567458330734274,11.53612500638701,11.778621096163986,12.327185008325614,12.500374985393137,15.015917015261948,128
B,1,static_contention_baseline_B_event_llm-only_r01_a01,294,static-294,1796.3705000001937,11.582223425333307,11.552124982699752,11.93204989831429,12.408429841161706,12.5255000020843,15.256291982950643,128
B,1,static_contention_baseline_B_event_llm-only_r01_a01,295,static-295,1797.7118749986403,11.588505574678049,11.543499975232407,11.940091903670691,12.36391983751673,12.475333991460502,15.322874998673797,128
B,1,static_contention_baseline_B_event_llm-only_r01_a01,296,static-296,1797.3125840071589,11.567625000121394,11.534582998137921,11.783107987139374,12.427200007950887,12.598875007824972,15.217917010886595,128
B,1,static_contention_baseline_B_event_llm-only_r01_a01,297,static-297,1796.917333995225,11.555269354354868,11.520625004777685,11.868546190089546,12.248418077942913,12.517457973444834,15.031666989671066,128
B,1,static_contention_baseline_B_event_llm-only_r01_a01,298,static-298,1799.7815840062685,11.565264433120033,11.527374997967854,11.883517014211975,12.367127180914395,12.477541982661933,15.113166999071836,128
B,1,static_contention_baseline_B_event_llm-only_r01_a01,299,static-299,1798.3166250051,11.577396330700484,11.534125020261854,11.91376261122059,12.439492333796807,12.458167009754106,15.108332998352125,128
B,2,static_contention_baseline_B_event_llm-only_r02_a01,0,static-000,1732.1910420141649,11.51145045672118,11.486333998618647,11.645195700111799,12.140903599211015,12.19199999468401,15.267125010723248,128
B,2,static_contention_baseline_B_event_llm-only_r02_a01,1,static-001,1748.9995839714538,11.52852460637498,11.49366601021029,11.843949911417438,12.221608560648747,12.317165994318202,15.020624996395782,128
B,2,static_contention_baseline_B_event_llm-only_r02_a01,2,static-002,1765.529249998508,11.541581362271389,11.497542000142857,11.945974992704574,12.357807506923564,12.492583016864955,14.960625005187467,128
B,2,static_contention_baseline_B_event_llm-only_r02_a01,3,static-003,1776.4508750115056,11.539738188959717,11.518667015479878,11.70192928693723,12.191572156152686,12.40325000253506,15.56837500538677,128
B,2,static_contention_baseline_B_event_llm-only_r02_a01,4,static-004,1782.8007919888478,11.562448488108403,11.530040996149182,11.83144138776697,12.379153406363912,12.435250013368204,15.232625009957701,128
B,2,static_contention_baseline_B_event_llm-only_r02_a01,5,static-005,1787.0134580007289,11.849649275715397,11.530082992976531,14.234812694485298,14.939980155904777,15.107374987564981,15.061666985275224,128
B,2,static_contention_baseline_B_event_llm-only_r02_a01,6,static-006,1791.6504169988912,11.565570204608568,11.527833994477987,11.73503740283195,12.334350007004105,12.479790981160477,15.105833997949958,128
B,2,static_contention_baseline_B_event_llm-only_r02_a01,7,static-007,1793.0778340087272,11.545473747972883,11.519249994307756,11.779037406085989,12.080950663657859,12.337541993474588,15.106000006198883,128
B,2,static_contention_baseline_B_event_llm-only_r02_a01,8,static-008,1794.0916670195293,11.554961283434563,11.531249998370185,11.692971200682223,12.260369503055697,12.47187500121072,15.006625006208196,128
B,2,static_contention_baseline_B_event_llm-only_r02_a01,9,static-009,1795.6764999835286,11.57336450396399,11.543541011633351,11.727116402471438,12.36812983697746,12.518417002866045,14.948249998269603,128
B,2,static_contention_baseline_B_event_llm-only_r02_a01,10,static-010,1797.428709018277,11.58357807870507,11.554291006177664,11.743154501891695,12.257244086358696,12.609333993168548,14.954709011362866,128
B,2,static_contention_baseline_B_event_llm-only_r02_a01,11,static-011,1798.3289579860866,11.587317260009728,11.54962502187118,11.78209200152196,12.403446090174839,12.473125010728836,14.968999981647357,128
B,2,static_contention_baseline_B_event_llm-only_r02_a01,12,static-012,1796.3783750019502,11.600761810926295,11.567250010557473,11.867737505235706,12.284200905123726,12.383458990370855,15.148458012845367,128
B,2,static_contention_baseline_B_event_llm-only_r02_a01,13,static-013,1800.7104589778464,11.62200918128736,11.57016700017266,12.013374804519115,12.521079845027998,12.573666987009346,15.10895899264142,128
B,2,static_contention_baseline_B_event_llm-only_r02_a01,14,static-014,1804.116499988595,12.09546226777107,11.851207993458956,13.210124909528531,14.438230567611754,14.972542005125433,16.962499998044223,128
B,2,static_contention_baseline_B_event_llm-only_r02_a01,15,static-015,1801.8969589902554,11.614320866165931,11.588124994887039,11.749783999403007,12.196685927920043,12.528666004072875,15.152916981605813,128
B,2,static_contention_baseline_B_event_llm-only_r02_a01,16,static-016,1800.1742909837049,11.619206039440327,11.580375023186207,11.93712510576006,12.358876084908843,12.523750017862767,15.015415992820635,128
B,2,static_contention_baseline_B_event_llm-only_r02_a01,17,static-017,1804.271457978757,11.639453740203827,11.595666990615427,12.16137068113312,12.345617663231678,12.439874990377575,15.176374989096075,128
B,2,static_contention_baseline_B_event_llm-only_r02_a01,18,static-018,1799.8953750065994,11.640068244209191,11.600124998949468,11.962545709684491,12.317280154093169,12.470666988519952,15.011040988611057,128
B,2,static_contention_baseline_B_event_llm-only_r02_a01,19,static-019,1803.5463340056594,11.63398490542194,11.600500001804903,11.831237410660831,12.323041497147642,12.470041983760893,15.149750019190833,128
B,2,static_contention_baseline_B_event_llm-only_r02_a01,20,static-020,1798.6262080084998,11.654074472241382,11.608583998167887,11.970520595787093,12.406876071472652,12.535084009869024,15.116082999156788,128
B,2,static_contention_baseline_B_event_llm-only_r02_a01,21,static-021,1803.6411670036614,11.648777228373095,11.603083985392004,12.132062387536278,12.44827608577907,12.60083302622661,15.635333984391764,128
B,2,static_contention_baseline_B_event_llm-only_r02_a01,22,static-022,1802.924208022887,11.648164700678235,11.600833007832989,12.139770601061173,12.374985907808878,12.424749991623685,14.99862500349991,128
B,2,static_contention_baseline_B_event_llm-only_r02_a01,23,static-023,1803.8850000011735,11.661140086618802,11.610291025135666,12.013287609443069,12.35168649465777,12.586209020810202,14.98070900561288,128
B,2,static_contention_baseline_B_event_llm-only_r02_a01,24,static-024,1801.7416250077076,11.640911417239616,11.606332991505042,12.012679592589848,12.247572821215726,12.36979098757729,15.085958002600819,128
B,2,static_contention_baseline_B_event_llm-only_r02_a01,25,static-025,1803.2153749954887,11.64111581092011,11.605999985476956,11.970187595579771,12.15754657634534,12.631708988919854,15.041917009511963,128
B,2,static_contention_baseline_B_event_llm-only_r02_a01,26,static-026,1803.0419159913436,11.652911417406258,11.62812500842847,11.886595693067648,12.052784989355132,12.126082991017029,15.79020801000297,128
B,2,static_contention_baseline_B_event_llm-only_r02_a01,27,static-027,1803.3567079983186,11.655118771760879,11.616583011345938,12.085487504373305,12.366558412904851,12.417958001606166,15.037790988571942,128
B,2,static_contention_baseline_B_event_llm-only_r02_a01,28,static-028,1804.7227909846697,11.634291338736162,11.615082999924198,11.842521294602193,12.1389535831986,12.167583015980199,15.207040996756405,128
B,2,static_contention_baseline_B_event_llm-only_r02_a01,29,static-029,1803.033875010442,11.631739826773947,11.606915999436751,11.92056241852697,12.31089800072368,12.49429100425914,15.018458012491465,128
B,2,static_contention_baseline_B_event_llm-only_r02_a01,30,static-030,1801.4728749985807,11.645427165281644,11.600333993555978,12.02343368786387,12.425497504882514,12.493708985857666,15.010917006293312,128
B,2,static_contention_baseline_B_event_llm-only_r02_a01,31,static-031,1803.8141249853652,11.669284779593115,11.619541997788474,12.06325798702892,12.51850251283031,12.607832992216572,15.499874978559092,128
B,2,static_contention_baseline_B_event_llm-only_r02_a01,32,static-032,1801.847957976861,12.028134188946614,11.822333006421104,13.717882992932573,14.078135646996088,14.79620800819248,15.009166003437713,128
B,2,static_contention_baseline_B_event_llm-only_r02_a01,33,static-033,1813.5683750151657,11.636849078688932,11.605417006649077,11.839962581871076,12.425021235249003,12.514208006905392,15.464417025214061,128
B,2,static_contention_baseline_B_event_llm-only_r02_a01,34,static-034,1802.7739999815822,11.634364173248938,11.599332996411249,11.938671101233922,12.335446915822104,12.436999997589737,14.963958004955202,128
B,2,static_contention_baseline_B_event_llm-only_r02_a01,35,static-035,1802.880584000377,11.629828409563133,11.589291010750458,12.057896298938429,12.445366274332628,12.500958022428676,15.198666980722919,128
B,2,static_contention_baseline_B_event_llm-only_r02_a01,36,static-036,1802.3905000009108,11.621047897579691,11.605040985159576,11.754283297341315,12.310217668418773,12.394416000461206,15.146292018471286,128
B,2,static_contention_baseline_B_event_llm-only_r02_a01,37,static-037,1801.8116669845767,11.602386811154155,11.57216599676758,11.882103706011549,12.28173442184925,12.324458017246798,14.969749987358227,128
B,2,static_contention_baseline_B_event_llm-only_r02_a01,38,static-038,1801.9092499744147,11.63892159064293,11.599374993238598,12.14235800143797,12.330662495805882,12.539082992589101,15.856665995670483,128
B,2,static_contention_baseline_B_event_llm-only_r02_a01,39,static-039,1803.0842499865685,11.627959976418266,11.581083002965897,12.019387693726456,12.490017513628118,12.547500024084002,15.030666982056573,128
B,2,static_contention_baseline_B_event_llm-only_r02_a01,40,static-040,1802.206833002856,11.610588913381935,11.574957985430956,11.882133010658436,12.360191569314338,12.558084010379389,14.992166019510478,128
B,2,static_contention_baseline_B_event_llm-only_r02_a01,41,static-041,1802.2562919941265,11.634623362108933,11.581208003917709,12.043570782407187,12.423143005580641,12.650084012420848,15.066417021444067,128
B,2,static_contention_baseline_B_event_llm-only_r02_a01,42,static-042,1800.3587079874706,11.626306433124306,11.58233400201425,12.183271080721168,12.336198090924881,12.397834012517706,15.766999975312501,128
B,2,static_contention_baseline_B_event_llm-only_r02_a01,43,static-043,1802.1895840065554,11.577745732268333,11.545417015440762,11.692087494884618,12.262689077761024,12.499375006882474,15.623084007529542,128
B,2,static_contention_baseline_B_event_llm-only_r02_a01,44,static-044,1799.2147079785354,11.593027889873378,11.558416008483618,11.850662311189806,12.410955664818175,12.511790991993621,14.8990000016056,128
B,2,static_contention_baseline_B_event_llm-only_r02_a01,45,static-045,1803.5737500176765,11.565962267579422,11.53541699750349,11.736912705237046,12.24938875180669,12.574374995892867,15.006792003987357,128
B,2,static_contention_baseline_B_event_llm-only_r02_a01,46,static-046,1798.388958995929,11.604187991992593,11.568250018171966,11.85945440083742,12.290991990594193,12.610208010300994,15.422625001519918,128
B,2,static_contention_baseline_B_event_llm-only_r02_a01,47,static-047,1802.2319169831462,11.584175527636623,11.555167002370581,11.763350098044612,12.43741184589453,12.465250008972362,15.054957999382168,128
B,2,static_contention_baseline_B_event_llm-only_r02_a01,48,static-048,1796.9408749777358,11.577440283442737,11.535041994648054,11.845078814076258,12.388738751178607,12.427625013515353,15.048291999846697,128
B,2,static_contention_baseline_B_event_llm-only_r02_a01,49,static-049,1799.7330419893842,11.576230968412847,11.541874991962686,11.758608298259787,12.433545151725411,12.581082992255688,15.166083991061896,128
B,2,static_contention_baseline_B_event_llm-only_r02_a01,50,static-050,1800.6680000107735,11.549721787524168,11.515874997712672,11.7524581059115,12.368387660826555,12.493999995058402,15.046957996673882,128
B,2,static_contention_baseline_B_event_llm-only_r02_a01,51,static-051,1826.7307080095634,11.594272637785611,11.548000009497628,11.806932886247523,12.494632342131808,12.577125016832724,15.318082994781435,128
B,2,static_contention_baseline_B_event_llm-only_r02_a01,52,static-052,1798.251000000164,11.575265748125656,11.535042023751885,11.744650013861246,12.341074851574376,12.547834019642323,15.062249993206933,128
B,2,static_contention_baseline_B_event_llm-only_r02_a01,53,static-053,1797.7679999894463,11.554150590737255,11.528083006851375,11.762157993507572,12.155158742098136,12.341124995145947,14.943249989300966,128
B,2,static_contention_baseline_B_event_llm-only_r02_a01,54,static-054,1800.046000018483,11.542394685084147,11.524458008352667,11.650699898018502,12.059754091897048,12.439791986253113,15.068875014549121,128
B,2,static_contention_baseline_B_event_llm-only_r02_a01,55,static-055,1796.3882089825347,11.567107937115384,11.53183402493596,11.928499783971347,12.46755207364913,12.510917003965005,14.932499994756654,128
B,2,static_contention_baseline_B_event_llm-only_r02_a01,56,static-056,1797.878417011816,11.554805118009433,11.522084008902311,11.712641690974124,12.247167503228411,12.601416005054489,14.953792007872835,128
B,2,static_contention_baseline_B_event_llm-only_r02_a01,57,static-057,1799.1847500088625,11.543312338483336,11.524083995027468,11.690816894406453,12.098862332059069,12.540292023913935,15.146250021643937,128
B,2,static_contention_baseline_B_event_llm-only_r02_a01,58,static-058,1795.663875003811,11.550091858311578,11.53312501264736,11.69997071265243,11.995332496589981,12.30137498350814,15.100417018402368,128
B,2,static_contention_baseline_B_event_llm-only_r02_a01,59,static-059,1797.486708004726,11.572232283605995,11.53108401922509,11.954367000726052,12.390325498417951,12.546082987682894,14.959332998842001,128
B,2,static_contention_baseline_B_event_llm-only_r02_a01,60,static-060,1796.1495000054128,11.574467850343039,11.537207989022136,11.772958101937547,12.4205624894239,12.531041982583702,15.090458007762209,128
B,2,static_contention_baseline_B_event_llm-only_r02_a01,61,static-061,1797.2574169980362,11.559591535341331,11.532083008205518,11.70312920003198,12.313467508065514,12.375874997815117,15.07037499686703,128
B,2,static_contention_baseline_B_event_llm-only_r02_a01,62,static-062,1797.0632079814095,11.57103707087153,11.533792014233768,11.97336269833613,12.326383258332497,12.432000017724931,15.023916988866404,128
B,2,static_contention_baseline_B_event_llm-only_r02_a01,63,static-063,1795.3348330047447,11.558914047209399,11.515666003106162,11.87818770413287,12.498194502550177,12.543958000605926,14.998541009845212,128
B,2,static_contention_baseline_B_event_llm-only_r02_a01,64,static-064,1796.4231250225566,11.552030842349769,11.530624993611127,11.694616806926206,12.184367171721533,12.314791994867846,15.156291017774493,128
B,2,static_contention_baseline_B_event_llm-only_r02_a01,65,static-065,1796.9667089928407,11.532138118027218,11.51366697740741,11.669720499776304,12.148365490720606,12.3035830038134,14.988499984610826,128
B,2,static_contention_baseline_B_event_llm-only_r02_a01,66,static-066,1794.2088340059854,11.560585630065798,11.5262079925742,11.71210438478738,12.31038092286326,12.346624978818,15.078249998623505,128
B,2,static_contention_baseline_B_event_llm-only_r02_a01,67,static-067,1795.157290995121,11.57088812594632,11.53070799773559,11.879950101138093,12.254578730207868,12.50141698983498,15.048790985019878,128
B,2,static_contention_baseline_B_event_llm-only_r02_a01,68,static-068,1796.0509580152575,11.544964566834153,11.521375010488555,11.653283194755204,12.23835124692414,12.494958005845547,15.09675002307631,128
B,2,static_contention_baseline_B_event_llm-only_r02_a01,69,static-069,1806.3505830068607,11.79108825190484,11.661291995551437,12.955208800849501,13.58273692021612,13.841167005011812,15.11487501556985,128
B,2,static_contention_baseline_B_event_llm-only_r02_a01,70,static-070,1793.4945840097498,11.562594810938903,11.529290990438312,11.867446498945355,12.196084989118388,12.405042012687773,15.074459020979702,128
B,2,static_contention_baseline_B_event_llm-only_r02_a01,71,static-071,1793.2612919830717,11.548945866341843,11.530165997100994,11.70578739256598,11.906912508420646,12.560916016809642,15.129124978557229,128
B,2,static_contention_baseline_B_event_llm-only_r02_a01,72,static-072,1794.8943339870311,11.534702425362454,11.510082986205816,11.65495800669305,11.98086949181743,12.416999990819022,15.682833996834233,128
B,2,static_contention_baseline_B_event_llm-only_r02_a01,73,static-073,1794.253750005737,11.542650921165752,11.526125017553568,11.662229598732665,11.919679660932161,11.973457993008196,15.133417007746175,128
B,2,static_contention_baseline_B_event_llm-only_r02_a01,74,static-074,1794.1299589874689,11.562730314936049,11.52925001224503,11.792046288610436,12.406127079157157,12.554540997371078,15.118958981474862,128
B,2,static_contention_baseline_B_event_llm-only_r02_a01,75,static-075,1794.4365830044262,11.5487936377254,11.518541985424235,11.815004498930646,12.051260499283671,12.494958005845547,14.997249993029982,128
B,2,static_contention_baseline_B_event_llm-only_r02_a01,76,static-076,1793.3855000010226,11.546722763835811,11.511165997944772,11.725300195394084,12.289861068711616,12.4584169825539,15.100958989933133,128
B,2,static_contention_baseline_B_event_llm-only_r02_a01,77,static-077,1794.02279201895,11.541765086503156,11.52170798741281,11.663037500693463,12.096710921032354,12.360958004137501,14.986167021561414,128
B,2,static_contention_baseline_B_event_llm-only_r02_a01,78,static-078,1794.8769999784417,11.571545606455215,11.530709016369656,11.878707900177687,12.237765926984137,12.577416986459866,15.412457985803485,128
B,2,static_contention_baseline_B_event_llm-only_r02_a01,79,static-079,1792.8666670050006,11.570402559013964,11.519416002556682,11.929333105217665,12.444446585723199,12.540958996396512,15.022875013528392,128
B,2,static_contention_baseline_B_event_llm-only_r02_a01,80,static-080,1792.4219999986235,11.556758858377158,11.5309169923421,11.743437501718288,12.447828252916223,12.603124981978908,15.021792001789436,128
B,2,static_contention_baseline_B_event_llm-only_r02_a01,81,static-081,1794.0873749903403,11.552784448914876,11.515583988511935,11.919258901616557,12.135365906287916,12.483500002417713,15.070291992742568,128
B,2,static_contention_baseline_B_event_llm-only_r02_a01,82,static-082,1792.7165000000969,11.550678149705357,11.519041989231482,11.846462482935749,12.241836221655829,12.417791003827006,14.978916005929932,128
B,2,static_contention_baseline_B_event_llm-only_r02_a01,83,static-083,1792.9126249800902,11.545995078700425,11.516458005644381,11.786407892941495,12.293185301241465,12.594458006788045,15.03112498903647,128
B,2,static_contention_baseline_B_event_llm-only_r02_a01,84,static-084,1793.47979099839,11.542978677046156,11.51145901530981,11.821695600519886,12.12225949857384,12.18658298603259,15.011790994321927,128
B,2,static_contention_baseline_B_event_llm-only_r02_a01,85,static-085,1791.920082992874,11.547828417209043,11.520125000970438,11.75555441295728,12.001485009095632,12.251541978912428,15.021750004962087,128
B,2,static_contention_baseline_B_event_llm-only_r02_a01,86,static-086,1793.5945409990381,11.55524081885118,11.500292021082714,12.131662608589975,12.49265874561388,12.579792004544288,15.048083005240187,128
B,2,static_contention_baseline_B_event_llm-only_r02_a01,87,static-087,1793.143124989001,11.875911086649216,11.641583987511694,13.332078704843298,14.702901240671054,14.81750002130866,15.096166986040771,128
B,2,static_contention_baseline_B_event_llm-only_r02_a01,88,static-088,1801.1816249927506,11.542461283585629,11.5079160023015,11.738908101688137,12.305714083486237,12.36345898360014,14.988042006734759,128
B,2,static_contention_baseline_B_event_llm-only_r02_a01,89,static-089,1792.518000002019,11.540298882045043,11.506790993735194,11.694600005284883,12.283699830877593,12.471041991375387,15.181708004092798,128
B,2,static_contention_baseline_B_event_llm-only_r02_a01,90,static-090,1792.2577080025803,11.558643370127951,11.53370802057907,11.711449903668836,12.309969681082292,12.4396669853013,15.497457992751151,128
B,2,static_contention_baseline_B_event_llm-only_r02_a01,91,static-091,1793.7659999879543,11.534355968552253,11.514874990098178,11.659816792234778,12.150020757107994,12.244457990163937,16.48466699407436,128
B,2,static_contention_baseline_B_event_llm-only_r02_a01,92,static-092,1792.6008329959586,11.544211614073994,11.528417002409697,11.695000200415961,12.097349415998906,12.12770800339058,15.099917014595121,128
B,2,static_contention_baseline_B_event_llm-only_r02_a01,93,static-093,1791.880457982188,11.568074472574883,11.526749993208796,11.828875003266146,12.455405589425936,12.487208005040884,15.032208000775427,128
B,2,static_contention_baseline_B_event_llm-only_r02_a01,94,static-094,1791.803375002928,11.54774606299374,11.518334009451792,11.73261268704664,12.290727338404395,12.525375001132488,14.971750002587214,128
B,2,static_contention_baseline_B_event_llm-only_r02_a01,95,static-095,1792.9963330097962,11.535859251977861,11.515707999933511,11.679233206086792,12.163084657513537,12.327792006544769,14.924957999028265,128
B,2,static_contention_baseline_B_event_llm-only_r02_a01,96,static-096,1791.673624975374,11.57285990564732,11.514041980262846,11.892621303559281,12.550404097419232,12.668167008087039,14.976708975154907,128
B,2,static_contention_baseline_B_event_llm-only_r02_a01,97,static-097,1790.3705409844406,11.544945866133519,11.519874999066815,11.685641191434115,12.212624999810942,12.377792008919641,15.082875004736707,128
B,2,static_contention_baseline_B_event_llm-only_r02_a01,98,static-098,1791.8973749910947,11.544021330709665,11.51579199358821,11.6729248984484,12.200060592731461,12.360708002233878,15.03937499364838,128
B,2,static_contention_baseline_B_event_llm-only_r02_a01,99,static-099,1792.6417499838863,11.53718897642927,11.519666004460305,11.696399803622626,12.209728432353586,12.269000028027222,14.951499993912876,128
B,2,static_contention_baseline_B_event_llm-only_r02_a01,100,static-100,1791.3248330005445,11.555086945066243,11.521583015564829,11.778887500986455,12.278002671082502,12.467333988752216,14.93433298310265,128
B,2,static_contention_baseline_B_event_llm-only_r02_a01,101,static-101,1790.4684169916436,11.548307417217261,11.515416990732774,11.696087406016886,12.450259067118168,12.559708004118875,15.090333006810397,128
B,2,static_contention_baseline_B_event_llm-only_r02_a01,102,static-102,1792.2163750045002,11.527629267822174,11.505208996823058,11.631587604642846,12.174731257255187,12.468791974242777,15.04291599849239,128
B,2,static_contention_baseline_B_event_llm-only_r02_a01,103,static-103,1791.3496250112075,11.54558629133944,11.519791005412117,11.77329999336507,12.09109750983771,12.512166984379292,15.081374993314967,128
B,2,static_contention_baseline_B_event_llm-only_r02_a01,104,static-104,1791.7893750127405,11.559409118031965,11.528542003361508,11.85051259235479,12.199548912467433,12.32570901629515,15.335500007495284,128
B,2,static_contention_baseline_B_event_llm-only_r02_a01,105,static-105,1792.2474580118433,11.545652228244396,11.523708992172033,11.712196096777916,12.103138263337314,12.311332975514233,15.16537499264814,128
B,2,static_contention_baseline_B_event_llm-only_r02_a01,106,static-106,1813.6990840139333,11.598660102330411,11.527334019774571,11.843054398195818,13.067505660583262,13.56233301339671,15.279917017323896,128
B,2,static_contention_baseline_B_event_llm-only_r02_a01,107,static-107,1792.6503749913536,11.537969818908913,11.519000021507964,11.737167116370983,12.049048924236557,12.187709013232961,15.014957985840738,128
B,2,static_contention_baseline_B_event_llm-only_r02_a01,108,static-108,1790.8612500177696,11.571181102290998,11.530041985679418,11.913583087152801,12.342495152261108,12.530875013908371,15.086041996255517,128
B,2,static_contention_baseline_B_event_llm-only_r02_a01,109,static-109,1791.2931670143735,11.549914700774783,11.516250000568107,11.801282985834403,12.115907498518936,12.39950000308454,15.142999996896833,128
B,2,static_contention_baseline_B_event_llm-only_r02_a01,110,static-110,1791.6087080084253,11.524740818752283,11.504416004754603,11.660437501268461,12.280362493474966,12.369792006211355,15.052625007228926,128
B,2,static_contention_baseline_B_event_llm-only_r02_a01,111,static-111,1790.8191670139786,11.527689299170353,11.49929198436439,11.654637492028996,12.070553009398282,12.240000010933727,14.922166999895126,128
B,2,static_contention_baseline_B_event_llm-only_r02_a01,112,static-112,1790.7800420070998,11.548884842484295,11.523374996613711,11.671724999905564,12.170559074147603,12.451915972633287,15.045125008327886,128
B,2,static_contention_baseline_B_event_llm-only_r02_a01,113,static-113,1791.6804170235991,11.55444685031484,11.514374986290932,11.853624891955404,12.429731418378651,12.499416974605992,15.137292008148506,128
B,2,static_contention_baseline_B_event_llm-only_r02_a01,114,static-114,1792.9904580232687,11.536276905465593,11.49991701822728,11.887404296430756,12.329714234219864,12.384000001475215,14.977125014411286,128
B,2,static_contention_baseline_B_event_llm-only_r02_a01,115,static-115,1789.8402079881635,11.55744980324947,11.522083019372076,11.750529301934876,12.15125692251604,12.368916999548674,14.905499992892146,128
B,2,static_contention_baseline_B_event_llm-only_r02_a01,116,static-116,1792.181917000562,11.533749015730491,11.510832991916686,11.720591195626183,12.05774156784173,12.143708008807153,15.039916994282976,128
B,2,static_contention_baseline_B_event_llm-only_r02_a01,117,static-117,1791.710667021107,11.531092842498163,11.50004199007526,11.70973738480825,12.174851246527396,12.380457977997139,14.96779202716425,128
B,2,static_contention_baseline_B_event_llm-only_r02_a01,118,static-118,1791.2540000106674,11.537039692799642,11.516917002154514,11.645512396353297,12.151974661974235,12.2755829943344,15.013416996225715,128
B,2,static_contention_baseline_B_event_llm-only_r02_a01,119,static-119,1791.3605000067037,11.547714566920085,11.504875001264736,12.022337506641634,12.45191907917615,12.484708015108481,14.872958010528237,128
B,2,static_contention_baseline_B_event_llm-only_r02_a01,120,static-120,1792.1832499851007,11.533851378027158,11.504499998409301,11.780829200870357,12.139400167507118,12.223249999806285,15.020374994492158,128
B,2,static_contention_baseline_B_event_llm-only_r02_a01,121,static-121,1792.2799580264837,11.547500661328641,11.526124988449737,11.72863389365375,11.905225909431465,12.033792008878663,15.148041013162583,128
B,2,static_contention_baseline_B_event_llm-only_r02_a01,122,static-122,1791.8875830073375,11.523631889708561,11.493166006403044,11.837133101653308,12.320361908059567,12.353583995718509,15.001291001681238,128
B,2,static_contention_baseline_B_event_llm-only_r02_a01,123,static-123,1791.2513339833822,11.551204393709474,11.505375005071983,11.935491705662571,12.126246736734174,12.30583299184218,15.03341700299643,128
B,2,static_contention_baseline_B_event_llm-only_r02_a01,124,static-124,1798.1836249819025,11.880951110176435,11.698749993229285,13.394383192644455,13.730276262504047,14.00629198178649,16.248083993559703,128
B,2,static_contention_baseline_B_event_llm-only_r02_a01,125,static-125,1790.5198750086129,11.5425262440227,11.514874990098178,11.643679408007301,12.37931783136446,12.44920800672844,15.13529199291952,128
B,2,static_contention_baseline_B_event_llm-only_r02_a01,126,static-126,1793.7636249989737,11.543549874093472,11.512833007145673,11.704046308295801,12.192480323137715,12.287999998079613,15.139166003791615,128
B,2,static_contention_baseline_B_event_llm-only_r02_a01,127,static-127,1788.897457998246,11.540023952825216,11.516792001202703,11.673529222025536,12.086207814863883,12.467416003346443,15.062416990986094,128
B,2,static_contention_baseline_B_event_llm-only_r02_a01,128,static-128,1791.8081249808893,11.562015086698427,11.530332994880155,11.776562378508968,12.361509998445399,12.497541989432648,15.383958991151303,128
B,2,static_contention_baseline_B_event_llm-only_r02_a01,129,static-129,1791.3709160056897,11.544740818877242,11.514165991684422,11.722471218672581,12.434036272461526,12.577750021591783,15.068499982589856,128
B,2,static_contention_baseline_B_event_llm-only_r02_a01,130,static-130,1790.6389999843668,11.546053149779583,11.510291980812326,11.769991210894657,12.289435999118723,12.360583001282066,14.969957992434502,128
B,2,static_contention_baseline_B_event_llm-only_r02_a01,131,static-131,1791.1162920063362,11.563482606328847,11.529000010341406,11.887878479319623,12.279663925874047,12.515834008809179,15.02291701035574,128
B,2,static_contention_baseline_B_event_llm-only_r02_a01,132,static-132,1790.891125012422,11.53650229927849,11.515250022057444,11.698529406567104,12.193519992870279,12.354166014119983,15.015458018751815,128
B,2,static_contention_baseline_B_event_llm-only_r02_a01,133,static-133,1792.0899580058176,11.551838582674936,11.518667015479878,11.842075106687844,12.093646581051871,12.264749995665625,14.98291699681431,128
B,2,static_contention_baseline_B_event_llm-only_r02_a01,134,static-134,1792.0544169901405,11.560178803202996,11.530624993611127,11.726200007251464,12.257821988314388,12.38141700741835,15.001708990894258,128
B,2,static_contention_baseline_B_event_llm-only_r02_a01,135,static-135,1791.3395000214223,11.545431755728814,11.506334005389363,11.962507912539877,12.206893425900489,12.218499992741272,14.996709011029452,128
B,2,static_contention_baseline_B_event_llm-only_r02_a01,136,static-136,1791.8382499774452,11.552436346477851,11.513458011904731,11.803091404726727,12.428922327817416,12.611833022674546,15.029541973490268,128
B,2,static_contention_baseline_B_event_llm-only_r02_a01,137,static-137,1790.724708000198,11.54073196079208,11.519166000653058,11.686362512409687,12.193599996971896,12.48645901796408,15.211541001917794,128
B,2,static_contention_baseline_B_event_llm-only_r02_a01,138,static-138,1789.619709015824,11.53345898414346,11.500416992930695,11.672824993729591,12.232298412709497,12.438082980224863,14.929500001017004,128
B,2,static_contention_baseline_B_event_llm-only_r02_a01,139,static-139,1790.7062500016764,11.535984252013018,11.512333992868662,11.659154409426264,12.168358163326047,12.2169170062989,15.057874988997355,128
B,2,static_contention_baseline_B_event_llm-only_r02_a01,140,static-140,1788.8104580051731,11.525580055203186,11.491374985780567,11.653225205373019,12.174266739748418,12.353166996035725,14.996415993664414,128
B,2,static_contention_baseline_B_event_llm-only_r02_a01,141,static-141,1792.311667028116,11.556956362012246,11.515291989780962,11.800604508607648,12.344572074944153,12.472875008825213,15.083792008226737,128
B,2,static_contention_baseline_B_event_llm-only_r02_a01,142,static-142,1791.0400420078076,11.763574472329704,11.541957996087149,13.166266999905929,13.898519497597588,14.72104198182933,15.262708009686321,128
B,2,static_contention_baseline_B_event_llm-only_r02_a01,143,static-143,1804.6304169984069,11.559166338461576,11.540457984665409,11.773974890820682,11.994204511865973,12.161374994320795,15.186875010840595,128
B,2,static_contention_baseline_B_event_llm-only_r02_a01,144,static-144,1792.6730839826632,11.529204724393198,11.507540999446064,11.830666902824301,11.969154484686442,11.977999994996935,16.456541983643547,128
B,2,static_contention_baseline_B_event_llm-only_r02_a01,145,static-145,1790.3724999923725,11.549159118128339,11.518957995576784,11.824191399500704,12.212655416224152,12.361582979792729,15.021541999885812,128
B,2,static_contention_baseline_B_event_llm-only_r02_a01,146,static-146,1790.6347090029158,11.545257212724316,11.508417024742812,11.84672950184904,12.324612159281969,12.491083005443215,14.965459005907178,128
B,2,static_contention_baseline_B_event_llm-only_r02_a01,147,static-147,1790.572041994892,11.534060362092124,11.503874993650243,11.781637504464014,12.191304559237324,12.233958987053484,14.988417009590194,128
B,2,static_contention_baseline_B_event_llm-only_r02_a01,148,static-148,1791.6403749841265,11.551261488320746,11.514667014125735,11.861012288136406,12.400750496890396,12.447333021555096,15.028207999421284,128
B,2,static_contention_baseline_B_event_llm-only_r02_a01,149,static-149,1790.7359579985496,11.533653874162907,11.501542001497,11.641133189550601,12.20179998432286,12.29087499086745,14.999666978837922,128
B,2,static_contention_baseline_B_event_llm-only_r02_a01,150,static-150,1790.7837919774465,11.543132543497844,11.51183299953118,11.878832904039882,12.257676910958251,12.33220798894763,15.033332980237901,128
B,2,static_contention_baseline_B_event_llm-only_r02_a01,151,static-151,1791.9542499876115,11.538016732221132,11.52208397979848,11.68313738598954,12.033754684962332,12.17595802154392,15.162083000177518,128
B,2,static_contention_baseline_B_event_llm-only_r02_a01,152,static-152,1791.1646249995101,11.541788055154488,11.513125005876645,11.80197490029968,12.250699643045664,12.373666977509856,14.955874998122454,128
B,2,static_contention_baseline_B_event_llm-only_r02_a01,153,static-153,1791.3353329931851,11.541748362342188,11.515084013808519,11.766183705185538,12.280617656651884,12.429209018591791,14.93579099769704,128
B,2,static_contention_baseline_B_event_llm-only_r02_a01,154,static-154,1791.4049999963026,11.54953903953112,11.51258300524205,11.811333009973168,12.428240753361024,12.44608301203698,15.074291994096711,128
B,2,static_contention_baseline_B_event_llm-only_r02_a01,155,static-155,1792.3559579940047,11.53583136225838,11.51016601943411,11.741466997773385,12.209147820831276,12.390582996886224,15.095042006578296,128
B,2,static_contention_baseline_B_event_llm-only_r02_a01,156,static-156,1792.0270829927176,11.54362336218203,11.515833990415558,11.648937503923662,12.27692159358412,12.46137500857003,15.038957993965596,128
B,2,static_contention_baseline_B_event_llm-only_r02_a01,157,static-157,1791.3118750147987,11.550295275524185,11.510624986840412,11.927549983374774,12.234571075532585,12.438375008059666,15.112791006686166,128
B,2,static_contention_baseline_B_event_llm-only_r02_a01,158,static-158,1792.8828750154935,11.557963913247928,11.525000008987263,11.749371187761426,12.18021392414812,12.472000002162531,15.835916012292728,128
B,2,static_contention_baseline_B_event_llm-only_r02_a01,159,static-159,1791.7240840033628,11.511410755888141,11.495582992210984,11.696958186803384,12.00217250850983,12.046582996845245,15.093334019184113,128
B,2,static_contention_baseline_B_event_llm-only_r02_a01,160,static-160,1790.4868749901652,11.535474086614824,11.504041001899168,11.71967059490271,12.34457285492681,12.38883301266469,15.01958299195394,128
B,2,static_contention_baseline_B_event_llm-only_r02_a01,161,static-161,1818.2741249911487,11.72982710234887,11.590832989895716,13.26956600532867,13.763991587329656,13.796832994557917,15.802582987817004,128
B,2,static_contention_baseline_B_event_llm-only_r02_a01,162,static-162,1792.3331659985706,11.53141437015885,11.510040989378467,11.720750093809329,12.161536587518638,12.229749991092831,15.072290989337489,128
B,2,static_contention_baseline_B_event_llm-only_r02_a01,163,static-163,1793.3359580056276,11.430660763656443,11.451083002611995,11.64815440424718,12.188683423446491,12.325166986556724,15.07920800941065,128
B,2,static_contention_baseline_B_event_llm-only_r02_a01,164,static-164,1790.9378329932224,11.555412401514875,11.512666998896748,11.815920798107982,12.335910658002831,12.384708999888971,15.040625003166497,128
B,2,static_contention_baseline_B_event_llm-only_r02_a01,165,static-165,1791.683000017656,11.5558146297433,11.52716699289158,11.704933192231692,12.260392005555332,12.460333004128188,15.077542018843815,128
B,2,static_contention_baseline_B_event_llm-only_r02_a01,166,static-166,1791.8162909918465,11.52305413398701,11.498457984998822,11.73964129993692,12.201175153022632,12.28416699450463,15.502416004892439,128
B,2,static_contention_baseline_B_event_llm-only_r02_a01,167,static-167,1791.5409580164123,11.539177818766495,11.506167007610202,11.786245397524908,12.073990403441712,12.235333007993177,15.00445802230388,128
B,2,static_contention_baseline_B_event_llm-only_r02_a01,168,static-168,1790.694416995393,11.568473425132817,11.53145800344646,11.74536700709723,12.402335506048985,12.51800000318326,15.117542003281415,128
B,2,static_contention_baseline_B_event_llm-only_r02_a01,169,static-169,1791.7812500090804,11.546577755948455,11.504750000312924,11.974178717355244,12.292565905954689,12.446832988644019,15.112875000340864,128
B,2,static_contention_baseline_B_event_llm-only_r02_a01,170,static-170,1791.591665998567,11.551273299205139,11.51254097931087,11.84257070417516,12.249539225595072,12.370290991384536,15.05074999295175,128
B,2,static_contention_baseline_B_event_llm-only_r02_a01,171,static-171,1792.2376669885125,11.553509842639231,11.526832997333258,11.73844120639842,12.32099983782973,12.487125000916421,15.031291986815631,128
B,2,static_contention_baseline_B_event_llm-only_r02_a01,172,static-172,1791.1008340015542,11.542206692901681,11.513750010635704,11.707370390649885,12.146375151351094,12.237915972946212,15.13225000235252,128
B,2,static_contention_baseline_B_event_llm-only_r02_a01,173,static-173,1791.5262499882374,11.56922440937405,11.536209000041708,11.815470812143758,12.344025920610875,12.453416973585263,14.989124989369884,128
B,2,static_contention_baseline_B_event_llm-only_r02_a01,174,static-174,1791.31637501996,11.536740810898184,11.520333995576948,11.69781228818465,12.010381983709522,12.05391698749736,14.999334001913667,128
B,2,static_contention_baseline_B_event_llm-only_r02_a01,175,static-175,1792.646624991903,11.537656496007612,11.523332999786362,11.718329292489216,11.950141999404877,12.140957987867296,15.007665992015973,128
B,2,static_contention_baseline_B_event_llm-only_r02_a01,176,static-176,1792.4557920196094,11.550270338583092,11.510249983984977,11.814379299175924,12.237675919895992,12.47187500121072,14.94795799953863,128
B,2,static_contention_baseline_B_event_llm-only_r02_a01,177,static-177,1791.6825840075035,11.55622047234664,11.514958983752877,11.967320507392285,12.385572171770036,12.445625005057082,15.064542007166892,128
B,2,static_contention_baseline_B_event_llm-only_r02_a01,178,static-178,1792.297249980038,11.564383196862648,11.520625004777685,11.912341785500756,12.518911063089035,12.625416013179347,15.296541998395696,128
B,2,static_contention_baseline_B_event_llm-only_r02_a01,179,static-179,1791.5957079967484,11.928709645757422,11.705416982294992,13.440728498972021,13.924887159955686,14.869542006636038,14.974165998864919,128
B,2,static_contention_baseline_B_event_llm-only_r02_a01,180,static-180,1796.3449160160962,11.549809055016047,11.517209000885487,11.733995508984663,12.072445756057277,12.212500005261973,15.193333005299792,128
B,2,static_contention_baseline_B_event_llm-only_r02_a01,181,static-181,1791.9267090037465,11.553321519773087,11.519082996528596,11.77202038525138,12.393521430785766,12.572415987960994,15.039042016724125,128
B,2,static_contention_baseline_B_event_llm-only_r02_a01,182,static-182,1791.4796670083888,11.554003283418128,11.523290973855183,11.793516093166545,12.090063426294364,12.473708018660545,14.991375006502494,128
B,2,static_contention_baseline_B_event_llm-only_r02_a01,183,static-183,1792.2262079955544,11.547423559094332,11.513292003655806,11.72763359209057,12.325639433111064,12.513291003415361,15.067000000271946,128
B,2,static_contention_baseline_B_event_llm-only_r02_a01,184,static-184,1792.7603329881094,11.55887106291429,11.520750005729496,11.81025459372904,12.438440498081036,12.480625009629875,15.448666992597282,128
B,2,static_contention_baseline_B_event_llm-only_r02_a01,185,static-185,1792.0313329959754,11.54142585042204,11.515416990732774,11.708329492830671,12.220254505518824,12.477792013669387,15.011166979093105,128
B,2,static_contention_baseline_B_event_llm-only_r02_a01,186,static-186,1792.5567500060424,11.536406826798064,11.515082995174453,11.660341804963537,11.925380154862069,12.087417009752244,15.586416004225612,128
B,2,static_contention_baseline_B_event_llm-only_r02_a01,187,static-187,1791.8773329874966,11.55828674806018,11.51404099073261,11.841350080794655,12.270061071612872,12.282042007427663,15.00987500185147,128
B,2,static_contention_baseline_B_event_llm-only_r02_a01,188,static-188,1791.9619579915889,11.577180118114857,11.539209022885188,11.866375096724369,12.12545842921827,12.226833001477644,15.011957992101088,128
B,2,static_contention_baseline_B_event_llm-only_r02_a01,189,static-189,1791.073291999055,11.553000653479762,11.516291997395456,11.891075101448223,12.371757913497277,12.425374996382743,14.98216699110344,128
B,2,static_contention_baseline_B_event_llm-only_r02_a01,190,static-190,1793.044583988376,11.5342454014962,11.514124984387308,11.668554614880122,12.077337488299236,12.101291998988017,15.05149999866262,128
B,2,static_contention_baseline_B_event_llm-only_r02_a01,191,static-191,1791.728583018994,11.549808401440263,11.504624999361113,11.856287508271633,12.429527490749022,12.507500010542572,15.468583005713299,128
B,2,static_contention_baseline_B_event_llm-only_r02_a01,192,static-192,1791.5789170074277,11.543507543374146,11.52191701112315,11.828674888238309,12.226952490163965,12.50137502211146,15.365875005954877,128
B,2,static_contention_baseline_B_event_llm-only_r02_a01,193,static-193,1792.0949170074891,11.539186677101663,11.517167004058138,11.734953685663639,12.1444014221197,12.214542017318308,15.016416989965364,128
B,2,static_contention_baseline_B_event_llm-only_r02_a01,194,static-194,1793.201874999795,11.534249015641949,11.502041976200417,11.717879300704226,12.091097153024748,12.402708001900464,14.929208002286032,128
B,2,static_contention_baseline_B_event_llm-only_r02_a01,195,static-195,1791.9044999871403,11.547457346579016,11.51654199929908,11.856558002182283,12.194603484822435,12.287082994589582,15.019666985608637,128
B,2,static_contention_baseline_B_event_llm-only_r02_a01,196,static-196,1792.5227080122568,11.53549245663178,11.506167007610202,11.709632919519208,12.048624237067997,12.274000007892027,15.081917023053393,128
B,2,static_contention_baseline_B_event_llm-only_r02_a01,197,static-197,1792.464750004001,11.598853999840491,11.516833008499816,12.084583702380769,13.326452352339398,14.409583993256092,15.224583999952301,128
B,2,static_contention_baseline_B_event_llm-only_r02_a01,198,static-198,1832.9371669969987,11.563183401535287,11.518207989865914,11.87744548660703,12.194412168464623,12.849834020016715,16.343041992513463,128
B,2,static_contention_baseline_B_event_llm-only_r02_a01,199,static-199,1794.4166669913102,11.549096456893874,11.51220902102068,11.736979510169476,12.176018005702645,12.38208299037069,15.253207995556295,128
B,2,static_contention_baseline_B_event_llm-only_r02_a01,200,static-200,1791.546249995008,11.535776574870454,11.51554100215435,11.689482990186661,12.03666765068192,12.501332996180281,15.339375007897615,128
B,2,static_contention_baseline_B_event_llm-only_r02_a01,201,static-201,1793.1540409917943,11.570179464632837,11.54137501725927,11.863962502684444,12.231587648275307,12.386165995849296,15.023082989500836,128
B,2,static_contention_baseline_B_event_llm-only_r02_a01,202,static-202,1791.4791670045815,11.558572503904937,11.523666995344684,11.956887485575862,12.191619066288695,12.202791986055672,15.023167012259364,128
B,2,static_contention_baseline_B_event_llm-only_r02_a01,203,static-203,1791.5882499946747,11.536668629961191,11.52004100731574,11.670757905812934,12.010711575276218,12.304707983275875,15.026375011075288,128
B,2,static_contention_baseline_B_event_llm-only_r02_a01,204,static-204,1792.1412919822615,11.541284779572537,11.521957989316434,11.696129298070446,12.15436216269154,12.390792020596564,15.29449998633936,128
B,2,static_contention_baseline_B_event_llm-only_r02_a01,205,static-205,1792.4870839924552,11.562182409432166,11.532125005032867,11.80174630426336,12.406196080264635,12.493458983954042,15.072916983626783,128
B,2,static_contention_baseline_B_event_llm-only_r02_a01,206,static-206,1790.638750011567,11.554789039403508,11.517290986375883,11.759383793105371,12.255542166531084,12.38941599149257,15.156792011111975,128
B,2,static_contention_baseline_B_event_llm-only_r02_a01,207,static-207,1792.6766249875072,11.553734905539287,11.519124993355945,11.74633289920166,12.340128422365524,12.554624991025776,15.124708996154368,128
B,2,static_contention_baseline_B_event_llm-only_r02_a01,208,static-208,1792.6916249853093,11.544897968561836,11.499208019813523,11.952991905855011,12.380079992581159,12.510540982475504,15.06554099614732,128
B,2,static_contention_baseline_B_event_llm-only_r02_a01,209,static-209,1791.7595420149155,11.538614826707727,11.511207994772121,11.822916299570352,12.179470914998092,12.356666993582621,14.960583008360118,128
B,2,static_contention_baseline_B_event_llm-only_r02_a01,210,static-210,1791.444708011113,11.54305971654748,11.510541022289544,11.826953705167396,12.320090424618682,12.497042014729232,15.013208001619205,128
B,2,static_contention_baseline_B_event_llm-only_r02_a01,211,static-211,1791.5947920118924,11.549212598364697,11.521083011757582,11.785008900915273,12.231921411002986,12.374915997497737,15.023791987914592,128
B,2,static_contention_baseline_B_event_llm-only_r02_a01,212,static-212,1792.7727079950273,11.528827102422186,11.497207975480705,11.67257119959686,12.170362485921942,12.372666998999193,14.998708007624373,128
B,2,static_contention_baseline_B_event_llm-only_r02_a01,213,static-213,1791.2878750066739,11.54714042511512,11.514959012856707,11.713116307510063,12.211047824239357,12.452959024813026,15.030333015602082,128
B,2,static_contention_baseline_B_event_llm-only_r02_a01,214,static-214,1792.6105419755913,11.538097441038778,11.513375007780269,11.676383815938607,12.277030508266762,12.313459010329098,15.231124998535961,128
B,2,static_contention_baseline_B_event_llm-only_r02_a01,215,static-215,1794.8127080162521,11.538442259784567,11.508416995638981,11.804795492207631,11.937224835855886,12.52941699931398,15.436000016052276,128
B,2,static_contention_baseline_B_event_llm-only_r02_a01,216,static-216,1805.393999995431,11.8116696218971,11.637749994406477,12.963595599285325,13.761209413059987,14.098959014518186,15.692707995185629,128
B,2,static_contention_baseline_B_event_llm-only_r02_a01,217,static-217,1793.2899169973098,11.555686346475241,11.533959012012929,11.789083591429517,11.955558160552755,11.97783401585184,15.010292001534253,128
B,2,static_contention_baseline_B_event_llm-only_r02_a01,218,static-218,1792.0464579947293,11.392956039287135,11.300499987555668,11.798625206574796,12.193731418810785,12.417707999702543,15.099332988029346,128
B,2,static_contention_baseline_B_event_llm-only_r02_a01,219,static-219,1792.8227499942295,11.53143208660002,11.500374996103346,11.779525116435252,12.092161838081665,12.229874992044643,15.060167002957314,128
B,2,static_contention_baseline_B_event_llm-only_r02_a01,220,static-220,1793.0030839925166,11.522335952970998,11.493792000692338,11.741899797925724,12.138509995420463,12.490875000366941,15.020041988464072,128
B,2,static_contention_baseline_B_event_llm-only_r02_a01,221,static-221,1793.503041000804,11.546589566832848,11.514957994222641,11.903437576256692,12.2549164283555,12.429417023668066,14.925208000931889,128
B,2,static_contention_baseline_B_event_llm-only_r02_a01,222,static-222,1792.1353330020793,11.541448488160528,11.517375009134412,11.684666882501915,12.063363747438416,12.380250002024695,15.56404199800454,128
B,2,static_contention_baseline_B_event_llm-only_r02_a01,223,static-223,1794.148209010018,11.559223094597591,11.527208000188693,11.835846313624643,12.203229264123365,12.523542012786493,15.09995898231864,128
B,2,static_contention_baseline_B_event_llm-only_r02_a01,224,static-224,1795.0450409844052,11.551120078766822,11.515499994857237,11.865454382495955,12.343609998351894,12.436791992513463,14.90104099502787,128
B,2,static_contention_baseline_B_event_llm-only_r02_a01,225,static-225,1792.5671249977313,11.563595472358344,11.52562498464249,11.911371399764903,12.326941582723519,12.476708012400195,15.429125021910295,128
B,2,static_contention_baseline_B_event_llm-only_r02_a01,226,static-226,1791.471750009805,11.590940622048175,11.554917000466958,11.884879399440251,12.391743161715567,12.496209004893899,15.02104100654833,128
B,2,static_contention_baseline_B_event_llm-only_r02_a01,227,static-227,1792.6154579909053,11.516125330758303,11.490916018374264,11.665470787556842,12.150080574210731,12.50004197936505,15.062082995427772,128
B,2,static_contention_baseline_B_event_llm-only_r02_a01,228,static-228,1791.6345409757923,11.559431433107513,11.528167000506073,11.814382905140517,12.21498107886873,12.291250022826716,15.029125002911314,128
B,2,static_contention_baseline_B_event_llm-only_r02_a01,229,static-229,1792.414583003847,11.491593173072548,11.495500017190352,11.678249802207574,12.308849077671763,12.546249985462055,14.985832996899262,128
B,2,static_contention_baseline_B_event_llm-only_r02_a01,230,static-230,1794.1907909989823,11.546708992224069,11.51650000247173,11.78304129571188,12.316769086173736,12.37370798480697,15.25525000761263,128
B,2,static_contention_baseline_B_event_llm-only_r02_a01,231,static-231,1792.453458008822,11.543854330638863,11.512166005559266,11.803262610919772,12.089862158172764,12.208832980832085,14.988875016570091,128
B,2,static_contention_baseline_B_event_llm-only_r02_a01,232,static-232,1792.6991659915075,11.560986551142657,11.519333987962455,11.921687508584,12.336864500539377,12.383958994178101,14.962207991629839,128
B,2,static_contention_baseline_B_event_llm-only_r02_a01,233,static-233,1793.4807499987073,11.544546921367163,11.518999992404133,11.78976249648258,12.182328157359732,12.24341700435616,15.038832993013784,128
B,2,static_contention_baseline_B_event_llm-only_r02_a01,234,static-234,1791.8494590267073,11.83864402361984,11.708916019415483,12.995925199356858,14.192014352884142,14.406917005544528,15.345584019087255,128
B,2,static_contention_baseline_B_event_llm-only_r02_a01,235,static-235,1802.2811660193838,11.553048559072186,11.532250005984679,11.739158007549122,12.281825586687773,12.355166982160881,15.03079102258198,128
B,2,static_contention_baseline_B_event_llm-only_r02_a01,236,static-236,1792.337375023635,11.541630574786215,11.515041027450934,11.723845481174067,12.022336517693475,12.410082999849692,15.088125015608966,128
B,2,static_contention_baseline_B_event_llm-only_r02_a01,237,static-237,1792.5162909959909,11.560816928977147,11.515332997078076,11.94667500676587,12.408102652989328,12.62062499881722,15.029416012112051,128
B,2,static_contention_baseline_B_event_llm-only_r02_a01,238,static-238,1793.9705409808084,11.52811745684924,11.509999982081354,11.647637403802946,11.860220003291033,12.3656670039054,15.03112498903647,128
B,2,static_contention_baseline_B_event_llm-only_r02_a01,239,static-239,1790.8566249825526,11.555693574995903,11.528875009389594,11.740062592434697,11.968941917293705,12.44720901013352,15.06495798821561,128
B,2,static_contention_baseline_B_event_llm-only_r02_a01,240,static-240,1793.6040830099955,11.57133431493774,11.537958023836836,11.865003700950181,12.392254248843528,12.457791977794841,15.12012502644211,128
B,2,static_contention_baseline_B_event_llm-only_r02_a01,241,static-241,1792.7449160197284,13.843601055060125,14.166332985041663,15.061491008964367,15.379957148106769,15.556166996248066,15.04087500507012,128
B,2,static_contention_baseline_B_event_llm-only_r02_a01,242,static-242,1789.304500009166,11.559674543132418,11.520917003508657,11.829212502925655,12.364186579361556,12.449333007680252,15.110917011043057,128
B,2,static_contention_baseline_B_event_llm-only_r02_a01,243,static-243,1790.0859999936074,11.56610137793074,11.51654199929908,11.919674999080598,12.452867171377875,12.58345801034011,15.042999992147088,128
B,2,static_contention_baseline_B_event_llm-only_r02_a01,244,static-244,1791.5608339826576,11.540369094692274,11.521292006364092,11.700958805158734,11.937447665841319,12.185583007521927,15.143374999752268,128
B,2,static_contention_baseline_B_event_llm-only_r02_a01,245,static-245,1791.511540999636,11.56942192125904,11.545792018296197,11.739220799063332,12.351603183196858,12.392415985232219,15.420582989463583,128
B,2,static_contention_baseline_B_event_llm-only_r02_a01,246,static-246,1791.9734170136508,11.571894685130962,11.529750016052276,11.843487498117609,12.350313176284544,12.539624993223697,14.973417011788115,128
B,2,static_contention_baseline_B_event_llm-only_r02_a01,247,static-247,1791.0365830175579,11.559406826620936,11.528083006851375,11.802137613995,12.445602504303679,12.486833002185449,15.105958009371534,128
B,2,static_contention_baseline_B_event_llm-only_r02_a01,248,static-248,1792.1318330045324,11.551879590659542,11.520915984874591,11.790629502502268,12.330531590851024,12.516416987637058,15.105124999536201,128
B,2,static_contention_baseline_B_event_llm-only_r02_a01,249,static-249,1792.8487500175834,11.551480314980342,11.51654199929908,11.846279512974434,12.220251588150859,12.230916996486485,14.977459009969607,128
B,2,static_contention_baseline_B_event_llm-only_r02_a01,250,static-250,1792.514917004155,11.550978015637114,11.525957990670577,11.817029397934673,12.229905176791362,12.286375014809892,15.055250027216971,128
B,2,static_contention_baseline_B_event_llm-only_r02_a01,251,static-251,1792.26162499981,11.5531394331474,11.526541988132522,11.775895397295244,12.232076591462826,12.508667015936226,15.432416985277086,128
B,2,static_contention_baseline_B_event_llm-only_r02_a01,252,static-252,1792.8911659982987,11.547665354176095,11.505041999043897,11.92917499865871,12.315047138254158,12.378082989016548,14.974833000451326,128
B,2,static_contention_baseline_B_event_llm-only_r02_a01,253,static-253,1819.5213750004768,11.572946850247094,11.521334003191441,11.879308903007768,12.431725329370238,13.008165988139808,15.239250002196059,128
B,2,static_contention_baseline_B_event_llm-only_r02_a01,254,static-254,1793.3672090002801,11.548624669364838,11.52116700541228,11.812562597333452,12.221900412114337,12.419583013979718,15.187209006398916,128
B,2,static_contention_baseline_B_event_llm-only_r02_a01,255,static-255,1794.0650420205202,11.543565283311297,11.516707978444174,11.78563770954497,12.25850190850906,12.349416996585205,15.018917009001598,128
B,2,static_contention_baseline_B_event_llm-only_r02_a01,256,static-256,1792.302624991862,11.534246393776403,11.514833982801065,11.651671404251829,12.000742665259168,12.096541991923004,15.046790998894721,128
B,2,static_contention_baseline_B_event_llm-only_r02_a01,257,static-257,1793.2195409957785,11.56011056686627,11.518125014845282,11.894962697988376,12.348461928777397,12.451916001737118,15.12983298744075,128
B,2,static_contention_baseline_B_event_llm-only_r02_a01,258,static-258,1794.253874977585,11.544601047387728,11.52487497893162,11.741495385649614,11.983315930119716,12.306667020311579,14.994333003414795,128
B,2,static_contention_baseline_B_event_llm-only_r02_a01,259,static-259,1792.819167021662,11.546540354318022,11.521083011757582,11.711337504675612,12.206923014018685,12.272833992028609,15.429750026669353,128
B,2,static_contention_baseline_B_event_llm-only_r02_a01,260,static-260,1792.6389589847531,12.919228015683855,12.009458005195484,14.840428595198317,15.426273402990773,16.352334001567215,15.112041990505531,128
B,2,static_contention_baseline_B_event_llm-only_r02_a01,261,static-261,1790.5268750037067,11.587079393715912,11.548042006324977,11.962370600667782,12.389951081131585,12.442209001164883,15.030749986181036,128
B,2,static_contention_baseline_B_event_llm-only_r02_a01,262,static-262,1791.7087500100024,11.553429133821586,11.52604099479504,11.753983117523603,12.226700494065879,12.535457994090393,15.020167018519714,128
B,2,static_contention_baseline_B_event_llm-only_r02_a01,263,static-263,1793.2342090061866,11.533171259779776,11.506332986755297,11.66500000108499,12.132240014034323,12.351540994131938,14.971124997828156,128
B,2,static_contention_baseline_B_event_llm-only_r02_a01,264,static-264,1791.4802920131478,11.576239826748015,11.525415990035981,11.91915889212396,12.477724428172221,12.589542020577937,15.029375004814938,128
B,2,static_contention_baseline_B_event_llm-only_r02_a01,265,static-265,1791.514874988934,11.55893373239866,11.523415974806994,11.874142117449082,12.41308092197869,12.58195799891837,15.08162499521859,128
B,2,static_contention_baseline_B_event_llm-only_r02_a01,266,static-266,1793.484374997206,11.54511778727247,11.516458005644381,11.740516891586594,12.192092491313813,12.295082997297868,15.385665989015251,128
B,2,static_contention_baseline_B_event_llm-only_r02_a01,267,static-267,1792.5368330033962,11.54230183469843,11.52154101873748,11.779137607663868,12.13364650029689,12.328459008131176,15.122916986001655,128
B,2,static_contention_baseline_B_event_llm-only_r02_a01,268,static-268,1792.9857080162037,11.567408464643664,11.526875023264438,11.912971187848598,12.316582995117642,12.379791995044798,15.120208001462743,128
B,2,static_contention_baseline_B_event_llm-only_r02_a01,269,static-269,1793.979499983834,11.54120177178145,11.518459010403603,11.774104292271657,12.126686404226348,12.284625001484528,15.026999986730516,128
B,2,static_contention_baseline_B_event_llm-only_r02_a01,270,static-270,1793.2414170063566,11.548447504036465,11.512916011270136,11.819187720539048,12.203603909001686,12.329457997111604,15.114957990590483,128
B,2,static_contention_baseline_B_event_llm-only_r02_a01,271,static-271,1814.0088749933057,11.770613511930785,11.623667000094429,13.03717510018032,13.431443588924592,13.544291985454038,15.199708985164762,128
B,2,static_contention_baseline_B_event_llm-only_r02_a01,272,static-272,1792.1960829989985,11.554668307089885,11.52416699915193,11.814958197646773,12.246451083337886,12.39483300014399,14.954915997805074,128
B,2,static_contention_baseline_B_event_llm-only_r02_a01,273,static-273,1793.1799159850925,11.335927826915244,11.25291601056233,11.607612384250388,11.91602542065084,12.1217499836348,15.80458297394216,128
B,2,static_contention_baseline_B_event_llm-only_r02_a01,274,static-274,1794.3792089936323,11.553300196977743,11.522124987095594,11.766987497685475,12.242973912507296,12.395791010931134,15.23583399830386,128
B,2,static_contention_baseline_B_event_llm-only_r02_a01,275,static-275,1794.1602079954464,11.55729363782434,11.523666995344684,11.845041281776503,12.429259505588561,12.577416986459866,15.002708008978516,128
B,2,static_contention_baseline_B_event_llm-only_r02_a01,276,static-276,1791.4917080197483,11.557775267718844,11.525124980835244,11.75993750221096,12.449802343035115,12.55633300752379,14.983166009187698,128
B,2,static_contention_baseline_B_event_llm-only_r02_a01,277,static-277,1794.420166988857,11.554241141691202,11.516875005327165,11.916183200082742,12.368823903379962,12.450875015929341,15.102208009921014,128
B,2,static_contention_baseline_B_event_llm-only_r02_a01,278,static-278,1793.6605409777258,11.535816275703493,11.517291975906119,11.752945501939394,11.95492156140972,12.181833997601643,15.239749976899475,128
B,2,static_contention_baseline_B_event_llm-only_r02_a01,279,static-279,1794.4977500010282,11.704656826909705,11.522416985826567,12.581591799971644,14.865618431940673,16.261707991361618,15.027582994662225,128
B,2,static_contention_baseline_B_event_llm-only_r02_a01,280,static-280,1796.0607080021873,11.556918307035193,11.529209004947916,11.718334018951282,12.26739092846401,12.278208014322445,15.129415987757966,128
B,2,static_contention_baseline_B_event_llm-only_r02_a01,281,static-281,1792.583458009176,11.547364503984875,11.530041985679418,11.662837688345462,12.102049352251925,12.222916004247963,14.996082987636328,128
B,2,static_contention_baseline_B_event_llm-only_r02_a01,282,static-282,1794.0655410056934,11.543010173348973,11.526083020726219,11.658433801494539,11.897244657156989,12.522542005172,15.023332991404459,128
B,2,static_contention_baseline_B_event_llm-only_r02_a01,283,static-283,1794.7665000101551,11.548827425210083,11.521334003191441,11.772596187074669,12.264751727343535,12.422792002325878,15.125042002182454,128
B,2,static_contention_baseline_B_event_llm-only_r02_a01,284,static-284,1791.2972499907482,11.562929133972608,11.528375005582348,11.787908687256277,12.388618582044728,12.507084000390023,15.12854199972935,128
B,2,static_contention_baseline_B_event_llm-only_r02_a01,285,static-285,1792.7216250100173,11.548512133789858,11.527249997016042,11.709529592189938,11.99311598436907,12.316208012634888,15.046959015307948,128
B,2,static_contention_baseline_B_event_llm-only_r02_a01,286,static-286,1793.9018750039395,11.554882212452165,11.526791990036145,11.838270592852494,12.245433595962822,12.30437497724779,14.978749997681007,128
B,2,static_contention_baseline_B_event_llm-only_r02_a01,287,static-287,1794.2801250028424,11.56189140137725,11.532875010743737,11.750095619936472,12.281481848331167,12.463750026654452,15.834458026802167,128
B,2,static_contention_baseline_B_event_llm-only_r02_a01,288,static-288,1793.8492090033833,11.55155610250067,11.529292009072378,11.726378693128936,12.132519666920416,12.518708012066782,15.747375000501052,128
B,2,static_contention_baseline_B_event_llm-only_r02_a01,289,static-289,1794.7612919961102,11.892136149465905,11.692291009239852,13.190279391710646,13.89768127235584,14.196208998328075,15.005499997641891,128
B,2,static_contention_baseline_B_event_llm-only_r02_a01,290,static-290,1800.4522919945884,11.554771322962337,11.5249170048628,11.743621487403288,12.346246430533938,12.381999986246228,15.095874987309799,128
B,2,static_contention_baseline_B_event_llm-only_r02_a01,291,static-291,1794.3027919973247,11.561899606365799,11.52025000192225,11.79807071457617,12.356910013477318,12.54066699766554,15.459457994438708,128
B,2,static_contention_baseline_B_event_llm-only_r02_a01,292,static-292,1793.4284579823725,11.536978677192,11.503125017043203,11.685620594653301,12.21107892866712,12.374165991786867,15.494958002818748,128
B,2,static_contention_baseline_B_event_llm-only_r02_a01,293,static-293,1794.2549579893239,11.550567590670044,11.535750003531575,11.659337481250986,12.126520504825749,12.277000001631677,15.051082998979837,128
B,2,static_contention_baseline_B_event_llm-only_r02_a01,294,static-294,1794.7276670020074,11.554015748107469,11.518417013576254,11.793208218296057,12.453243418713098,12.533666013041511,15.03791700815782,128
B,2,static_contention_baseline_B_event_llm-only_r02_a01,295,static-295,1793.5211659932975,11.533615818727528,11.517334001837298,11.654078686842695,11.852377334726043,12.157791992649436,15.094208007212728,128
B,2,static_contention_baseline_B_event_llm-only_r02_a01,296,static-296,1793.6449170229025,11.518983590447776,11.501208005938679,11.658304394222796,11.89693782478571,12.141916988184676,15.041459002532065,128
B,2,static_contention_baseline_B_event_llm-only_r02_a01,297,static-297,1794.8278750118334,11.549028873903765,11.520166008267552,11.696117091923952,12.221472818637267,12.401999993016943,15.067458007251844,128
B,2,static_contention_baseline_B_event_llm-only_r02_a01,298,static-298,1793.3825409854762,11.586874346459636,11.544457986019552,11.920703903888352,12.326666431617923,12.419250007951632,14.942665991839021,128
B,2,static_contention_baseline_B_event_llm-only_r02_a01,299,static-299,1793.1492909847293,11.541367125996263,11.507707997225225,11.725695693166927,12.316190936835481,12.404624983901158,15.030749986181036,128
B,3,static_contention_baseline_B_event_llm-only_r03_a01,0,static-000,1727.9119589948095,11.51678707096799,11.481124995043501,11.685566810774617,12.268834982533006,12.320458015892655,15.289250004570931,128
B,3,static_contention_baseline_B_event_llm-only_r03_a01,1,static-001,1741.046292008832,11.539636810922511,11.511207994772121,11.782862403197212,12.183226236957125,12.445959000615403,15.004167013103142,128
B,3,static_contention_baseline_B_event_llm-only_r03_a01,2,static-002,1758.8538750133011,11.530761810947268,11.49783399887383,11.701504301163368,12.178400587290524,12.515832990175113,15.058000019052997,128
B,3,static_contention_baseline_B_event_llm-only_r03_a01,3,static-003,1771.8979170022067,11.555303149401965,11.510333977639675,11.92709989263676,12.407488147728145,12.571125000249594,16.34354202542454,128
B,3,static_contention_baseline_B_event_llm-only_r03_a01,4,static-004,1779.6965000161435,11.531707346274363,11.505417001899332,11.69440009689424,12.21643750439398,12.436707998858765,15.007250010967255,128
B,3,static_contention_baseline_B_event_llm-only_r03_a01,5,static-005,1784.6774579957128,11.536290354185232,11.495665996335447,11.801154201384634,12.273890423821285,12.434415984898806,15.036625001812354,128
B,3,static_contention_baseline_B_event_llm-only_r03_a01,6,static-006,1788.705792016117,11.552736874006131,11.523083987412974,11.70556259166915,12.409541091183199,12.512290995800868,15.021416998934,128
B,3,static_contention_baseline_B_event_llm-only_r03_a01,7,static-007,1790.9583750006277,11.545137464440993,11.518915998749435,11.668971210019663,12.284796850290148,12.527457991382107,15.302459010854363,128
B,3,static_contention_baseline_B_event_llm-only_r03_a01,8,static-008,1792.301374982344,11.551954724604087,11.527791997650638,11.814324805163778,11.959526431164704,12.244790996192023,15.101625001989305,128
B,3,static_contention_baseline_B_event_llm-only_r03_a01,9,static-009,1793.4507080062758,11.553483267633728,11.524624977027997,11.77487491222564,12.092295509646645,12.558375019580126,15.10945800691843,128
B,3,static_contention_baseline_B_event_llm-only_r03_a01,10,static-010,1795.2867920103017,11.57282086618164,11.53633400099352,11.848195703350939,12.330877000349574,12.436707998858765,15.752959006931633,128
B,3,static_contention_baseline_B_event_llm-only_r03_a01,11,static-011,1797.8901249880437,11.568121716570785,11.53316700947471,11.80305869784206,12.574020655592903,12.606834003236145,15.047416993184015,128
B,3,static_contention_baseline_B_event_llm-only_r03_a01,12,static-012,1796.7489589937031,11.600742125966198,11.567457986529917,11.866237604408525,12.177606427576393,12.40045900340192,15.102500008651987,128
B,3,static_contention_baseline_B_event_llm-only_r03_a01,13,static-013,1798.7149579857942,13.956896000079752,14.134832978015766,14.963929608347826,15.76170389773324,15.867625013925135,15.094792004674673,128
B,3,static_contention_baseline_B_event_llm-only_r03_a01,14,static-014,1799.6977500151843,11.57379822826607,11.555125005543232,11.682220501825213,12.424248901079409,12.621041998500004,15.082291996804997,128
B,3,static_contention_baseline_B_event_llm-only_r03_a01,15,static-015,1799.7303330048453,11.593943574982806,11.562333005713299,11.691595410229638,12.335583774838597,12.580207985593006,15.410249994602054,128
B,3,static_contention_baseline_B_event_llm-only_r03_a01,16,static-016,1799.3799580144696,11.61000459829866,11.579541984247044,11.876833077985792,12.409866084926762,12.515916983829811,15.118958021048456,128
B,3,static_contention_baseline_B_event_llm-only_r03_a01,17,static-017,1799.2674999986775,11.881784448862135,11.69766701059416,13.136308194953017,13.898676072712988,14.11037502111867,15.540915977908298,128
B,3,static_contention_baseline_B_event_llm-only_r03_a01,18,static-018,1808.077666995814,11.60105970856829,11.571874987566844,11.815837395261042,12.326549233403057,12.341249996097758,15.220583998598158,128
B,3,static_contention_baseline_B_event_llm-only_r03_a01,19,static-019,1799.443166994024,11.621958984283907,11.594167008297518,11.8561667855829,12.423315494088454,12.482165999244899,15.048208995722234,128
B,3,static_contention_baseline_B_event_llm-only_r03_a01,20,static-020,1804.1560830024537,11.611383858386164,11.57541701104492,11.88065879396163,12.326178575167432,12.465459003578871,15.567124995868653,128
B,3,static_contention_baseline_B_event_llm-only_r03_a01,21,static-021,1800.2610419935081,11.609227031489512,11.572209012228996,11.919262696756048,12.47958699299488,12.55333301378414,15.150292019825429,128
B,3,static_contention_baseline_B_event_llm-only_r03_a01,22,static-022,1804.230333014857,11.642396322856694,11.597167002037168,12.04636620823294,12.5528067414416,12.570666993269697,15.000000013969839,128
B,3,static_contention_baseline_B_event_llm-only_r03_a01,23,static-023,1798.2914999884088,11.634103346553697,11.591166025027633,12.139900005422533,12.461194823263213,12.514541973359883,15.086625004187226,128
B,3,static_contention_baseline_B_event_llm-only_r03_a01,24,static-024,1802.9259169998113,11.624428803169014,11.587000015424564,12.043920598807741,12.422887487336993,12.509291002061218,15.131708001717925,128
B,3,static_contention_baseline_B_event_llm-only_r03_a01,25,static-025,1801.001791987801,11.63929494489241,11.597125005209818,11.958749787299894,12.382723576738499,12.516999995568767,15.142374992137775,128
B,3,static_contention_baseline_B_event_llm-only_r03_a01,26,static-026,1802.8058329946361,11.657701448883905,11.606499989284202,12.05622951092664,12.326008411473595,12.431041017407551,15.079499979037791,128
B,3,static_contention_baseline_B_event_llm-only_r03_a01,27,static-027,1803.5795420000795,11.63952525977346,11.594500014325604,12.110208105877973,12.461911075515673,12.612874998012558,15.074666996952146,128
B,3,static_contention_baseline_B_event_llm-only_r03_a01,28,static-028,1802.6464580034371,11.6306781495177,11.5992909995839,11.865441309055313,12.261389349587262,12.534124980447814,15.224500006297603,128
B,3,static_contention_baseline_B_event_llm-only_r03_a01,29,static-029,1804.3908329855185,11.643883858360057,11.600874975556508,12.060887308325617,12.454810003982857,12.530084000900388,14.988499984610826,128
B,3,static_contention_baseline_B_event_llm-only_r03_a01,30,static-030,1802.7821670111734,11.63399474801657,11.61387501633726,11.80567949777469,12.116616985294968,12.267250014701858,15.143625001655892,128
B,3,static_contention_baseline_B_event_llm-only_r03_a01,31,static-031,1803.0948340019677,11.617402228257275,11.597792006796226,11.775054596364498,12.127453138236886,12.513875000877306,15.038167010061443,128
B,3,static_contention_baseline_B_event_llm-only_r03_a01,32,static-032,1801.1297910124995,11.622300858272048,11.58674998441711,11.845104300300589,12.317431570845656,12.478624994400889,15.013249998446554,128
B,3,static_contention_baseline_B_event_llm-only_r03_a01,33,static-033,1805.6621249997988,11.644317259770034,11.598415992921218,12.051654196693562,12.497472012764774,12.616749998414889,15.83175000268966,128
B,3,static_contention_baseline_B_event_llm-only_r03_a01,34,static-034,1801.4911659993231,11.641648299185427,11.590458016144112,12.087421209434979,12.514286439982243,12.600957998074591,15.2437080105301,128
B,3,static_contention_baseline_B_event_llm-only_r03_a01,35,static-035,1806.6124999895692,11.61952329937948,11.578540987102315,11.796137492638081,12.490649579558522,12.608874996658415,15.12833297601901,128
B,3,static_contention_baseline_B_event_llm-only_r03_a01,36,static-036,1831.6328750224784,11.633816275536633,11.589583999011666,11.820025110500865,12.429513748502359,12.972374999662861,15.199000015854836,128
B,3,static_contention_baseline_B_event_llm-only_r03_a01,37,static-037,1799.8260830063373,11.604401252028994,11.569291003979743,11.780141908093356,12.420680325012654,12.517875002231449,15.156083012698218,128
B,3,static_contention_baseline_B_event_llm-only_r03_a01,38,static-038,1802.7182499936316,11.650299212728502,11.605499981669709,12.057970796013251,12.399684658739716,12.439832993550226,15.068665990838781,128
B,3,static_contention_baseline_B_event_llm-only_r03_a01,39,static-039,1801.9079170189798,11.618905511682883,11.570291011594236,11.864803510252386,12.481831582845189,12.614250008482486,15.085417020600289,128
B,3,static_contention_baseline_B_event_llm-only_r03_a01,40,static-040,1802.9658749874216,11.620829724495879,11.571165989153087,12.160878800204953,12.510882503120229,12.52179199946113,15.072708978550509,128
B,3,static_contention_baseline_B_event_llm-only_r03_a01,41,static-041,1801.588417001767,11.631721779649094,11.565125023480505,12.359216803451998,12.53888533799909,12.623166985576972,15.192791994195431,128
B,3,static_contention_baseline_B_event_llm-only_r03_a01,42,static-042,1801.7025839944836,11.612973425273351,11.563709005713463,12.071991304401307,12.551484990981407,12.628374999621883,15.078416996402666,128
B,3,static_contention_baseline_B_event_llm-only_r03_a01,43,static-043,1801.6988330055028,11.581033464579836,11.562208004761487,11.809541191905737,12.180386570398694,12.316000007558614,15.016667020972818,128
B,3,static_contention_baseline_B_event_llm-only_r03_a01,44,static-044,1801.1053330264986,11.611587275369606,11.562415980733931,12.15174991812091,12.520108160679229,12.565082986839116,15.106708015082404,128
B,3,static_contention_baseline_B_event_llm-only_r03_a01,45,static-045,1802.4242079991382,11.578289700734363,11.539041996002197,11.864425006206146,12.468350336421281,12.554666987853125,15.812957979505882,128
B,3,static_contention_baseline_B_event_llm-only_r03_a01,46,static-046,1799.7184579726309,11.564813322831297,11.550291994353756,11.66294579161331,12.124036068562418,12.177916010841727,15.052541974000633,128
B,3,static_contention_baseline_B_event_llm-only_r03_a01,47,static-047,1802.634332998423,11.577502299351325,11.537999991560355,11.792075110133737,12.421717844554223,12.506708997534588,14.990750001743436,128
B,3,static_contention_baseline_B_event_llm-only_r03_a01,48,static-048,1797.8487919899635,11.569069228437545,11.545374989509583,11.756091690040193,12.123574417200869,12.482833000831306,14.99791699461639,128
B,3,static_contention_baseline_B_event_llm-only_r03_a01,49,static-049,1800.9520829946268,11.555251645705274,11.540000006789342,11.66433309263084,12.181311096646821,12.305374984862283,15.098916017450392,128
B,3,static_contention_baseline_B_event_llm-only_r03_a01,50,static-050,1798.5262500005774,11.545249677123868,11.530459014466032,11.64252930029761,11.90827407350298,11.992500018095598,15.09729100507684,128
B,3,static_contention_baseline_B_event_llm-only_r03_a01,51,static-051,1798.604624986183,11.565137795249631,11.534458986716345,11.874758696649222,12.20024642534554,12.414500000886619,15.085582999745384,128
B,3,static_contention_baseline_B_event_llm-only_r03_a01,52,static-052,1800.2706249826588,11.551087598433703,11.511291028000414,11.816083310986869,12.278999260743149,12.339833017904311,15.102375007700175,128
B,3,static_contention_baseline_B_event_llm-only_r03_a01,53,static-053,1797.229249990778,11.620461614206654,11.559750011656433,12.152804492507128,12.581152504426427,12.713582982541993,15.081999998074025,128
B,3,static_contention_baseline_B_event_llm-only_r03_a01,54,static-054,1819.0814169938676,11.790509842607507,11.615208990406245,13.427015981869765,13.835520421271212,13.876917015295476,15.320542006520554,128
B,3,static_contention_baseline_B_event_llm-only_r03_a01,55,static-055,1798.336207983084,11.575739834628134,11.534958000993356,11.925708703347482,12.370869991136715,12.503250007284805,15.138290997128934,128
B,3,static_contention_baseline_B_event_llm-only_r03_a01,56,static-056,1799.17045799084,11.560217519776574,11.517499980982393,11.848767101764679,12.49652766098734,12.508249987149611,15.037457982543856,128
B,3,static_contention_baseline_B_event_llm-only_r03_a01,57,static-057,1797.2971250128467,11.542723755907693,11.514707992319018,11.643937483313493,12.217336407629771,12.272292020497844,14.998333004768938,128
B,3,static_contention_baseline_B_event_llm-only_r03_a01,58,static-058,1798.3225409989245,11.558963582616329,11.523666005814448,11.874571413500234,12.158929072902536,12.554874992929399,15.22483301232569,128
B,3,static_contention_baseline_B_event_llm-only_r03_a01,59,static-059,1798.5180419927929,11.58098096860294,11.539625003933907,12.021095599629914,12.48313607298769,12.594416999490932,15.258332976372913,128
B,3,static_contention_baseline_B_event_llm-only_r03_a01,60,static-060,1796.463374979794,11.550281165437186,11.524957983056083,11.731604195665568,12.26691859657876,12.40420900285244,15.122458979021758,128
B,3,static_contention_baseline_B_event_llm-only_r03_a01,61,static-061,1797.6780000026338,11.539082354306808,11.523333989316598,11.743803799618036,11.961594505701214,12.323541013756767,15.074750001076609,128
B,3,static_contention_baseline_B_event_llm-only_r03_a01,62,static-062,1797.5040410237852,11.554497708685652,11.515833000885323,11.80856250866782,12.371151089319028,12.461250007618219,15.473333012778312,128
B,3,static_contention_baseline_B_event_llm-only_r03_a01,63,static-063,1797.4312500155065,11.566514110121158,11.535333993379027,11.690049894968979,12.462611598311922,12.561082985484973,15.080792014487088,128
B,3,static_contention_baseline_B_event_llm-only_r03_a01,64,static-064,1797.8842080046888,11.543904196729473,11.512833007145673,11.835091689135878,12.296897817868738,12.48570901225321,15.047749999212101,128
B,3,static_contention_baseline_B_event_llm-only_r03_a01,65,static-065,1796.463875012705,11.551713259747677,11.512833007145673,11.781212405185213,12.387037515291013,12.569540995173156,14.986750000389293,128
B,3,static_contention_baseline_B_event_llm-only_r03_a01,66,static-066,1797.0472080050968,11.559208661389324,11.51795798796229,11.77721690328326,12.153164850315079,12.454542011255398,15.130624989978969,128
B,3,static_contention_baseline_B_event_llm-only_r03_a01,67,static-067,1797.2261670220178,11.548706692896461,11.532790987985209,11.695146304555237,11.998758419067597,12.183209008071572,15.04629201372154,128
B,3,static_contention_baseline_B_event_llm-only_r03_a01,68,static-068,1795.3301660018042,11.54181365346294,11.50504098040983,11.883346288232131,12.232584013254382,12.24770798580721,15.072125010192394,128
B,3,static_contention_baseline_B_event_llm-only_r03_a01,69,static-069,1796.0065000224859,11.550766401456698,11.517000006278977,11.707249988103285,12.352716921595857,12.564625008963048,15.005125023890287,128
B,3,static_contention_baseline_B_event_llm-only_r03_a01,70,static-070,1795.5426659900695,11.58480840165894,11.528375005582348,12.04355889058206,12.505237991572358,12.562458985485137,15.695582987973467,128
B,3,static_contention_baseline_B_event_llm-only_r03_a01,71,static-071,1795.1962499937508,11.531542984339753,11.510374984936789,11.655870694085024,12.188442660844885,12.385208014165983,15.264749992638826,128
B,3,static_contention_baseline_B_event_llm-only_r03_a01,72,static-072,1797.3810840048827,12.06033988984111,11.76562497857958,13.754641011473723,15.07034408627078,15.114999987417832,15.428416983922943,128
B,3,static_contention_baseline_B_event_llm-only_r03_a01,73,static-073,1804.2926249909215,11.559542653510185,11.52733399067074,11.843949800822882,12.199517184635624,12.2412089840509,15.18270798260346,128
B,3,static_contention_baseline_B_event_llm-only_r03_a01,74,static-074,1794.9630830262322,11.554053810876097,11.52416699915193,11.68005000508856,12.294876005616969,12.559708004118875,15.14704100554809,128
B,3,static_contention_baseline_B_event_llm-only_r03_a01,75,static-075,1794.5200000249315,11.555025259841337,11.533417011378333,11.70296249911189,12.246787002077324,12.55820898222737,14.943792019039392,128
B,3,static_contention_baseline_B_event_llm-only_r03_a01,76,static-076,1795.8144590083975,11.545211614126076,11.513999983435497,11.730491803609764,12.36708031676244,12.424790998920798,14.984375011408702,128
B,3,static_contention_baseline_B_event_llm-only_r03_a01,77,static-077,1795.1027079834603,11.57108333083713,11.528208997333422,11.91501620633062,12.148630002047867,12.291082995943725,15.13658298063092,128
B,3,static_contention_baseline_B_event_llm-only_r03_a01,78,static-078,1794.153583003208,11.546647968366521,11.509415984619409,11.887296309578232,12.32455750752706,12.363084009848535,15.128083003219217,128
B,3,static_contention_baseline_B_event_llm-only_r03_a01,79,static-079,1795.347999985097,11.5423382520694,11.513750010635704,11.71302119619213,12.183340169140136,12.455290998332202,15.02591697499156,128
B,3,static_contention_baseline_B_event_llm-only_r03_a01,80,static-080,1796.4200419955887,11.548948157523707,11.513790988828987,11.841183889191594,12.289812485105358,12.509833002695814,15.081541991094127,128
B,3,static_contention_baseline_B_event_llm-only_r03_a01,81,static-081,1793.6384579807054,11.585160763796756,11.524041008669883,12.00775449979119,12.540358767146245,12.593749997904524,15.088124986505136,128
B,3,static_contention_baseline_B_event_llm-only_r03_a01,82,static-082,1793.816292018164,11.537556755805651,11.512458004290238,11.691362495184874,12.191875656135378,12.499208009103313,15.281542000593618,128
B,3,static_contention_baseline_B_event_llm-only_r03_a01,83,static-083,1793.5962920018937,11.525226700785167,11.5057909861207,11.686149894376285,12.037116417777725,12.135458004195243,15.08404198102653,128
B,3,static_contention_baseline_B_event_llm-only_r03_a01,84,static-084,1794.4553749985062,11.540660433201706,11.50733299436979,11.680324911139905,12.3961905692704,12.625250004930422,15.047708991914988,128
B,3,static_contention_baseline_B_event_llm-only_r03_a01,85,static-085,1794.1899999859743,11.557607937193527,11.52266701683402,11.714362603379413,12.481716916663572,12.543000018922612,15.07191697601229,128
B,3,static_contention_baseline_B_event_llm-only_r03_a01,86,static-086,1792.4783340131398,11.542011810902975,11.512500001117587,11.772062504314816,12.22931642376352,12.3482919880189,15.078958997037262,128
B,3,static_contention_baseline_B_event_llm-only_r03_a01,87,static-087,1793.9589579764288,11.56784974035851,11.529792012879625,11.807837494416162,12.446410497068428,12.573708983836696,14.957290986785665,128
B,3,static_contention_baseline_B_event_llm-only_r03_a01,88,static-088,1793.797167018056,11.545468826675567,11.507125018397346,11.818957902141845,12.33883548527956,12.549959006719291,14.99866700032726,128
B,3,static_contention_baseline_B_event_llm-only_r03_a01,89,static-089,1792.3247089784127,11.533610236292015,11.51295899762772,11.682566811214201,11.968305152840912,12.47950000106357,15.127416991163045,128
B,3,static_contention_baseline_B_event_llm-only_r03_a01,90,static-090,1793.0619590042625,11.554935362234009,11.506083013955504,11.792995501309633,12.535439357161522,13.014166994253173,15.010083996457979,128
B,3,static_contention_baseline_B_event_llm-only_r03_a01,91,static-091,1822.8073329955805,11.556821850524468,11.515416990732774,11.828725095256232,12.190294248284772,12.509291991591454,15.278124978067353,128
B,3,static_contention_baseline_B_event_llm-only_r03_a01,92,static-092,1793.4844999981578,12.490320535501333,11.589125002501532,14.501895490684547,15.498862494714556,16.086792020360008,15.331792004872113,128
B,3,static_contention_baseline_B_event_llm-only_r03_a01,93,static-093,1793.3470829739235,11.540087929231987,11.520667001605034,11.712225206429139,12.221793574863113,12.316292006289586,15.299874998163432,128
B,3,static_contention_baseline_B_event_llm-only_r03_a01,94,static-094,1791.744457994355,11.530500984252027,11.495582992210984,11.682499913149513,12.227323262486607,12.44774999213405,14.99862500349991,128
B,3,static_contention_baseline_B_event_llm-only_r03_a01,95,static-095,1791.7427499778569,11.534348425389393,11.4938750048168,11.659862607484683,12.322263410896994,12.403625005390495,15.076666983077303,128
B,3,static_contention_baseline_B_event_llm-only_r03_a01,96,static-096,1793.1759160128422,11.56323196047433,11.51504198787734,11.931441794149578,12.440860911738127,12.478457996621728,16.449415998067707,128
B,3,static_contention_baseline_B_event_llm-only_r03_a01,97,static-097,1792.2801670210902,11.544211936966098,11.508791998494416,11.71415000280831,12.209525346406735,12.257791997399181,15.390792017569765,128
B,3,static_contention_baseline_B_event_llm-only_r03_a01,98,static-098,1791.3990830129478,11.550967850379543,11.52266701683402,11.756391802919095,12.118130495073272,12.229291023686528,15.183750016149133,128
B,3,static_contention_baseline_B_event_llm-only_r03_a01,99,static-099,1793.9062080113217,11.546036417139547,11.512333003338426,11.722716988879256,12.214882505941205,12.543042015749961,15.078666008776054,128
B,3,static_contention_baseline_B_event_llm-only_r03_a01,100,static-100,1792.7958339860197,12.800791338645288,12.505000020610169,14.788579594460316,15.063658435246907,15.207000018563122,15.101333992788568,128
B,3,static_contention_baseline_B_event_llm-only_r03_a01,101,static-101,1792.293125006836,11.532935039341949,11.52562498464249,11.631767000653781,11.864186592283659,12.02304201433435,15.017083002021536,128
B,3,static_contention_baseline_B_event_llm-only_r03_a01,102,static-102,1793.2400830031838,11.544731299174716,11.506708018714562,11.859908894984981,12.184363927226514,12.561999988975003,15.357291995314881,128
B,3,static_contention_baseline_B_event_llm-only_r03_a01,103,static-103,1789.8238750058226,11.533489495957651,11.504624999361113,11.738250002963468,12.125896828365512,12.441124999895692,15.079292003065348,128
B,3,static_contention_baseline_B_event_llm-only_r03_a01,104,static-104,1791.3443750003353,11.540686354173099,11.512583994772285,11.658066205563955,12.363428147509694,12.488540989579633,15.017625002656132,128
B,3,static_contention_baseline_B_event_llm-only_r03_a01,105,static-105,1794.3592499941587,11.53654166942785,11.49145798990503,11.859687394462522,12.35570749733597,12.434416014002636,15.021792001789436,128
B,3,static_contention_baseline_B_event_llm-only_r03_a01,106,static-106,1791.2810000125319,11.56430511793129,11.526958987815306,11.891754504176788,12.325549598317593,12.493458983954042,15.183917013928294,128
B,3,static_contention_baseline_B_event_llm-only_r03_a01,107,static-107,1792.96829199302,11.54042618105364,11.50533399777487,11.757200007559732,12.299684077152051,12.40999999572523,15.018375008367002,128
B,3,static_contention_baseline_B_event_llm-only_r03_a01,108,static-108,1791.4825000043493,11.538530511765073,11.508041992783546,11.739362389198503,12.364705566433257,12.562624993734062,15.050249989144504,128
B,3,static_contention_baseline_B_event_llm-only_r03_a01,109,static-109,1817.3365830152761,11.754899937017843,11.587833985686302,13.10976701497566,13.882965664379297,14.024167001480237,15.256708022207022,128
B,3,static_contention_baseline_B_event_llm-only_r03_a01,110,static-110,1793.7224589986727,11.556099732470603,11.513957986608148,11.925712300580924,12.398039994877763,12.469790992327034,15.020999999251217,128
B,3,static_contention_baseline_B_event_llm-only_r03_a01,111,static-111,1792.0299170073122,11.524189307123393,11.504708003485575,11.625412388821132,12.055963073507883,12.4460409861058,15.867375012021512,128
B,3,static_contention_baseline_B_event_llm-only_r03_a01,112,static-112,1792.5244999933057,11.545126637816063,11.520041996845976,11.676808597985655,12.032683587749487,12.460708006983623,15.279457991709933,128
B,3,static_contention_baseline_B_event_llm-only_r03_a01,113,static-113,1793.1836250063498,11.551445204760938,11.507999995956197,11.869891188689506,12.347343586734494,12.423792009940371,15.217959007713944,128
B,3,static_contention_baseline_B_event_llm-only_r03_a01,114,static-114,1791.0450419876724,11.558961936989506,11.51199999731034,11.929812392918393,12.502661580801941,12.52474999637343,15.299166989279911,128
B,3,static_contention_baseline_B_event_llm-only_r03_a01,115,static-115,1791.8800839979667,11.53452755923669,11.491707991808653,11.804116988787426,12.394707486382686,12.458041979698464,14.959499996621162,128
B,3,static_contention_baseline_B_event_llm-only_r03_a01,116,static-116,1793.3467499969993,11.548750000083672,11.505416972795501,11.805424912017768,12.486702663009055,12.620292021892965,15.111957996850833,128
B,3,static_contention_baseline_B_event_llm-only_r03_a01,117,static-117,1792.9192500014324,11.540997700763896,11.506750015541911,11.742641983437352,12.267396589741109,12.565167009597644,15.192333987215534,128
B,3,static_contention_baseline_B_event_llm-only_r03_a01,118,static-118,1791.1857919825707,11.53749836229272,11.505208007292822,11.805383695173076,12.452720765140839,12.612791993888095,15.03995800158009,128
B,3,static_contention_baseline_B_event_llm-only_r03_a01,119,static-119,1791.2308750092052,11.518656165251054,11.503291985718533,11.676691993488928,11.900801407755353,12.379708990920335,15.05979200010188,128
B,3,static_contention_baseline_B_event_llm-only_r03_a01,120,static-120,1792.7165419969242,11.527349732405558,11.507249990245327,11.677224995219149,12.192638914566485,12.264084012713283,15.056292002554983,128
B,3,static_contention_baseline_B_event_llm-only_r03_a01,121,static-121,1792.4051670124754,11.53275130708944,11.519874999066815,11.654616906889714,11.8810473382473,12.194042006740347,15.040792000945657,128
B,3,static_contention_baseline_B_event_llm-only_r03_a01,122,static-122,1792.9792499926407,11.544188322759725,11.514125013491139,11.811033787671475,12.324725015205331,12.401834013871849,15.772540995385498,128
B,3,static_contention_baseline_B_event_llm-only_r03_a01,123,static-123,1792.3299579997547,11.517960306873002,11.48508398910053,11.677304402110167,12.249047152581625,12.322875001700595,15.299458027584478,128
B,3,static_contention_baseline_B_event_llm-only_r03_a01,124,static-124,1792.0267499866895,11.543247047362586,11.508791998494416,11.773292094585486,12.126668771379627,12.330583005677909,15.003834007075056,128
B,3,static_contention_baseline_B_event_llm-only_r03_a01,125,static-125,1791.52987501584,11.547628606121444,11.516416008817032,11.7301580903586,12.175337673397735,12.314540974330157,14.912750018993393,128
B,3,static_contention_baseline_B_event_llm-only_r03_a01,126,static-126,1793.7992500083055,11.547157157525993,11.500416992930695,12.051458994392304,12.333203935413621,12.430540984496474,15.29954100260511,128
B,3,static_contention_baseline_B_event_llm-only_r03_a01,127,static-127,1792.4365409999155,11.868345149697399,11.677417001919821,13.254008587682618,13.82015816576313,14.483749982900918,15.413040993735194,128
B,3,static_contention_baseline_B_event_llm-only_r03_a01,128,static-128,1798.7115420110058,11.55813352762186,11.517624981934205,11.745383817469701,12.4462879053317,12.552208005217835,15.54950000718236,128
B,3,static_contention_baseline_B_event_llm-only_r03_a01,129,static-129,1791.7858750151936,11.557152228270416,11.51654199929908,11.816612377879208,12.350525425281376,12.4748750240542,15.02345799235627,128
B,3,static_contention_baseline_B_event_llm-only_r03_a01,130,static-130,1791.191833006451,11.540618771641316,11.509250005474314,11.766100098611785,12.258657914935611,12.317582994000986,15.20291599445045,128
B,3,static_contention_baseline_B_event_llm-only_r03_a01,131,static-131,1793.5674159962218,11.539960960677906,11.518082988914102,11.772657901747152,11.980722501757555,12.17558397911489,15.136208006879315,128
B,3,static_contention_baseline_B_event_llm-only_r03_a01,132,static-132,1792.9017909918912,11.547386811039681,11.519166990183294,11.82308361167088,12.197389580542222,12.467082997318357,15.043166000396013,128
B,3,static_contention_baseline_B_event_llm-only_r03_a01,133,static-133,1790.7960829907097,11.547291338559255,11.509833013406023,11.951733109890482,12.399953154381365,12.421958992490545,14.967333001550287,128
B,3,static_contention_baseline_B_event_llm-only_r03_a01,134,static-134,1791.8381660128944,11.524348755781428,11.507415998494253,11.679379412089474,11.9698779983446,12.139583996031433,15.018375008367002,128
B,3,static_contention_baseline_B_event_llm-only_r03_a01,135,static-135,1793.8001670117956,11.584841535338677,11.546209017978981,11.943254599464126,12.429009415209292,12.561834009829909,15.045250009279698,128
B,3,static_contention_baseline_B_event_llm-only_r03_a01,136,static-136,1790.701917023398,11.563992779518617,11.512249999213964,11.88381690881215,12.304820496356115,12.38362499861978,15.197958011412993,128
B,3,static_contention_baseline_B_event_llm-only_r03_a01,137,static-137,1792.865208000876,11.519187991919846,11.49779200204648,11.703696305630729,11.946649088640697,12.167375010903925,15.052333008497953,128
B,3,static_contention_baseline_B_event_llm-only_r03_a01,138,static-138,1793.1129170174245,11.537156496096154,11.491165991174057,11.822437512455505,12.405314653879032,12.465957988752052,15.045083011500537,128
B,3,static_contention_baseline_B_event_llm-only_r03_a01,139,static-139,1793.188583018491,11.54979692123955,11.515124992001802,11.697457887930796,12.454185505048372,12.554542016005144,14.985375019023195,128
B,3,static_contention_baseline_B_event_llm-only_r03_a01,140,static-140,1792.3247499857098,11.54111811041458,11.504082998726517,11.919029394630343,12.322314669145271,12.497999996412545,15.667917003156617,128
B,3,static_contention_baseline_B_event_llm-only_r03_a01,141,static-141,1795.5817909969483,11.532332677133821,11.503290996188298,11.696267002844252,11.951588079100475,12.52641700557433,15.386332990601659,128
B,3,static_contention_baseline_B_event_llm-only_r03_a01,142,static-142,1792.6209580036812,11.525362535236829,11.498625011881813,11.702253590920009,12.286090313573368,12.32420900487341,15.129625011468306,128
B,3,static_contention_baseline_B_event_llm-only_r03_a01,143,static-143,1792.842416005442,11.548860236226881,11.511749995406717,11.794412494054994,12.243165560648777,12.290499988012016,15.023000014480203,128
B,3,static_contention_baseline_B_event_llm-only_r03_a01,144,static-144,1792.239583999617,11.548565614255379,11.505290982313454,11.926416994538156,12.378327905316837,12.394333985866979,15.170250000664964,128
B,3,static_contention_baseline_B_event_llm-only_r03_a01,145,static-145,1791.612625005655,11.536984251835934,11.51425001444295,11.685820706770755,12.258218572242185,12.32158299535513,15.103459008969367,128
B,3,static_contention_baseline_B_event_llm-only_r03_a01,146,static-146,1819.5125839847606,11.568589889724908,11.523458000738174,11.868195614079013,12.07111251365859,12.340707995463163,16.523500002222136,128
B,3,static_contention_baseline_B_event_llm-only_r03_a01,147,static-147,1793.0127909930889,11.537870409390633,11.513042001752183,11.663946293992922,12.088438588543795,12.256666988832876,14.986207999754697,128
B,3,static_contention_baseline_B_event_llm-only_r03_a01,148,static-148,1791.125124989776,11.540037070861175,11.5112500207033,11.680537412757985,12.157415924593806,12.44849999784492,15.007999987574294,128
B,3,static_contention_baseline_B_event_llm-only_r03_a01,149,static-149,1792.4400829942897,11.528210960581577,11.50341599714011,11.737516813445835,12.148213140899314,12.254458997631446,15.05133300088346,128
B,3,static_contention_baseline_B_event_llm-only_r03_a01,150,static-150,1793.8120420149062,11.566689307159766,11.528499977430329,11.948174922144972,12.25525157933589,12.587874982273206,14.98725000419654,128
B,3,static_contention_baseline_B_event_llm-only_r03_a01,151,static-151,1791.5180000127293,11.56314402359435,11.541415995452553,11.82300008367747,12.189219007268548,12.457333010388538,15.332000009948388,128
B,3,static_contention_baseline_B_event_llm-only_r03_a01,152,static-152,1792.1509169973433,11.547561346481768,11.506957991514355,11.83176689664833,12.461822910699993,12.511667009675875,14.998500002548099,128
B,3,static_contention_baseline_B_event_llm-only_r03_a01,153,static-153,1790.9990000189282,11.525738842493862,11.504333990160376,11.702458080253562,12.02033658279106,12.107875023502856,15.132667002035305,128
B,3,static_contention_baseline_B_event_llm-only_r03_a01,154,static-154,1791.938709007809,11.579541338462837,11.534874996868894,11.94213398557622,12.400848916149698,12.461292004445568,14.953500009141862,128
B,3,static_contention_baseline_B_event_llm-only_r03_a01,155,static-155,1793.0558329971973,11.544014110209742,11.511624994454905,11.775624900474213,12.37143982667476,12.463124992791563,15.16370801255107,128
B,3,static_contention_baseline_B_event_llm-only_r03_a01,156,static-156,1794.4482909806538,11.570372378112616,11.5300000179559,11.882912399596535,12.482063909992576,12.528624996775761,15.291832998627797,128
B,3,static_contention_baseline_B_event_llm-only_r03_a01,157,static-157,1792.4429170088843,11.53115551175337,11.51745900278911,11.665720710880123,12.204493752797134,12.30433298042044,15.118709008675069,128
B,3,static_contention_baseline_B_event_llm-only_r03_a01,158,static-158,1791.4675420033745,11.529825787531124,11.500499997055158,11.698278589756228,12.157215910265222,12.379291991237551,15.060208999784663,128
B,3,static_contention_baseline_B_event_llm-only_r03_a01,159,static-159,1792.6597089972347,11.531383196748132,11.50512500316836,11.738328498904593,12.254000350367278,12.310707999859005,15.056500007631257,128
B,3,static_contention_baseline_B_event_llm-only_r03_a01,160,static-160,1792.2159580048174,11.539878614254178,11.510958021972328,11.76162919437047,12.130117335473185,12.322790978942066,15.03770801355131,128
B,3,static_contention_baseline_B_event_llm-only_r03_a01,161,static-161,1792.0385419856757,11.507433724560313,11.482915986562148,11.610212503001094,12.162910164333878,12.394375022267923,15.00387498526834,128
B,3,static_contention_baseline_B_event_llm-only_r03_a01,162,static-162,1792.111541988561,11.529788055217011,11.493291007354856,11.691383193829097,12.326350499060936,12.432874995283782,15.103749989066273,128
B,3,static_contention_baseline_B_event_llm-only_r03_a01,163,static-163,1791.8915830086917,11.539234252010406,11.509333009598777,11.776629197993316,12.196941407746635,12.268375023268163,15.10645801317878,128
B,3,static_contention_baseline_B_event_llm-only_r03_a01,164,static-164,1798.5350410162937,11.849435369894788,11.647333012660965,13.433504282147624,13.656784081831574,14.096333004999906,15.193708008155227,128
B,3,static_contention_baseline_B_event_llm-only_r03_a01,165,static-165,1792.3514579888433,11.546527228490486,11.52154098963365,11.749566209618932,12.317747491761109,12.42079198709689,15.02420799806714,128
B,3,static_contention_baseline_B_event_llm-only_r03_a01,166,static-166,1790.7245829992462,11.564907811052262,11.51333301095292,11.990537607925942,12.395582982571796,12.5348340079654,15.028958005132154,128
B,3,static_contention_baseline_B_event_llm-only_r03_a01,167,static-167,1792.2414579952601,11.544903543434934,11.504750000312924,11.932771484134719,12.224009655183181,12.308582983678207,14.968665986089036,128
B,3,static_contention_baseline_B_event_llm-only_r03_a01,168,static-168,1792.768540995894,11.518469165348792,11.493500001961365,11.671137594385073,12.139110670541411,12.397416023304686,15.232166013447568,128
B,3,static_contention_baseline_B_event_llm-only_r03_a01,169,static-169,1792.09108298528,11.567412078789413,11.525416979566216,11.820900099701248,12.358281417982651,12.552416999824345,14.962707995437086,128
B,3,static_contention_baseline_B_event_llm-only_r03_a01,170,static-170,1792.661583982408,11.569732283590376,11.514917016029358,12.162154406541958,12.42527715396136,12.54641599371098,15.07883399608545,128
B,3,static_contention_baseline_B_event_llm-only_r03_a01,171,static-171,1793.7726660165936,11.528501645515226,11.50437499745749,11.714200090500526,12.18916541081853,12.417167017702013,15.011083014542237,128
B,3,static_contention_baseline_B_event_llm-only_r03_a01,172,static-172,1793.334791000234,11.519442590624534,11.499833984998986,11.632837494835258,11.799944587983191,12.010291015030816,15.244999987771735,128
B,3,static_contention_baseline_B_event_llm-only_r03_a01,173,static-173,1792.0390420185868,11.552843173111489,11.522791028255597,11.822021295665763,11.98468750983011,12.162583996541798,15.00533299986273,128
B,3,static_contention_baseline_B_event_llm-only_r03_a01,174,static-174,1793.6590829922352,11.552870732376455,11.51858302182518,11.876171300536951,12.324578411644323,12.412582989782095,15.229416982037947,128
B,3,static_contention_baseline_B_event_llm-only_r03_a01,175,static-175,1792.7750830131117,11.552385503919355,11.523708992172033,11.734896496636793,12.26152659044601,12.48325000051409,15.045415988424793,128
B,3,static_contention_baseline_B_event_llm-only_r03_a01,176,static-176,1792.7370840043295,11.53365551176899,11.503458023071289,11.667491198750213,12.235778426984325,12.361834000330418,15.038959012599662,128
B,3,static_contention_baseline_B_event_llm-only_r03_a01,177,static-177,1792.5089999916963,11.53042880308587,11.50304198381491,11.670295597286895,12.188490924309006,12.359166983515024,15.047666995087638,128
B,3,static_contention_baseline_B_event_llm-only_r03_a01,178,static-178,1791.1207500146702,11.543233267730102,11.50566598516889,11.842491899733432,12.154931427212432,12.27933299378492,15.031082992209122,128
B,3,static_contention_baseline_B_event_llm-only_r03_a01,179,static-179,1791.6045830061194,11.535919291346781,11.50883300579153,11.682675001793541,12.247954977792688,12.299540976528078,14.991082978667691,128
B,3,static_contention_baseline_B_event_llm-only_r03_a01,180,static-180,1792.866417003097,11.548335299145167,11.520667001605034,11.783620508504098,12.222397334408013,12.392957985866815,15.017583005828783,128
B,3,static_contention_baseline_B_event_llm-only_r03_a01,181,static-181,1792.7428749972023,11.542958661402377,11.502542009111494,11.87538739759475,12.329941075877286,12.460874975658953,15.117957984330133,128
B,3,static_contention_baseline_B_event_llm-only_r03_a01,182,static-182,1790.461750002578,11.807602692732779,11.609291977947578,13.09489558043424,13.624984835623762,14.716666977619752,15.049583016661927,128
B,3,static_contention_baseline_B_event_llm-only_r03_a01,183,static-183,1803.9383750001434,11.540566598327361,11.505625006975606,11.64060429437086,12.294184665661305,12.635624996619299,15.044750005472451,128
B,3,static_contention_baseline_B_event_llm-only_r03_a01,184,static-184,1791.5690829977393,11.556964567000794,11.519959021825343,11.774683286785148,12.316550504765472,12.390707997838035,15.003375010564923,128
B,3,static_contention_baseline_B_event_llm-only_r03_a01,185,static-185,1793.4362920059357,11.448096125762484,11.463292001280934,11.680816113948822,12.210843596258199,12.395541998557746,14.913458027876914,128
B,3,static_contention_baseline_B_event_llm-only_r03_a01,186,static-186,1794.6050000027753,11.528929464489691,11.512541997944936,11.65041241038125,11.939802018459886,12.52099999692291,15.755417000036687,128
B,3,static_contention_baseline_B_event_llm-only_r03_a01,187,static-187,1792.2625840001274,11.545252291427001,11.521333013661206,11.716191697632894,12.095529080834238,12.310749996686354,15.104374993825331,128
B,3,static_contention_baseline_B_event_llm-only_r03_a01,188,static-188,1791.574708011467,11.540258527407056,11.49837500997819,11.846949817845598,12.339387915562838,12.534791982034221,15.098583011422306,128
B,3,static_contention_baseline_B_event_llm-only_r03_a01,189,static-189,1792.7967499999795,11.541638448861919,11.517750011989847,11.716267105657607,11.923190343659371,12.315500003751367,15.137792011955753,128
B,3,static_contention_baseline_B_event_llm-only_r03_a01,190,static-190,1794.433500006562,11.53966568513062,11.496791004901752,11.70616690069437,12.322246074327268,12.448708002921194,15.362457983428612,128
B,3,static_contention_baseline_B_event_llm-only_r03_a01,191,static-191,1792.9532499983907,11.565745732330857,11.52191698201932,11.903154599713162,12.23357435199432,12.388957984512672,15.144000004511327,128
B,3,static_contention_baseline_B_event_llm-only_r03_a01,192,static-192,1793.6059999919962,11.545681433136187,11.525292007718235,11.720558101660572,12.204855505260639,12.354000005871058,15.061000012792647,128
B,3,static_contention_baseline_B_event_llm-only_r03_a01,193,static-193,1793.4877919906285,11.546324141732395,11.515417019836605,11.832195703755133,12.214060153346509,12.330291996477172,15.186624979833141,128
B,3,static_contention_baseline_B_event_llm-only_r03_a01,194,static-194,1791.6747920098715,11.540596779457873,11.512291996041313,11.769008816918358,12.006169343949296,12.325332994805649,15.019874990684912,128
B,3,static_contention_baseline_B_event_llm-only_r03_a01,195,static-195,1794.3826660048217,11.518736881860276,11.491416982607916,11.662258804426529,12.192027500714175,12.33916700584814,15.389000007417053,128
B,3,static_contention_baseline_B_event_llm-only_r03_a01,196,static-196,1793.3507499983534,11.532163385651991,11.509624979225919,11.75274170236662,11.941802487126552,12.224999984027818,15.53437500842847,128
B,3,static_contention_baseline_B_event_llm-only_r03_a01,197,static-197,1793.4244579810183,11.55586679526568,11.509708012454212,11.72335010196548,12.463232823647557,12.661250017117709,14.989166986197233,128
B,3,static_contention_baseline_B_event_llm-only_r03_a01,198,static-198,1793.7990830105264,11.521571850235478,11.497291008708999,11.70559139281977,12.013149362173863,12.078375002602115,15.055416006362066,128
B,3,static_contention_baseline_B_event_llm-only_r03_a01,199,static-199,1794.1187499964144,11.556284771645515,11.527040973305702,11.708620504941791,12.227439062553458,12.455457996111363,15.068042004713789,128
B,3,static_contention_baseline_B_event_llm-only_r03_a01,200,static-200,1792.7124580019154,11.54303281108746,11.513708013808355,11.785741985659115,12.201439486816524,12.378667015582323,14.939124986995012,128
B,3,static_contention_baseline_B_event_llm-only_r03_a01,201,static-201,1818.193874991266,11.646174543397867,11.540540988789871,12.277816905407235,13.256330353324302,13.8520410109777,15.493915998376906,128
B,3,static_contention_baseline_B_event_llm-only_r03_a01,202,static-202,1792.321750021074,11.550583661255228,11.525749985594302,11.720416898606345,12.267472669482231,12.289375008549541,15.028583002276719,128
B,3,static_contention_baseline_B_event_llm-only_r03_a01,203,static-203,1792.7210000052582,11.566993110358538,11.514540994539857,11.969024903373791,12.332457010052167,12.548208003863692,15.018334001069888,128
B,3,static_contention_baseline_B_event_llm-only_r03_a01,204,static-204,1794.4924169860315,11.536531826833219,11.504249996505678,11.803145703743212,12.16065107495524,12.392125005135313,15.645499981474131,128
B,3,static_contention_baseline_B_event_llm-only_r03_a01,205,static-205,1793.6207500169985,11.551618763735137,11.512416996993124,11.853604583302511,12.305505913682282,12.524624995421618,15.187458018772304,128
B,3,static_contention_baseline_B_event_llm-only_r03_a01,206,static-206,1793.2595839956775,11.543423882007277,11.511500022606924,11.761375013156792,12.020010005799122,12.372540979413316,15.149124985327944,128
B,3,static_contention_baseline_B_event_llm-only_r03_a01,207,static-207,1793.3536249911413,11.535922567017273,11.50158399832435,11.8920831970172,12.255261917598546,12.337499996647239,14.97600000584498,128
B,3,static_contention_baseline_B_event_llm-only_r03_a01,208,static-208,1793.2355409720913,11.558917000216953,11.513292003655806,11.817408312344922,12.399236424826086,12.526000005891547,15.312207979150116,128
B,3,static_contention_baseline_B_event_llm-only_r03_a01,209,static-209,1793.2882500172127,11.535816598366432,11.50266599142924,11.736108094919471,12.2746344859479,12.329582998063415,16.273042012471706,128
B,3,static_contention_baseline_B_event_llm-only_r03_a01,210,static-210,1794.593917002203,11.548924865980274,11.51279199984856,11.772978794761002,12.317884981166571,12.351791985565796,15.13750001322478,128
B,3,static_contention_baseline_B_event_llm-only_r03_a01,211,static-211,1794.213542016223,11.551083984287954,11.520583997480571,11.719833602546714,12.346517186961135,12.528291990747675,15.852209005970508,128
B,3,static_contention_baseline_B_event_llm-only_r03_a01,212,static-212,1792.756750015542,11.555505905476377,11.516625003423542,11.94513329246547,12.051606067107059,12.251707987161353,15.130707994103432,128
B,3,static_contention_baseline_B_event_llm-only_r03_a01,213,static-213,1794.5084160019178,11.5568129921893,11.521042004460469,11.909329183981754,12.291537985438481,12.296500004595146,15.054540999699384,128
B,3,static_contention_baseline_B_event_llm-only_r03_a01,214,static-214,1793.6941660009325,11.533299543277002,11.49908298975788,11.726628793985583,12.387499673641285,12.475625000661239,15.02854100544937,128
B,3,static_contention_baseline_B_event_llm-only_r03_a01,215,static-215,1791.8924579862505,11.559767716639405,11.518582992721349,11.836900105117818,12.351626004674472,12.467666994780302,15.03470799070783,128
B,3,static_contention_baseline_B_event_llm-only_r03_a01,216,static-216,1792.4200420093257,11.527999999976945,11.499165993882343,11.736721103079617,12.209468922810627,12.47274997876957,15.054250019602478,128
B,3,static_contention_baseline_B_event_llm-only_r03_a01,217,static-217,1795.403833995806,11.529315945025035,11.510582990013063,11.685137616586871,11.938311226549558,12.169166991952807,15.156749985180795,128
B,3,static_contention_baseline_B_event_llm-only_r03_a01,218,static-218,1792.8082500002347,11.542475062988947,11.504124995553866,11.932075201184489,12.3628271947382,12.474540999392048,14.95025001349859,128
B,3,static_contention_baseline_B_event_llm-only_r03_a01,219,static-219,1796.6936249868013,11.94714600019575,11.670916981529444,13.717004394857213,14.391510921414008,14.656124985776842,15.555749996565282,128
B,3,static_contention_baseline_B_event_llm-only_r03_a01,220,static-220,1796.659500017995,11.56167092909083,11.524500005180016,11.756062504719011,12.37681859813165,12.475083000026643,15.66945802187547,128
B,3,static_contention_baseline_B_event_llm-only_r03_a01,221,static-221,1795.078499999363,11.547073165246278,11.515291000250727,11.823170699062755,12.301314852666108,12.475499999709427,14.996250014519319,128
B,3,static_contention_baseline_B_event_llm-only_r03_a01,222,static-222,1793.9648750179913,11.546287732153,11.513625009683892,11.84986239823047,12.279882671427913,12.490458990214393,15.024374995846301,128
B,3,static_contention_baseline_B_event_llm-only_r03_a01,223,static-223,1793.5517499863636,11.540835952903254,11.505792004754767,11.781720592989585,12.221219670609571,12.310959020396695,15.042958984849975,128
B,3,static_contention_baseline_B_event_llm-only_r03_a01,224,static-224,1794.757750001736,11.534154527650148,11.496208026073873,11.69672058604192,12.366467987885697,12.489374988945201,15.073291986482218,128
B,3,static_contention_baseline_B_event_llm-only_r03_a01,225,static-225,1793.809708993649,11.538362858347654,11.507666000397876,11.724196412251331,12.21791148360353,12.31037499383092,15.005041990661994,128
B,3,static_contention_baseline_B_event_llm-only_r03_a01,226,static-226,1791.7470840038732,11.564825456836958,11.534999997820705,11.729112509055994,12.231415160349568,12.347292009508237,15.084416983881965,128
B,3,static_contention_baseline_B_event_llm-only_r03_a01,227,static-227,1793.9857919991482,11.533806102321021,11.501208995468915,11.775824803044086,12.173238569521345,12.48158302041702,15.400791977299377,128
B,3,static_contention_baseline_B_event_llm-only_r03_a01,228,static-228,1794.1512919787783,11.568062992145007,11.521874985191971,11.878337393864058,12.456830152077599,12.624541006516665,15.083541977219284,128
B,3,static_contention_baseline_B_event_llm-only_r03_a01,229,static-229,1793.588542001089,11.536594157384005,11.502916982863098,11.707467082305811,12.27942765050102,12.367165996693075,14.987625007051975,128
B,3,static_contention_baseline_B_event_llm-only_r03_a01,230,static-230,1792.6526670053136,11.55668929930571,11.51279199984856,11.984646413475275,12.288656723103486,12.299499998334795,15.208917000563815,128
B,3,static_contention_baseline_B_event_llm-only_r03_a01,231,static-231,1794.7347089939285,11.552975716538668,11.519166990183294,11.83185449335724,12.207309084478766,12.506541999755427,15.029375004814938,128
B,3,static_contention_baseline_B_event_llm-only_r03_a01,232,static-232,1793.5989589896053,11.53852165365907,11.513083009049296,11.70912058732938,12.02992782811634,12.543541990453377,15.029583999421448,128
B,3,static_contention_baseline_B_event_llm-only_r03_a01,233,static-233,1793.6881670029834,11.542000653365202,11.503416986670345,11.962658213451501,12.255248748697339,12.446000007912517,15.056125004775822,128
B,3,static_contention_baseline_B_event_llm-only_r03_a01,234,static-234,1793.5043750039767,11.546591866035454,11.503707995871082,11.750187611323781,12.416927154990844,12.503375008236617,14.997207996202633,128
B,3,static_contention_baseline_B_event_llm-only_r03_a01,235,static-235,1793.3020839991514,11.541631559045678,11.5075419889763,11.845112501760013,12.422864335239865,12.497792020440102,15.35658398643136,128
B,3,static_contention_baseline_B_event_llm-only_r03_a01,236,static-236,1794.5396669965703,11.556599409489959,11.526165995746851,11.743466212647036,12.320346729829906,12.52329201088287,14.980999985709786,128
B,3,static_contention_baseline_B_event_llm-only_r03_a01,237,static-237,1794.1397500107996,11.693825787364132,11.519791994942352,12.38359630515333,13.489541420713067,15.042916988022625,14.964250003686175,128
B,3,static_contention_baseline_B_event_llm-only_r03_a01,238,static-238,1810.8164170116652,11.551368763664826,11.513625009683892,11.858542001573367,12.406394668505527,12.45691700023599,15.048291999846697,128
B,3,static_contention_baseline_B_event_llm-only_r03_a01,239,static-239,1795.703791984124,11.545074472522847,11.508166993735358,11.714833101723343,12.26698000333272,12.292332976358011,15.03116698586382,128
B,3,static_contention_baseline_B_event_llm-only_r03_a01,240,static-240,1793.1803329847753,11.343321850519686,11.252583004534245,11.585495408507995,11.940929481061175,11.980375013081357,14.950874989153817,128
B,3,static_contention_baseline_B_event_llm-only_r03_a01,241,static-241,1793.8112079864368,11.556152889814859,11.516250000568107,11.976182897342367,12.353838094277307,12.535124988062307,15.12029199511744,128
B,3,static_contention_baseline_B_event_llm-only_r03_a01,242,static-242,1794.221167016076,11.552147968538383,11.513832985656336,11.855862691299988,12.241097002988681,12.297125009354204,15.045708016259596,128
B,3,static_contention_baseline_B_event_llm-only_r03_a01,243,static-243,1795.142000017222,11.541658141613594,11.516583006596193,11.685875192051753,12.309402993414551,12.405832996591926,15.173249994404614,128
B,3,static_contention_baseline_B_event_llm-only_r03_a01,244,static-244,1793.6832499981392,11.54042388964261,11.505333008244634,11.683342003379948,12.140161409624852,12.460750003810972,15.178166009718552,128
B,3,static_contention_baseline_B_event_llm-only_r03_a01,245,static-245,1794.7095410199836,11.542232283418558,11.508208001032472,11.855233789538032,12.220217673457228,12.289542006328702,15.183958021225408,128
B,3,static_contention_baseline_B_event_llm-only_r03_a01,246,static-246,1794.320749992039,11.54835728330787,11.511707998579368,11.854350185603833,12.38975158368703,12.421499995980412,15.363290993263945,128
B,3,static_contention_baseline_B_event_llm-only_r03_a01,247,static-247,1794.4132500269916,11.547899606094996,11.52645901311189,11.67644988745451,12.32687316951342,12.35858298605308,15.0825840246398,128
B,3,static_contention_baseline_B_event_llm-only_r03_a01,248,static-248,1792.847000004258,11.562527228407122,11.519833991769701,11.839828803203998,12.385906098061241,12.481915997341275,15.088832995388657,128
B,3,static_contention_baseline_B_event_llm-only_r03_a01,249,static-249,1796.10545799369,11.542556433173953,11.51054198271595,11.69696609431412,12.376606849138625,12.40025000879541,15.132667002035305,128
B,3,static_contention_baseline_B_event_llm-only_r03_a01,250,static-250,1793.6137089855038,11.521545275688304,11.504167021485046,11.675791899324395,12.012061069835909,12.037167005473748,15.217874984955415,128
B,3,static_contention_baseline_B_event_llm-only_r03_a01,251,static-251,1795.0574999849778,11.531473094584626,11.506124981679022,11.664416888379492,12.19175015692599,12.33520801179111,15.053416980663314,128
B,3,static_contention_baseline_B_event_llm-only_r03_a01,252,static-252,1794.2645420262124,11.5366653542907,11.50529200094752,11.751250104862265,12.254066566820256,12.366375012788922,15.069042012328282,128
B,3,static_contention_baseline_B_event_llm-only_r03_a01,253,static-253,1793.5857919801492,11.54701870097962,11.523291002959013,11.78964571445249,12.083263582317159,12.128041998948902,15.289582981495187,128
B,3,static_contention_baseline_B_event_llm-only_r03_a01,254,static-254,1794.8054169828538,11.529884511956901,11.50654099183157,11.647033007466234,12.124893926666118,12.34758400823921,15.732917003333569,128
B,3,static_contention_baseline_B_event_llm-only_r03_a01,255,static-255,1795.2318750030827,11.53135826782778,11.508625000715256,11.723304391489364,12.219214824144727,12.325167015660554,15.151792002143338,128
B,3,static_contention_baseline_B_event_llm-only_r03_a01,256,static-256,1824.2697500099894,11.823998362203605,11.631708010099828,13.196008178056218,14.10324093303643,14.27354197949171,15.0588329997845,128
B,3,static_contention_baseline_B_event_llm-only_r03_a01,257,static-257,1793.5208750132006,11.552772637801318,11.512166005559266,11.731212408631109,12.412173160118982,12.518333009211347,15.099166019354016,128
B,3,static_contention_baseline_B_event_llm-only_r03_a01,258,static-258,1793.0509169818833,11.52906758278997,11.50454202434048,11.640116310445592,12.243682484258898,12.449125002603978,15.17304198932834,128
B,3,static_contention_baseline_B_event_llm-only_r03_a01,259,static-259,1794.2152089963201,11.56576476371517,11.533499986398965,11.699678699369542,12.330264342017472,12.485707993619144,14.945083996281028,128
B,3,static_contention_baseline_B_event_llm-only_r03_a01,260,static-260,1795.4051250126213,11.546958007805753,11.51124999159947,11.874182894825934,12.249706837465055,12.569542013807222,14.972750010201707,128
B,3,static_contention_baseline_B_event_llm-only_r03_a01,261,static-261,1793.2942080078647,11.541989826740272,11.516166006913409,11.792128597153349,12.142261072294787,12.413041986292228,15.303791995393112,128
B,3,static_contention_baseline_B_event_llm-only_r03_a01,262,static-262,1794.864958996186,11.528349078881854,11.488332995213568,11.804203607607631,12.434227078338154,12.467832973925397,15.53074998082593,128
B,3,static_contention_baseline_B_event_llm-only_r03_a01,263,static-263,1794.7689590218943,11.545375322714067,11.508957977639511,11.759312692447564,12.250296854763292,12.407125002937391,14.990124996984378,128
B,3,static_contention_baseline_B_event_llm-only_r03_a01,264,static-264,1792.8650829999242,11.561365157373132,11.537457990925759,11.771382996812463,12.21840534126386,12.316000007558614,14.987917005782947,128
B,3,static_contention_baseline_B_event_llm-only_r03_a01,265,static-265,1794.2295419925358,11.527678803229103,11.49966599768959,11.754095589276403,12.029096597689204,12.13375001680106,15.002291998825967,128
B,3,static_contention_baseline_B_event_llm-only_r03_a01,266,static-266,1795.1693749928381,11.537813322800101,11.507124989293516,11.695629497990012,12.244332493282855,12.250667001353577,15.031957998871803,128
B,3,static_contention_baseline_B_event_llm-only_r03_a01,267,static-267,1792.17641701689,11.544765094450975,11.506667011417449,11.970220686635002,12.152402848587371,12.250083003891632,14.939375018002465,128
B,3,static_contention_baseline_B_event_llm-only_r03_a01,268,static-268,1794.4030000071507,11.550896984156529,11.496457998873666,11.929758798214605,12.417448076885194,12.432082992745563,15.686458005802706,128
B,3,static_contention_baseline_B_event_llm-only_r03_a01,269,static-269,1795.1613329933025,11.523240488105065,11.498832987854257,11.678149801446125,12.088593906373717,12.1127919992432,15.478832996450365,128
B,3,static_contention_baseline_B_event_llm-only_r03_a01,270,static-270,1793.3416249870788,11.546347441067406,11.518167011672631,11.76385451108217,12.35139424155932,12.493832997279242,14.97320897760801,128
B,3,static_contention_baseline_B_event_llm-only_r03_a01,271,static-271,1794.1987499943934,11.557418307175816,11.515291989780962,11.89207928837277,12.317482852376997,12.526125006843358,15.005415974883363,128
B,3,static_contention_baseline_B_event_llm-only_r03_a01,272,static-272,1795.0560419994872,11.585433401605554,11.534874996868894,11.955691993352957,12.344119069748556,12.533875007648021,15.080333017976955,128
B,3,static_contention_baseline_B_event_llm-only_r03_a01,273,static-273,1794.6409589785617,11.527590220564917,11.500749998958781,11.621053796261549,12.158596978988498,12.377500010188669,15.11562499217689,128
B,3,static_contention_baseline_B_event_llm-only_r03_a01,274,static-274,1793.8180839992128,11.895074141734302,11.678375012706965,13.21527879917994,13.811715334304607,14.381540997419506,15.00258399755694,128
B,3,static_contention_baseline_B_event_llm-only_r03_a01,275,static-275,1796.9001249875873,11.555185692988,11.512375000165775,11.770725101814605,12.40414715895895,12.427499983459711,15.12629198259674,128
B,3,static_contention_baseline_B_event_llm-only_r03_a01,276,static-276,1794.811458006734,11.53696030694588,11.501125001814216,11.736612292588688,12.285759825026616,12.519334006356075,15.119083022000268,128
B,3,static_contention_baseline_B_event_llm-only_r03_a01,277,static-277,1795.9374159981962,11.546478023538073,11.526707996381447,11.7913078982383,11.987297020386904,12.290666985791177,15.124375000596046,128
B,3,static_contention_baseline_B_event_llm-only_r03_a01,278,static-278,1793.8881250156555,11.547506889777521,11.509332980494946,11.74440438626334,12.390481077600269,12.466915999539196,14.976083009969443,128
B,3,static_contention_baseline_B_event_llm-only_r03_a01,279,static-279,1793.9139579830226,11.532002952734492,11.49612499284558,11.763775107101537,12.342804505024105,12.487250001868233,15.00683298218064,128
B,3,static_contention_baseline_B_event_llm-only_r03_a01,280,static-280,1797.5511669937987,11.550181102572287,11.51949999621138,11.725362302968279,12.406825641519388,12.508749990956858,15.030874987132847,128
B,3,static_contention_baseline_B_event_llm-only_r03_a01,281,static-281,1795.008625020273,11.524278874047042,11.502624984132126,11.743562604533507,12.182170497835614,12.243332981597632,15.639624994946644,128
B,3,static_contention_baseline_B_event_llm-only_r03_a01,282,static-282,1795.4086670069955,11.545625322784378,11.499499989440665,11.69831629958935,12.325581252225675,12.588541983859614,15.127874998142943,128
B,3,static_contention_baseline_B_event_llm-only_r03_a01,283,static-283,1794.9074170028325,11.578884511758888,11.520499974722043,11.920116312103346,12.423042504815385,12.781792000168934,15.019666985608637,128
B,3,static_contention_baseline_B_event_llm-only_r03_a01,284,static-284,1793.2474999979604,11.540227684909185,11.523167020641267,11.74446259101387,11.974124578409828,12.477541982661933,15.00929199391976,128
B,3,static_contention_baseline_B_event_llm-only_r03_a01,285,static-285,1794.9872919998597,11.550806432973417,11.51033301721327,11.867583004641343,12.36034042900428,12.478124990593642,14.996167010394856,128
B,3,static_contention_baseline_B_event_llm-only_r03_a01,286,static-286,1795.5438749922905,11.550092188995258,11.517208011355251,11.794224995537661,12.311267165932804,12.50137499300763,15.07208397379145,128
B,3,static_contention_baseline_B_event_llm-only_r03_a01,287,static-287,1794.9395829928108,11.583087598496139,11.540666979271919,12.029304497991687,12.436023920890875,12.501666002208367,15.013249998446554,128
B,3,static_contention_baseline_B_event_llm-only_r03_a01,288,static-288,1795.9792500187177,11.546346125895099,11.517875012941658,11.773987591732292,12.13363716553431,12.558875023387372,15.67412499571219,128
B,3,static_contention_baseline_B_event_llm-only_r03_a01,289,static-289,1794.6091660123784,11.548077755911994,11.514417012222111,11.84274100814946,12.22361265157815,12.334958009887487,14.986916008638218,128
B,3,static_contention_baseline_B_event_llm-only_r03_a01,290,static-290,1793.0392920097802,11.546400913283023,11.511290998896584,11.865833794581702,12.182944511878302,12.369958974886686,15.150791994528845,128
B,3,static_contention_baseline_B_event_llm-only_r03_a01,291,static-291,1794.8803329782095,11.53611844106702,11.511499993503094,11.717312497785315,11.991471574292518,12.49070800258778,15.063165978062898,128
B,3,static_contention_baseline_B_event_llm-only_r03_a01,292,static-292,1794.7997080045752,11.597109582471317,11.520333006046712,12.313358703977427,12.746577514335513,13.196166983107105,15.012667019618675,128
B,3,static_contention_baseline_B_event_llm-only_r03_a01,293,static-293,1823.0328749923501,11.552415354366186,11.51783301611431,11.902999898302369,12.320473565487191,12.436582997906953,15.186000004177913,128
B,3,static_contention_baseline_B_event_llm-only_r03_a01,294,static-294,1795.9349580050912,11.540761480326067,11.518083018017933,11.688145491643809,11.893366733565927,12.561291980091482,15.056708012707531,128
B,3,static_contention_baseline_B_event_llm-only_r03_a01,295,static-295,1794.5291249779984,11.355100071019178,11.276042001554742,11.609308695187792,11.955618402571417,12.184292019810528,15.050290996441618,128
B,3,static_contention_baseline_B_event_llm-only_r03_a01,296,static-296,1794.5710420026444,11.542456362288313,11.520333006046712,11.74585001426749,12.087364498293027,12.206665996927768,15.674458991270512,128
B,3,static_contention_baseline_B_event_llm-only_r03_a01,297,static-297,1796.9283330021426,11.551027559064783,11.507374991197139,11.871621196041815,12.434641238651238,12.553042004583403,14.992583019193262,128
B,3,static_contention_baseline_B_event_llm-only_r03_a01,298,static-298,1795.5300410103519,11.539465228258816,11.513459001434967,11.776971202925779,12.140557926613836,12.454792013159022,15.706958016380668,128
B,3,static_contention_baseline_B_event_llm-only_r03_a01,299,static-299,1795.9773750044405,11.529528874148593,11.512166995089501,11.653183013550006,11.99826565978583,12.460499972803518,15.788332995725796,128
B,4,static_contention_baseline_B_event_llm-only_r04_a01,0,static-000,1725.4449170141015,11.522168960691774,11.478708998765796,11.653016216587275,12.32736216741614,12.384833011310548,15.042459010146558,128
B,4,static_contention_baseline_B_event_llm-only_r04_a01,1,static-001,1741.7342910193838,11.537574149583884,11.488791002193466,12.042937491787596,12.39007716125343,12.42887499392964,15.150749997701496,128
B,4,static_contention_baseline_B_event_llm-only_r04_a01,2,static-002,1760.254666005494,11.776912078815036,11.553832999197766,12.924683108576573,14.431162496330213,14.817917020991445,15.053041017381474,128
B,4,static_contention_baseline_B_event_llm-only_r04_a01,3,static-003,1782.335083000362,11.528005582641619,11.495792015921324,11.804383795242757,12.14756158122327,12.406666995957494,15.009916009148583,128
B,4,static_contention_baseline_B_event_llm-only_r04_a01,4,static-004,1780.0974580168258,11.533128613959924,11.508875002618879,11.695516394684091,12.104438582318835,12.513540976215154,15.044291008962318,128
B,4,static_contention_baseline_B_event_llm-only_r04_a01,5,static-005,1786.5973339939956,11.539937992026575,11.497208004584536,11.749687412520869,12.23785293288529,12.357500003417954,15.161499992245808,128
B,4,static_contention_baseline_B_event_llm-only_r04_a01,6,static-006,1787.7670830057468,11.557394031372919,11.531374999321997,11.661941889906302,12.439606580883265,12.533250002888963,15.014833013992757,128
B,4,static_contention_baseline_B_event_llm-only_r04_a01,7,static-007,1790.7369589956943,11.5337185039163,11.512958008097485,11.665774902212434,11.91933315130882,12.425583001459017,14.96629201574251,128
B,4,static_contention_baseline_B_event_llm-only_r04_a01,8,static-008,1793.3063750097062,11.527381228250048,11.503957997774705,11.649375213892199,12.210388915264048,12.322708003921434,14.997749996837229,128
B,4,static_contention_baseline_B_event_llm-only_r04_a01,9,static-009,1795.4059579933528,11.579363188875003,11.540875013452023,11.73282049712725,12.508801982621662,12.528166000265628,14.9916659865994,128
B,4,static_contention_baseline_B_event_llm-only_r04_a01,10,static-010,1797.547875001328,11.561861551159582,11.521499982336536,11.863062516204081,12.251299499766901,12.39295900450088,15.065957995830104,128
B,4,static_contention_baseline_B_event_llm-only_r04_a01,11,static-011,1797.977375012124,11.5829688266807,11.549249989911914,11.928946507396176,12.48293717217166,12.546583020593971,15.254292025929317,128
B,4,static_contention_baseline_B_event_llm-only_r04_a01,12,static-012,1798.1570420088246,11.576882543364965,11.54729098198004,11.68362959579099,12.322815505322069,12.59354199282825,15.042082988657057,128
B,4,static_contention_baseline_B_event_llm-only_r04_a01,13,static-013,1798.6799580103252,11.600259188920127,11.567875015316531,11.862000104156321,12.440669341012834,12.55729200784117,15.003750013420358,128
B,4,static_contention_baseline_B_event_llm-only_r04_a01,14,static-014,1800.606249977136,11.618053480317288,11.56245800666511,12.30608760670293,12.543761248816736,12.593249994097278,15.205540985334665,128
B,4,static_contention_baseline_B_event_llm-only_r04_a01,15,static-015,1796.6852500103414,11.601236220320878,11.563875013962388,11.813904388691299,12.569862488890067,12.621125002624467,15.009042021119967,128
B,4,static_contention_baseline_B_event_llm-only_r04_a01,16,static-016,1800.4080000100657,11.599168307001255,11.56024998635985,11.96230459609069,12.375439999159425,12.423708016285673,14.96633401256986,128
B,4,static_contention_baseline_B_event_llm-only_r04_a01,17,static-017,1804.2724580154754,11.628649937031115,11.584291991312057,12.211828702129424,12.428204661700875,12.545750010758638,15.846416994463652,128
B,4,static_contention_baseline_B_event_llm-only_r04_a01,18,static-018,1800.553042005049,11.799806756000438,11.57483400311321,13.664774806238698,15.079737992491571,15.980041993316263,15.31283400254324,128
B,4,static_contention_baseline_B_event_llm-only_r04_a01,19,static-019,1801.8962499918416,11.618996063095159,11.577166005736217,12.091954401694238,12.507565001142211,12.639374996069819,15.121292002731934,128
B,4,static_contention_baseline_B_event_llm-only_r04_a01,20,static-020,1800.3570000000764,11.624971787375582,11.580874997889623,12.139983297674915,12.44048407417722,12.479875003919005,15.034333016956225,128
B,4,static_contention_baseline_B_event_llm-only_r04_a01,21,static-021,1830.2837920200545,11.723941598338714,11.62754200049676,12.404349911957977,12.624031090526842,12.859542010119185,15.228083007968962,128
B,4,static_contention_baseline_B_event_llm-only_r04_a01,22,static-022,1804.475499986438,11.633049212689475,11.591749993385747,12.07835451059509,12.489458090858534,12.520582997240126,15.049666981212795,128
B,4,static_contention_baseline_B_event_llm-only_r04_a01,23,static-023,1801.3667919731233,14.07331463011847,14.281457988545299,15.037753692013212,16.114983147708696,16.579666000325233,15.073999995365739,128
B,4,static_contention_baseline_B_event_llm-only_r04_a01,24,static-024,1804.3155829946045,11.612080385693988,11.578625009860843,11.793571183807217,12.423824238940142,12.488250009482726,15.123582998057827,128
B,4,static_contention_baseline_B_event_llm-only_r04_a01,25,static-025,1802.0095830142964,11.62369062209238,11.571874987566844,12.214866891736161,12.53193699172698,12.563750002300367,14.970250020269305,128
B,4,static_contention_baseline_B_event_llm-only_r04_a01,26,static-026,1803.3209580171388,11.644231629884237,11.596750002354383,12.064158715656959,12.406052079168148,12.464833009289578,14.983166009187698,128
B,4,static_contention_baseline_B_event_llm-only_r04_a01,27,static-027,1801.4574169937987,11.632922244135393,11.57983299344778,12.023179308744147,12.55190841970034,12.600416986970231,15.000957995653152,128
B,4,static_contention_baseline_B_event_llm-only_r04_a01,28,static-028,1803.7962910020724,11.61125000001584,11.583915998926386,11.778771402896382,12.204973491025157,12.27966698934324,15.078333002747968,128
B,4,static_contention_baseline_B_event_llm-only_r04_a01,29,static-029,1801.338167017093,11.633164039217156,11.593667004490271,11.995095590827987,12.48093300499022,12.501749995863065,15.135334018850699,128
B,4,static_contention_baseline_B_event_llm-only_r04_a01,30,static-030,1805.0806670216843,11.653710952794956,11.585041007492691,12.449483905220404,12.5600824970752,12.649292009882629,15.066459018271416,128
B,4,static_contention_baseline_B_event_llm-only_r04_a01,31,static-031,1800.7135840016417,11.628755574769112,11.590750014875084,11.779362615197897,12.46898033306934,12.474916991777718,15.111500018974766,128
B,4,static_contention_baseline_B_event_llm-only_r04_a01,32,static-032,1805.017915990902,11.634383535546096,11.596708005527034,12.090266204904763,12.40607216313947,12.567875004606321,15.06120798876509,128
B,4,static_contention_baseline_B_event_llm-only_r04_a01,33,static-033,1801.118083007168,11.646192913414822,11.598375014727935,12.112508100108242,12.533868267782964,12.575415981700644,14.991583011578768,128
B,4,static_contention_baseline_B_event_llm-only_r04_a01,34,static-034,1805.3520829998888,11.616536094367094,11.574500007554889,11.930375106749123,12.488892822875641,12.530292005976662,15.05358301801607,128
B,4,static_contention_baseline_B_event_llm-only_r04_a01,35,static-035,1800.2797910012305,11.64601706280043,11.590209003770724,12.377545383060351,12.52092249749694,12.650582997594029,14.994166005635634,128
B,4,static_contention_baseline_B_event_llm-only_r04_a01,36,static-036,1805.2265000005718,11.625331692905421,11.57366597908549,12.241662395535968,12.488774062367156,12.533875007648021,15.036334021715447,128
B,4,static_contention_baseline_B_event_llm-only_r04_a01,37,static-037,1800.3955419990234,11.602732606367832,11.565916007384658,11.72063330304809,12.520049424492754,12.53991699195467,14.987083995947614,128
B,4,static_contention_baseline_B_event_llm-only_r04_a01,38,static-038,1804.6264160075225,11.584788385785998,11.557332996744663,11.7418749112403,12.167669075424781,12.409165996359661,14.964375004637986,128
B,4,static_contention_baseline_B_event_llm-only_r04_a01,39,static-039,1814.7534999880008,11.831422244046456,11.656459013465792,13.356632995419202,13.80002326972317,13.821375003317371,15.149416984058917,128
B,4,static_contention_baseline_B_event_llm-only_r04_a01,40,static-040,1800.856957997894,11.609594488202953,11.563000007299706,11.951966813649051,12.513192661572248,12.58008400327526,15.136875008465722,128
B,4,static_contention_baseline_B_event_llm-only_r04_a01,41,static-041,1801.6858749906532,11.586858598537392,11.552458017831668,11.788491794141008,12.480794998118654,12.538124981801957,14.970916992751881,128
B,4,static_contention_baseline_B_event_llm-only_r04_a01,42,static-042,1802.819709002506,11.575978346476992,11.555832985322922,11.736341920914128,12.122992160147987,12.396375008393079,14.982167020207271,128
B,4,static_contention_baseline_B_event_llm-only_r04_a01,43,static-043,1800.0617499928921,11.594935370275502,11.566750006750226,11.78723330667708,12.438992507522924,12.638707994483411,15.386999992188066,128
B,4,static_contention_baseline_B_event_llm-only_r04_a01,44,static-044,1803.60837499029,11.59447145682217,11.554042022908106,11.932492005871607,12.447591832606122,12.497041025198996,15.07562497863546,128
B,4,static_contention_baseline_B_event_llm-only_r04_a01,45,static-045,1798.6978749977425,11.552402889676847,11.530791991390288,11.73585829383228,11.934170673484914,12.493624992202967,15.12987501337193,128
B,4,static_contention_baseline_B_event_llm-only_r04_a01,46,static-046,1802.3015409999061,11.545874015703122,11.526707996381447,11.68333319365047,11.94180124963168,11.972292006248608,14.981458021793514,128
B,4,static_contention_baseline_B_event_llm-only_r04_a01,47,static-047,1799.4862500054296,12.084226047218682,11.547208006959409,14.883737493073568,15.693050925619898,15.842708002310246,15.008082991698757,128
B,4,static_contention_baseline_B_event_llm-only_r04_a01,48,static-048,1800.0827910145745,11.559427496069661,11.521125008584931,11.809904512483625,12.35128566448111,12.528332998044789,15.008041023975238,128
B,4,static_contention_baseline_B_event_llm-only_r04_a01,49,static-049,1799.644792015897,11.56277099200781,11.540125007741153,11.675653595011681,12.232792830909602,12.544291006634012,15.001124993432313,128
B,4,static_contention_baseline_B_event_llm-only_r04_a01,50,static-050,1799.6392500062939,11.554876314916127,11.513000004924834,11.976708198199047,12.25676293252036,12.386167014483362,14.943082991521806,128
B,4,static_contention_baseline_B_event_llm-only_r04_a01,51,static-051,1797.4313329905272,11.561046590511577,11.526625021360815,11.926553599187173,12.333856518380344,12.425958004314452,14.992540993262082,128
B,4,static_contention_baseline_B_event_llm-only_r04_a01,52,static-052,1800.0411660177633,11.554119755801796,11.522250017151237,11.736058900714852,12.310716077918187,12.559374998090789,15.022166015114635,128
B,4,static_contention_baseline_B_event_llm-only_r04_a01,53,static-053,1797.371958004078,11.553177818808132,11.529790994245559,11.83210000162944,12.117425936739892,12.244165991432965,15.007917012553662,128
B,4,static_contention_baseline_B_event_llm-only_r04_a01,54,static-054,1799.1472090070602,11.564283787344369,11.540709005203098,11.691646295366809,12.541821254999377,12.590958998771384,15.829541982384399,128
B,4,static_contention_baseline_B_event_llm-only_r04_a01,55,static-055,1798.9022499823477,11.545396322846472,11.514499987242743,11.668833703151904,12.312312992871739,12.476208998123184,14.992958982475102,128
B,4,static_contention_baseline_B_event_llm-only_r04_a01,56,static-056,1796.5999999723863,11.54669259072604,11.523041990585625,11.69987149478402,12.20811449806206,12.265249999472871,15.054374991450459,128
B,4,static_contention_baseline_B_event_llm-only_r04_a01,57,static-057,1798.133208998479,11.931601377831054,11.682000011205673,13.404541392810643,13.770261566969566,13.941083016106859,15.030375012429431,128
B,4,static_contention_baseline_B_event_llm-only_r04_a01,58,static-058,1800.2235000021756,11.563278543332034,11.537082988070324,11.697066793567501,12.063975764322095,12.491166009567678,15.13208300457336,128
B,4,static_contention_baseline_B_event_llm-only_r04_a01,59,static-059,1799.3857919937,11.548572504071622,11.516208993270993,11.70184999355115,12.309813156025482,12.505582999438047,15.795541985426098,128
B,4,static_contention_baseline_B_event_llm-only_r04_a01,60,static-060,1796.6736250091344,11.547327755930224,11.525915993843228,11.613324892823584,12.156416265061125,12.329666991718113,15.077499992912635,128
B,4,static_contention_baseline_B_event_llm-only_r04_a01,61,static-061,1797.0853339938913,11.549744417241914,11.516166996443644,11.857471510302275,12.237381910090335,12.317499989876524,15.02145899576135,128
B,4,static_contention_baseline_B_event_llm-only_r04_a01,62,static-062,1796.4106659928802,11.75191240155094,11.534290999406949,12.972387397894634,15.173262499156408,15.924375009490177,14.909416000591591,128
B,4,static_contention_baseline_B_event_llm-only_r04_a01,63,static-063,1796.648624993395,11.546607283503183,11.528875009389594,11.679091898258775,11.991015000967309,12.4707089853473,15.393083012895659,128
B,4,static_contention_baseline_B_event_llm-only_r04_a01,64,static-064,1796.9724579888862,11.547722771679469,11.514915997395292,11.831366198020985,12.136043576174416,12.166583008365706,15.01204099622555,128
B,4,static_contention_baseline_B_event_llm-only_r04_a01,65,static-065,1794.5752500090748,11.54560334641325,11.514958023326471,11.6981831000885,12.200837663258426,12.542916985694319,15.023374988231808,128
B,4,static_contention_baseline_B_event_llm-only_r04_a01,66,static-066,1795.930791995488,11.563389433051027,11.522291984874755,11.880637507420033,12.224737156066112,12.309874990023673,15.428584010805935,128
B,4,static_contention_baseline_B_event_llm-only_r04_a01,67,static-067,1796.0786249896046,11.546867456622643,11.521792010171339,11.713707988383247,12.112087986897677,12.42079198709689,14.972000004490837,128
B,4,static_contention_baseline_B_event_llm-only_r04_a01,68,static-068,1795.2474170015194,11.567746716694481,11.523541994392872,11.909828893840313,12.434526417637242,12.574916006997228,15.085624996572733,128
B,4,static_contention_baseline_B_event_llm-only_r04_a01,69,static-069,1796.0325409949291,11.547201771635606,11.521125008584931,11.736512399511412,12.221719083026981,12.48770800884813,15.14345800387673,128
B,4,static_contention_baseline_B_event_llm-only_r04_a01,70,static-070,1795.7312499929685,11.546031818963499,11.524041998200119,11.716287612216545,12.148222002433611,12.513416993897408,15.032374998554587,128
B,4,static_contention_baseline_B_event_llm-only_r04_a01,71,static-071,1794.4365000003017,11.53860498434226,11.514917016029358,11.672225000802428,12.247821731143631,12.255874986294657,15.016124991234392,128
B,4,static_contention_baseline_B_event_llm-only_r04_a01,72,static-072,1795.7458749879152,11.559206362186718,11.519624997163191,11.946462394553237,12.401121418224648,12.451999995391816,14.983291999669746,128
B,4,static_contention_baseline_B_event_llm-only_r04_a01,73,static-073,1795.709333004197,11.544952433057658,11.513042001752183,11.7386294004973,12.109784075873904,12.306999997235835,15.117166010895744,128
B,4,static_contention_baseline_B_event_llm-only_r04_a01,74,static-074,1794.5304159948137,11.540920937004843,11.49741600966081,11.659153606160544,12.4060339119751,12.475625000661239,14.968582981964573,128
B,4,static_contention_baseline_B_event_llm-only_r04_a01,75,static-075,1796.430957998382,11.685530188966425,11.51654199929908,12.487858918029815,13.74276891176123,14.736791985342279,14.97133300290443,128
B,4,static_contention_baseline_B_event_llm-only_r04_a01,76,static-076,1814.7734590165783,11.549995732255368,11.502834007842466,11.88275460153818,12.36260607780423,12.381209002342075,15.063416998600587,128
B,4,static_contention_baseline_B_event_llm-only_r04_a01,77,static-077,1794.4120839820243,11.541229984393036,11.510790995089337,11.736312400898896,12.154251736938022,12.526334001449868,15.081249992363155,128
B,4,static_contention_baseline_B_event_llm-only_r04_a01,78,static-078,1794.4058330031112,11.543221787300224,11.518040992086753,11.738775207777506,12.072068923152983,12.298874993575737,15.030375012429431,128
B,4,static_contention_baseline_B_event_llm-only_r04_a01,79,static-079,1794.299624976702,11.536800196920485,11.503709014505148,11.715545385959558,12.277715770178474,12.351708021014929,14.93974999175407,128
B,4,static_contention_baseline_B_event_llm-only_r04_a01,80,static-080,1795.4340410069562,11.550478346409335,11.513792007463053,11.809650011127815,12.312063502031378,12.359041022136807,15.686166007071733,128
B,4,static_contention_baseline_B_event_llm-only_r04_a01,81,static-081,1794.066958973417,11.540424212763877,11.516083002788946,11.692562405369245,12.22612250188831,12.354167003650218,15.20029199309647,128
B,4,static_contention_baseline_B_event_llm-only_r04_a01,82,static-082,1794.8827499931213,11.538625330669717,11.511582997627556,11.864675206015816,12.165286421077326,12.1782080095727,15.080208017025143,128
B,4,static_contention_baseline_B_event_llm-only_r04_a01,83,static-083,1793.999707995681,11.557647637797402,11.522374988999218,11.887275098706596,12.30059093388263,12.640625005587935,15.156832989305258,128
B,4,static_contention_baseline_B_event_llm-only_r04_a01,84,static-084,1793.3309170184657,11.553840551068859,11.53066600090824,11.756437490112148,12.272696408326738,12.359083018964157,15.000000013969839,128
B,4,static_contention_baseline_B_event_llm-only_r04_a01,85,static-085,1793.322209006874,11.54336974796597,11.51033298810944,11.8309583136579,12.410086831660008,12.50154199078679,14.946792012779042,128
B,4,static_contention_baseline_B_event_llm-only_r04_a01,86,static-086,1795.0177500024438,11.52349934628138,11.486542003694922,11.757887597195802,12.276912494562565,12.496374984038994,14.97212500544265,128
B,4,static_contention_baseline_B_event_llm-only_r04_a01,87,static-087,1794.8342909803614,11.581348102424279,11.529707990121096,12.067883179406635,12.481718148919754,12.547042017104104,14.998915983596817,128
B,4,static_contention_baseline_B_event_llm-only_r04_a01,88,static-088,1793.1573750101961,11.53805971651624,11.506750015541911,11.686470391578041,12.42178674787283,12.47895898995921,15.349207998951897,128
B,4,static_contention_baseline_B_event_llm-only_r04_a01,89,static-089,1793.4929999755695,11.524375984362715,11.48791698506102,11.672541903681122,12.247112511540763,12.355874991044402,15.016249992186204,128
B,4,static_contention_baseline_B_event_llm-only_r04_a01,90,static-090,1794.5437089947518,11.539958984138238,11.514875019202009,11.63892489275895,12.261004230240358,12.325375020736828,15.02516699838452,128
B,4,static_contention_baseline_B_event_llm-only_r04_a01,91,static-091,1794.3627079948783,11.54036909446311,11.502749985083938,11.767954583046958,12.391614076914266,12.489084008848295,15.022125007817522,128
B,4,static_contention_baseline_B_event_llm-only_r04_a01,92,static-092,1792.4474169849418,11.536643039444314,11.500082997372374,11.736070699407719,12.391582338023,12.53525001811795,15.072041976964101,128
B,4,static_contention_baseline_B_event_llm-only_r04_a01,93,static-093,1794.5612909970805,11.53546292907705,11.510458018165082,11.693779387860559,12.284850010182707,12.603959010448307,15.07229101844132,128
B,4,static_contention_baseline_B_event_llm-only_r04_a01,94,static-094,1816.2927080120426,11.770448495962063,11.600709025515243,12.833008691086434,13.85857306944672,13.880000013159588,15.137665992369875,128
B,4,static_contention_baseline_B_event_llm-only_r04_a01,95,static-095,1793.8056249986403,11.538395015788668,11.518499988596886,11.697312598698772,12.06103948643431,12.345208000624552,15.240250009810552,128
B,4,static_contention_baseline_B_event_llm-only_r04_a01,96,static-096,1792.4268749775365,11.544084322856973,11.520833999384195,11.696879204828292,12.290453991736285,12.501749995863065,15.008582995506003,128
B,4,static_contention_baseline_B_event_llm-only_r04_a01,97,static-097,1794.1080419986974,11.523179787368784,11.503916000947356,11.613975203363225,12.155250920914114,12.300375004997477,15.175500011537224,128
B,4,static_contention_baseline_B_event_llm-only_r04_a01,98,static-098,1793.0349580128677,11.548819881818059,11.512291996041313,11.887033199309371,12.382110503967851,12.485792016377673,15.033416013466194,128
B,4,static_contention_baseline_B_event_llm-only_r04_a01,99,static-099,1792.9926249780692,11.56136351976705,11.521958018420264,11.901253805262968,12.24459191376809,12.496584007749334,15.026041975943372,128
B,4,static_contention_baseline_B_event_llm-only_r04_a01,100,static-100,1793.2216670014895,11.534621393652706,11.507459013955668,11.737007900956087,12.282164691132492,12.446499982615933,14.967916999012232,128
B,4,static_contention_baseline_B_event_llm-only_r04_a01,101,static-101,1794.149124994874,11.519900590500347,11.492833989905193,11.688862607115878,12.053000405430794,12.1701669995673,14.989250019425526,128
B,4,static_contention_baseline_B_event_llm-only_r04_a01,102,static-102,1793.0256250256207,11.557229330504724,11.50758401490748,11.975733801955355,12.412440009065904,12.540291005279869,14.932667021639645,128
B,4,static_contention_baseline_B_event_llm-only_r04_a01,103,static-103,1792.892583005596,11.536691606174934,11.504791997140273,11.838196203461848,12.377874080557376,12.487792002502829,14.998541009845212,128
B,4,static_contention_baseline_B_event_llm-only_r04_a01,104,static-104,1794.414042000426,11.548660102476344,11.501999979373068,12.068624995299615,12.375721739954315,12.55579199641943,15.484999981708825,128
B,4,static_contention_baseline_B_event_llm-only_r04_a01,105,static-105,1793.3522500097752,11.54942978741821,11.519208987010643,11.705367002286946,12.299171580234542,12.478999997256324,14.972542005125433,128
B,4,static_contention_baseline_B_event_llm-only_r04_a01,106,static-106,1793.225250003161,11.533484582681076,11.498917010612786,11.849483000696637,12.268806265201418,12.462165992474183,15.040540980407968,128
B,4,static_contention_baseline_B_event_llm-only_r04_a01,107,static-107,1794.132459006505,11.57208398423583,11.541124986251816,11.852900101803243,12.22449499531649,12.32716700178571,15.06966698798351,128
B,4,static_contention_baseline_B_event_llm-only_r04_a01,108,static-108,1792.613416997483,11.53877198441306,11.511334014357999,11.647691996768117,12.15935784159228,12.237416987773031,15.06516698282212,128
B,4,static_contention_baseline_B_event_llm-only_r04_a01,109,static-109,1792.9812500078697,11.552289370071568,11.515291989780962,11.813195596914737,12.41508467355743,12.505958991823718,15.012290998129174,128
B,4,static_contention_baseline_B_event_llm-only_r04_a01,110,static-110,1792.8392089961562,11.562902558967105,11.518332990817726,11.94854549539741,12.405182829825208,12.442874984117225,15.008792019216344,128
B,4,static_contention_baseline_B_event_llm-only_r04_a01,111,static-111,1792.0876660209615,11.53433530712427,11.499375017592683,11.693729399121366,12.27657948853448,12.348458985798061,15.019415994174778,128
B,4,static_contention_baseline_B_event_llm-only_r04_a01,112,static-112,1793.3961670205463,11.865023621880471,11.657750001177192,13.354658105527049,13.953042853390798,14.745583990588784,14.975084020989016,128
B,4,static_contention_baseline_B_event_llm-only_r04_a01,113,static-113,1796.4230000216048,11.571835952684445,11.529916984727606,11.933883203892035,12.367715003783815,12.530625012004748,15.032042021630332,128
B,4,static_contention_baseline_B_event_llm-only_r04_a01,114,static-114,1793.8099160091951,11.54011385020338,11.518083018017933,11.686058787745424,12.103864667005837,12.501708988565952,15.0422080187127,128
B,4,static_contention_baseline_B_event_llm-only_r04_a01,115,static-115,1793.543999985559,11.518493440922526,11.494750011479482,11.733170592924578,11.945031830109656,12.198375014122576,14.952124998671934,128
B,4,static_contention_baseline_B_event_llm-only_r04_a01,116,static-116,1792.2215000144206,11.541776905408291,11.522917018737644,11.697003693552688,12.220613419194706,12.266375008039176,14.985125017119572,128
B,4,static_contention_baseline_B_event_llm-only_r04_a01,117,static-117,1792.0686250145081,11.545224409499095,11.505499976919964,11.910774992429648,12.383693413576111,12.501167017035186,15.12220801669173,128
B,4,static_contention_baseline_B_event_llm-only_r04_a01,118,static-118,1794.3770419806242,11.554374015802063,11.510666983667761,11.873579493840225,12.289226419525221,12.547999998787418,15.193291998002678,128
B,4,static_contention_baseline_B_event_llm-only_r04_a01,119,static-119,1792.3745000152849,11.531107936844625,11.506790993735194,11.699945694999768,12.354098412324673,12.443457992048934,14.998375001596287,128
B,4,static_contention_baseline_B_event_llm-only_r04_a01,120,static-120,1792.4261660082266,11.528941606286928,11.504665977554396,11.63114191731438,12.196948567871004,12.261041003512219,14.986833004513755,128
B,4,static_contention_baseline_B_event_llm-only_r04_a01,121,static-121,1793.7936250236817,11.555575456527084,11.521499982336536,11.898321504122578,11.964933598064817,12.21912499750033,15.422500000568107,128
B,4,static_contention_baseline_B_event_llm-only_r04_a01,122,static-122,1792.2662080090959,11.593271984157747,11.540457984665409,11.975770688150076,12.491579487686977,12.551583000458777,14.964250003686175,128
B,4,static_contention_baseline_B_event_llm-only_r04_a01,123,static-123,1793.0837090243585,11.535917976174474,11.513792007463053,11.758104403270409,12.203498005983418,12.509499996667728,15.758417022880167,128
B,4,static_contention_baseline_B_event_llm-only_r04_a01,124,static-124,1793.450124998344,11.555076771558769,11.509417003253475,11.8767205014592,12.47000842296984,12.60320798610337,14.967958995839581,128
B,4,static_contention_baseline_B_event_llm-only_r04_a01,125,static-125,1792.5590829981957,11.538117456682555,11.507582996273413,11.673112696735188,12.259028999251314,12.469249981222674,15.054749994305894,128
B,4,static_contention_baseline_B_event_llm-only_r04_a01,126,static-126,1791.0449170158245,11.556601708692565,11.51333301095292,11.870496490155347,12.294571514357813,12.325165997026488,14.983333006966859,128
B,4,static_contention_baseline_B_event_llm-only_r04_a01,127,static-127,1792.8427500010002,11.52860498427978,11.508416006108746,11.635971305076964,12.116802339442073,12.310624995734543,15.054166986374184,128
B,4,static_contention_baseline_B_event_llm-only_r04_a01,128,static-128,1792.8594999830239,11.554487858299444,11.510708020068705,12.039367118268272,12.295702658011578,12.388167000608519,15.100458986125886,128
B,4,static_contention_baseline_B_event_llm-only_r04_a01,129,static-129,1792.7041250222828,11.557208984177267,11.51445900904946,11.908208008389916,12.373925423016772,12.469790992327034,15.032584022264928,128
B,4,static_contention_baseline_B_event_llm-only_r04_a01,130,static-130,1793.1607499776874,11.529521976540774,11.502207984449342,11.661224806448445,12.21794841287192,12.26941600907594,15.087374980794266,128
B,4,static_contention_baseline_B_event_llm-only_r04_a01,131,static-131,1828.0270000104792,11.60005643307488,11.514834011904895,12.148937498568555,12.8852975013433,13.261665997561067,15.190708014415577,128
B,4,static_contention_baseline_B_event_llm-only_r04_a01,132,static-132,1793.1462500127964,11.548922574798407,11.52020797599107,11.80399579752702,12.281226984341627,12.471041991375387,15.072125010192394,128
B,4,static_contention_baseline_B_event_llm-only_r04_a01,133,static-133,1793.3222920109984,11.545814960593665,11.519250023411587,11.695800107554533,12.260604663169943,12.404957989929244,14.955499995267019,128
B,4,static_contention_baseline_B_event_llm-only_r04_a01,134,static-134,1792.0154159946833,11.531815622148551,11.507999995956197,11.710266108275391,12.023121563252062,12.314208986936137,14.951374992961064,128
B,4,static_contention_baseline_B_event_llm-only_r04_a01,135,static-135,1791.9145000050776,11.5526929134723,11.512333003338426,11.858745699282736,12.42586248961743,12.48566698632203,14.991292002378032,128
B,4,static_contention_baseline_B_event_llm-only_r04_a01,136,static-136,1794.5910000125878,11.550223755954551,11.516166996443644,11.834991892101243,12.185800151200965,12.510625005234033,15.76291600940749,128
B,4,static_contention_baseline_B_event_llm-only_r04_a01,137,static-137,1791.843874991173,11.549575125989248,11.508791008964181,11.86027959047351,12.418190914322622,12.543999997433275,15.066208987263963,128
B,4,static_contention_baseline_B_event_llm-only_r04_a01,138,static-138,1793.2054160046391,11.539607944964306,11.515333986608312,11.867716992856003,12.051770917605609,12.06566600012593,15.00533299986273,128
B,4,static_contention_baseline_B_event_llm-only_r04_a01,139,static-139,1793.9522500091698,11.542961283497087,11.502250010380521,11.827641897252757,12.261850915383548,12.55166600458324,14.969042007578537,128
B,4,static_contention_baseline_B_event_llm-only_r04_a01,140,static-140,1791.0472090006806,11.559483921292832,11.517583014210686,11.992304402519949,12.306483762222342,12.324374984018505,15.019583981484175,128
B,4,static_contention_baseline_B_event_llm-only_r04_a01,141,static-141,1791.8535000062548,11.948133535329326,11.512875003973022,14.715999894542618,15.645743575296361,15.99679101491347,14.993749995483086,128
B,4,static_contention_baseline_B_event_llm-only_r04_a01,142,static-142,1792.0549159753136,11.53922178755023,11.50995897478424,11.69746248924639,12.311673586955294,12.360707973130047,14.993999997386709,128
B,4,static_contention_baseline_B_event_llm-only_r04_a01,143,static-143,1792.2074999951292,11.555003283470208,11.511624994454905,11.902791881584562,12.355916235828772,12.482250022003427,15.170458005741239,128
B,4,static_contention_baseline_B_event_llm-only_r04_a01,144,static-144,1793.7426659918856,11.546497378043654,11.507999995956197,11.816200186149215,12.281739843892865,12.526917009381577,14.982583001255989,128
B,4,static_contention_baseline_B_event_llm-only_r04_a01,145,static-145,1793.1039580143988,11.529343503831672,11.500374996103346,11.753570821019819,12.101152199902572,12.289665988646448,15.020416001789272,128
B,4,static_contention_baseline_B_event_llm-only_r04_a01,146,static-146,1793.5442920133937,11.536556102177789,11.504708003485575,11.719762303982861,12.21487590810284,12.355832994217053,15.08145799743943,128
B,4,static_contention_baseline_B_event_llm-only_r04_a01,147,static-147,1794.1893329843879,11.539767385830766,11.495665996335447,11.856024895678273,12.436737670213915,12.520374992163852,15.046166983665898,128
B,4,static_contention_baseline_B_event_llm-only_r04_a01,148,static-148,1792.435209004907,11.534251307052978,11.515333026181906,11.666971314116381,11.89766924304422,12.393707991577685,15.066249994561076,128
B,4,static_contention_baseline_B_event_llm-only_r04_a01,149,static-149,1804.6349580108654,11.807438976353211,11.644082987913862,13.289870688458905,13.734622515621595,13.896541990106925,15.275041019776836,128
B,4,static_contention_baseline_B_event_llm-only_r04_a01,150,static-150,1792.7536249917466,11.55906725985614,11.526166985277086,11.930420793942176,12.253386414377017,12.573040992720053,14.993249991675839,128
B,4,static_contention_baseline_B_event_llm-only_r04_a01,151,static-151,1791.854915994918,11.536338913353438,11.501832981593907,11.708682894823141,12.452971078455448,12.498041993239895,14.999750012066215,128
B,4,static_contention_baseline_B_event_llm-only_r04_a01,152,static-152,1790.4710420116317,11.421210299141514,11.460708017693833,11.619920507655479,11.98730000120122,12.183707993244752,15.057167009217665,128
B,4,static_contention_baseline_B_event_llm-only_r04_a01,153,static-153,1793.322082987288,11.523713913469347,11.482000001706183,11.837407998973502,12.352482908172533,12.537583010271192,15.492374979658052,128
B,4,static_contention_baseline_B_event_llm-only_r04_a01,154,static-154,1792.128834000323,11.528734905612252,11.490833014249802,11.744933092268182,12.421694342046974,12.53000000724569,15.007666981546208,128
B,4,static_contention_baseline_B_event_llm-only_r04_a01,155,static-155,1792.6097080053296,11.523523952767956,11.496040999190882,11.68454571161419,12.287565589649601,12.359124986687675,15.291582996724173,128
B,4,static_contention_baseline_B_event_llm-only_r04_a01,156,static-156,1793.8877500128,11.527040354333685,11.499374988488853,11.717341805342583,12.24002682894934,12.29820799198933,15.6309999874793,128
B,4,static_contention_baseline_B_event_llm-only_r04_a01,157,static-157,1793.1749160052277,11.541026251850738,11.506290989927948,11.917575006373225,12.242627919767983,12.390958989271894,14.95787501335144,128
B,4,static_contention_baseline_B_event_llm-only_r04_a01,158,static-158,1793.351750005968,11.569530188883325,11.49837498087436,11.978424910921603,12.416404075920582,12.828584003727883,14.988665992859751,128
B,4,static_contention_baseline_B_event_llm-only_r04_a01,159,static-159,1792.9298329981975,11.54349278750294,11.506875016493723,11.795674898894502,12.328625342343,12.44566700188443,15.01825000741519,128
B,4,static_contention_baseline_B_event_llm-only_r04_a01,160,static-160,1792.4233750090934,11.529602362007989,11.503999994602054,11.679487611399963,12.161400170298291,12.405916000716388,15.143083001021296,128
B,4,static_contention_baseline_B_event_llm-only_r04_a01,161,static-161,1792.8906250162981,11.545145669200377,11.510042008012533,11.831491900375113,12.258133913273923,12.27370899869129,15.072000009240583,128
B,4,static_contention_baseline_B_event_llm-only_r04_a01,162,static-162,1796.3746250024997,11.539797574752853,11.51033301721327,11.71325818868354,12.249236852512693,12.362292007310316,15.835875004995614,128
B,4,static_contention_baseline_B_event_llm-only_r04_a01,163,static-163,1794.4817920215428,11.549935369994344,11.514958023326471,11.837550011114217,12.232893148320725,12.368834024528041,15.041375008877367,128
B,4,static_contention_baseline_B_event_llm-only_r04_a01,164,static-164,1792.3580839997157,11.523683393634416,11.499541986268014,11.697566095972434,12.1891310805222,12.413582997396588,15.023042011307552,128
B,4,static_contention_baseline_B_event_llm-only_r04_a01,165,static-165,1793.1057090172544,11.575460629895197,11.530374991707504,11.843133112415671,12.488203566172158,12.583666975842789,14.942125009838492,128
B,4,static_contention_baseline_B_event_llm-only_r04_a01,166,static-166,1793.0227080069017,11.568248692916443,11.526124988449737,11.88620810280554,12.27937358431518,12.526500009698793,15.807707997737452,128
B,4,static_contention_baseline_B_event_llm-only_r04_a01,167,static-167,1791.0372909973375,11.804229330764644,11.625624989392236,13.251729204785079,13.78277751908172,14.005000004544854,15.195290994597599,128
B,4,static_contention_baseline_B_event_llm-only_r04_a01,168,static-168,1802.08691599546,11.522083661489658,11.49370800703764,11.677653499646112,12.260440349346027,12.293583014979959,15.01279100193642,128
B,4,static_contention_baseline_B_event_llm-only_r04_a01,169,static-169,1793.4030420146883,11.532650259735913,11.501084023620933,11.704891995759679,12.28087000432424,12.393000011797994,14.938625012291595,128
B,4,static_contention_baseline_B_event_llm-only_r04_a01,170,static-170,1793.3729579963256,11.546947511864504,11.505457980092615,11.872057980508544,12.279989094240591,12.339042004896328,15.32312500057742,128
B,4,static_contention_baseline_B_event_llm-only_r04_a01,171,static-171,1793.7352920125704,11.526402881906154,11.501542001497,11.749837605748324,12.131957669043913,12.567625002702698,15.151291998336092,128
B,4,static_contention_baseline_B_event_llm-only_r04_a01,172,static-172,1792.346959002316,11.53539205506246,11.51366697740741,11.740953699336385,12.25536358426325,12.418166996212676,15.010083996457979,128
B,4,static_contention_baseline_B_event_llm-only_r04_a01,173,static-173,1793.2484589982778,11.548588251993866,11.507209012052044,11.82239210465923,12.348288571229205,12.47058401349932,15.000916988356039,128
B,4,static_contention_baseline_B_event_llm-only_r04_a01,174,static-174,1791.9974589894991,11.546138779436216,11.511958000482991,11.796292001963591,12.292755162343381,12.38754199584946,15.038334007840604,128
B,4,static_contention_baseline_B_event_llm-only_r04_a01,175,static-175,1792.157000018051,11.53478313372177,11.51145898620598,11.700141296023501,11.961367845069617,12.248874991200864,15.083208010764793,128
B,4,static_contention_baseline_B_event_llm-only_r04_a01,176,static-176,1793.0829580000136,11.548464236218175,11.501666012918577,11.884404395823367,12.407183265895583,12.470916990423575,14.936332998331636,128
B,4,static_contention_baseline_B_event_llm-only_r04_a01,177,static-177,1793.2299579842947,11.54421653537131,11.506040988024324,11.83595899492502,12.312621261226013,12.48029200360179,14.92666598642245,128
B,4,static_contention_baseline_B_event_llm-only_r04_a01,178,static-178,1791.674291016534,11.543607944943465,11.507041985169053,11.896287492709234,12.296388433896936,12.35558302141726,15.016165998531505,128
B,4,static_contention_baseline_B_event_llm-only_r04_a01,179,static-179,1793.4072499920148,11.533049535415113,11.502500012284145,11.816091093351133,12.218331412877887,12.456750002456829,15.303041989682242,128
B,4,static_contention_baseline_B_event_llm-only_r04_a01,180,static-180,1794.261250004638,11.575162070885844,11.526415997650474,11.964712615008466,12.210696415277198,12.491542001953349,14.957084000343457,128
B,4,static_contention_baseline_B_event_llm-only_r04_a01,181,static-181,1792.3954169964418,11.54472834662549,11.508124996908009,11.800979395047761,12.267597091849893,12.476208998123184,15.18799999030307,128
B,4,static_contention_baseline_B_event_llm-only_r04_a01,182,static-182,1793.6032500001602,11.534046590480381,11.488582997117192,11.767287596012464,12.342892853775993,12.369959003990516,15.006667003035545,128
B,4,static_contention_baseline_B_event_llm-only_r04_a01,183,static-183,1793.545249995077,11.532525259700758,11.500458000227809,11.902512502274472,12.229122509015724,12.371165998047218,15.05004201317206,128
B,4,static_contention_baseline_B_event_llm-only_r04_a01,184,static-184,1793.19037499954,11.571417645850094,11.537125014001504,11.823125017690472,12.230291736777872,12.535707995994017,15.114708978217095,128
B,4,static_contention_baseline_B_event_llm-only_r04_a01,185,static-185,1792.2258330218028,11.552719488019475,11.509584001032636,11.845662386622278,12.325048001366667,12.546000012662262,15.0868330092635,128
B,4,static_contention_baseline_B_event_llm-only_r04_a01,186,static-186,1813.855832995614,11.630728346521153,11.540542007423937,12.176020405604502,13.59140142740216,13.815749989589676,15.05991697194986,128
B,4,static_contention_baseline_B_event_llm-only_r04_a01,187,static-187,1793.9478749758564,11.534443566956975,11.500208987854421,11.754053796175867,12.311232479987666,12.530875013908371,15.114999987417832,128
B,4,static_contention_baseline_B_event_llm-only_r04_a01,188,static-188,1793.1310840067454,11.547337267841176,11.490292003145441,12.147512511000967,12.395591590902768,12.537000002339482,15.05920899217017,128
B,4,static_contention_baseline_B_event_llm-only_r04_a01,189,static-189,1794.6722920169123,11.555079393653477,11.513082979945466,11.942329394514672,12.373270342941396,12.531957996543497,14.973457989981398,128
B,4,static_contention_baseline_B_event_llm-only_r04_a01,190,static-190,1791.0815000068396,11.51931889751178,11.498540989123285,11.698129595606588,11.97534175182227,12.02158399973996,15.075125003932044,128
B,4,static_contention_baseline_B_event_llm-only_r04_a01,191,static-191,1793.3266659965739,11.52091798433066,11.496792023535818,11.702987301396206,12.164769236114807,12.24679101142101,14.872665982693434,128
B,4,static_contention_baseline_B_event_llm-only_r04_a01,192,static-192,1794.7125420032535,11.517183070747533,11.487083975225687,11.627578592742793,12.182465762016363,12.418708007317036,14.996250014519319,128
B,4,static_contention_baseline_B_event_llm-only_r04_a01,193,static-193,1793.0182080017403,11.532109252069013,11.498832987854257,11.814995511667803,12.219138583750464,12.358459003735334,15.001082996604964,128
B,4,static_contention_baseline_B_event_llm-only_r04_a01,194,static-194,1792.658833990572,11.534222763757713,11.500291991978884,11.738153899204917,12.314224089495836,12.447250017430633,15.366084000561386,128
B,4,static_contention_baseline_B_event_llm-only_r04_a01,195,static-195,1794.6185000182595,11.537269685017751,11.513334000483155,11.671195810777135,12.141432006610557,12.47412501834333,14.954208018025383,128
B,4,static_contention_baseline_B_event_llm-only_r04_a01,196,static-196,1795.1557080086786,11.550804787346594,11.516583006596193,11.813641816843301,12.394977500662206,12.538582988781855,15.064125007484108,128
B,4,static_contention_baseline_B_event_llm-only_r04_a01,197,static-197,1792.6110410189722,11.522017393671856,11.508333001984283,11.65936681209132,11.844572336412966,11.974249995546415,14.987458009272814,128
B,4,static_contention_baseline_B_event_llm-only_r04_a01,198,static-198,1792.943665990606,11.53447539371431,11.499624990392476,11.677392010460608,12.301986078382468,12.561292009195313,15.022832987597212,128
B,4,static_contention_baseline_B_event_llm-only_r04_a01,199,static-199,1793.9547080022749,11.56936548801513,11.534999997820705,11.766458101919852,12.237508401740342,12.651625002035871,14.920000015990809,128
B,4,static_contention_baseline_B_event_llm-only_r04_a01,200,static-200,1792.8285829839297,11.567293307203139,11.531334021128714,11.79415890655946,12.458090911386535,12.479958997573704,15.65974997356534,128
B,4,static_contention_baseline_B_event_llm-only_r04_a01,201,static-201,1793.0614590004552,11.536079724493444,11.517332983203232,11.67823750001844,12.060630174237303,12.341791996732354,15.45149998855777,128
B,4,static_contention_baseline_B_event_llm-only_r04_a01,202,static-202,1795.3139169840142,11.531609905504174,11.506499984534457,11.741358193103224,12.131314983707853,12.2925839968957,15.351125010056421,128
B,4,static_contention_baseline_B_event_llm-only_r04_a01,203,static-203,1795.09825000423,11.545831039428755,11.51104099699296,11.683849993278272,12.193423907738179,12.335334002273157,14.958167012082413,128
B,4,static_contention_baseline_B_event_llm-only_r04_a01,204,static-204,1796.4875000179745,11.87458267714095,11.648790998151526,13.327395598753354,13.694569434737787,13.784166018012911,15.314749995013699,128
B,4,static_contention_baseline_B_event_llm-only_r04_a01,205,static-205,1794.0672499826178,11.550466535524942,11.517708015162498,11.849367010290733,12.287090002791956,12.413415999617428,14.986958005465567,128
B,4,static_contention_baseline_B_event_llm-only_r04_a01,206,static-206,1794.1757920198143,11.5333996061419,11.515165999298915,11.654849888873287,12.2008126671426,12.2781669779215,14.983750006649643,128
B,4,static_contention_baseline_B_event_llm-only_r04_a01,207,static-207,1793.7652080145199,11.359010503845523,11.250999988988042,11.657287296839058,12.336807658430189,12.363166984869167,15.37716601160355,128
B,4,static_contention_baseline_B_event_llm-only_r04_a01,208,static-208,1794.080291991122,11.542969488256471,11.529999988852069,11.737837488180958,11.96983999456279,12.243125005625188,15.005624998593703,128
B,4,static_contention_baseline_B_event_llm-only_r04_a01,209,static-209,1793.4344160021283,11.548675858190165,11.518250015797094,11.651250111754052,12.3154995002551,12.406374997226521,15.011583018349484,128
B,4,static_contention_baseline_B_event_llm-only_r04_a01,210,static-210,1794.2397920123767,11.544710629955155,11.510292009916157,11.656808186671697,12.231434078421444,12.557084002764896,14.970334013924003,128
B,4,static_contention_baseline_B_event_llm-only_r04_a01,211,static-211,1793.2314579957165,11.556829724600172,11.531542026204988,11.735200011753477,12.367030911846085,12.524999998277053,15.329541987739503,128
B,4,static_contention_baseline_B_event_llm-only_r04_a01,212,static-212,1792.4464999814518,11.544100724584167,11.524250003276393,11.716362606966868,11.989523002994247,12.5059170241002,15.115791989956051,128
B,4,static_contention_baseline_B_event_llm-only_r04_a01,213,static-213,1794.3393340101466,11.558791661477377,11.52120900223963,11.879054387100041,12.139646978466772,12.265666999155656,15.042084007291123,128
B,4,static_contention_baseline_B_event_llm-only_r04_a01,214,static-214,1794.4043329916894,11.557787401724504,11.520708998432383,11.986749985953793,12.190207168459892,12.365958013106138,14.993166987551376,128
B,4,static_contention_baseline_B_event_llm-only_r04_a01,215,static-215,1793.1472500204109,11.544824472452536,11.519166990183294,11.814629202126524,12.040203574579209,12.071958015440032,15.030542010208592,128
B,4,static_contention_baseline_B_event_llm-only_r04_a01,216,static-216,1793.9822089974768,11.540045928967178,11.51879201643169,11.760120588587597,12.221426599426195,12.430583010427654,15.077084011863917,128
B,4,static_contention_baseline_B_event_llm-only_r04_a01,217,static-217,1795.128041994758,11.556277882058437,11.523499997565523,11.73448377812747,12.381350512150675,12.497749994508922,15.010834002168849,128
B,4,static_contention_baseline_B_event_llm-only_r04_a01,218,static-218,1792.9029999941122,11.557555118095364,11.518124985741451,11.77362880844157,12.505787977715954,12.60249997721985,14.95112499105744,128
B,4,static_contention_baseline_B_event_llm-only_r04_a01,219,static-219,1793.8850409991574,11.540947181097502,11.52245799312368,11.699074908392504,11.936004644958302,12.24229100625962,15.37074998486787,128
B,4,static_contention_baseline_B_event_llm-only_r04_a01,220,static-220,1793.0010419804603,11.540380905576667,11.496582999825478,11.898649999056941,12.315434242482297,12.573624990181997,15.020124992588535,128
B,4,static_contention_baseline_B_event_llm-only_r04_a01,221,static-221,1795.5442079983186,11.535550527481773,11.514375015394762,11.716683796839789,12.071486577624455,12.230042018927634,15.689332998590544,128
B,4,static_contention_baseline_B_event_llm-only_r04_a01,222,static-222,1794.1642090154346,11.689206031398614,11.517874983837828,12.669750006170942,13.255062914686278,13.574082986451685,15.082917001564056,128
B,4,static_contention_baseline_B_event_llm-only_r04_a01,223,static-223,1809.9710419774055,13.04296620477057,13.274458004161716,14.882821397623047,15.213751741684973,16.098374995635822,15.044999978272244,128
B,4,static_contention_baseline_B_event_llm-only_r04_a01,224,static-224,1791.7302080022637,11.532233929212065,11.512999975821003,11.661582996021025,12.167881419300102,12.23933300934732,15.019790997030213,128
B,4,static_contention_baseline_B_event_llm-only_r04_a01,225,static-225,1791.605750011513,11.550501307039925,11.500708002131432,11.8772828951478,12.400130651658401,12.477416981710121,15.028834022814408,128
B,4,static_contention_baseline_B_event_llm-only_r04_a01,226,static-226,1794.6954579965677,11.543907157528603,11.509584001032636,11.77740799903404,12.32905933225993,12.390500021865591,15.018665988463908,128
B,4,static_contention_baseline_B_event_llm-only_r04_a01,227,static-227,1793.5695420019329,11.541106629984702,11.506707989610732,11.912808104534632,12.175865155295469,12.392000004183501,15.215041988994926,128
B,4,static_contention_baseline_B_event_llm-only_r04_a01,228,static-228,1793.6200000112876,11.527891070756137,11.495500017190352,11.698537485790437,12.303613420808688,12.354124977719039,14.94050002656877,128
B,4,static_contention_baseline_B_event_llm-only_r04_a01,229,static-229,1793.2384579908103,11.540878283622579,11.507582996273413,11.744675121735781,12.276540013263002,12.428958987584338,14.939791988581419,128
B,4,static_contention_baseline_B_event_llm-only_r04_a01,230,static-230,1793.0599589890335,11.551658464568176,11.50437499745749,11.904466699343173,12.474565416341648,12.50737500959076,15.062583988765255,128
B,4,static_contention_baseline_B_event_llm-only_r04_a01,231,static-231,1793.4335000172723,11.532878937010882,11.5028329892084,11.729571313480847,11.93353284150362,12.514749978436157,15.079625009093434,128
B,4,static_contention_baseline_B_event_llm-only_r04_a01,232,static-232,1793.1006249855272,11.538969810940252,11.489500000607222,11.895895694033241,12.422757514286786,12.45387498056516,14.919084002031013,128
B,4,static_contention_baseline_B_event_llm-only_r04_a01,233,static-233,1795.517791993916,11.538367126069186,11.496916995383799,11.807233004947191,12.328336418722756,12.381832988467067,15.627541986759752,128
B,4,static_contention_baseline_B_event_llm-only_r04_a01,234,static-234,1792.990624991944,11.54707743296781,11.508333991514519,11.692575103370473,12.482397156418301,12.529083003755659,15.052416012622416,128
B,4,static_contention_baseline_B_event_llm-only_r04_a01,235,static-235,1793.3619589894079,11.527321519793972,11.502792011015117,11.696746197412722,12.200333071523346,12.359625019598752,14.96104200487025,128
B,4,static_contention_baseline_B_event_llm-only_r04_a01,236,static-236,1794.8089159908704,11.544254921261206,11.50362499174662,11.97151250380557,12.241181076969951,12.416249985108152,14.991957985330373,128
B,4,static_contention_baseline_B_event_llm-only_r04_a01,237,static-237,1792.850041994825,11.534600393749466,11.516208003740758,11.65669639594853,11.901447849231772,12.317665998125449,15.012916992418468,128
B,4,static_contention_baseline_B_event_llm-only_r04_a01,238,static-238,1792.3364579910412,11.580645338646834,11.540332983713597,11.920316415489651,12.413346497924067,12.493417016230524,15.011416980996728,128
B,4,static_contention_baseline_B_event_llm-only_r04_a01,239,static-239,1794.6698339947034,11.552282480255327,11.512083001434803,11.843866683193479,12.308810582035221,12.380583008052781,14.99358398723416,128
B,4,static_contention_baseline_B_event_llm-only_r04_a01,240,static-240,1792.4492080055643,11.554086614101319,11.517166974954307,11.781345598865299,12.284615002572536,12.422250001691282,15.012749994639307,128
B,4,static_contention_baseline_B_event_llm-only_r04_a01,241,static-241,1812.014833005378,11.680394684938038,11.583291983697563,12.474966212175786,13.353037917404434,13.667041988810524,15.172000013990328,128
B,4,static_contention_baseline_B_event_llm-only_r04_a01,242,static-242,1794.1254999896046,11.549812992053898,11.511374992551282,11.816853503114544,12.410012910841031,12.51112500904128,15.03487498848699,128
B,4,static_contention_baseline_B_event_llm-only_r04_a01,243,static-243,1794.5494579907972,11.532100393733845,11.505333008244634,11.680370496469548,12.258459579898044,12.51724999747239,14.91020797402598,128
B,4,static_contention_baseline_B_event_llm-only_r04_a01,244,static-244,1794.9053329939488,11.543365488265179,11.502374982228503,11.834620396257376,12.337589517701417,12.579540984006599,15.032041002996266,128
B,4,static_contention_baseline_B_event_llm-only_r04_a01,245,static-245,1794.7698330099229,11.545656496195093,11.516208003740758,11.740271397866309,12.36083781986963,12.447082990547642,14.994750003097579,128
B,4,static_contention_baseline_B_event_llm-only_r04_a01,246,static-246,1794.2275000095833,11.527027559189829,11.50770898675546,11.652804404729977,12.157305008731782,12.321958027314395,15.011082985438406,128
B,4,static_contention_baseline_B_event_llm-only_r04_a01,247,static-247,1794.2310829821508,11.5309386536127,11.501750006573275,11.739528705948032,12.065579832997171,12.261833995580673,15.014582982985303,128
B,4,static_contention_baseline_B_event_llm-only_r04_a01,248,static-248,1794.5029160182457,11.546568574721185,11.517458013258874,11.77518320910167,12.164916860638186,12.318207998760045,15.406291000545025,128
B,4,static_contention_baseline_B_event_llm-only_r04_a01,249,static-249,1793.0385420040693,11.544550527721336,11.51050001499243,11.722499880124815,12.305495160399003,12.458291981602088,15.049624984385446,128
B,4,static_contention_baseline_B_event_llm-only_r04_a01,250,static-250,1795.3174589783885,11.533116795283956,11.496666993480176,11.826470604864877,12.3062170780031,12.426291010342538,15.05074999295175,128
B,4,static_contention_baseline_B_event_llm-only_r04_a01,251,static-251,1792.9147079994436,11.559027559023102,11.515874997712672,11.808758706320077,12.361977668479085,12.583208008436486,14.983333006966859,128
B,4,static_contention_baseline_B_event_llm-only_r04_a01,252,static-252,1793.728624994401,11.539984251992175,11.50512500316836,11.854683712590486,12.308778269798495,12.488292006310076,14.971249998779967,128
B,4,static_contention_baseline_B_event_llm-only_r04_a01,253,static-253,1793.9736659755,11.51841765363136,11.49908298975788,11.689920703065582,11.919603927526623,12.226958991959691,15.037915989523754,128
B,4,static_contention_baseline_B_event_llm-only_r04_a01,254,static-254,1794.1280000086408,11.538805771668581,11.512249999213964,11.682033585384488,12.21866566047538,12.26045799558051,15.03266699728556,128
B,4,static_contention_baseline_B_event_llm-only_r04_a01,255,static-255,1793.9971669984516,11.575382212717747,11.534582998137921,11.789778704405762,12.385965011199005,12.475124996853992,15.034999989438802,128
B,4,static_contention_baseline_B_event_llm-only_r04_a01,256,static-256,1795.3327920113225,11.543923881918735,11.519833002239466,11.737983004422858,12.098306753323413,12.47429201612249,14.981750020524487,128
B,4,static_contention_baseline_B_event_llm-only_r04_a01,257,static-257,1792.8006669972092,11.546083330680931,11.51783301611431,11.84068750590086,12.024390503647737,12.088541989214718,15.020582999568433,128
B,4,static_contention_baseline_B_event_llm-only_r04_a01,258,static-258,1795.103584008757,11.541971125810473,11.504833004437387,11.783170697162857,12.254224431235343,12.406875001033768,14.99883399810642,128
B,4,static_contention_baseline_B_event_llm-only_r04_a01,259,static-259,1794.3621670128778,11.930728346333055,11.679917020956054,13.296487496700136,13.624420937267132,14.578958012862131,15.184875024715438,128
B,4,static_contention_baseline_B_event_llm-only_r04_a01,260,static-260,1794.947708986001,11.543471456686856,11.508458002936095,11.83015369751956,12.33967892534565,12.415500008501112,15.033709001727402,128
B,4,static_contention_baseline_B_event_llm-only_r04_a01,261,static-261,1795.8395409805235,11.531783795391217,11.510457989061251,11.724558292189613,11.972507828613743,12.13075002306141,14.996749989222735,128
B,4,static_contention_baseline_B_event_llm-only_r04_a01,262,static-262,1793.584415980149,11.361104992170649,11.28491701092571,11.619924905244261,11.858305332716554,12.170582980616018,15.016290999483317,128
B,4,static_contention_baseline_B_event_llm-only_r04_a01,263,static-263,1795.0999999884516,11.55760301589621,11.524458997882903,11.831966895260846,12.338789347559212,12.506665982073173,15.200541995000094,128
B,4,static_contention_baseline_B_event_llm-only_r04_a01,264,static-264,1795.646582992049,11.542978023699536,11.51854102499783,11.679037494468503,12.18233983963728,12.223124998854473,15.332457987824455,128
B,4,static_contention_baseline_B_event_llm-only_r04_a01,265,static-265,1795.078958995873,11.536991795457123,11.504207999678329,11.733141916920431,12.269542985595763,12.364082998828962,15.06816697656177,128
B,4,static_contention_baseline_B_event_llm-only_r04_a01,266,static-266,1794.9312500131782,11.544821850357826,11.516416998347268,11.701725097373128,12.252968572429381,12.390499992761761,15.116833004867658,128
B,4,static_contention_baseline_B_event_llm-only_r04_a01,267,static-267,1793.2541659974959,11.535311354265556,11.511041986523196,11.690887610893697,12.21030049957335,12.488042004406452,15.032875002361834,128
B,4,static_contention_baseline_B_event_llm-only_r04_a01,268,static-268,1794.7427080071066,11.553478346336412,11.517584003740922,11.845500013441779,12.18649999878835,12.379291001707315,14.992915996117517,128
B,4,static_contention_baseline_B_event_llm-only_r04_a01,269,static-269,1795.6253749725875,11.529292323027084,11.512375000165775,11.646158099756576,12.133775004767813,12.315082974964753,14.98741697287187,128
B,4,static_contention_baseline_B_event_llm-only_r04_a01,270,static-270,1793.4476249793079,11.535083661479215,11.499957996420562,11.88267119869124,12.240106248063967,12.288792000617832,15.015957993455231,128
B,4,static_contention_baseline_B_event_llm-only_r04_a01,271,static-271,1795.8744589996058,11.55031331485746,11.51874999050051,11.831458113738334,12.030077495146543,12.308666977332905,14.973250014008954,128
B,4,static_contention_baseline_B_event_llm-only_r04_a01,272,static-272,1794.3151250074152,11.525823165228092,11.4938750048168,11.688391791540198,12.121863416978158,12.509749998571351,14.958541025407612,128
B,4,static_contention_baseline_B_event_llm-only_r04_a01,273,static-273,1793.675583001459,11.541257220307571,11.506999988341704,11.814916081493719,12.236338428338058,12.316667009145021,15.018416015664116,128
B,4,static_contention_baseline_B_event_llm-only_r04_a01,274,static-274,1793.9595000061672,11.534766401540063,11.508625000715256,11.694804194848984,11.950403745286167,12.325875024544075,14.971709024393931,128
B,4,static_contention_baseline_B_event_llm-only_r04_a01,275,static-275,1794.5620840182528,11.551121063026285,11.514417012222111,11.845958113553934,12.397885148529895,12.460291996831074,14.991292002378032,128
B,4,static_contention_baseline_B_event_llm-only_r04_a01,276,static-276,1794.0256250149105,11.525129921153173,11.509417003253475,11.599112508702092,12.14246965420898,12.270500010345131,15.037792007206008,128
B,4,static_contention_baseline_B_event_llm-only_r04_a01,277,static-277,1794.3042920087464,11.655768700857008,11.496374994749203,12.500358096440323,13.193868740927428,14.2431250133086,14.999209000961855,128
B,4,static_contention_baseline_B_event_llm-only_r04_a01,278,static-278,1812.450750003336,11.556911417448116,11.521415988681838,11.759041901677845,12.381065918598322,12.52399999066256,15.311416995245963,128
B,4,static_contention_baseline_B_event_llm-only_r04_a01,279,static-279,1795.8234999969136,11.56315781101841,11.531999974977225,11.82428729662206,12.477865496766753,12.592874991241843,15.761249989736825,128
B,4,static_contention_baseline_B_event_llm-only_r04_a01,280,static-280,1795.6197499879636,11.550973425252641,11.525625013746321,11.683725187322125,12.109958166838624,12.52454100176692,14.984832989284769,128
B,4,static_contention_baseline_B_event_llm-only_r04_a01,281,static-281,1795.4921669734176,11.56737630720265,11.526707996381447,11.929000107920729,12.309750419226475,12.515832990175113,14.967874973081052,128
B,4,static_contention_baseline_B_event_llm-only_r04_a01,282,static-282,1795.1420420140494,11.54590944881463,11.523332999786362,11.698691302444786,12.026336436392738,12.329000019235536,15.508208016399294,128
B,4,static_contention_baseline_B_event_llm-only_r04_a01,283,static-283,1794.519582996145,11.545040023670802,11.515457998029888,11.818754195701331,12.2279394994257,12.341458990704268,15.113041998120025,128
B,4,static_contention_baseline_B_event_llm-only_r04_a01,284,static-284,1794.5722920121625,11.531770999789032,11.496499995701015,11.79377058870159,12.216370920650661,12.42795801954344,15.021541999885812,128
B,4,static_contention_baseline_B_event_llm-only_r04_a01,285,static-285,1796.1532500048634,11.555828409604949,11.52341699344106,11.865028503234496,12.336946577997878,12.500374985393137,15.733207983430475,128
B,4,static_contention_baseline_B_event_llm-only_r04_a01,286,static-286,1794.5776249980554,11.546046590647022,11.52925001224503,11.693149810889736,11.959882834926248,12.355957995168865,15.341874997830018,128
B,4,static_contention_baseline_B_event_llm-only_r04_a01,287,static-287,1794.3668749940116,11.528050527434914,11.508458002936095,11.68361239542719,11.998179991496727,12.080665997928008,15.558207989670336,128
B,4,static_contention_baseline_B_event_llm-only_r04_a01,288,static-288,1797.0646669855341,11.536180118271187,11.505959002533928,11.671154189389199,12.265225932351312,12.52158300485462,15.038458979688585,128
B,4,static_contention_baseline_B_event_llm-only_r04_a01,289,static-289,1795.8547500020359,11.548787401484942,11.50383398635313,11.886199892614968,12.42899557983037,12.585958000272512,15.11262499843724,128
B,4,static_contention_baseline_B_event_llm-only_r04_a01,290,static-290,1794.329583994113,11.543453740245685,11.509874981129542,11.697925001499243,12.315337168984115,12.553999986266717,15.04858399857767,128
B,4,static_contention_baseline_B_event_llm-only_r04_a01,291,static-291,1795.8130829792935,11.536403212652313,11.507084011100233,11.794349885894915,12.234945333912037,12.252916989382356,15.07770799798891,128
B,4,static_contention_baseline_B_event_llm-only_r04_a01,292,static-292,1794.4086250208784,11.559788708521904,11.510875017847866,12.167187593877314,12.342147152521648,12.497499992605299,14.981875021476299,128
B,4,static_contention_baseline_B_event_llm-only_r04_a01,293,static-293,1794.6013750042766,11.55404363782695,11.521583015564829,11.840379406930879,12.195940011879427,12.446792010450736,15.010250004706904,128
B,4,static_contention_baseline_B_event_llm-only_r04_a01,294,static-294,1795.0471669901162,11.53911187406996,11.518500017700717,11.756929196417332,12.000460573472083,12.067833013134077,15.061708982102573,128
B,4,static_contention_baseline_B_event_llm-only_r04_a01,295,static-295,1794.820333016105,11.538538716524458,11.50004199007526,11.80446619982831,12.302475504111499,12.569791986607015,14.980458014179021,128
B,4,static_contention_baseline_B_event_llm-only_r04_a01,296,static-296,1808.434667007532,11.772477692937272,11.61241700174287,13.397662376519293,13.882513496209867,13.952292007161304,15.060167002957314,128
B,4,static_contention_baseline_B_event_llm-only_r04_a01,297,static-297,1794.6669579832815,11.56256988201855,11.529209004947916,11.839841798064297,12.404943004366942,12.445666012354195,15.249499992933124,128
B,4,static_contention_baseline_B_event_llm-only_r04_a01,298,static-298,1796.4219170098659,11.573423881736385,11.534500023117289,11.769862708752042,12.484733094461262,12.5050829956308,15.517207997618243,128
B,4,static_contention_baseline_B_event_llm-only_r04_a01,299,static-299,1797.3154580104165,11.557214897525622,11.526082991622388,11.853912510559894,12.200778433470985,12.409749993821606,15.084375016158447,128
